group,client_id,company_name,province,industry_group,active_12m,last_order_date,days_since_last_order,so_count_12m,so_value_12m_m,visits_12m,in_dbd,dbd_capital_m,dbd_hp,quotes_total,quotes_open,oldest_open_quote_days,owner_id,rep_name
A,11x920,บริษัท เจริญโภคภัณฑ์อาหาร จำกัด (มหาชน),สระบุรี,FD05,N,,,0,0.00,0,Y,887.0,27072.25,49,0,0,19x1,Administrator
U,11x922,บริษัท ช.การช่าง จำกัด (มหาชน),สมุทรปราการ,SV01,N,,,0,0.00,0,Y,27.0,1147.5,1,0,0,19x1,Administrator
U,11x924,บริษัท เนาวรัตน์พัฒนาการ จำกัด (มหาชน),กรุงเทพมหานคร,SV01,N,,,0,0.00,0,Y,32.75,566.72,11,0,0,19x1,Administrator
U,11x925,บริษัท โตโย-ไทย คอร์ปอเรชั่น จำกัด (มหาชน),,SV01,N,,,0,0.00,0,Y,,,15,0,0,19x1,Administrator
A,11x926,บริษัท เบทาโกร  จำกัด (มหาชน),สมุทรปราการ,FD05,Y,2026-09-04,35,9,0.99,0,Y,48.434088,7238.85,38,1,435,19x27,Nattawut Junkong
U,11x927,บริษัท ไทยเซ็มคอน จำกัด,ชลบุรี,SV01,N,,,0,0.00,0,Y,0.0,0,69,4,721,19x1,Administrator
R,11x929,บริษัท ผาแดงอินดัสทรี จำกัด (มหาชน),ระยอง,MN01,N,,,0,0.00,0,Y,3943.128,8101.93,27,0,0,19x1,Administrator
C,11x930,บริษัท ยูนิลีเวอร์ ไทยโฮลดิ้งส์ จำกัด,กรุงเทพมหานคร,CH06,Y,2026-10-03,6,12,1.00,0,Y,0.0,11491.55,182,29,703,19x74,Sujittra Tungprakobjaroen
D,11x931,บริษัท อุตสาหกรรมวิวัฒน์ จำกัด,,FD03,N,,,0,0.00,0,Y,,,1,0,0,19x1,Administrator
C,11x932,บริษัท พีแซท คัสสัน (ประเทศไทย) จำกัด,ปทุมธานี,CH06,N,,,0,0.00,0,Y,443.0,13281.34,4,0,0,19x1,Administrator
C,11x933,บริษัท อีเทอนัล เรซิ่น จำกัด,สมุทรปราการ,CH43,Y,2026-09-04,35,4,2.20,46,Y,4388.515832,26220.93,129,18,605,19x77,Thitima Plaibua
C,11x934,บริษัท สยามมอดิฟายด์ สตาร์ช จำกัด,ปทุมธานี,FD08,N,,,0,0.00,0,Y,185.0,16147.49,10,1,212,19x1,Administrator
R,11x935,บริษัท ศักดิ์ไชยสิทธิ จำกัด,ระยอง,CH99,N,,,0,0.00,0,Y,1161.12,35567.24,9,1,107,19x1,Administrator
C,11x936,บริษัท สยามมิชลิน จำกัด,สมุทรปราการ,AG02,Y,2026-09-23,16,1,0.06,9,Y,7.52,58765.15,234,12,704,19x34,Kanittha Cheryhom
D,11x937,บริษัท ไทยเทพรส จำกัด (มหาชน),สมุทรปราการ,FD04,N,,,0,0.00,0,Y,19.79,19415.11,5,0,0,19x1,Administrator
R,11x939,บริษัท ไทยอาซาฮีเคมีภัณฑ์ จำกัด,ระยอง,CH01,N,,,0,0.00,0,Y,300.0,131859.23000000001,37,0,0,19x1,Administrator
B,11x940,"AGC CHEMICALS (THAILAND) CO., LTD.",,CH01,N,,,0,0.00,0,Y,,,9,0,0,19x1,Administrator
D,11x941,บริษัท ยูโรเปี้ยนฟู้ด จำกัด (มหาชน),สมุทรปราการ,FD01,N,,,0,0.00,0,Y,17.0,93.5,9,0,0,19x1,Administrator
R,11x943,บริษัท ไทยโพลิเอททีลีน จำกัด,ระยอง,CH42,Y,2026-09-04,35,3,0.17,0,Y,30357.0,51865.599999999999,231,0,0,19x51,Benjamas Tanjit
A,11x944,บริษัท โตกุยามา สยามซิลิกา จำกัด,,MN99,N,,,0,0.00,0,Y,,,1,0,0,19x1,Administrator
B,11x945,"AGC CHEMICALS (THAILAND) CO.,LTD.",,CH01,N,,,0,0.00,0,Y,,,5,0,0,19x1,Administrator
R,11x946,บริษัท ไทยพลาสติก และ เคมีภัณฑ์ จำกัด  (มหาชน),ระยอง,CH42,N,,,0,0.00,0,Y,7866.19,61887.37,9,0,0,19x51,Benjamas Tanjit
D,11x947,บริษัท เอสโซ่แสตนดาร์ดประเทศไทย จำกัด,,CH14,N,,,0,0.00,0,Y,,,1,0,0,19x1,Administrator
A,11x949,บริษัท การ์เดียนอินดัสทรีส์ คอร์ป จำกัด,สระบุรี,MN04,N,,,0,0.00,0,Y,0.0,104459.8,23,0,0,19x1,Administrator
D,11x950,บริษัท ปตท.สำรวจและผลิตปิโตรเลียม จำกัด (มหาชน),กรุงเทพมหานคร,CH14,Y,,,0,0.00,22,Y,3969.99,,71,12,714,19x43,Katewadee Pratipagorn
A,11x951,บริษัท สยามแก๊ส อินดัสเทรียล จำกัด,,MN04,N,,,0,0.00,0,Y,,,8,2,626,19x1,Administrator
C,11x952,บริษัท คอลเกต-ปาล์มโอลีฟ (ประเทศไทย)  จำกัด,ชลบุรี,CH06,N,,,0,0.00,0,Y,2591.0,4820.3599999999997,143,5,407,19x74,Sujittra Tungprakobjaroen
B,11x953,บริษัท มหพันธ์กระเบื้องคอนกรีต จำกัด,,MN05,N,,,0,0.00,0,Y,,,9,0,0,19x1,Administrator
B,11x954,บริษัท ปูนซิเมนต์ไทย จำกัด (มหาชน),สระบุรี,MN05,N,,,0,0.00,0,Y,158.0,4500,69,0,0,19x1,Administrator
D,11x955,บริษัท ไทยยูเนี่ยน โฟรเซ่นโปรดักส์ จำกัด (มหาชน),,FD01,N,,,0,0.00,0,Y,,,5,0,0,19x1,Administrator
D,11x956,บริษัท ปตท.สผ. สยาม จำกัด,กรุงเทพมหานคร,CH14,Y,2026-06-15,116,1,0.49,0,Y,100.0,,83,6,722,19x43,Katewadee Pratipagorn
R,11x957,บริษัท ไทย เอ็มเอฟซี จำกัด,ระยอง,CH42,N,,,0,0.00,0,Y,579.762,4142.3999999999996,6,0,0,19x1,Administrator
B,11x958,บริษัท ทีพีไอ โพลีน จำกัด (มหาชน),ปทุมธานี,MN05,Y,2026-07-07,94,3,0.10,0,Y,263.0,2003.87,324,12,732,19x78,Sarawut Viseshasiri
B,11x959,บริษัท ปูนซีเมนต์เอเซีย จำกัด (มหาชน),สระบุรี,MN05,N,,,0,0.00,0,Y,6603.0,418867.9,59,2,85,19x89,Tanaporn Chanchanaroj
D,11x960,บริษัท การบินไทย จำกัด (มหาชน),กรุงเทพมหานคร,GV00,N,,,0,0.00,0,Y,4564.89219,11916.33,2,0,0,19x1,Administrator
D,11x964,บริษัท ควอลิตี้ คอฟฟี่ โปรดักท์ส จำกัด,ปทุมธานี,FD01,N,,,0,0.00,0,Y,700.0,4382.3900000000003,1,0,0,19x1,Administrator
U,11x967,บริษัท โกชู โคซัน จำกัด,สมุทรปราการ,SV01,N,,,0,0.00,0,Y,64.0,0,4,0,0,19x1,Administrator
U,11x971,บริษัท อิตาเลียนไทย ดีเวล๊อปเมนต์ จำกัด  (มหาชน),สมุทรปราการ,SV01,N,,,0,0.00,0,Y,657.0,4190.7,8,4,683,19x23,Vipoo Srisawadi
A,11x973,บริษัท เพอร์เฟค คอมพาเนียน กรุ๊ป จำกัด,สมุทรปราการ,FD05,Y,2026-05-29,133,3,0.22,7,Y,937.186,5310.58,154,10,659,19x51,Benjamas Tanjit
C,11x974,บริษัท พรอคเตอร์ แอนด์ แกมเบิล แมนูแฟคเจอริ่ง (ประเทศไทย) จำกัด,สมุทรปราการ,CH06,N,,,0,0.00,0,Y,316.0,1732.5,36,0,0,19x1,Administrator
U,11x975,บริษัท สยามอุตสาหกรรม (1991) จำกัด (สาย 2),,PP03,Y,2026-03-30,193,1,0.02,0,Y,,,57,12,430,19x1,Administrator
U,11x978,บริษัท ขนส่งน้ำมันทางท่อ จำกัด,กรุงเทพมหานคร,UT04,N,,,0,0.00,0,Y,5000.0,,27,0,0,19x1,Administrator
U,11x981,บริษัท พัฒน์กล จำกัด (มหาชน),กรุงเทพมหานคร,SV01,N,,,0,0.00,0,Y,15.62,605.5,35,1,87,19x1,Administrator
R,11x982,บริษัท โซลเวย์ เพอรอกซิไทย จำกัด,ระยอง,CH13,N,,,0,0.00,0,Y,1125.0,7242,5,0,0,19x1,Administrator
B,11x983,บริษัท ปูนซิเมนต์ไทย (ท่าหลวง) จำกัด (โรงงานท่าหลวง),สระบุรี,MN05,N,,,0,0.00,0,Y,301.0,2236,28,1,156,19x1,Administrator
B,11x984,บริษัท กระเบื้องกระดาษไทย จำกัด,สระบุรี,MN05,N,,,0,0.00,0,Y,244.57889,152.4,72,0,0,19x1,Administrator
R,11x985,บริษัท ไทยพลาสติกและเคมีภัณฑ์  จำกัด  (มหาชน),ระยอง,CH42,Y,2026-06-30,101,1,0.01,0,Y,7866.19,61887.37,63,0,0,19x1,Administrator
D,11x986,บริษัท น้ำมันพืชไทย จำกัด (มหาชน),นครปฐม,FD03,Y,2026-08-20,50,1,0.15,4,Y,15.52,585,32,6,556,19x45,Pattamaporn Chadkurupin
D,11x987,บริษัท ธนากรผลิตภัณฑ์น้ำมันพืช จำกัด,สมุทรปราการ,FD03,Y,2026-09-15,24,5,2.01,1,Y,12.5,28080.05,220,11,724,19x45,Pattamaporn Chadkurupin
U,11x988,บริษัท กระดาษสหไทย จำกัด (มหาชน),,PP02,N,,,0,0.00,0,Y,,,16,0,0,19x1,Administrator
A,11x989,บริษัท ยูเนี่ยนอุตสาหกรรมสิ่งทอ จำกัด (มหาชน),สมุทรปราการ,TT00,N,,,0,0.00,0,Y,82.0,14844.1,1,0,0,19x1,Administrator
U,11x990,บริษัท เชฟรอนประเทศไทยสำรวจและผลิต จำกัด,นครศรีธรรมราช,OG01,N,,,0,0.00,0,Y,694.6,1059.05,31,0,0,19x23,Vipoo Srisawadi
C,11x994,บริษัท สยาม ควอลิตี้ สตาร์ช จำกัด,ชัยภูมิ,FD08,N,,,0,0.00,0,Y,54.0,61920.56,8,0,0,19x1,Administrator
A,11x995,บริษัท เทยิน (ประเทศไทย) จำกัด,พระนครศรีอยุธยา,TT00,N,,,0,0.00,0,Y,12.3,51042.23,20,0,0,19x1,Administrator
B,11x996,บริษัท ไทยอคริลิค ไฟเบอร์ จำกัด,สระบุรี,CH42,Y,2026-06-25,106,1,0.03,0,Y,1066.8,67616.19,53,2,659,19x92,Napadol Peoksangthip
R,11x997,บริษัท สำปะหลังพัฒนา จำกัด,ระยอง,FD08,N,,,0,0.00,0,Y,145.12,7123.06,11,0,0,19x1,Administrator
U,11x998,บริษัท เค ซี อี อินเตอร์เนชั่นแนล จำกัด,สมุทรปราการ,EL01,N,,,0,0.00,0,Y,958.0,0,4,0,0,19x1,Administrator
U,11x999,บริษัท ผลิตภัณฑ์กระดาษไทย จำกัด,ราชบุรี,PP02,N,,,0,0.00,0,Y,974.0,41758.730000000003,49,5,662,19x34,Kanittha Cheryhom
U,11x1000,บริษัท ฟินิคซ พัลพ แอนด์ เพเพอร์ จำกัด (มหาชน),ขอนแก่น,PP03,Y,2026-08-07,63,1,0.17,0,Y,3065.6,143408.54,94,13,451,19x34,Kanittha Cheryhom
U,11x1001,บริษัท ยูไนเต็ด เปเปอร์ จำกัด (มหาชน),ปราจีนบุรี,PP01,N,,,0,0.00,0,Y,1150.0,47650.7,4,1,448,19x1,Administrator
U,11x1002,บริษัท เอสซีจี เปเปอร์ จำกัด (มหาชน),ราชบุรี,PP03,N,,,0,0.00,0,Y,,,4,1,39,19x1,Administrator
U,11x1003,บริษัท สยามคราฟท์อุตสาหกรรม จำกัด,นนทบุรี,PP01,Y,,,0,0.00,1,Y,7.8417,220,146,11,689,19x34,Kanittha Cheryhom
U,11x1004,บริษัท โรงงานอุตสาหกรรมกระดาษบางปะอิน จำกัด,พระนครศรีอยุธยา,PP01,N,,,0,0.00,0,Y,310.262457,40174.199999999997,2,0,0,19x1,Administrator
U,11x1005,บริษัท ปัญจพล ไฟเบอร์ คอนเทนเนอร์ จำกัด,สมุทรปราการ,PP01,N,,,0,0.00,0,Y,100.0,4751.91,3,0,0,19x1,Administrator
D,11x1006,บริษัท อายิโนะโมะโต๊ะ (ประเทศไทย) จำกัด,สมุทรปราการ,FD01,Y,2026-08-07,63,2,0.08,1,Y,17.0,92.01,52,7,585,19x45,Pattamaporn Chadkurupin
U,11x1007,บริษัท แอพไพลแอ๊นซ์ เทคโนโลยี่ ซัพพลายส์ จำกัด,กรุงเทพมหานคร,SV04,N,,,0,0.00,0,Y,10.0,,21,3,436,19x1,Administrator
U,11x1008,บริษัท กม.18 วิศวกรรม จำกัด,พระนครศรีอยุธยา,SV01,N,,,0,0.00,0,Y,215.0,428.65,3,0,0,19x1,Administrator
A,11x1009,บริษัท กรุงเทพผลิตเหล็ก จำกัด (มหาชน),สมุทรปราการ,MT01,N,,,0,0.00,0,Y,180.75,342.5,27,0,0,19x1,Administrator
D,11x1010,บริษัท บางจาก คอร์ปอเรชั่น จำกัด (มหาชน),กรุงเทพมหานคร,PE00,Y,2026-06-25,106,5,1.08,0,Y,19236.14999,470270.75,243,17,428,19x23,Vipoo Srisawadi
A,11x1011,บริษัท บุญเยี่ยมและสหาย จำกัด,กรุงเทพมหานคร,SV02,Y,2026-06-30,101,2,0.31,0,Y,20.0,,137,8,638,19x19,Saovaluck Jangjai
C,11x1012,บริษัท ไบเออร์ไทย จำกัด,สมุทรปราการ,CH04,N,,,0,0.00,0,Y,0.0,0,1,0,0,19x1,Administrator
A,11x1013,บริษัท คาร์กิลล์สยาม จำกัด,ฉะเชิงเทรา,FD05,Y,2026-09-15,24,8,1.69,0,Y,89.3,2817.06,80,1,380,19x27,Nattawut Junkong
A,11x1014,บริษัท เจริญโภคภัณฑ์อีสาน จำกัด (มหาชน),นครราชสีมา,FD05,N,,,0,0.00,0,Y,,,20,0,0,19x1,Administrator
B,11x1015,บริษัท อาโครม่า เท็กซ์ไทล์ เอฟเฟคส์ (ประเทศไทย) จำกัด,สมุทรสาคร,CH01,N,,,0,0.00,0,Y,91.686967,8630.43,52,1,0,19x92,Napadol Peoksangthip
C,11x1016,บริษัท ช.เคมีไทย จำกัด,สมุทรสาคร,CH43,N,,,0,0.00,0,Y,23.0,6850.65,5,2,414,19x1,Administrator
R,11x1017,บริษัท ซีทีซีไอ (ประเทศไทย) จำกัด,ระยอง,SV01,N,,,0,0.00,0,Y,46.0,590.6,10,0,0,19x1,Administrator
C,11x1019,บริษัท ค็อกนิสไทย จำกัด,ชลบุรี,CH05,N,,,0,0.00,0,Y,,,9,0,0,19x1,Administrator
U,11x1020,บริษัท ฮันซ่า อินเตอร์เนชั่นแนล จำกัด,กรุงเทพมหานคร,SV04,N,,,0,0.00,0,Y,17.7,,5,0,0,19x1,Administrator
A,11x1021,บริษัท โคห์เลอร์ (ประเทศไทย) จำกัด (มหาชน),สระบุรี,MN03,Y,2026-09-23,16,3,0.11,11,Y,321.0,580.48,663,10,709,19x19,Saovaluck Jangjai
A,11x1022,บริษัท อั๊คโซ่ โนเบล เพ้นท์ส (ประเทศไทย) จำกัด,ชลบุรี,CH03,N,,,0,0.00,0,Y,0.0,0,13,1,296,19x78,Sarawut Viseshasiri
D,11x1025,บริษัท ราชาชูรส จำกัด,ราชบุรี,FD04,N,,,0,0.00,0,Y,0.0,74054.5,2,0,0,19x1,Administrator
D,11x1026,บริษัท ABB ประเทศไทย จำกัด,,CH14,N,,,0,0.00,0,Y,,,20,0,0,19x1,Administrator
D,11x1027,บริษัท มรกต อินดัสตรี้ส์ จำกัด (มหาชน),,FD03,N,,,0,0.00,0,Y,,,8,0,0,19x1,Administrator
D,11x1028,บริษัท พี.เอส.พี. สเปเชียลตี้ส์ จำกัด,สมุทรสาคร,CH14,N,,,0,0.00,0,Y,128.0,3788.25,78,2,637,19x1,Administrator
A,11x1029,บริษัท อุตสาหกรรมโฟมลัคกี้ จำกัด,สมุทรสาคร,CH41,N,,,0,0.00,0,Y,43.9,434.9,4,0,0,19x1,Administrator
A,11x1030,บริษัท นิปปอนเพนต์ (ประเทศไทย) จำกัด,สมุทรปราการ,CH03,Y,,,0,0.00,1,Y,766.240611,6167.45,231,27,631,19x88,Thanaaran Sirawattanamongkol
C,11x1031,บริษัท แป้งมันสมเด็จ จำกัด,กาฬสินธุ์,FD08,N,,,0,0.00,0,Y,96.0,8483.5,10,0,0,19x1,Administrator
A,11x1033,บริษัท รอยัล ปอร์ซเลน จำกัด (มหาชน),สระบุรี,MN03,N,,,0,0.00,0,Y,217.383,25409.81,22,2,260,19x19,Saovaluck Jangjai
B,11x1034,บริษัท รอยัล อินดัสตรีส์ (ไทยแลนด์)   จำกัด (มหาชน),นครปฐม,CH01,N,,,0,0.00,0,Y,90.66,1752.9,4,0,0,19x1,Administrator
D,11x1036,บริษัท เชลล์แห่งประเทศไทย จำกัด,กรุงเทพมหานคร,CH14,Y,2026-09-15,24,11,0.69,120,Y,86.436675,9000.61,383,27,690,19x23,Vipoo Srisawadi
D,11x1037,บริษัท ซีรอเยลอาหารทะเล จำกัด,สมุทรสาคร,FD01,Y,2026-07-16,85,2,0.06,0,Y,54.1,4447.75,12,0,0,19x45,Pattamaporn Chadkurupin
U,11x1038,บริษัท วาย.โอ.เยนเนอรัล ซัพพลาย(1983)  จำกัด,กรุงเทพมหานคร,SV04,Y,2026-03-30,193,4,3.33,7,Y,5.0,,79,10,689,19x27,Nattawut Junkong
C,11x1039,บริษัท ยางสยามพระประแดง จำกัด,,AG02,N,,,0,0.00,0,Y,,,35,0,0,19x1,Administrator
D,11x1040,บริษัท สยามฟายน์เฆมี จำกัด,สมุทรปราการ,CH14,N,,,0,0.00,0,Y,70.0,,15,0,0,19x1,Administrator
D,11x1041,บริษัท ซูมิโตโม อีเล็คตริก วินเทค (ประเทศไทย) จำกัด,สมุทรปราการ,MT03,N,,,0,0.00,0,Y,513.1,16595.32,6,0,0,19x1,Administrator
A,11x1042,บริษัท เทยิน โพลีเอสเตอร์ จำกัด,ปทุมธานี,TT00,Y,2026-02-06,245,2,0.19,6,Y,125.0,88349.695000000007,23,3,589,19x92,Napadol Peoksangthip
A,11x1044,บริษัท ไทยดีเอนทีเพนท์ จำกัด,ชลบุรี,CH03,Y,,,0,0.00,5,Y,170.277,702.99,16,2,581,19x1,Administrator
A,11x1045,บริษัท เอสซีจี  เซรามิกส์ จำกัด (มหาชน),สระบุรี,MN03,Y,2026-08-20,50,7,0.16,0,Y,73.4,42887.06,716,14,732,19x19,Saovaluck Jangjai
R,11x1046,บริษัท ไทยแมกซ์เวล อินดัสเทรียล เซอร์วิส จำกัด,ระยอง,SV04,N,,,0,0.00,0,Y,3.0,102.2,3,0,0,19x1,Administrator
A,11x1047,บริษัท ไทยแมกซ์เวล อิเลคทริค จำกัด,นครปฐม,OM00,N,,,0,0.00,0,Y,54.7,359.66,3,1,371,19x1,Administrator
U,11x1049,บริษัท ไทยสตีมเซอร์วิส แอนด์ ซัพพลาย จำกัด,สมุทรสาคร,SV01,Y,2026-07-27,74,1,0.00,0,Y,12.2,263.52,12,0,0,19x45,Pattamaporn Chadkurupin
C,11x1050,บริษัท ไทยยูรีเทนพลาสติก จำกัด,สมุทรปราการ,CH43,Y,2026-01-15,267,1,0.52,2,Y,58.0,1939.62,67,1,207,19x77,Thitima Plaibua
A,11x1051,บริษัท ทีโอเอ เพ้นท์ (ประเทศไทย) จำกัด (มหาชน),สมุทรปราการ,CH03,Y,2026-10-03,6,16,2.19,0,Y,76.904,2962.92,394,0,0,19x77,Thitima Plaibua
A,11x1052,บริษัท โตโยอิ๊งค์ (ประเทศไทย) จำกัด,กรุงเทพมหานคร,CH03,Y,2026-07-27,74,7,0.50,0,Y,116.0,0,134,12,688,19x88,Thanaaran Sirawattanamongkol
A,11x1053,บริษัท โตโยอิ๊งค์  (ประเทศไทย) จำกัด,กรุงเทพมหานคร,CH03,Y,,,0,0.00,26,Y,116.0,0,12,5,662,19x1,Administrator
B,11x1054,บริษัท ดับบลิว อาร์ เกรซ (ไทยแลนด์)   จำกัด,สมุทรปราการ,CH99,N,,,0,0.00,0,Y,102.0,,11,0,0,19x1,Administrator
D,11x1055,บริษัท ยูนิปาล์ม อินดัสทรี จำกัด,สุราษฎร์ธานี,FD03,N,,,0,0.00,0,Y,0.0,21890.17,30,0,0,19x1,Administrator
A,11x1056,บริษัท บี.พี. ผลิตภัณฑ์อาหาร จำกัด,,FD05,N,,,0,0.00,0,Y,,,23,0,0,19x1,Administrator
A,11x1057,บริษัท กรุงเทพโปรดิ๊วส จำกัด (มหาชน),กรุงเทพมหานคร,FD05,N,,,0,0.00,0,Y,600.0,,24,0,0,19x1,Administrator
U,11x1058,บริษัท บางกอก พีวีซี. (1996) จำกัด,,SV04,Y,,,0,0.00,5,Y,10.0,,8,0,0,19x1,Administrator
C,11x1059,บริษัท ไบเออร์ ไทย จำกัด,สมุทรปราการ,CH05,N,,,0,0.00,0,Y,0.0,0,28,0,0,19x1,Administrator
D,11x1065,บริษัท รุ่งเรือง (1990) จำกัด,,CH14,Y,2026-07-16,85,12,0.89,0,Y,,,206,9,718,19x1,Administrator
C,11x1066,บริษัท เจ้าพระยาพืชไร่ 2999 (กำแพงเพชร) จำกัด,กำแพงเพชร,FD08,N,,,0,0.00,0,Y,6.28,9846.85,17,0,0,19x1,Administrator
U,11x1069,บริษัท ซีนิธ เพาเวอร์ จำกัด,,SV04,N,,,0,0.00,0,Y,,,3,0,0,19x1,Administrator
A,11x1071,บริษัท เซนทาโก อาหารสัตว์น้ำ จำกัด,,FD05,N,,,0,0.00,0,Y,,,7,1,113,19x1,Administrator
D,11x1073,บริษัท โดล ไทยแลนด์ จำกัด,ประจวบคีรีขันธ์,FD01,Y,2026-09-04,35,5,0.06,0,Y,407.850993,48751.75,176,0,0,19x45,Pattamaporn Chadkurupin
A,11x1075,บริษัท อีสเทอร์นโฟม โปรดั๊ก จำกัด,สมุทรปราการ,CH41,N,,,0,0.00,0,Y,281.7,493,33,2,436,19x88,Thanaaran Sirawattanamongkol
D,11x1076,บริษัท แคดเบอรี อาดัมส์ (ประเทศไทย) จำกัด(ยกเลิก),,FD01,Y,,,0,0.00,1,Y,,,0,0,0,19x1,Administrator
D,11x1077,บริษัท เฟอร์รารี่ แอสฟัลท์ จำกัด,,CH15,N,,,0,0.00,0,Y,,,3,0,0,19x1,Administrator
C,11x1078,บริษัท เฟรนด์ชิพ คอร์น สตาร์ช จำกัด,สมุทรปราการ,FD08,N,,,0,0.00,0,Y,52.0,8376.7800000000007,5,0,0,19x1,Administrator
D,11x1080,HMC Polymers Company  Limited,กรุงเทพมหานคร,CH14,Y,2026-10-03,6,12,1.31,0,Y,3790.07,,64,8,683,19x90,Patthamanan Pudgajang
A,11x1083,บริษัท ที เค เอส เคมิคอล (ประเทศไทย) จำกัด,สมุทรปราการ,CH03,Y,2026-08-20,50,1,0.05,2,Y,15.0,2149.5,9,4,151,19x88,Thanaaran Sirawattanamongkol
U,11x1084,บริษัท กระดาษศรีสยาม จำกัด (มหาชน),,PP02,N,,,0,0.00,0,Y,,,2,0,0,19x1,Administrator
D,11x1085,บริษัท ล่ำสูง (ประเทศไทย) จำกัด (มหาชน),สมุทรปราการ,FD03,N,,,0,0.00,0,Y,359.0,6513.28,5,0,0,19x43,Katewadee Pratipagorn
A,11x1086,บริษัท แหลมทองเกษตรภัณฑ์ จำกัด,พระนครศรีอยุธยา,FD05,Y,,,0,0.00,2,Y,53.0,1974.22,16,3,389,19x27,Nattawut Junkong
U,11x1087,บริษัท เอ็นไลน์ อะโกร อินเตอร์เนชั่นแนล จำกัด,กรุงเทพมหานคร,SV01,N,,,0,0.00,0,Y,2.0,,4,0,0,19x1,Administrator
D,11x1088,บริษัท น้ำมันพืชปทุม จำกัด,ปทุมธานี,FD03,N,,,0,0.00,0,Y,846.0,115103.7,12,1,463,19x1,Administrator
D,11x1089,บริษัท พาโมลา จำกัด,กรุงเทพมหานคร,FD03,N,,,0,0.00,0,Y,187.63,,1,0,0,19x1,Administrator
D,11x1091,บริษัท พรีเมียลูบริแค้นท์ จำกัด,ปทุมธานี,CH14,Y,,,0,0.00,1,Y,681.168015,3900,18,1,435,19x45,Pattamaporn Chadkurupin
D,11x1092,บริษัท ผลิตภัณฑ์อาหารเซ็นทรัล จำกัด,ปทุมธานี,FD01,Y,2026-06-30,101,1,0.02,1,Y,0.0,5386.67,23,0,0,19x27,Nattawut Junkong
U,11x1094,บริษัท ซุปเปอร์เซ็นทรัลแก๊ส จำกัด,กรุงเทพมหานคร,SV04,N,,,0,0.00,0,Y,150.0,,1,0,0,19x1,Administrator
A,11x1095,บริษัท สุรินทร์ ออมย่า เคมิคอล (ประเทศไทย)   จำกัด,ลพบุรี,MN99,N,,,0,0.00,0,Y,4203.105774,14935.9,20,0,0,19x77,Thitima Plaibua
B,11x1097,บริษัท ซิก้า (ประเทศไทย) จำกัด,สระบุรี,CH99,N,,,0,0.00,0,Y,921.0,393.4,21,1,239,19x51,Benjamas Tanjit
A,11x1100,"Siam Synthetic Latex Co.,Ltd.",กรุงเทพมหานคร,TT00,N,,,0,0.00,0,Y,5850.0,,68,0,0,19x51,Benjamas Tanjit
C,11x1102,บริษัท แสงโสม จำกัด,กาญจนบุรี,FD07,N,,,0,0.00,0,Y,830.0,13300.21,41,8,575,19x74,Sujittra Tungprakobjaroen
A,11x1103,บริษัท เหล็กสยาม (2001)  จำกัด,สระบุรี,MT01,N,,,0,0.00,0,Y,701.0,82399.33,38,0,0,19x1,Administrator
D,11x1104,สถาบันวิจัยวิทยาศาสตร์และเทคโนโลยีแห่งประเทศไทย,,GV00,N,,,0,0.00,0,Y,,,1,0,0,19x1,Administrator
U,11x1105,ห้างหุ้นส่วนจำกัด สยามเวิลด์ 84,,SV04,N,,,0,0.00,0,Y,,,1,0,0,19x1,Administrator
U,11x1106,ห้างหุ้นส่วนจำกัด ธนกิจเมธี,กรุงเทพมหานคร,SV04,N,,,0,0.00,0,Y,1.0,,1,0,0,19x1,Administrator
D,11x1107,บริษัท ทิปโก้แอสฟัลท์ จำกัด (มหาชน),สมุทรปราการ,CH15,N,,,0,0.00,0,Y,187.0,3938.6,55,0,0,19x45,Pattamaporn Chadkurupin
D,11x1108,บริษัท อุตสาหกรรมวุ้นเส้นไทย จำกัด,นครปฐม,FD01,N,,,0,0.00,0,Y,13.0,8455.81,3,0,0,19x1,Administrator
C,11x1110,บริษัท ทีโอเอ-ชูโกกุ เพ้นท์ จำกัด,ฉะเชิงเทรา,CH43,N,,,0,0.00,0,Y,190.0,2408,11,0,0,19x1,Administrator
A,11x1111,บริษัท ไทยเรยอน จำกัด (มหาชน),อ่างทอง,TT00,Y,2026-05-29,133,2,0.06,3,Y,1931.0,99853.23,99,1,564,19x92,Napadol Peoksangthip
C,11x1113,บริษัท ไทยยูรีเทนเคมีคอลอินดัสตรี้ จำกัด,,CH43,N,,,0,0.00,0,Y,,,4,0,0,19x1,Administrator
C,11x1114,บริษัท ทีโอเอ-โดฟเคม อินดัสตรีส์ จำกัด,สมุทรปราการ,CH43,N,,,0,0.00,0,Y,625.0,11834.68,30,1,687,19x1,Administrator
U,11x1115,บริษัท ไทคิชา (ประเทศไทย) จำกัด,สมุทรปราการ,SV01,Y,2026-09-04,35,4,0.04,13,Y,220.0,1051.6099999999999,168,14,665,19x77,Thitima Plaibua
R,11x1117,บริษัท สำปะหลังพัฒนา จำกัด,ระยอง,FD08,N,,,0,0.00,0,Y,145.12,7123.06,2,1,338,19x1,Administrator
B,11x1120,บริษัท อดิตยา เบอร์ล่า เคมีคัลส์ (ประเทศไทย)  จำกัด,สมุทรปราการ,CH12,Y,2026-08-07,63,3,0.07,6,Y,1293.596,10550,167,11,414,19x77,Thitima Plaibua
D,11x1121,บริษัท น้ำมันปิโตรเลียมไทย จำกัด,สมุทรปราการ,CH14,N,,,0,0.00,0,Y,86.0,1427.2,3,0,0,19x1,Administrator
D,11x1124,บริษัท ไทย อกริ ฟู้ดส์ จำกัด (มหาชน),สมุทรปราการ,FD01,N,,,0,0.00,0,Y,600.0,23154.7,2,0,0,19x1,Administrator
B,11x1126,บริษัท ไทย เอ บี เอส จำกัด,,CH42,N,,,0,0.00,0,Y,,,9,0,0,19x1,Administrator
D,11x1127,บริษัท ยูนิคอร์ด จำกัด (มหาชน),สมุทรสาคร,FD01,N,,,0,0.00,0,Y,1655.1299,40005.949999999997,8,0,0,19x1,Administrator
C,11x1128,บริษัท ยูบิส (เอเชีย) จำกัด (มหาชน),กรุงเทพมหานคร,CH09,Y,,,0,0.00,2,Y,570.0,,40,3,722,19x1,Administrator
D,11x1131,บริษัท วิทย์คอร์ป เคมิคอลส์ จำกัด,กรุงเทพมหานคร,CH14,N,,,0,0.00,0,Y,375.0,,2,0,0,19x1,Administrator
B,11x1132,บริษัท ห้องเย็นลี่ฮะฮวด จำกัด,กรุงเทพมหานคร,OT99,N,,,0,0.00,0,Y,5.0,,2,0,0,19x1,Administrator
A,11x1133,บริษัท เอ็น เอช เค สปริง (ประเทศไทย)  จำกัด,สมุทรปราการ,CH41,Y,2026-10-03,6,2,0.08,1,Y,0.0,9341.49,63,3,627,19x88,Thanaaran Sirawattanamongkol
D,11x1135,บริษัท เอสโซ่ (ประเทศไทย) จำกัด (มหาชน),ชลบุรี,CH14,N,,,0,0.00,0,Y,8846.706,661909.61,38,1,317,19x1,Administrator
R,11x1137,บริษัท เจตาแบค จำกัด (มหาชน),ระยอง,OM00,N,,,0,0.00,0,Y,240.0,1338.67,18,0,0,19x1,Administrator
B,11x1138,บริษัท ไนโตรเคมีอุตสาหกรรม จำกัด,สมุทรสาคร,CH99,N,,,0,0.00,0,Y,53.0,17366.78,75,3,407,19x89,Tanaporn Chanchanaroj
U,11x1139,บริษัท โพลีเทคโนโลยี จำกัด,นนทบุรี,SV04,Y,2026-05-29,133,2,5.48,0,Y,130.0,,8,0,0,19x43,Katewadee Pratipagorn
C,11x1140,บริษัท อีเทอนัล พลาสติก จำกัด,สมุทรปราการ,CH43,N,,,0,0.00,0,Y,120.0,13341.1,1,0,0,19x1,Administrator
C,11x1141,บริษัท ทีโอเอ เคมิคอล อินดัสตรีส์  จำกัด,สมุทรปราการ,CH43,N,,,0,0.00,0,Y,800.0,,26,0,0,19x1,Administrator
D,11x1142,บริษัท เฟ้ลปส์ ดอด์จ อินเตอร์เนชั่นแนล (ไทยแลนด์) จำกัด,สมุทรปราการ,MT03,N,,,0,0.00,0,Y,1384.981222,26846.400000000001,6,0,0,19x1,Administrator
D,11x1143,บริษัท พัทยาฟู้ดอินดัสตรี จำกัด,สมุทรสาคร,FD01,N,,,0,0.00,0,Y,70.0,427.9,5,0,0,19x1,Administrator
U,11x1144,บริษัท โพรมิเน้นท์ ฟลูอิด คอนโทรลส์ (ประเทศไทย)  จำกัด,กรุงเทพมหานคร,SV04,N,,,0,0.00,0,Y,50.0,,6,0,0,19x1,Administrator
D,11x1145,บริษัท พีทีจี เอ็นเนอยี จำกัด (มหาชน),,CH14,Y,2026-09-15,24,4,0.59,46,Y,1670.0,,140,13,688,19x43,Katewadee Pratipagorn
U,11x1146,บริษัท สหคิมมอเตอร์ จำกัด,สมุทรปราการ,SV04,N,,,0,0.00,0,Y,0.0,408.17,5,2,416,19x1,Administrator
D,11x1147,บริษัท สยามลูบริแค้นท์อินดัสทรี่ จำกัด,ปทุมธานี,CH14,N,,,0,0.00,0,Y,150.0,11850.22,22,1,697,19x1,Administrator
U,11x1148,บริษัท ยูไนเต็ดแมชชินเนอรี่ จำกัด,กรุงเทพมหานคร,SV04,N,,,0,0.00,0,Y,4.075,332.25,51,1,365,19x1,Administrator
D,11x1149,บริษัท อูเอโน ไฟน์ เคมีคัลส์ อินดัสตรี (ประเทศไทย) จำกัด,สมุทรปราการ,FD04,N,,,0,0.00,0,Y,0.0,0,10,0,0,19x1,Administrator
U,11x1150,บริษัท ที เอ็น เอส อุปกรณ์แอนด์เอ็นยิเนียริ่ง จำกัด,กรุงเทพมหานคร,UT01,N,,,0,0.00,0,Y,5.0,,33,0,0,19x1,Administrator
R,11x1151,บริษัท ไออาร์พีซี จำกัด (มหาชน),ระยอง,CH42,Y,2026-09-04,35,5,1.61,1,Y,100.0,334.56,379,31,731,19x1,Administrator
B,11x1153,บริษัท ไทย เปอร์อ๊อกไซด์ จำกัด,สระบุรี,CH13,Y,,,0,0.00,3,Y,68.42,14793.92,71,8,548,19x77,Thitima Plaibua
U,11x1155,ห้างหุ้นส่วนจำกัด เฮงดีอิมปอร์ตและเอ็กซ์ปอร์ต,กรุงเทพมหานคร,SV04,N,,,0,0.00,0,Y,2.0,,5,0,0,19x1,Administrator
A,11x1158,บริษัท คาร์กิลล์มีทส์ (ไทยแลนด์) จำกัด,สระบุรี,FD05,Y,2026-08-20,50,4,0.14,0,Y,507.09952,8015.1,61,0,0,19x27,Nattawut Junkong
A,11x1159,บริษัท เฌอร่า จำกัด (มหาชน)-รง.นครปฐม,,MN06,N,,,0,0.00,0,Y,,,17,0,0,19x1,Administrator
A,11x1160,บริษัท สยามซานิทารีแวร์ อินดัสทรี  จำกัด,สระบุรี,MN03,N,,,0,0.00,0,Y,27.7,207.5,24,0,0,19x19,Saovaluck Jangjai
U,11x1162,บริษัท คิมเบอร์ลี่ย์-คล๊าค ประเทศไทย จำกัด,กรุงเทพมหานคร,PP03,Y,,,0,0.00,2,Y,819.6,,10,0,0,19x34,Kanittha Cheryhom
C,11x1165,บริษัท กู๊ดเยียร์ (ประเทศไทย) จำกัด (มหาชน),ปทุมธานี,AG02,Y,2026-09-04,35,4,0.10,0,Y,1079.81648,34655.79,62,0,0,19x34,Kanittha Cheryhom
R,11x1166,บริษัท สยามโพลีสไตรีน จำกัด,ระยอง,CH42,Y,2026-09-15,24,2,0.07,0,Y,2229.14,15136,81,0,0,19x51,Benjamas Tanjit
D,11x1167,บริษัท ทิปโก้แอสฟัลท์ จำกัด (มหาชน),สมุทรปราการ,CH15,Y,,,0,0.00,1,Y,187.0,3938.6,3,0,0,19x1,Administrator
B,11x1169,บริษัท ไทย ซัลไฟท์ส แอนด์ เคมิคัล จำกัด,,CH12,N,,,0,0.00,0,Y,,,1,1,269,19x1,Administrator
U,11x1170,บริษัท เพาเวอร์ไลน์ เอ็นจิเนียริ่ง จำกัด (มหาชน),,SV01,N,,,0,0.00,0,Y,907.88,,2,0,0,19x1,Administrator
C,11x1171,บริษัท ดอกบัวคู่ จำกัด,สมุทรปราการ,CH05,N,,,0,0.00,0,Y,61.0,1547.77,6,4,527,19x1,Administrator
U,11x1172,บริษัท ส.รุ่งเรือง แอนด์ อีควิปเม้นท์ จำกัด,กรุงเทพมหานคร,SV04,N,,,0,0.00,0,Y,4.3,,5,0,0,19x1,Administrator
A,11x1173,บริษัท อเมริกัน สแตนดาร์ด บี แอนด์ เค (ประเทศไทย) จำกัด (มหาชน)ยกเลิก,,MN03,N,,,0,0.00,0,Y,,,27,0,0,19x1,Administrator
U,11x1174,บริษัท สไปแร็กซ์ ซาร์โก (ประเทศไทย) จำกัด,กรุงเทพมหานคร,SV04,N,,,0,0.00,0,Y,4.0,,29,4,723,19x23,Vipoo Srisawadi
C,11x1175,บริษัท ไอดีเอส แมนูแฟคเจอริ่ง จำกัด,ปทุมธานี,CH06,N,,,0,0.00,0,Y,234.75,,2,0,0,19x1,Administrator
A,11x1177,บริษัท ลุฟท์เทค จำกัด,สมุทรปราการ,OM00,N,,,0,0.00,0,Y,18.0,,4,0,0,19x43,Katewadee Pratipagorn
D,11x1178,บริษัท ไทยร่วมใจน้ำมันพืช จำกัด,พระนครศรีอยุธยา,FD03,Y,,,0,0.00,6,Y,181.0,20438.439999999999,3,1,224,19x1,Administrator
D,11x1182,บริษัท สายไฟฟ้าบางกอกเคเบิ้ล จำกัด,สมุทรปราการ,MT03,N,,,0,0.00,0,Y,275.0,17434,1,0,0,19x1,Administrator
B,11x1183,บริษัท อดิตยา เบอร์ล่า เคมีคัลส์ (ประเทศไทย)  จำกัด,สมุทรปราการ,CH01,N,,,0,0.00,0,Y,1293.596,10550,4,0,0,19x1,Administrator
C,11x1186,บริษัท เอส แอนด์ เจ อินเตอร์เนชั่นแนล เอนเตอร์ไพรส์ จำกัด,ชลบุรี,CH06,N,,,0,0.00,0,Y,150.0,2306.13,1,0,0,19x1,Administrator
A,11x1187,บริษัท สีไทยกันไซเพ้นท์ จำกัด (รง.เทพารักษ์),,CH03,Y,,,0,0.00,2,Y,,,95,2,17,19x1,Administrator
R,11x1189,บริษัท ระยองโอเลฟินส์ จำกัด,ระยอง,PE00,N,,,0,0.00,0,Y,18432.32,329512.5,30,0,0,19x78,Sarawut Viseshasiri
A,11x1191,บริษัท บี.เค. ลาเท็กซ์โปรดักส์ จำกัด,สมุทรสาคร,CH41,Y,2026-02-20,231,2,0.06,2,Y,113.0,1602.83,32,0,0,19x34,Kanittha Cheryhom
A,11x1193,บริษัท โรแยล ซีรามิค อุตสาหกรรม จำกัด (มหาชน),สระบุรี,MN03,N,,,0,0.00,0,Y,253.0,57509.91,6,0,0,19x1,Administrator
D,11x1194,บริษัท เบอร์ลี่ ยุคเกอร์ ฟู้ดส์ จำกัด,สมุทรปราการ,FD01,N,,,0,0.00,0,Y,1157.035739,14898,10,0,0,19x1,Administrator
D,11x1195,บริษัท โกลโบ ฟู้ดส์ จำกัด,สมุทรปราการ,FD04,N,,,0,0.00,0,Y,10.0,1913.81,2,0,0,19x1,Administrator
R,11x1196,บริษัท วนชัย เคมีคอลอินดัสทรี่ส์ จำกัด,ระยอง,CH09,N,,,0,0.00,0,Y,286.38,10867.5,27,1,52,19x51,Benjamas Tanjit
A,11x1198,บริษัท คาร์กิลล์สยาม จำกัด,ฉะเชิงเทรา,FD05,N,,,0,0.00,0,Y,89.3,2817.06,3,0,0,19x1,Administrator
U,11x1200,บริษัท ไทย จูรอง เอ็นจิเนียริ่ง จำกัด,ชลบุรี,SV01,N,,,0,0.00,0,Y,51.0,576.6,3,0,0,19x1,Administrator
U,11x1201,บริษัท ฉัตรชมชื่น จำกัด,สมุทรปราการ,SV01,N,,,0,0.00,0,Y,1.7,92,4,0,0,19x1,Administrator
D,11x1202,บริษัท น้ำมัน ทีพีไอ จำกัด,,CH14,N,,,0,0.00,0,Y,,,1,0,0,19x1,Administrator
A,11x1203,บริษัท ซิเบลโก้ มิเนอร์รัลส์ (ประเทศไทย) จำกัด,ลำปาง,MN03,N,,,0,0.00,0,Y,15.5,1633,1,0,0,19x1,Administrator
A,11x1204,บริษัท คอมพาวด์เคลย์ จำกัด,สิงห์บุรี,MN03,N,,,0,0.00,0,Y,93.479736,2195.56,5,0,0,19x1,Administrator
U,11x1205,บริษัท ที เอส เค เอ็นจิเนียริ่ง (ไทยแลนด์) จำกัด,กรุงเทพมหานคร,SV01,Y,2026-09-04,35,2,0.11,11,Y,20.0,,114,21,715,19x34,Kanittha Cheryhom
U,11x1208,บริษัท ไนน์ เทคโนโลยี่ จำกัด,นนทบุรี,SV04,N,,,0,0.00,0,Y,1.0,,3,0,0,19x1,Administrator
A,11x1209,บริษัท พิพัฒนกิจเท็กซ์ไทล์ จำกัด,สมุทรปราการ,TT00,N,,,0,0.00,0,Y,813.0,17538.5,1,0,0,19x1,Administrator
U,11x1210,บริษัท เด็กซ์ทรัส เอ็นจิเนียริ่ง จำกัด,กรุงเทพมหานคร,SV01,N,,,0,0.00,0,Y,20.0,,3,0,0,19x1,Administrator
R,11x1211,บริษัท เดอะเปอร์เฟคท์ซิล แอนด์ เซอร์วิสเซส จำกัด,ระยอง,SV01,N,,,0,0.00,0,Y,40.0,186,4,0,0,19x23,Vipoo Srisawadi
U,11x1213,บจก. มิตซูบิชิ เฮฟวี่ อินดัสตรี่ส์-มหาจักร แอร์ คอนดิชั่นเนอร์ส,กรุงเทพมหานคร,EL01,Y,2026-07-27,74,1,0.10,1,Y,0.0,0,38,4,563,19x96,Itsaripharat Kamthong
D,11x1214,บริษัท โอลีน จำกัด,สมุทรสาคร,FD03,Y,,,0,0.00,4,Y,651.0,29323.88,17,1,312,19x45,Pattamaporn Chadkurupin
U,11x1216,บริษัท ซีเมนส์ จำกัด,กรุงเทพมหานคร,SV01,N,,,0,0.00,0,Y,579.2,,9,0,0,19x1,Administrator
U,11x1217,บริษัท ไทยโตชิบาไลท์ติ้ง จำกัด,ปทุมธานี,EL01,N,,,0,0.00,0,Y,6.0,1188.6300000000001,24,0,0,19x1,Administrator
U,11x1219,บริษัท เออีซี อินดัสเตรียล เอ็นจิเนียริ่ง จำกัด,กรุงเทพมหานคร,SV01,N,,,0,0.00,0,Y,50.0,,20,0,0,19x1,Administrator
A,11x1220,บริษัท เอ็น เอช เค สปริง (ไทย) จำกัด,สมุทรปราการ,OM00,N,,,0,0.00,0,Y,410.0,,2,0,0,19x1,Administrator
C,11x1221,บริษัท ไทยน้ำทิพย์ จำกัด,กรุงเทพมหานคร,FD02,N,,,0,0.00,0,Y,2141.728,0,1,0,0,19x1,Administrator
R,11x1222,บริษัท สยามสไตรีนโมโนเมอร์ จำกัด,ระยอง,CH99,N,,,0,0.00,0,Y,5535.518,146235.74,7,0,0,19x1,Administrator
U,11x1223,บริษัท ดีเทค เอ็นจิเนียริ่ง จำกัด,กรุงเทพมหานคร,SV01,N,,,0,0.00,0,Y,1.0,,1,0,0,19x1,Administrator
A,11x1224,บริษัท กังวาลโพลีเอสเตอร์ จำกัด,เพชรบุรี,TT00,Y,2026-08-20,50,1,0.03,12,Y,105.55,83365.259999999995,10,0,0,19x92,Napadol Peoksangthip
A,11x1225,บริษัท บางกอกโฟม จำกัด,กรุงเทพมหานคร,CH41,N,,,0,0.00,0,Y,0.13,7195.27,18,0,0,19x1,Administrator
A,11x1226,บริษัท ไทย-เยอรมัน เซรามิค อินดัสทรี่ จำกัด (มหาชน),,MN03,N,,,0,0.00,0,Y,,,36,0,0,19x1,Administrator
A,11x1228,บริษัท ใช้ เอ็กซ์โพลซีฟส์ จำกัด,กรุงเทพมหานคร,CH10,N,,,0,0.00,0,Y,90.0,,67,0,0,19x27,Nattawut Junkong
A,11x1229,พี.เจนเนอรัล ซัพพลาย,,OM00,Y,2026-09-23,16,5,0.25,0,Y,,,212,6,573,19x88,Thanaaran Sirawattanamongkol
A,11x1231,ห้าดาว แมคคานิค,สมุทรปราการ,OM00,N,,,0,0.00,0,Y,5.0,,11,0,0,19x1,Administrator
C,11x1232,บริษัท สุรากระทิงแดง (1988) จำกัด,กำแพงเพชร,FD07,N,,,0,0.00,0,Y,2999.0,13872.25,33,9,387,19x74,Sujittra Tungprakobjaroen
C,11x1234,ห้างหุ้นส่วนจำกัด บี.อาร์.เอส.อินเตอร์เทรด,สมุทรสาคร,CH04,Y,2026-09-28,11,8,1.42,19,Y,29.5,149.5,47,2,711,19x45,Pattamaporn Chadkurupin
C,11x1235,บริษัท บีเอเอสเอฟ (ไทย) จำกัด,สมุทรปราการ,CH07,Y,2026-08-20,50,19,2.43,1,Y,0.0,84.11,330,35,710,19x74,Sujittra Tungprakobjaroen
U,11x1237,บริษัท เอ็นวิเทรด เอ็นจิเนียริ่ง จำกัด,กรุงเทพมหานคร,SV04,N,,,0,0.00,0,Y,15.0,,2,0,0,19x1,Administrator
C,11x1238,บริษัท เอ็มอาร์ที เรซิน (ประเทศไทย) จำกัด,สมุทรปราการ,CH43,Y,2026-09-04,35,3,0.09,0,Y,0.0,566.63,32,1,66,19x77,Thitima Plaibua
A,11x1239,บริษัท อีสเทิร์น พี.ยู. โฟม อินดัสตรี จำกัด,ชลบุรี,CH41,N,,,0,0.00,0,Y,381.49,12,8,0,0,19x1,Administrator
C,11x1240,บริษัท ทีโอเอ เพ้นท์ (ประเทศไทย)  จำกัด (มหาชน),สมุทรปราการ,CH43,Y,2026-06-25,106,4,0.72,112,Y,76.904,2962.92,169,70,730,19x1,Administrator
U,11x1241,บริษัท ปัญจพล เปเปอร์ อินดัสตรี้ จำกัด,กรุงเทพมหานคร,PP01,Y,,,0,0.00,39,Y,449.75,,103,16,724,19x34,Kanittha Cheryhom
D,11x1242,บริษัท ทักษิณปาล์ม (2521) จำกัด,สุราษฎร์ธานี,FD03,N,,,0,0.00,0,Y,41.884007,18834.95,19,0,0,19x45,Pattamaporn Chadkurupin
R,11x1243,บริษัท แพรกซ์แอร์ (ประเทศไทย) จำกัด,ระยอง,CH02,Y,2026-04-21,171,1,0.53,0,Y,196.07,33528.78,39,0,0,19x90,Patthamanan Pudgajang
A,11x1244,บริษัท ลีพัฒนาผลิตภัณฑ์ จำกัด (มหาชน),เพชรบุรี,FD05,Y,,,0,0.00,3,Y,11.0,18083.7,22,3,602,19x1,Administrator
A,11x1245,บริษัท คาร์เปท อินเตอร์แนชั่นแนล ไทยแลนด์ จำกัด (มหาชน),ปทุมธานี,TT00,Y,2026-07-30,71,2,0.02,19,Y,976.154999,15582.28,115,6,612,19x92,Napadol Peoksangthip
D,11x1247,บริษัท วิทย์คอร์ป โปรดักส์ จำกัด,สมุทรปราการ,CH14,N,,,0,0.00,0,Y,0.0,684.26,22,0,0,19x77,Thitima Plaibua
U,11x1248,บริษัท คลาเรียนท์ (ประเทศไทย) จำกัด,กรุงเทพมหานคร,SV04,N,,,0,0.00,0,Y,250.0,,12,0,0,19x1,Administrator
U,11x1249,บริษัท โซลิดส์แฮนด์ลิ่งแอนด์โปรเซสเอ็นจิเนียริ่ง จำกัด,สมุทรปราการ,SV01,N,,,0,0.00,0,Y,17.2,354.83,1,0,0,19x1,Administrator
U,11x1250,บริษัท ด็อทแบมบู (กรุงเทพ) จำกัด,นนทบุรี,SV04,Y,,,0,0.00,1,Y,65.0,,14,1,426,19x1,Administrator
U,11x1251,บริษัท เอสอาร์ เท็ค พลัส จำกัด,กรุงเทพมหานคร,AT00,N,,,0,0.00,0,Y,2.0,,2,0,0,19x1,Administrator
C,11x1252,บริษัท เอราวัณเคมีเกษตร จำกัด,นครปฐม,CH06,N,,,0,0.00,0,Y,158.0,549.79,3,0,0,19x1,Administrator
U,11x1253,บริษัท คิเนติค เอ็นจิเนียริ่ง จำกัด,สมุทรปราการ,SV04,N,,,0,0.00,0,Y,80.0,375.22,5,0,0,19x1,Administrator
A,11x1256,บริษัท ควอลิตี้ มิเนอรัล จำกัด (มหาชน),ลพบุรี,MN99,N,,,0,0.00,0,Y,1771.000348,12515.45,26,2,268,19x1,Administrator
A,11x1259,บริษัท สหวิริยาสตีลอินดัสตรี จำกัด (มหาชน),ฉะเชิงเทรา,MT01,N,,,0,0.00,0,Y,174.0,1679,2,1,65,19x1,Administrator
A,11x1260,บริษัท แสงสหมิตร เคมีคอล จำกัด,สมุทรปราการ,CH03,N,,,0,0.00,0,Y,1.0,468,6,0,0,19x1,Administrator
A,11x1261,บริษัท เกรทวอลล (1988) จำกัด,ปทุมธานี,SV07,N,,,0,0.00,0,Y,64.221319,557.13,35,0,0,19x88,Thanaaran Sirawattanamongkol
B,11x1262,บริษัท ไทยเซ็นทรัลเคมี จำกัด (มหาชน),สมุทรปราการ,CH11,Y,2026-07-16,85,1,0.05,4,Y,291.15,12609.29,41,0,0,19x92,Napadol Peoksangthip
C,11x1263,บริษัท วนชัย พาเนล อินดัสทรี่ส์ จำกัด,สุราษฎร์ธานี,AG02,N,,,0,0.00,0,Y,2900.0,509783.88,22,0,0,19x34,Kanittha Cheryhom
B,11x1264,บริษัท ยูนิ-เกียร์ จำกัด,,OT99,N,,,0,0.00,0,Y,,,1,0,0,19x1,Administrator
A,11x1266,บริษัท เหล็กแผ่นรีดเย็นไทย จำกัด (มหาชน),ประจวบคีรีขันธ์,MT02,N,,,0,0.00,0,Y,17190.95,9667.6706599999998,36,2,701,19x27,Nattawut Junkong
C,11x1269,บริษัท แอนเซลล์ (ประเทศไทย) จำกัด,กรุงเทพมหานคร,AG02,Y,2026-03-30,193,1,0.18,16,Y,332.57577,24905.79,51,5,710,19x34,Kanittha Cheryhom
U,11x1270,บริษัท บูรพา เทคโนโลยี่ จำกัด,นนทบุรี,SV04,Y,2026-09-23,16,6,0.36,2,Y,1.0,,122,8,512,19x27,Nattawut Junkong
C,11x1272,บริษัท คาโออินดัสเตรียล (ประเทศไทย)  จำกัด,ชลบุรี,CH06,Y,2026-05-29,133,1,0.19,0,Y,955.0,14024.2,34,2,589,19x74,Sujittra Tungprakobjaroen
R,11x1273,บริษัท นาลโก อินดัสเทรียล เซอร์วิส (ประเทศไทย) จำกัด,ระยอง,SV01,N,,,0,0.00,0,Y,0.0,63,13,0,0,19x1,Administrator
A,11x1274,บริษัท ไทยโทเรซินเทติคส์ จำกัด,กรุงเทพมหานคร,TT00,N,,,0,0.00,0,Y,0.0,42707.040000000001,1,0,0,19x1,Administrator
C,11x1275,บริษัท ควอลิเมอร์ จำกัด,ชลบุรี,CH43,Y,,,0,0.00,7,Y,100.0,8315.75,72,3,240,19x78,Sarawut Viseshasiri
C,11x1276,บริษัท ไทยมิตซุยสเปเชียลตี้เคมีคอล จำกัด,ฉะเชิงเทรา,CH43,Y,2026-02-20,231,1,0.02,12,Y,587.0,5162.08,45,6,584,19x92,Napadol Peoksangthip
D,11x1277,บริษัท ปตท.สผ.อินเตอร์เนชั่นแนล จำกัด,กรุงเทพมหานคร,PE00,N,,,0,0.00,0,Y,20000.0,,4,0,0,19x1,Administrator
B,11x1278,บริษัท แพดดิ้ง (ไทยแลนด์) จำกัด,กรุงเทพมหานคร,TT01,N,,,0,0.00,0,Y,1.5,2712.75,3,0,0,19x77,Thitima Plaibua
A,11x1279,บริษัท พิษณุ มิโตโย จำกัด,สมุทรปราการ,OM00,N,,,0,0.00,0,Y,42.1,469.57,1,0,0,19x1,Administrator
C,11x1280,บริษัท พาราวิจัย จำกัด,นครปฐม,AG02,N,,,0,0.00,0,Y,61.0,483.03,7,0,0,19x1,Administrator
U,11x1281,ห้างหุ้นส่วนจำกัด พี.เจนเนอรัลเทรดดิ้ง,กรุงเทพมหานคร,SV01,N,,,0,0.00,0,Y,30.0,,2,1,602,19x1,Administrator
A,11x1282,บริษัท สหฟาร์ม จำกัด,ลพบุรี,FD05,N,,,0,0.00,0,Y,1195.0,13784.43,3,0,0,19x1,Administrator
A,11x1283,บริษัท กัปตัน เพ้นท์ (ประเทศไทย) จำกัด,สมุทรปราการ,CH03,N,,,0,0.00,0,Y,200.0,,1,0,0,19x1,Administrator
U,11x1284,บริษัท ฮิม แอนด์ บิวแมชินเนอรี่ จำกัด,กรุงเทพมหานคร,SV04,N,,,0,0.00,0,Y,1.0,,2,0,0,19x1,Administrator
B,11x1286,บริษัท สยาม มิตซุย พีทีเอ จำกัด,,CH42,N,,,0,0.00,0,Y,,,14,0,0,19x1,Administrator
U,11x1287,บริษัท เทคโนโลหะกล จำกัด,กรุงเทพมหานคร,SV04,N,,,0,0.00,0,Y,3.5,399.7,3,0,0,19x1,Administrator
U,11x1288,การไฟฟ้าฝ่ายผลิตแห่งประเทศไทย,สมุทรปราการ,UT01,N,,,0,0.00,0,Y,4439.624573,7930185.8200000003,15,2,571,19x45,Pattamaporn Chadkurupin
U,11x1289,บริษัท ผลิตไฟฟ้าขนอม จำกัด,กรุงเทพมหานคร,UT01,N,,,0,0.00,0,Y,8395.0,,12,2,421,19x45,Pattamaporn Chadkurupin
U,11x1290,บริษัท แอสคอน โปรซีล จำกัด,,SV04,N,,,0,0.00,0,Y,,,2,0,0,19x1,Administrator
U,11x1291,บริษัท สมุทรปราการ โคเจนเนอเรชั่น จำกัด,สมุทรปราการ,UT01,N,,,0,0.00,0,Y,3606.095,0,3,0,0,19x1,Administrator
A,11x1292,บริษัท จีเอฟ.แมนนูแฟคเจอริ่ง จำกัด,สมุทรสาคร,OM00,N,,,0,0.00,0,Y,32.0,110.25,20,0,0,19x1,Administrator
D,11x1293,บริษัท เซ้าท์อีสต์เอเชี่ยนแพคเกจจิ่งแอนด์แคนนิ่ง จำกัด,สมุทรสาคร,FD01,N,,,0,0.00,0,Y,67.0,58.7,6,0,0,19x1,Administrator
D,11x1294,บริษัท อาหารสัตว์ไทยสระบุรี จำกัด,สระบุรี,FD04,Y,,,0,0.00,3,Y,7.0,410.6,8,0,0,19x1,Administrator
U,11x1296,ห้างหุ้นส่วนจำกัด วิสรรการช่าง,กรุงเทพมหานคร,SV04,Y,2026-09-15,24,2,0.15,0,Y,2.0,,63,4,414,19x23,Vipoo Srisawadi
U,11x1297,บริษัท ไทยเซรามิคพาวเวอร์ จำกัด,,UT01,N,,,0,0.00,0,Y,,,2,0,0,19x1,Administrator
A,11x1298,บริษัท อุตสาหกรรมทำเครื่องแก้วไทย จำกัด,สมุทรปราการ,MN04,N,,,0,0.00,0,Y,182.72,73536.240000000005,66,0,0,19x1,Administrator
U,11x1299,บริษัท ซินิเมจ แมคแคนิคอล จำกัด,ชลบุรี,SV04,N,,,0,0.00,0,Y,15.0,173.5,2,0,0,19x1,Administrator
C,11x1300,บริษัท เบียร์ไทย (1991) จำกัด (มหาชน),กำแพงเพชร,FD06,N,,,0,0.00,0,Y,127.0,136251.84,25,1,79,19x74,Sujittra Tungprakobjaroen
A,11x1301,บริษัท เดลแมกซ์แมชินเนอรี่ จำกัด,ปทุมธานี,OM00,N,,,0,0.00,0,Y,67.0,488.89,8,1,575,19x1,Administrator
D,11x1302,บริษัท ไทยออยล์ จำกัด (มหาชน),ชลบุรี,PE00,Y,2026-02-06,245,1,0.38,7,Y,21038.0,1146500.71,25,3,434,19x45,Pattamaporn Chadkurupin
B,11x1304,บริษัท เมกัส จำกัด,,OT99,N,,,0,0.00,0,Y,,,1,0,0,19x1,Administrator
B,11x1306,บริษัท เอคโค่ แทนเนอรี่ (ประเทศไทย) จำกัด,พระนครศรีอยุธยา,OT99,N,,,0,0.00,0,Y,424.882,540,2,0,0,19x1,Administrator
U,11x1307,บริษัท ที พี เอส แมชชีนทูลส์ จำกัด,,SV04,N,,,0,0.00,0,Y,,,1,0,0,19x1,Administrator
U,11x1308,บริษัท ยูนิเวฟ จำกัด,สมุทรปราการ,SV01,N,,,0,0.00,0,Y,30.0,,19,0,0,19x1,Administrator
B,11x1309,บริษัท ดี.เอช.เอ. สยามวาลา จำกัด,พระนครศรีอยุธยา,OT99,N,,,0,0.00,0,Y,1599.325,4632.22,2,0,0,19x1,Administrator
C,11x1310,บริษัท เป๊ปซี่-โคล่า (ไทย) เทรดดิ้ง จำกัด,พระนครศรีอยุธยา,FD02,Y,,,0,0.00,2,Y,6591.921755,2394.67,17,2,536,19x1,Administrator
R,11x1311,บริษัท บีเอสที อิลาสโตเมอร์ส จำกัด,ระยอง,CH04,N,,,0,0.00,0,Y,5442.07,1398.09,58,0,0,19x90,Patthamanan Pudgajang
D,11x1313,โครงการส่วนพระองค์ สวนจิตรลดา (งานนมผง),,FD01,N,,,0,0.00,0,Y,,,2,0,0,19x1,Administrator
U,11x1314,บริษัท เบอร์ลี่ ยุคเกอร์ เซลล็อกซ์ จำกัด,สมุทรปราการ,PP01,N,,,0,0.00,0,Y,435.0,22704.71,31,7,711,19x34,Kanittha Cheryhom
C,11x1315,บริษัท ยูไนเต็ด ไวน์เนอรี่ แอนด์ดิสทิลเลอรี่ จำกัด,นครปฐม,FD07,N,,,0,0.00,0,Y,448.785788,29791.5,23,6,605,19x74,Sujittra Tungprakobjaroen
A,11x1317,บริษัท ไทยโตอาอุตสาหกรรม จำกัด,กรุงเทพมหานคร,CH03,N,,,0,0.00,0,Y,0.0,958.75,1,0,0,19x1,Administrator
A,11x1320,บริษัท คาร์กิลล์สยาม จำกัด (พิษณุโลก),กรุงเทพมหานคร,FD05,N,,,0,0.00,0,Y,48.0,,3,0,0,19x1,Administrator
U,11x1321,เอ็น พี ยู มาร์เก็ตติ้ง,,SV04,N,,,0,0.00,0,Y,,,3,0,0,19x1,Administrator
R,11x1322,บริษัท สยามโพลิเอททีลีน จำกัด,ระยอง,CH42,N,,,0,0.00,0,Y,4888.159,118256.97,39,0,0,19x51,Benjamas Tanjit
U,11x1324,บริษัท วีก้า ออโตเมชั่น (2000) จำกัด,ปทุมธานี,SV04,N,,,0,0.00,0,Y,10.0,,5,0,0,19x1,Administrator
U,11x1326,บริษัท ทักษิณเอนเตอร์ไพรส(ไทย) จำกัด,กรุงเทพ,SV04,N,,,0,0.00,0,Y,,,9,0,0,19x1,Administrator
C,11x1327,บริษัท พานาโซนิค อีเล็คทริค เวิร์คส์ (อยุธยา) จำกัด,,CH04,N,,,0,0.00,0,Y,,,1,0,0,19x1,Administrator
A,11x1329,บริษัท ลูกกลิ้งอุตสาหกรรมไทย จำกัด,สมุทรปราการ,MT01,N,,,0,0.00,0,Y,21.0,1030,4,0,0,19x1,Administrator
U,11x1330,บริษัท บุญสูงเนิน ปั๊มแอนด์วาล์ว(ประเทศไทย) จำกัด,ปทุมธานี,SV04,N,,,0,0.00,0,Y,3.0,,35,9,645,19x19,Saovaluck Jangjai
C,11x1331,บริษัท แก่นขวัญ จำกัด,ขอนแก่น,FD07,Y,2026-01-15,267,1,0.02,0,Y,286.2,12677,15,4,521,19x74,Sujittra Tungprakobjaroen
U,11x1332,บริษัท แคนนอน ฟาร์อีสต์ (ไทยแลนด์) จำกัด,,SV01,N,,,0,0.00,0,Y,,,6,0,0,19x1,Administrator
U,11x1333,บริษัท ฟลูโทรล (ประเทศไทย) จำกัด,กรุงเทพมหานคร,SV04,N,,,0,0.00,0,Y,5.0,,2,0,0,19x1,Administrator
U,11x1338,บริษัท อินเตอร์โฟลว์ จำกัด,สงขลา,SV04,Y,,,0,0.00,14,Y,7.0,,27,0,0,19x34,Kanittha Cheryhom
D,11x1339,บริษัท สุรพลฟู้ดส์ จำกัด (มหาชน),สมุทรปราการ,FD01,N,,,0,0.00,0,Y,140.65,7280.12,6,0,0,19x1,Administrator
D,11x1340,บริษัท แดรี่ พลัส จำกัด,นครสวรรค์,FD01,N,,,0,0.00,0,Y,220.0,12593.83,37,0,0,19x1,Administrator
U,11x1342,บริษัท ซียูอีแอล จำกัด,ชลบุรี,SV01,N,,,0,0.00,0,Y,1.0,5496.56,3,0,0,19x1,Administrator
B,11x1345,บริษัท ศรีราชา เอ็นจิเนียริ่งเซอร์วิส จำกัด,ชลบุรี,OT99,N,,,0,0.00,0,Y,,,1,0,0,19x1,Administrator
D,11x1346,บริษัท เอฟแอนด์เอ็น ยูไนเต็ด จำกัด,นครปฐม,FD01,N,,,0,0.00,0,Y,1093.88,9071.31,14,0,0,19x1,Administrator
U,11x1347,บริษัท เมมเบอร์ เทค จำกัด,,SV04,N,,,0,0.00,0,Y,,,1,0,0,19x1,Administrator
A,11x1349,บริษัท กระจกไทยอาซาฮี จำกัด (มหาชน),,MN04,N,,,0,0.00,0,Y,,,2,0,0,19x1,Administrator
A,11x1351,บริษัท ที.ซี.เค. อินเตอร์พลาสต์ จำกัด,,OM00,N,,,0,0.00,0,Y,,,3,0,0,19x1,Administrator
D,11x1352,บริษัท อินโนเวกซ์ (ประเทศไทย) จำกัด,,MT03,N,,,0,0.00,0,Y,,,4,0,0,19x1,Administrator
A,11x1353,บริษัท เฌอร่า  จำกัด (มหาชน)-รง.ลพบุรี,สระบุรี,MN06,Y,,,0,0.00,2,Y,,,14,0,0,19x1,Administrator
U,11x1354,เยเนอรัล อีเล็คทริค อินเตอร์เนชั่นแนล,ราชบุรี,UT01,N,,,0,0.00,0,Y,,,15,0,0,19x1,Administrator
U,11x1358,บริษัท ปัญจพลไฟเบอร์คอนเทนเนอร์ จำกัด,สมุทรปราการ,PP01,N,,,0,0.00,0,Y,100.0,4751.91,8,0,0,19x1,Administrator
U,11x1361,บริษัท ไทย นิปปอน แพล้นท์  จำกัด,กรุงเทพมหานคร,SV01,N,,,0,0.00,0,Y,6.0,,50,0,0,19x1,Administrator
B,11x1363,บริษัท ปูนซิเมนต์ไทย (แก่งคอย) จำกัด (โรงงานแก่งคอย),สระบุรี,MN05,N,,,0,0.00,0,Y,625.0,,43,6,714,19x89,Tanaporn Chanchanaroj
B,11x1364,บริษัท กรุงไทยอาหารสัตว์ จำกัด (มหาชน),,OT99,Y,,,0,0.00,1,Y,,,6,1,25,19x1,Administrator
B,11x1365,บริษัท สยาม พีวีเอส เคมิคอลส์ จำกัด,สมุทรปราการ,CH01,Y,2026-06-25,106,1,0.99,0,Y,0.0,0,83,3,731,19x89,Tanaporn Chanchanaroj
U,11x1366,บริษัท ไทยโพลิเมอร์ ซัพพลาย จำกัด,สมุทรปราการ,SV04,Y,2026-02-20,231,1,0.02,0,Y,17.0,246,15,3,428,19x45,Pattamaporn Chadkurupin
A,11x1368,บริษัท ฟิลแพค จำกัด,ฉะเชิงเทรา,OM00,N,,,0,0.00,0,Y,23.5,196,16,2,241,19x45,Pattamaporn Chadkurupin
U,11x1369,บริษัท ผลิตไฟฟ้าราชบุรี จำกัด,ราชบุรี,UT01,N,,,0,0.00,0,Y,7040.0,1012466.4,53,0,0,19x1,Administrator
D,11x1370,บริษัท ดารามิค (ประเทศไทย) จำกัด,ปราจีนบุรี,MT03,Y,2026-09-04,35,1,0.14,1,Y,1791.8,16087.24,81,7,666,19x45,Pattamaporn Chadkurupin
D,11x1372,บริษัท โซล่า แอสฟัลท์ จำกัด,ขอนแก่น,CH15,Y,2026-07-07,94,1,0.95,10,Y,243.0,5314.22,48,0,0,19x45,Pattamaporn Chadkurupin
U,11x1373,ห้างหุ้นส่วนจำกัด ไฮโดร ซิสเท็ม ซัพพลาย,สมุทรสาคร,SV04,N,,,0,0.00,0,Y,20.0,232.34,7,0,0,19x1,Administrator
A,11x1375,ห้างหุ้นส่วนจำกัด อี เค ฟู้ดเท็ค,ปทุมธานี,OM00,N,,,0,0.00,0,Y,0.2,,8,0,0,19x1,Administrator
D,11x1376,บริษัท พี เอ เอส พืชผลส่งออกและไซโล   จำกัด,สุโขทัย,FD03,N,,,0,0.00,0,Y,231.0,599.75,7,0,0,19x45,Pattamaporn Chadkurupin
U,11x1377,บริษัท สากล เทคโนโลยี (2001) จำกัด,กรุงเทพมหานคร,SV04,N,,,0,0.00,0,Y,1.0,,1,0,0,19x1,Administrator
U,11x1379,บริษัท สยามเบรนเทค จำกัด,กรุงเทพมหานคร,SV04,N,,,0,0.00,0,Y,1.0,,8,0,0,19x1,Administrator
A,11x1380,บริษัท สยามกลาสอินดัสทรี จำกัด,สมุทรปราการ,MN04,N,,,0,0.00,0,Y,645.66206,21131.43,1,0,0,19x1,Administrator
D,11x1381,บริษัท บีพี-คาสตรอล (ประเทศไทย) จำกัด,สมุทรสาคร,CH14,Y,2026-01-21,261,1,0.16,0,Y,0.0,0,58,6,605,19x23,Vipoo Srisawadi
U,11x1383,บริษัท สตาร์วอลล์ แมชชินเนอรี่ จำกัด,กรุงเทพมหานคร,SV04,Y,2026-10-03,6,27,1.25,0,Y,1.0,,112,2,710,19x19,Saovaluck Jangjai
U,11x1384,บริษัท นอร์ท พาวเวอร์ จำกัด,เชียงใหม่,SV04,N,,,0,0.00,0,Y,1.0,,20,0,0,19x1,Administrator
U,11x1385,บริษัท วิสเมค จำกัด,นนทบุรี,SV04,Y,,,0,0.00,1,Y,14.0,87.87,28,7,548,19x70,Kornthanat Suksalee
U,11x1386,บริษัท เจตาแบค บอยเลอร์ เซอร์วิส จำกัด,,SV04,N,,,0,0.00,0,Y,,,17,0,0,19x1,Administrator
C,11x1387,บริษัท เบียร์ไทย (1991) จำกัด (มหาชน),กำแพงเพชร,FD06,N,,,0,0.00,0,Y,127.0,136251.84,5,3,555,19x1,Administrator
U,11x1388,บริษัท ชางจิ่ง เอ็นเตอร์ไพรส์ จำกัด,ชลบุรี,SV04,N,,,0,0.00,0,Y,5.0,,14,0,0,19x1,Administrator
U,11x1389,บริษัท ซิตี้โฟม จำกัด,นนทบุรี,SV04,N,,,0,0.00,0,Y,45.0,224.57,7,0,0,19x1,Administrator
D,11x1392,บริษัท คอสมิค ออยล์ จำกัด,สมุทรปราการ,CH14,N,,,0,0.00,0,Y,,,2,0,0,19x1,Administrator
B,11x1393,บริษัท อดิตยา เบอร์ล่า เคมีคัลส์ (ประเทศไทย)  จำกัด,สมุทรปราการ,CH01,N,,,0,0.00,0,Y,1293.596,10550,2,0,0,19x1,Administrator
U,11x1394,บริษัท คอนทิเนนทอล ปิโตรเคมีคอล (ประเทศไทย) จำกัด,สมุทรปราการ,SV04,N,,,0,0.00,0,Y,1965.174,18904.5,3,0,0,19x1,Administrator
B,11x1395,บริษัท เอเซีย เพ็ท (ไทยแลนด์) จำกัด,ลพบุรี,CH42,N,,,0,0.00,0,Y,1800.0,,7,2,452,19x1,Administrator
B,11x1397,บริษัท ปูนซิเมนต์ไทย (ท่าหลวง)  จำกัด (โรงงานเขาวง),สระบุรี,MN05,Y,2026-06-15,116,2,0.57,0,Y,41.0,5760,5,0,0,19x89,Tanaporn Chanchanaroj
A,11x1398,บริษัท อุตสาหกรรมทำเครื่องแก้วไทย จำกัด (มหาชน),สมุทรปราการ,MN04,Y,2026-05-29,133,3,0.05,0,Y,182.72,73536.240000000005,84,27,731,19x19,Saovaluck Jangjai
U,11x1400,CLARIANT (SWIZERLAND) LTD.,,SV04,N,,,0,0.00,0,Y,,,1,0,0,19x1,Administrator
D,11x1403,บริษัท รอแยลฟู้ดส์ จำกัด,เชียงใหม่,FD01,N,,,0,0.00,0,Y,176.0,9287.4,1,0,0,19x1,Administrator
U,11x1404,สมชาย เหลืองสุขวิมล,,SV04,N,,,0,0.00,0,Y,,,3,0,0,19x1,Administrator
U,11x1405,บริษัท อี-สแควร์ สิ่งแวดล้อมและวิศวกรรม จำกัด,กรุงเทพมหานคร,SV04,Y,2026-07-27,74,1,0.06,3,Y,150.0,,10,5,58,19x78,Sarawut Viseshasiri
D,11x1408,สำนักกษาปณ์,,GV00,N,,,0,0.00,0,Y,,,2,0,0,19x1,Administrator
D,11x1409,ห้างหุ้นส่วนจำกัด พิมพะนิตแก๊ส,,CH02,N,,,0,0.00,0,Y,,,6,0,0,19x1,Administrator
A,11x1410,บริษัท เอ็นจีอี (ประเทศไทย) จำกัด,ปทุมธานี,SV02,N,,,0,0.00,0,Y,6.0,,3,0,0,19x1,Administrator
U,11x1411,บริษัท เอเชี่ยน สุพีเรียฟู้ดส์ จำกัด,ราชบุรี,SV04,N,,,0,0.00,0,Y,36.12,81,1,0,0,19x1,Administrator
A,11x1412,บริษัท ไดนาสตี้ เซรามิค จำกัด (มหาชน),สระบุรี,MN03,N,,,0,0.00,0,Y,2664.0,81281.490000000005,2,0,0,19x1,Administrator
B,11x1413,บริษัท อิมเมอรีส์ คิล์น เฟอร์นิเจอร์ (ประเทศไทย) จำกัด,กรุงเทพมหานคร,MN05,N,,,0,0.00,0,Y,150.0,,16,0,0,19x1,Administrator
C,11x1414,บริษัท เยนเนอรัล สตาร์ช จำกัด,,FD08,N,,,0,0.00,0,Y,,,1,0,0,19x1,Administrator
U,11x1417,บริษัท มิตซูบิชิ เฮฟวี่ อินดัสตรี่ (ประเทศไทย) จำกัด,,SV04,N,,,0,0.00,0,Y,127.0,,23,4,675,19x1,Administrator
D,11x1418,บริษัท สุรพลฟู้ดส์ จำกัด (มหาชน),สมุทรปราการ,FD01,N,,,0,0.00,0,Y,140.65,7280.12,1,0,0,19x1,Administrator
D,11x1420,บริษัท ลีโอฟู้ดส์ จำกัด,เชียงใหม่,FD01,N,,,0,0.00,0,Y,0.0,3152.61,1,0,0,19x1,Administrator
C,11x1421,บริษัท บีเจซี อินดัสเตรียล แอนด์ เทรดดิ้ง จำกัด,กรุงเทพมหานคร,CH05,N,,,0,0.00,0,Y,70.0,,1,0,0,19x1,Administrator
R,11x1422,บริษัท เอส ไอ จี คอมบิบล็อค จำกัด,ระยอง,OT99,N,,,0,0.00,0,Y,5402.795,15073.97,1,0,0,19x1,Administrator
U,11x1424,บริษัท ออปอเรชั่นนอล เอ็นเนอร์ยี่ กรุ๊ป จำกัด,กรุงเทพมหานคร,UT01,N,,,0,0.00,0,Y,30.0,,16,0,0,19x45,Pattamaporn Chadkurupin
U,11x1427,บริษัท จีทีบี เอ็นจิเนียริ่ง จำกัด,,SV04,N,,,0,0.00,0,Y,,,1,0,0,19x1,Administrator
U,11x1431,บริษัท แอมบิชั่น เอ็นจิเนียริ่ง จำกัด,,SV01,N,,,0,0.00,0,Y,,,5,2,729,19x1,Administrator
U,11x1433,บริษัท อินเทค จำกัด,กรุงเทพมหานคร,SV04,N,,,0,0.00,0,Y,31.0,68.08,1,0,0,19x1,Administrator
U,11x1434,ห้างหุ้นส่วนจำกัด พี แอนด์ พี คอนโทรล ซิสเต็ม,กรุงเทพมหานคร,SV04,Y,,,0,0.00,1,Y,0.5,,38,2,514,19x27,Nattawut Junkong
C,11x1435,บริษัท ไทยเคมีภัณฑ์ จำกัด,สมุทรปราการ,AG02,N,,,0,0.00,0,Y,17.8,19672.939999999999,38,0,0,19x1,Administrator
A,11x1438,บริษัท ฟิวเจอร์ วอลล์ เอ็นจิเนียริ่ง จำกัด,กรุงเทพมหานคร,SV07,N,,,0,0.00,0,Y,5.0,,6,0,0,19x70,Kornthanat Suksalee
U,11x1441,บริษัท สยามซอร์บิทอล จำกัด,นครราชสีมา,SV04,Y,2026-06-05,126,2,0.49,0,Y,168.0,4987.97,25,3,291,19x74,Sujittra Tungprakobjaroen
A,11x1442,บริษัท โฟมเทค อินเตอร์เนชั่นแนล จำกัด,พระนครศรีอยุธยา,CH41,Y,2026-09-15,24,10,2.44,32,Y,115.674061,115.14,139,8,708,19x88,Thanaaran Sirawattanamongkol
U,11x1443,บริษัท ควีน เทคโนโลยี่ จำกัด,กรุงเทพมหานคร,SV04,N,,,0,0.00,0,Y,1.0,,6,1,519,19x1,Administrator
U,11x1444,บริษัท นิวแม็ก จำกัด,กรุงเทพมหานคร,SV04,N,,,0,0.00,0,Y,10.0,,5,2,443,19x1,Administrator
A,11x1446,บริษัท ไอดับบลิวซีที จำกัด,ฉะเชิงเทรา,CH41,Y,,,0,0.00,1,Y,933.0,2296.5,163,1,470,19x70,Kornthanat Suksalee
A,11x1447,บริษัท ไอดับบลิวซีที  จำกัด,ฉะเชิงเทรา,CH41,N,,,0,0.00,0,Y,933.0,2296.5,2,0,0,19x1,Administrator
B,11x1451,บริษัท ปูนซิเมนต์ไทย (ลำปาง) จำกัด,ลำพูน,MN05,N,,,0,0.00,0,Y,19.5,177.6,3,0,0,19x1,Administrator
U,11x1453,บริษัท ไอบีซี คอนสตรัคชั่น แอนด์ ดีเวลล๊อปเมนท์ จำกัด,กรุงเทพมหานคร,SV01,N,,,0,0.00,0,Y,400.0,,1,0,0,19x1,Administrator
C,11x1455,บริษัท เบียร์ทิพย์ บริวเวอรี่ (1991) จำกัด,พระนครศรีอยุธยา,FD06,Y,2026-06-15,116,2,0.18,0,Y,140.0,110277.19,65,11,632,19x74,Sujittra Tungprakobjaroen
U,11x1456,บริษัท เนชั่นแนล สตาร์ช แอนด์ เคมิเคิล (ไทยแลนด์) จำกัด,,SV04,N,,,0,0.00,0,Y,,,6,0,0,19x1,Administrator
U,11x1457,บริษัท ฟลูอิด เพาเวอร์ เอ็นจิเนียริ่ง จำกัด,กรุงเทพมหานคร,SV04,N,,,0,0.00,0,Y,20.0,,5,0,0,19x1,Administrator
U,11x1462,บริษัท เอ็ม อี ซี ที จำกัด,กรุงเทพมหานคร,SV01,N,,,0,0.00,0,Y,50.0,,1,0,0,19x1,Administrator
U,11x1463,บริษัท เคมีแมน จำกัด,สระบุรี,SV04,N,,,0,0.00,0,Y,740.0,32327.46,1,0,0,19x1,Administrator
U,11x1464,บริษัท เซอโวไลน์ จำกัด,กรุงเทพมหานคร,SV04,N,,,0,0.00,0,Y,1.0,,11,0,0,19x1,Administrator
U,11x1465,บริษัท เอ็ม.ซี.ดี. การพิมพ์ (ประเทศไทย) จำกัด,สมุทรปราการ,SV04,N,,,0,0.00,0,Y,476.0,1352.52,1,0,0,19x1,Administrator
U,11x1466,บริษัท ไดกิ้น อินดัสทรีส์ (ประเทศไทย) จำกัด,ชลบุรี,EL01,N,,,0,0.00,0,Y,4500.0,12147.87,18,0,0,19x1,Administrator
U,11x1468,บริษัท ส.ศิริแสง จำกัด,กรุงเทพมหานคร,SV04,N,,,0,0.00,0,Y,8.15,115.5,14,1,371,19x1,Administrator
U,11x1469,บริษัท แท็คโก้ เจนเนอเรชั่น จำกัด,นนทบุรี,SV04,Y,2026-09-04,35,3,1.59,0,Y,40.0,,48,6,613,19x23,Vipoo Srisawadi
C,11x1470,บริษัท เทย์ก้า (ไทยแลนด์) จำกัด,ชลบุรี,CH07,Y,2026-07-30,71,7,1.14,0,Y,296.0,3370.74,145,20,533,19x74,Sujittra Tungprakobjaroen
U,11x1471,บริษัท ปัญจพล พัลพ์ อินดัสตรี้ จำกัด (มหาชน),พระนครศรีอยุธยา,PP01,N,,,0,0.00,0,Y,285.0,47003.65,26,3,680,19x34,Kanittha Cheryhom
U,11x1473,บริษัท นิวสตาร์ อินเตอร์เนชั่นแนล จำกัด,นนทบุรี,SV04,Y,2026-08-20,50,9,0.33,0,Y,18.0,86.11,159,22,721,19x23,Vipoo Srisawadi
C,11x1474,บริษัท ควอลิเมอร์ จำกัด (ยกเลิก),ชลบุรี,CH43,N,,,0,0.00,0,Y,,,1,0,0,19x1,Administrator
U,11x1475,บริษัท โฟคัส แมคคานิค จำกัด,ชลบุรี,SV04,Y,2026-09-04,35,3,0.10,3,Y,0.0,41,13,0,0,19x45,Pattamaporn Chadkurupin
C,11x1476,บริษัท บริดจสโตนไทร์ แมนูแฟคเจอริ่ง (ประเทศไทย) จำกัด,ชลบุรี,AG02,Y,2026-09-23,16,10,0.92,2,Y,10434.986186,96700.76,44,25,428,19x34,Kanittha Cheryhom
U,11x1478,บริษัท โกลบอล เอ็นจิเนียริ่ง โซลูชั่นส์ จำกัด,,SV04,N,,,0,0.00,0,Y,,,7,0,0,19x1,Administrator
U,11x1479,บริษัท พี เค เค สยาม จำกัด,กรุงเทพมหานคร,SV04,N,,,0,0.00,0,Y,4.0,,18,0,0,19x1,Administrator
A,11x1480,บริษัท อลูมิเนียม ฉื่อ จิ้น ฮั้ว จำกัด,สมุทรปราการ,MT99,N,,,0,0.00,0,Y,53.594197,33251.879999999997,44,0,0,19x1,Administrator
U,11x1481,บริษัท เจ.ไอ.ที.รีฟริเจอเรชั่น จำกัด,กรุงเทพมหานคร,SV04,N,,,0,0.00,0,Y,3.0,,12,0,0,19x1,Administrator
B,11x1482,บริษัท อัลฟา เอ็กเซล เอ็นจิเนียริ่ง จำกัด,,UT99,N,,,0,0.00,0,Y,,,4,0,0,19x1,Administrator
C,11x1483,บริษัท สหฤทัย เซอร์วิส จำกัด,,AG02,N,,,0,0.00,0,Y,1.0,,1,0,0,19x1,Administrator
A,11x1484,บริษัท วอลล์ เทคโนโลยี จำกัด,นครปฐม,SV07,Y,2026-09-15,24,4,0.35,23,Y,75.0,2707.4457000000002,79,14,718,19x88,Thanaaran Sirawattanamongkol
U,11x1486,ห้างหุ้นส่วนจำกัด ไอ.เอ็ม.มาร์เก็ตติ้ง,,SV04,N,,,0,0.00,0,Y,,,1,0,0,19x1,Administrator
A,11x1487,บริษัท อินนิออส เอบีเอส (ประเทศไทย) จำกัด,,CH03,N,,,0,0.00,0,Y,,,14,0,0,19x1,Administrator
A,11x1488,บริษัท กระเบื้องหลังคาซีแพค จำกัด,ลำพูน,MN06,N,,,0,0.00,0,Y,11.299995,1030.97,29,0,0,19x1,Administrator
U,11x1489,บริษัท เฟลิกซ์ ริเวอร์แควรีสอร์ท (กาญจนบุรี) จำกัด,กรุงเทพมหานคร,SV04,N,,,0,0.00,0,Y,1046.32,,4,0,0,19x1,Administrator
U,11x1490,บริษัท กัลฟ์ โคเจนเนอเรชั่น จำกัด,สระบุรี,UT01,N,,,0,0.00,0,Y,850.0,,4,0,0,19x1,Administrator
B,11x1491,บริษัท ไพโอเนียร์ อีลาสติค (ประเทศไทย) จำกัด,สมุทรสาคร,CH08,Y,2026-04-27,165,1,0.05,14,Y,710.0,5795.28,44,3,435,19x92,Napadol Peoksangthip
U,11x1492,บริษัท เบสท์เทรด เทคโนโลยี จำกัด,นนทบุรี,SV04,N,,,0,0.00,0,Y,3.0,,9,0,0,19x1,Administrator
U,11x1493,บริษัท หงีเฮงแชมเปี้ยนกรุ๊ป จำกัด,สมุทรสาคร,SV04,N,,,0,0.00,0,Y,19.0,729.3,1,0,0,19x1,Administrator
B,11x1494,มิตซูบิชิ เคมิคอล (ประเทศไทย),ชลบุรี,OT99,N,,,0,0.00,0,Y,246.0,3470.66,2,1,2,19x1,Administrator
U,11x1496,บริษัท อินเตอร์เทค เทสติ้ง เซอร์วิสเซส (ประเทศไทย)จำกัด,กรุงเทพมหานคร,SV04,N,,,0,0.00,0,Y,10.0,,2,0,0,19x1,Administrator
U,11x1497,บริษัท ยูเนี่ยน เทค เอ็นจิเนียริ่ง จำกัด,กรุงเทพมหานคร,SV04,N,,,0,0.00,0,Y,4.0,,2,0,0,19x1,Administrator
D,11x1498,ห้างหุ้นส่วนจำกัด ธนชัย เมคคานิคอล,กรุงเทพมหานคร,FD99,N,,,0,0.00,0,Y,1.0,,19,0,0,19x1,Administrator
U,11x1502,บริษัท เอช.เอ็ม.อี. แมชชีนเนอรี่ (ไทยแลนด์) จำกัด,,SV01,N,,,0,0.00,0,Y,1.0,,2,0,0,19x1,Administrator
A,11x1503,บริษัท ไทยยูเนี่ยน ฟีดมิลล์ จำกัด,สมุทรสาคร,FD05,N,,,0,0.00,0,Y,1585.035445,54814.91,19,0,0,19x1,Administrator
U,11x1504,บริษัท นิวคอนเซพท์ โปรดัคท์ จำกัด,ชลบุรี,SV01,N,,,0,0.00,0,Y,361.72,334.03,1,0,0,19x1,Administrator
U,11x1505,บริษัท ทริปเปิ้ล อายส์ เอ็นจิเนียริ่ง จำกัด,นนทบุรี,SV04,N,,,0,0.00,0,Y,1.0,,4,0,0,19x1,Administrator
U,11x1506,บริษัท บางกอกโมเดิร์นบิสซิเนส จำกัด,กรุงเทพมหานคร,SV04,N,,,0,0.00,0,Y,2.0,,4,0,0,19x1,Administrator
D,11x1507,บริษัท ซีโก้แอสฟัลท์ จำกัด,สุพรรณบุรี,CH15,N,,,0,0.00,0,Y,138.285,343,8,0,0,19x45,Pattamaporn Chadkurupin
A,11x1508,บริษัท บราเธอร์โฟม จำกัด (สาขาที่ 3),กรุงเทพมหานคร,CH41,Y,,,0,0.00,1,Y,85.0,,4,0,0,19x88,Thanaaran Sirawattanamongkol
D,11x1510,บริษัท กิตติวดีศิลาพาณิชย์ จำกัด,อุบลราชธานี,FD99,N,,,0,0.00,0,Y,80.0,6090,13,0,0,19x1,Administrator
D,11x1516,บริษัท เพทราเคม (ประเทศไทย) จำกัด,ชลบุรี,CH14,Y,,,0,0.00,3,Y,50.0,160,28,2,347,19x45,Pattamaporn Chadkurupin
U,11x1520,บริษัท เอ็นเท็ค เอ็นจิเนียริ่ง จำกัด,สมุทรปราการ,SV04,N,,,0,0.00,0,Y,80.0,,32,0,0,19x1,Administrator
U,11x1522,บริษัท รีฟริเทค จำกัด,ปทุมธานี,SV04,N,,,0,0.00,0,Y,76.55444,315.62,17,2,221,19x19,Saovaluck Jangjai
U,11x1524,บริษัท ไซเทคเอเซีย โซลูชั่น จำกัด,กรุงเทพมหานคร,SV01,N,,,0,0.00,0,Y,82.0,,1,0,0,19x1,Administrator
U,11x1525,บริษัท เอ็ม.ที.ที.เอส. เอ็นจิเนียริ่ง จำกัด,กรุงเทพมหานคร,SV04,N,,,0,0.00,0,Y,1.0,,1,0,0,19x1,Administrator
U,11x1526,บริษัท โทเทิล อินดัสเตรียล โซลูชั่น จำกัด,กรุงเทพมหานคร,SV04,N,,,0,0.00,0,Y,5.0,,3,0,0,19x1,Administrator
U,11x1529,ห้างหุ้นส่วนจำกัด ที.พี.เอ็ม. อะบิลลิตี้,นนทบุรี,SV04,N,,,0,0.00,0,Y,1.0,,3,0,0,19x1,Administrator
A,11x1531,บริษัท เทคโนโลยี่แอนด์เอ็นจิเนียริ่งสแควร์ จำกัด,กรุงเทพมหานคร,SV02,Y,2026-08-20,50,1,0.03,0,Y,30.0,,5,2,388,19x43,Katewadee Pratipagorn
A,11x1533,บริษัท เหล็กแผ่นรีดเย็นไทย จำกัด (มหาชน),ประจวบคีรีขันธ์,MT02,N,,,0,0.00,0,Y,17190.95,9667.6706599999998,3,0,0,19x1,Administrator
A,11x1534,บริษัท เหล็กแผ่นเคลือบไทย จำกัด (มหาชน),ประจวบคีรีขันธ์,MT02,N,,,0,0.00,0,Y,2222.0,15263.61,3,0,0,19x1,Administrator
U,11x1535,MANDO FOR ENG.& TRADING,,SV04,N,,,0,0.00,0,Y,,,3,0,0,19x1,Administrator
A,11x1537,บริษัท แอตแลนติก มิลส์ (ประเทศไทย) จำกัด,สมุทรสาคร,TT00,N,,,0,0.00,0,Y,0.0,16754.86,33,0,0,19x1,Administrator
U,11x1539,บริษัท ไทยแสนไว เอ็นจิเนียริ่ง จำกัด,,SV04,N,,,0,0.00,0,Y,,,1,0,0,19x1,Administrator
U,11x1540,บริษัท อินเตอร์เนชั่นแนล โปรเคียวเม้นท์ จำกัด,กรุงเทพมหานคร,SV04,N,,,0,0.00,0,Y,5.0,,3,0,0,19x43,Katewadee Pratipagorn
U,11x1541,ห้างหุ้นส่วนจำกัด พี เอ็น คอนสตรั๊คชั่น แอนด์ เซอร์วิส,ชลบุรี,SV04,N,,,0,0.00,0,Y,,,5,0,0,19x1,Administrator
U,11x1542,บริษัท วอเตอร์ ด๊อกเตอร์  จำกัด,กรุงเทพมหานคร,SV04,N,,,0,0.00,0,Y,99.0,,1,1,393,19x1,Administrator
U,11x1545,บริษัท วอเตอร์เคมิคัล แอนด์ เอ็นจิเนียริ่ง จำกัด,,SV04,N,,,0,0.00,0,Y,,,2,0,0,19x1,Administrator
B,11x1549,บริษัท อดิตยา เบอร์ล่า เคมีคัลส์ (ประเทศไทย)  จำกัด,สมุทรปราการ,CH01,N,,,0,0.00,0,Y,1293.596,10550,3,1,682,19x1,Administrator
U,11x1550,บริษัท อินทีกรา จำกัด,สมุทรปราการ,SV04,N,,,0,0.00,0,Y,2.0,,2,0,0,19x1,Administrator
R,11x1553,บริษัท ปตท. เคมิคอล จำกัด (มหาชน) ยกเลิก,,CH99,N,,,0,0.00,0,Y,,,5,0,0,19x1,Administrator
U,11x1556,ห้างหุ้นส่วนจำกัด เบิร์ด แอนด์ บูม เอ็นจิเนียริ่ง,นครปฐม,SV04,N,,,0,0.00,0,Y,18.0,262.5,1,0,0,19x1,Administrator
U,11x1557,บริษัท ไปปส์ แอนด์ ปั๊มส์  จำกัด,กรุงเทพมหานคร,UT04,N,,,0,0.00,0,Y,1.0,,29,0,0,19x43,Katewadee Pratipagorn
A,11x1558,บริษัท ซีซีพี เท็กซ์ไทล์ จำกัด,สมุทรสาคร,TT00,N,,,0,0.00,0,Y,65.2,10860,3,0,0,19x1,Administrator
C,11x1559,บริษัท ศรีจันทร์ เอ็นจิเนียริ่ง แอนด์ คอนสตรัคชั่น จำกัด,นนทบุรี,UT03,N,,,0,0.00,0,Y,20.0,,1,0,0,19x1,Administrator
C,11x1560,บริษัท ไอนอคซ์ อินเตอร์เนชั่นแนล จำกัด,,UT03,N,,,0,0.00,0,Y,,,1,0,0,19x1,Administrator
C,11x1561,บริษัท โอร์กาโน่ (ประเทศไทย) จำกัด,กรุงเทพมหานคร,UT03,N,,,0,0.00,0,Y,120.1,,2,0,0,19x1,Administrator
U,11x1562,บริษัท ไตร เอนเนอจี้ จำกัด,,UT01,N,,,0,0.00,0,Y,,,3,0,0,19x1,Administrator
D,11x1563,ร้านบุญยงค์แก๊ส,ชลบุรี,CH14,N,,,0,0.00,0,Y,,,1,0,0,19x1,Administrator
U,11x1564,บริษัท แอดเทค เทรดดิ้ง จำกัด,กรุงเทพมหานคร,SV04,N,,,0,0.00,0,Y,1.0,,1,0,0,19x1,Administrator
U,11x1565,บริษัท เจนสตาร์ เทคโนโลยี่ จำกัด,,SV04,N,,,0,0.00,0,Y,,,2,0,0,19x1,Administrator
U,11x1566,ห้างหุ้นส่วนจำกัด ไทยเบิร์นเนอร์ อินดัสเตรียล ซัพพลาย,,SV04,N,,,0,0.00,0,Y,,,1,0,0,19x1,Administrator
R,11x1567,บริษัท โยโกฮามา ไทร์ แมนูแฟคเจอริ่ง (ประเทศไทย) จำกัด,ระยอง,AG02,N,,,0,0.00,0,Y,3.3,3083.9659999999999,4,0,0,19x1,Administrator
U,11x1568,บริษัท เจริญชัย เทรดดิ้ง เอ็นจิเนียริ่ง จำกัด,กรุงเทพมหานคร,SV04,N,,,0,0.00,0,Y,1.0,,29,2,555,19x1,Administrator
U,11x1569,บริษัท นิฮอน ตะวัน เอ็นจิเนียริ่ง จำกัด,ชลบุรี,SV01,N,,,0,0.00,0,Y,4.0,,12,2,597,19x19,Saovaluck Jangjai
C,11x1570,บริษัท ชะอำพีรพัฒน์ เคมีคอล จำกัด,,CH05,N,,,0,0.00,0,Y,,,29,0,0,19x1,Administrator
U,11x1571,บริษัท แอดวานซ์ เทคโนโลยี อีควิปเม้นท์ จำกัด,กรุงเทพมหานคร,SV04,N,,,0,0.00,0,Y,3.0,,3,0,0,19x1,Administrator
D,11x1572,บริษัท น้ำมันบริโภคไทย  จำกัด,สมุทรปราการ,FD03,N,,,0,0.00,0,Y,187.889062,5017.8500000000004,74,3,669,19x45,Pattamaporn Chadkurupin
U,11x1573,บริษัท โกรว์ทสยาม เอ็นจิเนียริ่ง จำกัด,ชลบุรี,SV04,N,,,0,0.00,0,Y,,,2,0,0,19x1,Administrator
C,11x1574,บริษัท สุราบางยี่ขัน จำกัด,ปทุมธานี,FD07,N,,,0,0.00,0,Y,1739.44204,85499.85,25,4,701,19x74,Sujittra Tungprakobjaroen
R,11x1575,บริษัท โกลบอล ยูทิลิตี้ เซอร์วิส จำกัด,ระยอง,SV04,N,,,0,0.00,0,Y,324.0,1039,21,0,0,19x34,Kanittha Cheryhom
U,11x1576,บริษัท พี.เอ.เอส.พืชผลส่งออกและไซโล จำกัด,สุโขทัย,SV04,N,,,0,0.00,0,Y,231.0,599.75,1,0,0,19x1,Administrator
U,11x1578,ทาคูม่า คัมปะนี ลิมิเต็ด,,SV01,N,,,0,0.00,0,Y,,,2,0,0,19x1,Administrator
B,11x1580,บริษัท สยามซิสเต็มคาร์ จำกัด,นครปฐม,UT99,N,,,0,0.00,0,Y,22.62,155,1,0,0,19x1,Administrator
U,11x1583,บริษัท บี.เอ็น.บราเดอร์ จำกัด,สมุทรปราการ,SV04,N,,,0,0.00,0,Y,400.0,2939.5,43,0,0,19x1,Administrator
D,11x1584,บริษัท กุลวิเศษ เอ็นจิเนียริ่งและการเกษตร จำกัด,กรุงเทพมหานคร,FD01,N,,,0,0.00,0,Y,1.0,,4,0,0,19x1,Administrator
U,11x1585,บริษัท เคเอสบี พั๊มส์ จำกัด,กรุงเทพมหานคร,SV04,N,,,0,0.00,0,Y,55.1,531,2,0,0,19x77,Thitima Plaibua
A,11x1587,บริษัท เฌอร่า จำกัด  (มหาชน)-รง.นาบอน,,MN06,N,,,0,0.00,0,Y,,,1,0,0,19x1,Administrator
U,11x1588,บริษัท โทสแพลนท์ เอ็นจิเนียริ่ง (ประเทศไทย) จำกัด,กรุงเทพมหานคร,SV01,N,,,0,0.00,0,Y,10.0,,8,0,0,19x51,Benjamas Tanjit
D,11x1589,บริษัท แก๊สซัพพลายส์ จำกัด,เชียงใหม่,CH02,N,,,0,0.00,0,Y,5.0,,6,0,0,19x43,Katewadee Pratipagorn
U,11x1590,บริษัท เทซอยล์ ปิโตรเคมีคัล จำกัด,,SV04,N,,,0,0.00,0,Y,,,1,0,0,19x1,Administrator
U,11x1591,บริษัท ซีบร้า อินเตอร์เนชั่นแนล จำกัด,กรุงเทพมหานคร,SV04,N,,,0,0.00,0,Y,2.0,,7,0,0,19x1,Administrator
U,11x1592,บริษัท ซีบา สเปเชียลตี้ เคมิคอลส์ (ประเทศไทย)  จำกัด,,SV04,N,,,0,0.00,0,Y,,,1,0,0,19x1,Administrator
U,11x1593,บริษัท ไซเบอร์แพค จำกัด,ฉะเชิงเทรา,SV01,N,,,0,0.00,0,Y,230.0,2507.1,12,1,46,19x27,Nattawut Junkong
U,11x1594,บริษัท อี แอนด์ เอ็ม(ไทยแลนด์) จำกัด,กรุงเทพมหานคร,SV04,N,,,0,0.00,0,Y,5.0,,4,0,0,19x1,Administrator
U,11x1595,บริษัท ที.เจ.เอ. อินดัสตรีย์ จำกัด,กรุงเทพมหานคร,SV04,N,,,0,0.00,0,Y,1.0,,12,0,0,19x1,Administrator
U,11x1596,บริษัท เอส.ดี.บี. คอนสตัคชั่น จำกัด,กรุงเทพมหานคร,SV04,N,,,0,0.00,0,Y,3.0,,57,0,0,19x23,Vipoo Srisawadi
C,11x1597,บริษัท เอสดี ไบโอซัพพลาย จำกัด,กาฬสินธุ์,FD08,N,,,0,0.00,0,Y,37.68,416.87,1,0,0,19x1,Administrator
D,11x1598,ห้างหุ้นส่วนจำกัด จารุวงศ์ก๊าซบึงกาฬ,บึงกาฬ,CH02,N,,,0,0.00,0,Y,10.0,,1,0,0,19x1,Administrator
U,11x1599,บริษัท เค.เอ็ม. เคมีคอล คอร์ปอเรชั่น จำกัด,นครปฐม,SV04,N,,,0,0.00,0,Y,130.0,281,4,0,0,19x1,Administrator
U,11x1600,บริษัท เอ็มบาร์ จำกัด,,SV04,N,,,0,0.00,0,Y,,,2,0,0,19x1,Administrator
U,11x1601,บริษัท บี.เค.ซิมเม็กซ์ จำกัด,,SV04,N,,,0,0.00,0,Y,2.0,,2,0,0,19x1,Administrator
C,11x1602,ห้างหุ้นส่วนจำกัด ชรินทร์เฮ็ลธ์แคร์,กรุงเทพมหานคร,CH06,N,,,0,0.00,0,Y,5.0,,2,0,0,19x1,Administrator
U,11x1603,ห้างหุ้นส่วนจำกัด เอสเอสดี ทูลส์,,SV04,N,,,0,0.00,0,Y,,,1,0,0,19x1,Administrator
C,11x1604,บริษัท ไทยรับเบอร์ลาเท็คซ์กรุ๊ป จำกัด,ชลบุรี,AG02,N,,,0,0.00,0,Y,19.024919,194.78,1,0,0,19x1,Administrator
D,11x1605,ห้างหุ้นส่วนจำกัด ร่มบุญปิโตรเลียมแพร่,แพร่,CH02,N,,,0,0.00,0,Y,0.3,,6,0,0,19x1,Administrator
U,11x1607,บริษัท วาซเซอร์เท็ค  จำกัด,,SV04,N,,,0,0.00,0,Y,1.0,,6,0,0,19x1,Administrator
R,11x1608,บริษัท คาร์ดิแนล เฮลท์ 222 (ประเทศไทย)  จำกัด,ระยอง,CH05,N,,,0,0.00,0,Y,2994.015,0,16,0,0,19x1,Administrator
A,11x1609,บริษัท โสสุโก้ เซรามิค จำกัด,สระบุรี,MN03,N,,,0,0.00,0,Y,585.0,19968.189999999999,7,0,0,19x1,Administrator
U,11x1610,ห้างหุ้นส่วนจำกัด บอสยูเนี่ยนเมคคานิค,สุราษฎร์ธานี,SV04,N,,,0,0.00,0,Y,0.5,,19,0,0,19x23,Vipoo Srisawadi
U,11x1612,บริษัท เอบีบี จำกัด,สมุทรปราการ,SV01,N,,,0,0.00,0,Y,0.0,3955.84,10,0,0,19x1,Administrator
U,11x1613,บริษัท เอ็น เอส. 91 เทรดดิ้ง  จำกัด,กรุงเทพมหานคร,SV04,N,,,0,0.00,0,Y,1.0,,6,1,106,19x1,Administrator
U,11x1614,บริษัท เอเบิล อินดัสตรีส์  จำกัด,ปทุมธานี,SV04,N,,,0,0.00,0,Y,195.972,14883.92,1,0,0,19x1,Administrator
U,11x1615,บริษัท เค เพาเวอร์ เอ็นจิเนียริ่ง  จำกัด,กรุงเทพมหานคร,SV04,N,,,0,0.00,0,Y,3.0,,11,1,452,19x1,Administrator
U,11x1616,บริษัท เบสทอล เกลซ  จำกัด,กรุงเทพมหานคร,SV04,N,,,0,0.00,0,Y,20.0,,1,0,0,19x1,Administrator
U,11x1617,บริษัท เมนเทนแนนซ์ แอนด์ คอนสตรัคชั่น เซอร์วิส จำกัด,,SV01,N,,,0,0.00,0,Y,,,1,0,0,19x1,Administrator
U,11x1618,บริษัท เอ็ม พี ซัพพลายแอนด์เซอร์วิส จำกัด,,SV04,N,,,0,0.00,0,Y,1.0,,1,0,0,19x1,Administrator
U,11x1619,บริษัท ฟีคันด์ ฟิตติ้ง สเตนเลส จำกัด,,SV04,N,,,0,0.00,0,Y,,,1,0,0,19x1,Administrator
R,11x1620,บริษัท นูมาน แอนด์ เอสเชอร์ เซ้าท์ อีสต์ เอเซีย จำกัด,ระยอง,CH99,Y,2026-03-30,193,2,0.06,0,Y,140.0,,87,0,0,19x51,Benjamas Tanjit
U,11x1621,บริษัท โฟลว์ซิสเท็มส์ คอร์ปอเรชั่น  จำกัด,กรุงเทพมหานคร,SV04,N,,,0,0.00,0,Y,1.0,,1,0,0,19x1,Administrator
U,11x1622,บริษัท ยูโร สยาม เอ็นจิเนียริ่ง  จำกัด,,SV04,N,,,0,0.00,0,Y,,,1,0,0,19x1,Administrator
C,11x1623,บริษัท ศารายา เอ็มเอฟจี. (ไทยแลนด์)  จำกัด,ชลบุรี,CH06,N,,,0,0.00,0,Y,303.0,1314,9,1,346,19x74,Sujittra Tungprakobjaroen
R,11x1624,บริษัท ไทโย ก๊าซ จำกัด,ระยอง,SV04,N,,,0,0.00,0,Y,54.680445,0,19,2,683,19x74,Sujittra Tungprakobjaroen
A,11x1625,บริษัท ลีโอ เพ้นท์ จำกัด,ปทุมธานี,CH03,N,,,0,0.00,0,Y,20.0,,2,0,0,19x1,Administrator
U,11x1626,ห้างหุ้นส่วนจำกัด ชากพงบริการ,,SV04,N,,,0,0.00,0,Y,,,1,0,0,19x1,Administrator
B,11x1627,บริษัท โตโยต้า ไดฮัทสุ เอ็นจิเนียริ่ง,,UT99,N,,,0,0.00,0,Y,,,35,0,0,19x1,Administrator
A,11x1628,บริษัท ฮาเคม เพ้นท์ จำกัด,นนทบุรี,CH03,N,,,0,0.00,0,Y,18.0,508,21,2,717,19x1,Administrator
U,11x1630,บริษัท แทเลนท์ ฟลูอิด เทรด จำกัด,กรุงเทพมหานคร,SV04,N,,,0,0.00,0,Y,1.0,,108,0,0,19x1,Administrator
U,11x1631,บริษัท ซาน มิเกล เบียร์ (ประเทศไทย)  จำกัด,ปทุมธานี,SV04,N,,,0,0.00,0,Y,0.0,17443,3,0,0,19x1,Administrator
U,11x1632,บริษัท ปัญญารักษา จำกัด,กาญจนบุรี,SV04,N,,,0,0.00,0,Y,106.0,3258.35,35,0,0,19x27,Nattawut Junkong
U,11x1635,บริษัท อัลฟ่า อิควิปเม้นท์  จำกัด,,SV01,N,,,0,0.00,0,Y,,,1,0,0,19x1,Administrator
U,11x1637,บริษัท ครอส เทคโนโลยี  จำกัด,กรุงเทพมหานคร,SV01,N,,,0,0.00,0,Y,1.0,,34,0,0,19x1,Administrator
U,11x1639,บริษัท กิบไทย จำกัด,กรุงเทพมหานคร,SV04,N,,,0,0.00,0,Y,30.0,,1,0,0,19x1,Administrator
D,11x1640,บริษัท จีเอฟพีที จำกัด (มหาชน),สมุทรปราการ,FD01,Y,,,0,0.00,3,Y,227.0,41925.79,25,3,304,19x45,Pattamaporn Chadkurupin
U,11x1641,บริษัท อาร์.ซี.ซัพพลายเคมีภัณฑ์  จำกัด,สมุทรสงคราม,SV04,N,,,0,0.00,0,Y,14.0,319,11,0,0,19x1,Administrator
D,11x1642,ห้างหุ้นส่วนจำกัด ฟลาวเวอร์ฟูด,,FD01,N,,,0,0.00,0,Y,50.0,,3,0,0,19x1,Administrator
D,11x1643,บริษัท ช้างอวอดส์ (1959)  จำกัด,เชียงใหม่,FD01,N,,,0,0.00,0,Y,163.15,7323.95,1,0,0,19x1,Administrator
U,11x1645,บริษัท ทีเคเค คอร์ปอเรชั่น จำกัด,กรุงเทพมหานคร,SV04,Y,2026-01-15,267,1,0.26,0,Y,50.0,,17,3,377,19x77,Thitima Plaibua
U,11x1646,บริษัท เอเวอรี่ เวอร์ค เอ็นจิเนียริ่ง  จำกัด,สมุทรปราการ,SV04,N,,,0,0.00,0,Y,3.0,,1,0,0,19x1,Administrator
U,11x1647,บริษัท รุ่งเรือง อินสตรูเม้นท์ จำกัด,,SV04,N,,,0,0.00,0,Y,1.0,,3,0,0,19x1,Administrator
U,11x1648,บริษัท บริจวิว จำกัด,กรุงเทพมหานคร,UT06,N,,,0,0.00,0,Y,1985.15,,1,0,0,19x1,Administrator
A,11x1649,ซีพีเอฟ,สมุทรปราการ,FD05,N,,,0,0.00,0,Y,,,304,0,0,19x1,Administrator
D,11x1650,บริษัท เชฟรอน ออฟชอร์ (ประเทศไทย) จำกัด,กรุงเทพมหานคร,CH14,N,,,0,0.00,0,Y,106.53,,16,0,0,19x1,Administrator
A,11x1651,บริษัท อิงค์ เทค แอนด์ เคมิคอล  จำกัด,สมุทรปราการ,CH03,N,,,0,0.00,0,Y,10.0,,11,0,0,19x1,Administrator
U,11x1652,บริษัท อิมพีเรียล เรียลเอสเตท  จำกัด,สมุทรปราการ,SV04,N,,,0,0.00,0,Y,100.0,,1,0,0,19x1,Administrator
U,11x1653,GLOBAL WATER ENGINEERING LTD.,,SV01,N,,,0,0.00,0,Y,,,1,0,0,19x1,Administrator
D,11x1654,บริษัท ยูนิ-เพรสซิเดนท์ (ประเทศไทย)  จำกัด,นครปฐม,FD01,N,,,0,0.00,0,Y,369.4,12339.7,1,0,0,19x1,Administrator
U,11x1656,ห้างหุ้นส่วนจำกัด โอ เค ทู เอ็นจิเนียริ่ง,กรุงเทพมหานคร,SV04,N,,,0,0.00,0,Y,0.1,,1,0,0,19x1,Administrator
D,11x1657,บริษัท ทรานส์ ไทย-มาเลเซีย (ประเทศไทย) จำกัด,สงขลา,CH02,N,,,0,0.00,0,Y,6343.6,,24,0,0,19x1,Administrator
U,11x1659,บริษัท เอ็มทีอี  จำกัด,,SV04,N,,,0,0.00,0,Y,100.0,,4,0,0,19x1,Administrator
A,11x1661,บริษัท ไฮมาสเตอร์โฟมโปรดักส์ จำกัด,สมุทรสาคร,CH41,Y,2026-07-07,94,2,0.07,1,Y,135.0,555.79999999999995,58,4,631,19x88,Thanaaran Sirawattanamongkol
D,11x1662,บริษัท บุญพิศาล จำกัด,ฉะเชิงเทรา,FD04,N,,,0,0.00,0,Y,58.0,2041.9,3,0,0,19x1,Administrator
D,11x1663,บริษัท มั่นชัย แมชชินเนอรี่ จำกัด,สมุทรสาคร,CH02,N,,,0,0.00,0,Y,20.0,413.5,31,1,548,19x1,Administrator
A,11x1664,บริษัท สีไทยกันไซเพ้นท์ จำกัด(รง.อีสเทิร์น),,CH03,Y,,,0,0.00,5,Y,,,4,0,0,19x1,Administrator
C,11x1665,บริษัท เบเวอเรจ คอนซัลติ้ง แอนด์ เอ็นจิเนียริ่ง จำกัด,,FD02,N,,,0,0.00,0,Y,,,8,0,0,19x1,Administrator
U,11x1666,บริษัท เอ็มทีไอ เอ็นจิเนียริ่ง  จำกัด,,SV04,N,,,0,0.00,0,Y,3.0,,1,0,0,19x1,Administrator
U,11x1668,บริษัท โพลีแมกซ์ อินเตอร์เนชั่นแนล จำกัด,,EL01,N,,,0,0.00,0,Y,,,1,0,0,19x1,Administrator
D,11x1669,บริษัท เอ พี ที เอ็นจิเนียริ่ง จำกัด,,FD01,N,,,0,0.00,0,Y,,,1,0,0,19x1,Administrator
U,11x1670,บริษัท เอ็มคอน อินเตอร์เนชั่นแนล จำกัด,กรุงเทพมหานคร,SV01,N,,,0,0.00,0,Y,5.0,,4,0,0,19x1,Administrator
U,11x1671,ห้างหุ้นส่วนจำกัด ที.เอส.พัฒนกิจ,,SV01,N,,,0,0.00,0,Y,,,1,0,0,19x1,Administrator
B,11x1672,บริษัท ซัมมิท สเตียริง วีล จำกัด,สมุทรปราการ,UT99,N,,,0,0.00,0,Y,122.57,2141,1,0,0,19x1,Administrator
U,11x1673,การไฟฟ้าฝ่ายผลิตแห่งประเทศไทย,สมุทรปราการ,UT01,N,,,0,0.00,0,Y,4439.624573,7930185.8200000003,1,0,0,19x1,Administrator
U,11x1674,บริษัท แซม วัน เทคโนโลยี จำกัด,สมุทรสาคร,SV04,N,,,0,0.00,0,Y,15.0,,1,0,0,19x1,Administrator
C,11x1675,บริษัท ซี.เค.อี. แอนด์ เอส.  จำกัด,สมุทรสาคร,CH43,N,,,0,0.00,0,Y,23.1,197.5,1,0,0,19x1,Administrator
U,11x1676,บริษัท ออโต้อินโฟ  จำกัด,กรุงเทพมหานคร,SV04,N,,,0,0.00,0,Y,20.0,,5,0,0,19x1,Administrator
U,11x1677,บริษัท กฤษณะมงคล จำกัด,นครปฐม,PP01,N,,,0,0.00,0,Y,15.0,159620.46,1,0,0,19x1,Administrator
A,11x1678,บริษัท มั่นใจเอ็นจิเนียริ่ง แอนด์ ทรานสปอร์ต จำกัด,สมุทรปราการ,OM00,N,,,0,0.00,0,Y,5.0,,15,0,0,19x1,Administrator
U,11x1679,บริษัท หนองแค โคเจนเนอเรชั่น จำกัด,สระบุรี,UT01,N,,,0,0.00,0,Y,0.0,876496.6,1,0,0,19x1,Administrator
U,11x1680,บริษัท รังสรรค์ เอ็นจิเนียริ่ง แอนด์ เซอร์วิส จำกัด,สมุทรปราการ,SV04,N,,,0,0.00,0,Y,1.0,,1,0,0,19x1,Administrator
D,11x1682,บริษัท จันทบุรีซีฟู้ดส์ จำกัด,,FD04,N,,,0,0.00,0,Y,,,1,0,0,19x1,Administrator
D,11x1683,บริษัท ไทยนิสชิน เซฟุง  จำกัด,สมุทรปราการ,FD01,N,,,0,0.00,0,Y,300.0,0,41,0,0,19x45,Pattamaporn Chadkurupin
U,11x1684,บริษัท ชินวา โคเงียว (ประเทศไทย) จำกัด,,SV01,N,,,0,0.00,0,Y,,,2,0,0,19x1,Administrator
C,11x1685,บริษัท บีเอเอสเอฟ โพลียูรีเธนส์ (ประเทศไทย) จำกัด,,CH05,N,,,0,0.00,0,Y,,,2,0,0,19x1,Administrator
U,11x1686,บริษัท ดีมายเออร์ จำกัด,ลพบุรี,SV01,N,,,0,0.00,0,Y,23.0,106.1,35,0,0,19x1,Administrator
U,11x1687,บริษัท พลวัตร จำกัด,นครปฐม,SV04,N,,,0,0.00,0,Y,53.0,350.11,1,0,0,19x1,Administrator
B,11x1688,บริษัท โนเบล เอ็นซี จำกัด,ชัยนาท,CH01,N,,,0,0.00,0,Y,139.7,34339.050000000003,33,3,557,19x1,Administrator
R,11x1691,บริษัท เทอร์โบเมค (ไทยแลนด์)  จำกัด,ระยอง,SV04,N,,,0,0.00,0,Y,100.0,,2,0,0,19x1,Administrator
U,11x1692,ห้างหุ้นส่วนจำกัด เอส.เอ.ซี.อีควิปเม้นท์,เชียงใหม่,SV04,N,,,0,0.00,0,Y,1.0,,2,0,0,19x1,Administrator
B,11x1693,บริษัท ช.พัฒนา อพาร์ทเมนต์ จำกัด,นครปฐม,OT99,N,,,0,0.00,0,Y,12.0,,1,0,0,19x1,Administrator
U,11x1694,ห้างหุ้นส่วนจำกัด นาดีเทค เอ็นจิเนียริ่ง,,SV04,N,,,0,0.00,0,Y,,,1,0,0,19x1,Administrator
U,11x1695,บริษัท โมดูล่าร์ คอมพาวด์ จำกัด,นครปฐม,SV04,N,,,0,0.00,0,Y,19.87,700.77,19,0,0,19x19,Saovaluck Jangjai
A,11x1697,บริษัท อีเทอนอล ซากาตะ อิ้งซ์  จำกัด,กรุงเทพมหานคร,CH03,Y,2026-10-03,6,8,0.30,4,Y,109.531518,1055.75,84,34,722,19x88,Thanaaran Sirawattanamongkol
D,11x1698,บริษัท มหาชัยอาหารไทย  จำกัด,สมุทรสาคร,FD04,N,,,0,0.00,0,Y,0.0,1748.2,1,0,0,19x1,Administrator
U,11x1699,บริษัท เอทีที อินดัสตรีส์  จำกัด,กรุงเทพมหานคร,SV04,N,,,0,0.00,0,Y,1.0,,2,0,0,19x1,Administrator
D,11x1700,ห้างหุ้นส่วนจำกัด ส.กมลวัฒนา,ปัตตานี,CH15,N,,,0,0.00,0,Y,175.0,429.2,1,0,0,19x1,Administrator
U,11x1701,ห้างหุ้นส่วนจำกัด สุรีย์พร ซัพพลาย,สมุทรปราการ,SV04,N,,,0,0.00,0,Y,,,3,0,0,19x1,Administrator
C,11x1702,บริษัท ซินธีส (ประเทศไทย) จำกัด,สมุทรปราการ,CH43,N,,,0,0.00,0,Y,0.0,973,17,0,0,19x77,Thitima Plaibua
U,11x1703,บริษัท ไทย-อิชิ อินเตอร์เทรด จำกัด,,SV04,Y,2026-07-27,74,1,0.18,0,Y,1.0,,3,0,0,19x51,Benjamas Tanjit
D,11x1704,บริษัท ไทย ไอโซนอล จำกัด,สมุทรสาคร,FD03,N,,,0,0.00,0,Y,1.0,,8,0,0,19x92,Napadol Peoksangthip
U,11x1705,บริษัท ซี.เอส.บี.แมชชีนกรุ๊ป จำกัด,กรุงเทพมหานคร,SV04,N,,,0,0.00,0,Y,4.0,,4,0,0,19x1,Administrator
U,11x1706,ห้างหุ้นส่วนจำกัด พิฆนา,,SV04,N,,,0,0.00,0,Y,,,1,0,0,19x1,Administrator
U,11x1707,บริษัท ไฮโดร อินสทรูเมนท์ คอนโทรล (ประเทศไทย) จำกัด,ปทุมธานี,SV04,N,,,0,0.00,0,Y,15.0,,15,0,0,19x1,Administrator
A,11x1708,บริษัท คลาสสิค โปรดักส์ (ประเทศไทย)  จำกัด,สมุทรปราการ,TT00,N,,,0,0.00,0,Y,36.0,11099.53,6,0,0,19x1,Administrator
U,11x1709,บริษัท ลองไชน์ (ประเทศไทย) จำกัด,,SV04,N,,,0,0.00,0,Y,2.0,,1,0,0,19x1,Administrator
U,11x1710,บริษัท ย่งฮง (ประเทศไทย) จำกัด,กรุงเทพมหานคร,SV04,N,,,0,0.00,0,Y,20.0,,20,3,653,19x1,Administrator
D,11x1711,บริษัท เอฟแอนด์เอฟฟู้ด  จำกัด,สุพรรณบุรี,FD01,N,,,0,0.00,0,Y,79.1,5362.01,1,0,0,19x1,Administrator
U,11x1712,บริษัท ไอเอ็มไอ อินดัสตรีส์  จำกัด,,SV04,N,,,0,0.00,0,Y,50.0,,1,0,0,19x1,Administrator
A,11x1713,บริษัท โกลเด้น แอรโร โค้ทติ้ง จำกัด,สมุทรปราการ,CH03,N,,,0,0.00,0,Y,150.0,,1,0,0,19x1,Administrator
U,11x1714,บริษัท เอบาร่า (ไทยแลนด์) จำกัด,ปทุมธานี,SV04,N,,,0,0.00,0,Y,33.7125,224.6,2,0,0,19x1,Administrator
U,11x1715,เอ.พี. ฮีตติ้งซีสเต็ม,,SV04,N,,,0,0.00,0,Y,,,1,0,0,19x1,Administrator
U,11x1716,ห้างหุ้นส่วนจำกัด ธนพงษ์อุปกรณ์ก่อสร้าง,กรุงเทพมหานคร,SV04,N,,,0,0.00,0,Y,1.8,,4,1,185,19x1,Administrator
D,11x1717,บริษัท สายไฟฟ้าไทย-ยาซากิ จำกัด,สมุทรปราการ,MT03,N,,,0,0.00,0,Y,1257.12,4959.8,2,0,0,19x1,Administrator
B,11x1718,บริษัท ปูนซีเมนต์นครหลวง จำกัด (มหาชน),สระบุรี,MN05,N,,,0,0.00,0,Y,1224.5,1569103.36,50,0,0,19x89,Tanaporn Chanchanaroj
A,11x1719,บริษัท วาย.ยู.ดี. เท็กซ์ไทล์ จำกัด,สมุทรสาคร,TT00,N,,,0,0.00,0,Y,63.0,16295,3,0,0,19x1,Administrator
U,11x1720,บริษัท ชิพเชพ ซี สโตร์ จำกัด,กรุงเทพมหานคร,SV01,N,,,0,0.00,0,Y,8.0,,4,0,0,19x1,Administrator
A,11x1721,บริษัท เฉียวฟู เอ็นเตอร์ไพรส์ จำกัด,สมุทรปราการ,CH03,N,,,0,0.00,0,Y,75.0,,1,0,0,19x1,Administrator
U,11x1722,บริษัท ฟรอนท์ วีล จำกัด,กรุงเทพมหานคร,SV04,N,,,0,0.00,0,Y,5.0,,2,0,0,19x45,Pattamaporn Chadkurupin
U,11x1723,บริษัท คอปโก้ โฟลเทค จำกัด,กรุงเทพมหานคร,SV04,N,,,0,0.00,0,Y,0.5,,5,0,0,19x1,Administrator
C,11x1725,บริษัท สยามเคมีคอลอินดัสตรี้ จำกัด,สมุทรปราการ,CH43,Y,,,0,0.00,6,Y,1122.0,20820.22,25,1,81,19x1,Administrator
U,11x1726,บริษัท ไทยคอนเทนเนอร์ (ทีซีซี) จำกัด,,PP01,N,,,0,0.00,0,Y,,,2,0,0,19x1,Administrator
U,11x1730,บริษัท กิจจา วอเตอร์ปั๊ม เอ็นจิเนียริ่ง จำกัด,,SV04,N,,,0,0.00,0,Y,,,1,0,0,19x1,Administrator
U,11x1731,บริษัท เค้นท์ฟอร์ดแมชินเนอรี่  จำกัด,,SV04,N,,,0,0.00,0,Y,,,1,0,0,19x1,Administrator
U,11x1732,บริษัท คิวเทค เทคโนโลยี จำกัด,นนทบุรี,OG01,Y,2026-01-15,267,1,0.01,12,Y,1.0,,51,6,506,19x43,Katewadee Pratipagorn
U,11x1733,บริษัท มิลเลนเนียม เทคโนโลยี จำกัด,,SV04,N,,,0,0.00,0,Y,5.0,,3,0,0,19x1,Administrator
U,11x1734,บริษัท ปิโตรเวิร์ค จำกัด,กรุงเทพมหานคร,SV04,N,,,0,0.00,0,Y,50.0,,7,0,0,19x1,Administrator
D,11x1735,บริษัท จันทบุรี โฟรเซ่นฟู้ด จำกัด,สมุทรสาคร,FD01,N,,,0,0.00,0,Y,130.0,346,1,0,0,19x1,Administrator
R,11x1736,บริษัท เพอร์เฟค เอ็นจิเนียริ่ง แอนด์ เทคโนโลยี จำกัด,ระยอง,SV04,N,,,0,0.00,0,Y,30.0,,21,0,0,19x1,Administrator
U,11x1739,บลู เทรดดิ้ง,,SV04,N,,,0,0.00,0,Y,,,6,0,0,19x1,Administrator
U,11x1740,บริษัท วิศวจักษ์  จำกัด,สมุทรปราการ,SV04,N,,,0,0.00,0,Y,3.0,,19,1,70,19x1,Administrator
U,11x1741,บริษัท เฮดดิ้ง เทรดดิ้ง ไทย จำกัด,กรุงเทพมหานคร,SV04,N,,,0,0.00,0,Y,1.5,,3,0,0,19x1,Administrator
U,11x1742,บริษัท ไทยซินคอน แอนด์ ซัพพลาย จำกัด,ฉะเชิงเทรา,SV04,N,,,0,0.00,0,Y,110.0,142,5,0,0,19x70,Kornthanat Suksalee
U,11x1743,บริษัท ฟลูอิด แอดวานซ์ (ประเทศไทย) จำกัด,สมุทรปราการ,SV04,N,,,0,0.00,0,Y,2.0,,6,0,0,19x1,Administrator
U,11x1745,บริษัท ที เอ็นจิเนียร์ริ่ง คอร์เปอร์เรชั่น จำกัด (มหาชน),กรุงเทพมหานคร,SV01,N,,,0,0.00,0,Y,4451.54,,4,0,0,19x1,Administrator
U,11x1748,บริษัท ด็อทแบมบู(กรุงเทพ) จำกัด,นนทบุรี,SV04,Y,2026-09-04,35,1,0.33,0,Y,65.0,,0,0,0,19x1,Administrator
U,11x1749,บริษัท บลูรีฟริกเจอเรชั่น จำกัด,ปทุมธานี,SV04,Y,2026-07-27,74,4,0.07,2,Y,1.0,,43,3,163,19x45,Pattamaporn Chadkurupin
U,11x1750,บริษัท เบนซ์มาร์ค อิเลคทรอนิคส์(ประเทศไทย) จำกัด (มหาชน),,EL01,N,,,0,0.00,0,Y,5105.12,,2,0,0,19x1,Administrator
C,11x1751,บริษัท โรงงานสุราพิเศษสุวรรณภูมิ จำกัด,นครปฐม,FD02,N,,,0,0.00,0,Y,240.0,5851.94,7,0,0,19x1,Administrator
U,11x1752,บริษัท อีสเทิร์นฟีดมิลล์  จำกัด,ชลบุรี,SV04,N,,,0,0.00,0,Y,3.3,1541.14,1,0,0,19x1,Administrator
U,11x1754,ห้างหุ้นส่วนจำกัด ธีรไทยเทรดดิ้ง,,SV04,N,,,0,0.00,0,Y,1.5,,2,1,338,19x1,Administrator
U,11x1755,ซี พี เอส ซัพพลาย,,SV04,N,,,0,0.00,0,Y,,,1,0,0,19x1,Administrator
D,11x1756,บริษัท อายิโนะโมะโต๊ะ เอ็นจิเนียริ่ง 2001 (ประเทศไทย) จำกัด,กรุงเทพมหานคร,FD01,N,,,0,0.00,0,Y,160.0,,5,0,0,19x45,Pattamaporn Chadkurupin
D,11x1759,บริษัท อินโนเวชั่น เพาเวอร์เทค เอ็นจิเนียริ่ง จำกัด,,MT03,N,,,0,0.00,0,Y,6.0,,1,0,0,19x1,Administrator
A,11x1761,ห้างหุ้นส่วนจำกัด เอ็น.อี.ที.มาร์เก็ตติ้ง,,MN99,N,,,0,0.00,0,Y,,,5,0,0,19x1,Administrator
C,11x1763,บริษัท คอสมอส บริวเวอรี่ (ประเทศไทย) จำกัด,พระนครศรีอยุธยา,FD06,Y,2026-05-29,133,2,0.02,0,Y,3902.0,23604.17,45,13,611,19x74,Sujittra Tungprakobjaroen
U,11x1764,บริษัท ศรีโพธิ์ทองเมตัลเวิร์ค จำกัด,กรุงเทพมหานคร,SV01,N,,,0,0.00,0,Y,4.2,1329.6,1,0,0,19x1,Administrator
U,11x1765,บริษัท โกลบอล อัลลายแอนซ์ เซอร์วิส จำกัด,,SV04,N,,,0,0.00,0,Y,4.0,,1,0,0,19x1,Administrator
B,11x1766,บริษัท ทรอยสยาม จำกัด,ปราจีนบุรี,CH01,Y,2026-03-30,193,3,0.08,20,Y,90.0,8595.43,114,16,728,19x77,Thitima Plaibua
U,11x1767,บริษัท พีวี (ประเทศไทย) จำกัด,กรุงเทพมหานคร,SV04,N,,,0,0.00,0,Y,6.0,,1,0,0,19x1,Administrator
D,11x1768,บริษัท ธนารักษ์ จำกัด,,GV00,N,,,0,0.00,0,Y,,,76,3,660,19x23,Vipoo Srisawadi
U,11x1769,บริษัท ยูทิลิตี้ วัน จำกัด,ปทุมธานี,SV04,N,,,0,0.00,0,Y,10.0,,18,0,0,19x1,Administrator
U,11x1770,บริษัท แม็คคานิคส์ เอ็นจิเนียริ่ง เซอร์วิส จำกัด,สมุทรปราการ,SV04,N,,,0,0.00,0,Y,4.5,253.45,3,0,0,19x1,Administrator
D,11x1771,บริษัท วีระสุวรรณ จำกัด,สมุทรสาคร,CH14,N,,,0,0.00,0,Y,36.0,876.4,1,0,0,19x1,Administrator
U,11x1772,บริษัท เอ็นอีพีเอสเอส(ไทยแลนด์) จำกัด,นครราชสีมา,SV04,N,,,0,0.00,0,Y,,,1,0,0,19x1,Administrator
D,11x1773,บริษัท อมรไชย จำกัด (สาขาท่าเรือ),,FD03,N,,,0,0.00,0,Y,,,2,0,0,19x1,Administrator
B,11x1774,บริษัท แบนโด แมนูแฟคเจอริ่ง (ประเทศไทย) จำกัด,สมุทรสาคร,UT99,Y,2026-09-15,24,1,0.04,0,Y,55.0,1351.2,18,0,0,19x77,Thitima Plaibua
U,11x1776,บริษัท โพเคียวเมนท์ เซลล์ แอนด์ เซอร์วิส จำกัด,สมุทรสาคร,SV04,N,,,0,0.00,0,Y,1.0,,1,0,0,19x1,Administrator
U,11x1777,บริษัท ออกัส เทคโนโลยี จำกัด,สมุทรปราการ,SV01,N,,,0,0.00,0,Y,1.0,,1,0,0,19x1,Administrator
A,11x1779,บริษัท วัฒนชัย  เซฟตี้กลาส จำกัด,สมุทรสาคร,MN04,N,,,0,0.00,0,Y,295.0,2108,1,0,0,19x1,Administrator
R,11x1780,บริษัท เอ เค โซลูชั่นส์ จำกัด,ระยอง,OM00,N,,,0,0.00,0,Y,,,4,0,0,19x1,Administrator
A,11x1782,บริษัท อินเตอร์สเตท สเมร์อฟิท-สโตน (ประเทศไทย) จำกัด,,CH03,N,,,0,0.00,0,Y,,,2,0,0,19x1,Administrator
U,11x1783,บริษัท ฉายแสง เอ็นจิเนียริ่ง พาร์ท แอนด์ ซัพพลาย จำกัด,กรุงเทพมหานคร,SV04,N,,,0,0.00,0,Y,1.0,,7,0,0,19x1,Administrator
U,11x1784,ห้างหุ้นส่วนจำกัด ศรีรามา แอสโซซิเอท,,SV04,N,,,0,0.00,0,Y,4.0,,1,0,0,19x1,Administrator
A,11x1785,บริษัท สตาร์ เทค เคมีคอล อินดัสเทรียล จำกัด,กรุงเทพมหานคร,CH03,N,,,0,0.00,0,Y,7.5,94,1,0,0,19x1,Administrator
B,11x1786,บริษัท ครัวการบินกรุงเทพ จำกัด,สมุทรปราการ,UT99,N,,,0,0.00,0,Y,666.5,4953.29,9,0,0,19x1,Administrator
R,11x1787,บริษัท ปาร์คเกอร์ เอ็นยิเนียริ่ง (ไทยแลนด์) จำกัด,ระยอง,OM00,N,,,0,0.00,0,Y,0.58,113,1,0,0,19x1,Administrator
B,11x1788,บริษัท เอสซีจี ผลิตภัณฑ์ก่อสร้าง จำกัด,สระบุรี,MN05,N,,,0,0.00,0,Y,621.117,1098.8,21,0,0,19x1,Administrator
C,11x1789,บริษัท ยูนิลีเวอร์ ไทยเทรดดิ้ง จำกัด,กรุงเทพมหานคร,CH06,Y,2026-05-29,133,1,0.17,0,Y,4046.0,,2,0,0,19x74,Sujittra Tungprakobjaroen
U,11x1790,บริษัท ผลิตไฟฟ้า จำกัด (มหาชน),กรุงเทพมหานคร,UT01,N,,,0,0.00,0,Y,5300.0,,3,0,0,19x1,Administrator
A,11x1791,บริษัท นิคเคสยามอลูมิเนียม จำกัด,ปทุมธานี,MT01,Y,,,0,0.00,1,Y,358.613,23974.34,9,0,0,19x1,Administrator
U,11x1792,บริษัท สุพรีม ซัพพอร์ท อิมเม็กซ์ จำกัด,กรุงเทพมหานคร,SV04,N,,,0,0.00,0,Y,5.0,,1,0,0,19x1,Administrator
D,11x1793,บริษัท เซ็มโก จำกัด,กรุงเทพมหานคร,FD01,N,,,0,0.00,0,Y,2.0,,2,0,0,19x1,Administrator
U,11x1794,บริษัท ซี.เอ็ม.พี เซ็นเตอร์ ดีเวลล๊อปเม้นท์ จำกัด,,SV01,N,,,0,0.00,0,Y,,,2,0,0,19x1,Administrator
U,11x1795,บริษัท แสงธารา จำกัด,นนทบุรี,SV04,N,,,0,0.00,0,Y,1.0,,3,0,0,19x1,Administrator
C,11x1796,บริษัท วอเตอร์เทคโนโลยีแอนด์อินสทรูเม็นส์ จำกัด,กรุงเทพมหานคร,UT03,N,,,0,0.00,0,Y,0.5,,2,0,0,19x1,Administrator
D,11x1797,บริษัท สมจิต แมนชั่น จำกัด,,GV00,N,,,0,0.00,0,Y,,,1,0,0,19x1,Administrator
A,11x1799,บริษัท แหลมทองสหการ จำกัด,สมุทรปราการ,FD05,Y,,,0,0.00,2,Y,12.0,25101.9,28,1,587,19x27,Nattawut Junkong
U,11x1800,THE PERFECT SEAL & SERVICES,,,N,,,0,0.00,0,Y,,,3,2,94,19x1,Administrator
U,11x1801,บริษัท ไทยซิงอิอุตสาหกรรม จำกัด,ราชบุรี,SV04,N,,,0,0.00,0,Y,24.5,806.5,6,0,0,19x74,Sujittra Tungprakobjaroen
D,11x1802,บริษัท ไทยยูเนี่ยน สกรูน็อต จำกัด,สมุทรสาคร,MT03,N,,,0,0.00,0,Y,40.0,260,13,0,0,19x45,Pattamaporn Chadkurupin
C,11x1803,บริษัท เฮเว่น เฮิร์บ จำกัด,ปทุมธานี,CH06,N,,,0,0.00,0,Y,0.0,1744.0241000000001,1,0,0,19x1,Administrator
U,11x1804,บริษัท เอไอ พอร์ตส์ แอนด์ เทอร์มินัลส์ จำกัด,,SV01,N,,,0,0.00,0,Y,,,4,1,637,19x1,Administrator
U,11x1805,บริษัท ออลปั๊มส์ จำกัด,กรุงเทพมหานคร,SV04,N,,,0,0.00,0,Y,1.0,,16,0,0,19x1,Administrator
U,11x1806,บริษัท ไฮโดรพลัส จำกัด,สมุทรปราการ,SV04,N,,,0,0.00,0,Y,3.0,,5,0,0,19x1,Administrator
B,11x1807,บริษัท ไอซิน ทาคาโอก้า ฟาวน์ดริ บางปะกง จำกัด,ชลบุรี,UT99,N,,,0,0.00,0,Y,3602.77,41450.46,1,0,0,19x1,Administrator
U,11x1808,บริษัท พี.ไพศาล วิศวกรรม จำกัด,,SV04,N,,,0,0.00,0,Y,1.0,,5,0,0,19x1,Administrator
U,11x1810,บริษัท พรูฟ เอ็นเทค จำกัด,สมุทรปราการ,SV04,N,,,0,0.00,0,Y,1.0,,1,0,0,19x1,Administrator
U,11x1811,ห้างหุ้นส่วนจำกัด เอส.เจ โกลบอลเทรด,สงขลา,SV04,N,,,0,0.00,0,Y,2.0,,2,0,0,19x1,Administrator
U,11x1812,ห้างหุ้นส่วนจำกัด พันชนิด เทรดดิ้ง,,SV04,N,,,0,0.00,0,Y,,,1,0,0,19x1,Administrator
C,11x1813,ห้างหุ้นส่วนจำกัด ที.ที.เอ็น.สแตนเลส,สมุทรสาคร,CH05,N,,,0,0.00,0,Y,11.605,369.22,1,0,0,19x1,Administrator
U,11x1814,บริษัท เอ็นไลน์ อะกริคัลเช่อร์ จำกัด,นครปฐม,SV01,N,,,0,0.00,0,Y,2.0,,9,0,0,19x1,Administrator
U,11x1815,บริษัท หลักสี่ออกแบบและวิศวกรรม จำกัด,สมุทรปราการ,SV04,Y,2026-02-20,231,1,0.23,14,Y,15.0,,7,0,0,19x43,Katewadee Pratipagorn
D,11x1817,บริษัท คาลบี้ธนาวัธน์ จำกัด,สมุทรปราการ,FD01,N,,,0,0.00,0,Y,98.8,2842.1,12,1,234,19x43,Katewadee Pratipagorn
U,11x1818,บริษัท โตชิบาคอนซูมเมอร์โปรดัคส์ (ประเทศไทย) จำกัด,ปทุมธานี,EL01,Y,,,0,0.00,18,Y,30.0,27869.08,74,17,730,19x96,Itsaripharat Kamthong
U,11x1820,บริษัท นายปิโตร จำกัด,,SV04,N,,,0,0.00,0,Y,1.0,,1,0,0,19x1,Administrator
D,11x1821,บริษัท เพรซิเดนท์ไรซ์โปรดักส์ จำกัด (มหาชน),กรุงเทพมหานคร,FD99,N,,,0,0.00,0,Y,149.7,,12,0,0,19x1,Administrator
U,11x1822,บริษัท กัลฟ์ ยะลา กรีน จำกัด,,UT01,N,,,0,0.00,0,Y,,,8,0,0,19x1,Administrator
A,11x1824,บริษัท มาร์ส เพ็ทแคร์ (ประเทศไทย) จำกัด,ชลบุรี,FD05,Y,2026-08-20,50,3,0.63,4,Y,0.0,0,16,1,442,19x88,Thanaaran Sirawattanamongkol
D,11x1826,บริษัท บี.พี.แอร์ แอนด์ เอ็นจิเนียริ่ง จำกัด,ปทุมธานี,CH14,Y,2026-09-04,35,3,0.16,7,Y,24.748,162.5,62,1,717,19x43,Katewadee Pratipagorn
U,11x1827,บริษัท วีเอส เคม (1970) จำกัด,สมุทรปราการ,SV04,N,,,0,0.00,0,Y,451.6,60.1,1,0,0,19x1,Administrator
U,11x1828,ห้างหุ้นส่วนจำกัด สราวุธการช่าง (2000),สุรินทร์,SV04,N,,,0,0.00,0,Y,2.0,,2,0,0,19x1,Administrator
U,11x1830,บริษัท เค.เอส.อินเตอร์คูล เอ็นจิเนียริ่ง จำกัด,สมุทรสาคร,SV04,N,,,0,0.00,0,Y,17.1,68.8,18,0,0,19x45,Pattamaporn Chadkurupin
U,11x1831,บริษัท เอ็น เอส เค ซัพพลาย แอนด์ เซอร์วิส จำกัด,,SV01,N,,,0,0.00,0,Y,1.0,,1,0,0,19x1,Administrator
U,11x1832,บริษัท ชูบุราชบุรี อีเลคทริคเซอร์วิส จำกัด,ราชบุรี,UT01,N,,,0,0.00,0,Y,20.0,,11,0,0,19x1,Administrator
U,11x1833,บริษัท เค.ที.เอ็นจิเนียริ่ง แอนด์ อินดัสตรี้ จำกัด,,SV01,N,,,0,0.00,0,Y,,,1,0,0,19x1,Administrator
A,11x1834,บริษัท ยูไนเต็ด ซัพพลาย แอนด์ มัลติเทรด จำกัด,สงขลา,OM00,Y,2026-10-03,6,2,0.37,0,Y,2.0,,43,1,30,19x43,Katewadee Pratipagorn
D,11x1835,บริษัท เอ็นทีเอ็น แมนูแฟคเจอริ่ง (ไทยแลนด์) จำกัด,ชลบุรี,MT03,N,,,0,0.00,0,Y,0.0,0,1,0,0,19x1,Administrator
U,11x1836,บริษัท เอส ไรคส์ จำกัด,กรุงเทพมหานคร,SV04,N,,,0,0.00,0,Y,1.0,,5,0,0,19x1,Administrator
R,11x1839,บริษัท เพียวไบโอดีเซล จำกัด,ระยอง,CH14,N,,,0,0.00,0,Y,500.0,2191.09,3,0,0,19x1,Administrator
U,11x1840,ห้างหุ้นส่วนจำกัด ไอซ์แลนด์อุปกรณ์เครื่องเย็น,กรุงเทพมหานคร,SV04,N,,,0,0.00,0,Y,2.0,,3,0,0,19x1,Administrator
U,11x1842,บริษัท เอเชี่ยนเคมีคัล แอนด์ เอ็นยิเนียริ่ง จำกัด,ฉะเชิงเทรา,SV04,N,,,0,0.00,0,Y,960.0,339.5,1,0,0,19x1,Administrator
R,11x1843,บริษัท คิดกัน จำกัด,ระยอง,MT99,N,,,0,0.00,0,Y,182.0,,8,0,0,19x1,Administrator
B,11x1844,Carbide Chemical (Thailand) Ltd.,กรุงเทพมหานคร,CH42,Y,2026-09-15,24,8,0.55,0,Y,7.6,,249,1,441,19x51,Benjamas Tanjit
R,11x1845,บริษัท ระยองอินดัสเตรียล เซอร์วิส แอนด์ ซัพพลาย จำกัด,ระยอง,SV04,N,,,0,0.00,0,Y,1.0,,2,0,0,19x1,Administrator
R,11x1846,บริษัท ไออาร์พีซี โพลีออล จำกัด,ระยอง,CH42,Y,2026-01-15,267,1,0.04,0,Y,380.0,473.8,14,0,0,19x90,Patthamanan Pudgajang
U,11x1847,บริษัท ที.เอ็น.เอฟ เอ็นจิเนียริ่ง อินดัสตรี  จำกัด,ปทุมธานี,SV01,N,,,0,0.00,0,Y,3.0,,1,0,0,19x1,Administrator
U,11x1848,บริษัท เอ็กซ์เฟิร์ทซัพพลายแอนด์เซอร์วิส จำกัด,สงขลา,SV04,N,,,0,0.00,0,Y,,,4,0,0,19x1,Administrator
D,11x1849,บริษัท ไทยลู้บเบส จำกัด (มหาชน),ชลบุรี,CH14,N,,,0,0.00,0,Y,9650.0,127824.02,18,0,0,19x45,Pattamaporn Chadkurupin
A,11x1850,บริษัท โพสโค- ไทยน๊อคซ์  จำกัด (มหาชน),ชลบุรี,MT01,N,,,0,0.00,0,Y,15.4,2956,7,0,0,19x1,Administrator
D,11x1851,บริษัท อุตสาหกรรมน้ำตาลอีสาน จำกัด,กาฬสินธุ์,FD04,N,,,0,0.00,0,Y,345.0,151889,2,0,0,19x1,Administrator
B,11x1853,DOW  CHEMICAL THAILAND LIMITED,กรุงเทพมหานคร,CH42,Y,2026-08-20,50,6,0.33,0,Y,10110.47,,284,3,472,19x51,Benjamas Tanjit
U,11x1854,บริษัท เอ็กซ์เธอร์แอน (ประเทศไทย) จำกัด,กรุงเทพมหานคร,SV04,N,,,0,0.00,0,Y,60.0,,3,0,0,19x1,Administrator
U,11x1855,บริษัท อินเตอร์เนชั่นแนล ดีไซน์ โซลูชั่น จำกัด,,SV01,N,,,0,0.00,0,Y,,,1,0,0,19x1,Administrator
R,11x1856,บริษัท ไทยแท้งค์เทอร์มินัล จำกัด,ระยอง,TP00,N,,,0,0.00,0,Y,126.17,14505.17,11,0,0,19x90,Patthamanan Pudgajang
U,11x1857,บริษัท ไทยเคนเปเปอร์ จำกัด (มหาชน),ปราจีนบุรี,PP01,Y,,,0,0.00,1,Y,265.4,90181.3,10,1,252,19x34,Kanittha Cheryhom
R,11x1858,บริษัท สตาร์ พลัส เคมีคอล จำกัด,ระยอง,CH43,N,,,0,0.00,0,Y,0.0,3587.88,23,0,0,19x51,Benjamas Tanjit
A,11x1859,บริษัท นิปปอนเพนต์ (ประเทศไทย)  จำกัด (อมตะนคร),ชลบุรี,CH03,Y,,,0,0.00,17,Y,,,24,2,473,19x1,Administrator
A,11x1860,บริษัท ไทยดีเอนทีเพนท์ จำกัด,ชลบุรี,CH03,N,,,0,0.00,0,Y,170.277,702.99,2,1,32,19x1,Administrator
U,11x1861,บริษัท อินเตอร์โฟลว์  จำกัด,สงขลา,SV04,Y,2026-05-29,133,1,0.28,0,Y,7.0,,1,1,157,19x1,Administrator
U,11x1863,บริษัท ไชน่าการค้า (กรุงเทพฯ) จำกัด,,SV04,N,,,0,0.00,0,Y,5.0,,2,0,0,19x1,Administrator
D,11x1864,บริษัท ซีโน-แปซิฟิค เทรดดิ้ง (ไทยแลนด์) จำกัด,สมุทรปราการ,FD01,N,,,0,0.00,0,Y,118.665126,2993.32,21,0,0,19x1,Administrator
D,11x1865,บริษัท ไทยลู้บเบล็นดิ้ง จำกัด,ชลบุรี,CH14,N,,,0,0.00,0,Y,750.0,2108,11,1,429,19x1,Administrator
U,11x1866,บริษัท เอ็กโก เอ็นจิเนียริ่ง แอนด์ เซอร์วิส จำกัด,กรุงเทพมหานคร,UT01,N,,,0,0.00,0,Y,400.0,,2,0,0,19x1,Administrator
U,11x1867,บริษัท สยามคอมเพรสเซอร์ อุตสาหกรรม จำกัด,ชลบุรี,EL01,N,,,0,0.00,0,Y,8686.67,4022,8,0,0,19x1,Administrator
A,11x1868,บริษัท สีเดลต้า จำกัด,กรุงเทพมหานคร,CH03,N,,,0,0.00,0,Y,0.0,0,1,0,0,19x1,Administrator
C,11x1869,บริษัท วนชัย กรุ๊ป จำกัด (มหาชน),สระบุรี,AG03,Y,2026-09-04,35,2,0.06,0,Y,1200.0,25449.41,89,4,88,19x34,Kanittha Cheryhom
U,11x1871,"RIVER ENGINEERING CO.,LTD.",,SV04,N,,,0,0.00,0,Y,,,1,1,422,19x1,Administrator
U,11x1872,บริษัท เบสท์โปรดักส์ เทรดดิ้ง จำกัด,ปทุมธานี,SV04,N,,,0,0.00,0,Y,1.0,,3,0,0,19x1,Administrator
U,11x1873,บริษัท เมกก้า ซายน์ จำกัด,กรุงเทพมหานคร,SV01,N,,,0,0.00,0,Y,2.0,,6,0,0,19x1,Administrator
U,11x1874,บริษัท ท่าอากาศยานไทย จำกัด (มหาชน)   สาขาท่าอากาศยานสุวรรณภูมิ,,SV01,N,,,0,0.00,0,Y,,,5,0,0,19x1,Administrator
U,11x1875,บริษัท ไทยชินเรียว จำกัด,กรุงเทพมหานคร,SV04,Y,,,0,0.00,2,Y,14.07,,5,2,268,19x1,Administrator
U,11x1876,บริษัท พีเจ แอสเซท จำกัด,นนทบุรี,SV01,N,,,0,0.00,0,Y,1.0,,2,0,0,19x1,Administrator
C,11x1877,บริษัท ไทยแอลกอฮอล์ จำกัด (มหาชน),นครปฐม,FD07,N,,,0,0.00,0,Y,470.0,124787.84,13,1,708,19x1,Administrator
R,11x1878,บริษัท อินโดรามา โพลีเอสเตอร์ อินดัสตรี้ส์ จำกัด (มหาชน),ระยอง,MN02,N,,,0,0.00,0,Y,1108.0,105892.99,12,0,0,19x1,Administrator
B,11x1879,"Thai Tokai Carbon Product Rojana Co., Ltd. (TCP-R)",,UT99,N,,,0,0.00,0,Y,,,6,2,210,19x1,Administrator
R,11x1880,บริษัท ไทยโพลีอะซีทัล จำกัด,ระยอง,CH42,N,,,0,0.00,0,Y,0.0,79326.710000000006,3,0,0,19x1,Administrator
R,11x1881,บริษัท ไทยโพลีคาร์บอเนต จำกัด,ระยอง,CH42,N,,,0,0.00,0,Y,7100.0,70511,10,0,0,19x1,Administrator
B,11x1882,บริษัท 104 เอ็นจิเนียริ่ง จำกัด,นครปฐม,UT99,N,,,0,0.00,0,Y,0.35,96.5,1,0,0,19x1,Administrator
D,11x1883,บริษัท ถนอมวงศ์บริการ จำกัด,พระนครศรีอยุธยา,CH15,N,,,0,0.00,0,Y,22.105263,464.1,8,1,371,19x1,Administrator
U,11x1884,ลาซาล พาร์ค คอนโดมิเนียม อาคาร.ซี,,SV01,N,,,0,0.00,0,Y,,,1,0,0,19x1,Administrator
U,11x1885,บริษัท ไฮโดรควิพ จำกัด,ปทุมธานี,UT01,N,,,0,0.00,0,Y,25.0,505,1,0,0,19x1,Administrator
R,11x1886,บริษัท แอมเพิลไลท์ แมนูแฟคเจอริ่ง จำกัด,ระยอง,MN05,N,,,0,0.00,0,Y,57.0,1389.5626,2,1,557,19x1,Administrator
U,11x1887,บริษัท ไอ.ที.ซี.(1993)  จำกัด,ปทุมธานี,SV04,N,,,0,0.00,0,Y,122.720436,74.5,3,0,0,19x1,Administrator
R,11x1888,บริษัท พีทีที ฟีนอล จำกัด,ระยอง,CH01,N,,,0,0.00,0,Y,3556.022,52004.5,33,0,0,19x1,Administrator
U,11x1889,บริษัท เอนริช (ประเทศไทย) จำกัด,ชลบุรี,SV04,Y,2026-09-04,35,1,0.06,0,Y,1.0,,28,1,470,19x45,Pattamaporn Chadkurupin
A,11x1890,บริษัท เซอร่า เซรามิก จำกัด,ชลบุรี,MN03,N,,,0,0.00,0,Y,89.0,,2,0,0,19x1,Administrator
A,11x1892,บริษัท ดีไอซี กราฟฟิค (ประเทศไทย) จำกัด,ชลบุรี,CH03,Y,,,0,0.00,4,Y,0.0,3829.85,19,2,571,19x1,Administrator
U,11x1893,บริษัท เซาเทิร์น พีเอสเอส จำกัด,,SV04,N,,,0,0.00,0,Y,,,1,0,0,19x1,Administrator
U,11x1894,บริษัท สิริฉัตร อินดัสเตรียล แอนด์ เซอร์วิส จำกัด,สงขลา,SV04,N,,,0,0.00,0,Y,,,2,0,0,19x1,Administrator
U,11x1895,บริษัท คิวเทค เอ็นจิเนียริ่ง จำกัด,,SV01,N,,,0,0.00,0,Y,,,4,2,731,19x1,Administrator
D,11x1896,บริษัท ฟาร์เธอร์ แอสฟัลท์ จำกัด,ปราจีนบุรี,CH15,N,,,0,0.00,0,Y,8.4,160,4,0,0,19x1,Administrator
U,11x1897,บริษัท วอเตอร์ฟิลด์เอเซีย จำกัด,กรุงเทพมหานคร,SV04,N,,,0,0.00,0,Y,16.0,,40,1,260,19x34,Kanittha Cheryhom
B,11x1898,บริษัท ออสคอน จำกัด,สมุทรปราการ,CH99,N,,,0,0.00,0,Y,10.0,,8,1,676,19x1,Administrator
C,11x1900,บริษัท ไมลอทท์ แลบบอราทอรีส์ จำกัด,สมุทรปราการ,CH06,N,,,0,0.00,0,Y,14.5,93.2,10,2,634,19x1,Administrator
U,11x1901,บริษัท อินดัสเตรียล มินเนอรัล ดิวิลอปเมนท์ จำกัด,สระบุรี,SV04,N,,,0,0.00,0,Y,39.4,665,1,0,0,19x1,Administrator
U,11x1902,บริษัท เอ็นจิเนียริ่ง เซ็นเตอร์ ซัพพลาย จำกัด,กรุงเทพมหานคร,SV04,N,,,0,0.00,0,Y,1.0,,3,0,0,19x1,Administrator
U,11x1903,บริษัท สยามซินเนอร์ยี จำกัด,,UT01,N,,,0,0.00,0,Y,,,1,0,0,19x1,Administrator
R,11x1904,บริษัท เอเชีย ซิลิโคนส์ โมโนเมอร์ จำกัด,ระยอง,CH04,N,,,0,0.00,0,Y,340.0,79321.67,26,0,0,19x51,Benjamas Tanjit
U,11x1905,บริษัท วอทรีท จำกัด,,SV04,N,,,0,0.00,0,Y,,,2,0,0,19x1,Administrator
U,11x1907,บริษัท เอส พี เอส อินเตอร์เทรด แอนด์ เอ็นจิเนียริ่ง จำกัด,กรุงเทพมหานคร,SV04,N,,,0,0.00,0,Y,1.0,,6,0,0,19x1,Administrator
R,11x1908,บริษัท ออลเน็กซ์ (ประเทศไทย) จำกัด,ระยอง,CH04,Y,2026-09-28,11,1,1.93,0,Y,977.0,10266.14,12,0,0,19x1,Administrator
D,11x1909,บริษัท สุขุมพาณิชย์ จำกัด,นนทบุรี,FD04,N,,,0,0.00,0,Y,13.4,490.1,5,0,0,19x1,Administrator
R,11x1910,บริษัท ทีพีซี เพสต์ เรซิน จำกัด,ระยอง,CH04,N,,,0,0.00,0,Y,1614.194,7742,97,0,0,19x51,Benjamas Tanjit
R,11x1911,บริษัท พูแรค (ประเทศไทย) จำกัด,ระยอง,CH01,N,,,0,0.00,0,Y,1924.148,38475.14,37,0,0,19x51,Benjamas Tanjit
C,11x1912,"TOP UNION CO., LTD.",,CH43,N,,,0,0.00,0,Y,,,2,0,0,19x1,Administrator
D,11x1913,บริษัท ไทยโอลีโอเคมี จำกัด,กรุงเทพมหานคร,CH14,N,,,0,0.00,0,Y,7400.0,,25,0,0,19x1,Administrator
R,11x1914,บริษัท โกลว์ พลังงาน จำกัด (มหาชน),ระยอง,UT99,N,,,0,0.00,0,Y,10003.398238,838652.57,25,0,0,19x1,Administrator
R,11x1915,บริษัท อุตสาหกรรมน้ำปลาระยอง จำกัด,ระยอง,FD04,N,,,0,0.00,0,Y,5.2,718.5,1,0,0,19x1,Administrator
U,11x1916,บริษัท เวบพริ้นท์ (ประเทศไทย)  จำกัด,กรุงเทพมหานคร,SV04,N,,,0,0.00,0,Y,1.0,,1,0,0,19x1,Administrator
U,11x1917,บริษัท กิจชาญชัย เอ็นจิเนียริ่ง แอนด์ ซัพพลาย จำกัด,,SV04,N,,,0,0.00,0,Y,,,1,0,0,19x1,Administrator
U,11x1918,บริษัท ที เอส ซัพพลาย แอนด์ คอนสตรัคชั่น จำกัด,กรุงเทพมหานคร,SV01,N,,,0,0.00,0,Y,3.5,88.75,1,0,0,19x1,Administrator
R,11x1919,บริษัท ไทยสตีลโปรไฟล์ จำกัด (มหาชน),ระยอง,MT02,N,,,0,0.00,0,Y,480.0,40054,1,0,0,19x1,Administrator
U,11x1920,ห้างหุ้นส่วนจำกัด พีเอ็นพี เอ็นจิเนียริ่ง แอนด์ ซัพพลาย,,SV01,N,,,0,0.00,0,Y,,,1,0,0,19x1,Administrator
R,11x1921,บริษัท มาบตาพุดโอเลฟินส์ จำกัด,ระยอง,CH42,N,,,0,0.00,0,Y,1256.997,407112.61,17,0,0,19x51,Benjamas Tanjit
D,11x1922,บริษัท ซี เอส อาร์ มารีน จำกัด,กรุงเทพมหานคร,TP00,N,,,0,0.00,0,Y,1.1,,1,0,0,19x1,Administrator
A,11x1924,"DANIELI FAR EAST CO., LTD.",,MT02,N,,,0,0.00,0,Y,,,2,0,0,19x1,Administrator
D,11x1926,บริษัท บอสเทค อินเตอร์เนชั่นแนล จำกัด,กรุงเทพมหานคร,FD01,N,,,0,0.00,0,Y,1.0,,1,0,0,19x1,Administrator
U,11x1927,บริษัท เทส มัลติเฟส เมเชอร์เมนท์ จำกัด,กรุงเทพมหานคร,OG01,N,,,0,0.00,0,Y,20.0,,1,0,0,19x1,Administrator
U,11x1928,บริษัท สหรุ่งพัฒนา 15 จำกัด,สมุทรปราการ,OG01,N,,,0,0.00,0,Y,25.0,,2,0,0,19x74,Sujittra Tungprakobjaroen
A,11x1929,บริษัท ทองไทยการทอ จำกัด,กรุงเทพมหานคร,TT00,N,,,0,0.00,0,Y,151.0,852.06,1,0,0,19x1,Administrator
R,11x1930,บริษัท ดีโก้ โปรเจค เซอร์วิส จำกัด,ระยอง,SV04,N,,,0,0.00,0,Y,12.0,,2,0,0,19x1,Administrator
U,11x1931,บริษัท นิว สากลซัพพลาย จำกัด,สมุทรปราการ,SV04,N,,,0,0.00,0,Y,1.0,,1,0,0,19x1,Administrator
D,11x1932,บริษัท เฮสส์ (ไทยแลนด์)  จำกัด,,CH02,N,,,0,0.00,0,Y,,,1,0,0,19x1,Administrator
U,11x1933,บริษัท ฟูจิตสึ เจเนอรัล (ประเทศไทย) จำกัด,ชลบุรี,EL01,N,,,0,0.00,0,Y,4160.028,2303.3000000000002,4,0,0,19x1,Administrator
U,11x1934,ห้างหุ้นส่วนจำกัด เอ.เอ็น.เอส.พรีซีชั่น,ชลบุรี,SV04,N,,,0,0.00,0,Y,1.0,,1,0,0,19x1,Administrator
D,11x1935,บริษัท บางจากไบโอฟูเอล จำกัด,พระนครศรีอยุธยา,CH14,N,,,0,0.00,0,Y,1143.0,56063.9,55,1,585,19x1,Administrator
U,11x1936,บริษัท อินเตอร์ แปซิฟิค เปเปอร์ จำกัด,ปราจีนบุรี,PP01,Y,,,0,0.00,2,Y,1095.0,62924.9,17,0,0,19x34,Kanittha Cheryhom
U,11x1937,บริษัท มาสเตอร์เทค เทคโนโลยี จำกัด,,SV04,N,,,0,0.00,0,Y,,,7,2,562,19x1,Administrator
U,11x1938,ห้างหุ้นส่วนจำกัด พี.เอส.เอ็ม.แมชชีนเนอรี่,กรุงเทพมหานคร,SV04,N,,,0,0.00,0,Y,5.0,,1,0,0,19x1,Administrator
R,11x1939,บริษัท อิวอนิก ไทย แอโรซิล จำกัด,ระยอง,CH09,N,,,0,0.00,0,Y,372.0,,15,0,0,19x1,Administrator
A,11x1940,บริษัท ดาต้ากรีน จำกัด,,OM00,N,,,0,0.00,0,Y,,,1,0,0,19x1,Administrator
R,11x1941,บริษัท ซาบิก อินโนเวทีฟ พลาสติคส์ (ประเทศไทย) จำกัด,ระยอง,CH42,N,,,0,0.00,0,Y,953.532,4342.8,7,0,0,19x1,Administrator
U,11x1942,บริษัท พีพีที เอ็นจิเนียร์ จำกัด,สมุทรปราการ,SV04,N,,,0,0.00,0,Y,5.0,,2,0,0,19x1,Administrator
U,11x1943,"THAI SYNTHETIC RUBBERS CO., LTD.",,PP99,N,,,0,0.00,0,Y,,,2,0,0,19x1,Administrator
U,11x1944,บริษัท แปซิฟิค ยูนิเทรด จำกัด,กรุงเทพมหานคร,OG01,N,,,0,0.00,0,Y,15.0,,1,0,0,19x1,Administrator
D,11x1945,บริษัท ซี.แอนด์ พี. จำกัด,กรุงเทพมหานคร,TP00,N,,,0,0.00,0,Y,200.0,,2,0,0,19x1,Administrator
D,11x1946,บริษัท บางกอกอินดัสเทรียลแก๊ส จำกัด,สระบุรี,CH02,Y,2026-01-21,261,1,0.11,0,Y,114.0,1190,8,2,434,19x90,Patthamanan Pudgajang
U,11x1948,บริษัท ซี.เจ.ไอ. (ไทยแลนด์) จำกัด,กรุงเทพมหานคร,SV04,N,,,0,0.00,0,Y,1.0,,1,0,0,19x1,Administrator
U,11x1949,บริษัท เอ็น ไอ บี โกลบอล จำกัด,กรุงเทพมหานคร,SV04,N,,,0,0.00,0,Y,30.0,,2,0,0,19x1,Administrator
C,11x1950,บริษัท สิงห์ เบเวอเรช จำกัด,นครปฐม,FD02,N,,,0,0.00,0,Y,133.5,429.44,19,2,512,19x1,Administrator
R,11x1951,บริษัท ทีพีที ปิโตรเคมิคอลส์ จำกัด (มหาชน),ระยอง,CH14,N,,,0,0.00,0,Y,8500.0,358255.45,37,0,0,19x92,Napadol Peoksangthip
R,11x1953,บริษัท อีพีเอสเอ็ม (ไทยแลนด์) จำกัด,ระยอง,SV04,N,,,0,0.00,0,Y,,,1,0,0,19x1,Administrator
R,11x1954,บริษัท ไทยโพลิเอททีลีน  จำกัด,ระยอง,CH42,N,,,0,0.00,0,Y,30357.0,51865.599999999999,1,0,0,19x1,Administrator
R,11x1956,บริษัท ซันโย กาเซ (ไทยแลนด์) จำกัด,ระยอง,CH07,N,,,0,0.00,0,Y,6.5315,8636.16,10,0,0,19x51,Benjamas Tanjit
R,11x1958,บริษัท วี.เอ.พี.เซอร์วิส (1997) จำกัด,ระยอง,SV01,N,,,0,0.00,0,Y,,,1,0,0,19x1,Administrator
R,11x1959,บริษัท มาบตาพุด แทงค์ เทอร์มินัล จำกัด,ระยอง,UT05,N,,,0,0.00,0,Y,2355.0,24091.15,16,0,0,19x51,Benjamas Tanjit
U,11x1960,บริษัท พรีเท็ค เอ็นจิเนียริ่ง อินดัสทรี จำกัด,,SV04,N,,,0,0.00,0,Y,,,1,0,0,19x1,Administrator
D,11x1962,บริษัท วินแชนซ์ ฟู้ดส์ จำกัด,สมุทรปราการ,FD04,N,,,0,0.00,0,Y,0.0,0,2,0,0,19x1,Administrator
U,11x1964,บริษัท ทีเอ็น เมกเกอร์ จำกัด,,SV04,N,,,0,0.00,0,Y,,,1,0,0,19x1,Administrator
U,11x1965,บริษัท เค.เจ.รับเบอร์พาร์ท แอนด์ แมชชินเนอรี่ จำกัด,,SV04,N,,,0,0.00,0,Y,,,1,0,0,19x1,Administrator
R,11x1966,บริษัท อูเบะ เคมิคอลส์  (เอเชีย)  จำกัด (มหาชน),ระยอง,PE00,N,,,0,0.00,0,Y,0.0,9416.83,20,0,0,19x51,Benjamas Tanjit
D,11x1967,บริษัท กิจไพศาล อิมปอร์ต เอ็กซ์ปอร์ต ระนอง จำกัด,ระนอง,TP00,N,,,0,0.00,0,Y,5.0,,2,0,0,19x1,Administrator
A,11x1968,บริษัท โจตันไทย  จำกัด,ชลบุรี,CH03,Y,,,0,0.00,4,Y,1421.448,7811.58,14,0,0,19x88,Thanaaran Sirawattanamongkol
U,11x1969,บริษัท ซิเลซติกา ( ประเทศไทย)  จำกัด,ชลบุรี,EL01,N,,,0,0.00,0,Y,0.0,0,2,0,0,19x51,Benjamas Tanjit
U,11x1972,บริษัท ซัมม่า เอ็น.เค.คอนแทรคติ้ง จำกัด,ปทุมธานี,SV01,N,,,0,0.00,0,Y,13.25,1392.49,2,0,0,19x1,Administrator
A,11x1973,บริษัท วรีพิทักษ์ จำกัด,ชลบุรี,OM00,N,,,0,0.00,0,Y,5.0,,1,0,0,19x1,Administrator
C,11x1975,บริษัท บางกอกโพลีเอททีลีน จำกัด (มหาชน),,CH04,N,,,0,0.00,0,Y,,,4,0,0,19x1,Administrator
U,11x1977,บริษัท ธาริกัน จำกัด,กรุงเทพมหานคร,SV01,N,,,0,0.00,0,Y,5.0,,6,0,0,19x1,Administrator
B,11x1978,บริษัท เจนเนอเรเตอร์ซิสเต็ม จำกัด,กรุงเทพมหานคร,UT99,Y,2026-04-21,171,2,0.26,0,Y,1.0,,39,11,732,19x23,Vipoo Srisawadi
B,11x1979,บริษัท ปูนซีเมนต์เอเซีย จำกัด  (มหาชน),สระบุรี,MN05,Y,2026-10-03,6,2,1.83,0,Y,6603.0,418867.9,9,1,116,19x1,Administrator
U,11x1981,บริษัท เรทโทร เพาเวอร์ จำกัด,กรุงเทพมหานคร,SV04,N,,,0,0.00,0,Y,1.0,,5,0,0,19x34,Kanittha Cheryhom
U,11x1982,บริษัท ฟอสเตอร์ วีลเลอร์ อินเตอร์ เนชั่นแนล คอร์ปอเรชั่น,ชลบุรี,SV01,N,,,0,0.00,0,Y,,,4,0,0,19x1,Administrator
C,11x1983,ห้างหุ้นส่วนจำกัด เอส.พี.เค.ไฮโดรลิค,,AG02,N,,,0,0.00,0,Y,,,1,0,0,19x1,Administrator
B,11x1984,บริษัท เอสทีซี นิกกะ จำกัด,สมุทรปราการ,CH01,N,,,0,0.00,0,Y,11.119915,812.77,3,0,0,19x1,Administrator
A,11x1985,บริษัท เหล็กสยามยามาโตะ จำกัด,ชลบุรี,MT01,N,,,0,0.00,0,Y,0.0,0,15,0,0,19x1,Administrator
D,11x1986,บริษัท ระยองเพียวริฟายเออร์ จำกัด (มหาชน),,PE00,N,,,0,0.00,0,Y,,,2,0,0,19x1,Administrator
U,11x1987,บริษัท ไอ ริช จำกัด,กรุงเทพมหานคร,SV01,N,,,0,0.00,0,Y,1.0,,51,0,0,19x1,Administrator
U,11x1988,บริษัท เทรด เอ็นทรีฟรีเนอ จำกัด,,SV04,N,,,0,0.00,0,Y,,,2,0,0,19x1,Administrator
U,11x1989,บริษัท เอสเคอีซี (ไทย) จำกัด,กรุงเทพมหานคร,,N,,,0,0.00,0,Y,5.0,,1,0,0,19x1,Administrator
U,11x1990,ห้างหุ้นส่วนจำกัด เอ็น แอนด์ ดี ซัพพลาย เอ็นจิเนียริง,,SV04,N,,,0,0.00,0,Y,,,2,0,0,19x1,Administrator
B,11x1992,บริษัท แวนด้าแพค จำกัด,ชลบุรี,CH42,Y,,,0,0.00,3,Y,462.0,160.5,3,1,490,19x1,Administrator
U,11x1993,บริษัท โคฮากุ คิไค อินเตอร์เทรด จำกัด,,SV04,N,,,0,0.00,0,Y,,,1,0,0,19x1,Administrator
A,11x1994,ห้างหุ้นส่วนจำกัด เอ็น.อี.ที.มาร์เก็ตติ้ง,,MN99,N,,,0,0.00,0,Y,,,1,0,0,19x1,Administrator
R,11x1995,บริษัท วินเทอมส์ จำกัด,ระยอง,CH04,N,,,0,0.00,0,Y,13.0,99,1,0,0,19x1,Administrator
B,11x1996,บริษัท วาเคไทย (ไทยแลนด์) จำกัด,กรุงเทพมหานคร,UT99,N,,,0,0.00,0,Y,800.0,,1,0,0,19x1,Administrator
C,11x1998,บริษัท สตาร์-บอนด์ (ไทยแลนด์) จำกัด,ชลบุรี,CH09,N,,,0,0.00,0,Y,76.0,197.95,4,0,0,19x1,Administrator
U,11x1999,บริษัท ไออีซี แพลนท์ แมชชีนเนอรี่ จำกัด,สมุทรปราการ,SV04,N,,,0,0.00,0,Y,2.0,,1,0,0,19x1,Administrator
A,11x2000,บริษัท แอ็บโซลูท เดนิม จำกัด,สมุทรสาคร,TT00,N,,,0,0.00,0,Y,3962.0,29040.6,1,0,0,19x1,Administrator
A,11x2001,บริษัท เบทาโกรนอร์ธเทอร์น จำกัด,เชียงใหม่,FD05,N,,,0,0.00,0,Y,40.0,,8,0,0,19x1,Administrator
U,11x2002,ห้างหุ้นส่วนจำกัด สยาม ณครพรรณ,กรุงเทพมหานคร,SV04,N,,,0,0.00,0,Y,0.2,,17,0,0,19x1,Administrator
D,11x2003,บริษัท เอไอ เอนเนอร์จี จำกัด (มหาชน),สมุทรสาคร,CH14,Y,2026-06-15,116,8,0.95,22,Y,240.0,28453.62,152,31,708,19x45,Pattamaporn Chadkurupin
B,11x2004,บริษัท ทีเอสเอ็มอาร์ เอ็นจิเนียริ่ง จำกัด,กรุงเทพมหานคร,UT99,N,,,0,0.00,0,Y,4.0,,3,0,0,19x1,Administrator
U,11x2005,บริษัท ซีเกท เทคโนโลยี(ประเทศไทย) จำกัด,สมุทรปราการ,EL01,N,,,0,0.00,0,Y,10565.390864,24742.28,1,0,0,19x1,Administrator
U,11x2006,บริษัท บุญยฤทธิ์ จำกัด,กรุงเทพมหานคร,SV04,Y,2026-07-27,74,1,0.88,0,Y,3.0,,10,3,589,19x43,Katewadee Pratipagorn
C,11x2007,บริษัท จอห์นสัน แอนด์ จอห์นสัน (ไทย) จำกัด,กรุงเทพมหานคร,CH06,N,,,0,0.00,0,Y,374.553,2586.11,38,1,596,19x1,Administrator
U,11x2008,ห้างหุ้นส่วนจำกัด เค.ซี.วี.เอ็นจิเนียริ่ง (1998),กรุงเทพมหานคร,SV04,N,,,0,0.00,0,Y,5.0,,15,2,402,19x1,Administrator
A,11x2009,บริษัท ไทยการซอง จำกัด,สมุทรปราการ,TT00,N,,,0,0.00,0,Y,39.87,195.6,4,0,0,19x1,Administrator
R,11x2010,บริษัท เต็ดตรา แพ้ค (ประเทศไทย) จำกัด,ระยอง,CH04,N,,,0,0.00,0,Y,518.0,2583,3,0,0,19x1,Administrator
A,11x2011,บริษัท กรุงเทพอุตสาหกรรมเลเซอร์และโมลด์ จำกัด,กรุงเทพมหานคร,MT01,N,,,0,0.00,0,Y,2.3,65.5,2,0,0,19x1,Administrator
B,11x2012,บริษัท นครหลวงคอนกรีต จำกัด,กรุงเทพมหานคร,MN05,N,,,0,0.00,0,Y,45.0,264.14,1,0,0,19x1,Administrator
A,11x2013,บริษัท คราวน์ เซรามิคส์ จำกัด,ราชบุรี,MN03,N,,,0,0.00,0,Y,162.0,3671.66,1,0,0,19x1,Administrator
C,11x2015,บริษัท จูเคียว ยูชิ (ประเทศไทย) จำกัด,ชลบุรี,CH43,Y,,,0,0.00,9,Y,149.94,0,74,3,665,19x77,Thitima Plaibua
R,11x2016,บริษัท เอส ที อาร์ อาร์ เอ็นจิเนียริ่ง จำกัด,ระยอง,CH04,N,,,0,0.00,0,Y,33.7,373,1,0,0,19x1,Administrator
U,11x2018,บริษัท จ.แสงศิริ จำกัด,กรุงเทพมหานคร,SV04,N,,,0,0.00,0,Y,7.0,,3,0,0,19x1,Administrator
U,11x2019,บริษัท จีเอส เอ็นจิเนียริ่ง แอนด์ คอนสตรัคชั่น คอร์ปอเรชั่น,,SV01,N,,,0,0.00,0,Y,,,1,0,0,19x1,Administrator
U,11x2020,ห้างหุ้นส่วนจำกัด พี เอ็นจิเนียริ่งส์ แอนท์ มัลติ ซิสเต็มส์,ปทุมธานี,SV04,N,,,0,0.00,0,Y,0.5,,7,0,0,19x1,Administrator
U,11x2022,ห้างหุ้นส่วนจำกัด พี.เค.เค.เทค,กรุงเทพมหานคร,SV04,N,,,0,0.00,0,Y,1.0,,49,0,0,19x1,Administrator
U,11x2023,บริษัท ไดอะล็อก ซิสเต็มส์ (ประเทศไทย) จำกัด,กรุงเทพมหานคร,SV04,Y,2026-03-30,193,2,0.07,20,Y,2.9,,36,0,0,19x43,Katewadee Pratipagorn
R,11x2025,บริษัท ซูมิโตโม รับเบอร์ (ไทยแลนด์) จำกัด,ระยอง,AG02,Y,2026-09-23,16,2,0.38,0,Y,871.85,1907.5,9,0,0,19x51,Benjamas Tanjit
D,11x2026,บริษัท อยุธยา อินดัสเตรียล แก๊ส จำกัด,พระนครศรีอยุธยา,CH02,N,,,0,0.00,0,Y,1086.929999,21695.5,1,0,0,19x1,Administrator
U,11x2028,บริษัท วี - เอฟ ไล้ท์ติ้ง จำกัด,สมุทรปราการ,EL01,N,,,0,0.00,0,Y,31.5,1268.75,3,0,0,19x1,Administrator
U,11x2029,สมชาย เซอร์วิส,,SV04,N,,,0,0.00,0,Y,,,25,0,0,19x1,Administrator
B,11x2031,บริษัท นวพลาสติกอุตสาหกรรม(สระบุรี) จำกัด,สระบุรี,CH42,N,,,0,0.00,0,Y,0.0,18774.66,12,0,0,19x1,Administrator
R,11x2033,บริษัท บริดจสโตน เอ็นซีอาร์ จำกัด,ระยอง,UT99,N,,,0,0.00,0,Y,248.53,7012.06,5,0,0,19x1,Administrator
U,11x2035,บริษัท ไอ ออน เอ็คซเซ้นจ์  เอเซีย แปซิฟิค (ประเทศไทย) จำกัด,กรุงเทพมหานคร,SV04,N,,,0,0.00,0,Y,4.0,,1,0,0,19x1,Administrator
U,11x2036,บริษัท ทริปเปิ้ล เอ เอ็นจิเนียริ่ง แอนด์ ซัพพลาย จำกัด,ชลบุรี,SV04,N,,,0,0.00,0,Y,5.0,,2,0,0,19x1,Administrator
D,11x2038,ศูนย์บริการวิชาการแห่งจุฬาลงกรณ์มหาวิทยาลัย,,GV00,N,,,0,0.00,0,Y,,,1,0,0,19x1,Administrator
D,11x2039,บริษัท เอสแอนด์เจโปรดักท์ จำกัด,ลำพูน,FD04,N,,,0,0.00,0,Y,40.95,577.28,9,0,0,19x1,Administrator
B,11x2040,บริษัท คิวแฟค จำกัด,สมุทรปราการ,CH11,N,,,0,0.00,0,Y,15.994826,17.27,7,0,0,19x1,Administrator
U,11x2041,บริษัท ดาว เทรดดิ้ง จำกัด,,SV04,N,,,0,0.00,0,Y,,,4,0,0,19x1,Administrator
D,11x2042,บริษัท ซีรีคลอร์ คอร์ปอเรชั่น (ประเทศไทย) จำกัด,เพชรบุรี,PE00,N,,,0,0.00,0,Y,5.3,115,1,0,0,19x1,Administrator
D,11x2043,บริษัท น้ำตาลพิษณุโลก จำกัด,พิษณุโลก,FD04,N,,,0,0.00,0,Y,1555.0,350633.86,3,0,0,19x1,Administrator
D,11x2044,บริษัท บางกอก ที.เอ็ม.เครื่องดื่ม จำกัด,กรุงเทพมหานคร,FD99,N,,,0,0.00,0,Y,12.0,1225,6,0,0,19x1,Administrator
U,11x2045,บริษัท เอส.บี.เอ็น.เอ็นจิเนียริ่ง จำกัด,,SV04,N,,,0,0.00,0,Y,,,2,0,0,19x1,Administrator
C,11x2046,บริษัท นำวิวัฒน์การช่าง (1992) จำกัด,สมุทรปราการ,CH05,N,,,0,0.00,0,Y,12.0,355,1,0,0,19x1,Administrator
U,11x2047,บริษัท คัมมิ่นส์ ดีเคเอสเอช (ประเทศไทย) จำกัด,พระนครศรีอยุธยา,SV04,N,,,0,0.00,0,Y,70.0,181.73,1,0,0,19x1,Administrator
R,11x2048,บริษัท เก็คโค่-วัน จำกัด,ระยอง,UT99,N,,,0,0.00,0,Y,0.0,0,6,0,0,19x78,Sarawut Viseshasiri
D,11x2050,บริษัท แมกซ์เวล เซอร์วิส เซ็นเตอร์ จำกัด,นครปฐม,MT03,N,,,0,0.00,0,Y,2.0,,4,0,0,19x1,Administrator
D,11x2051,บริษัท อีเกิ้ล อินเตอร์ทรานส์ จำกัด,กรุงเทพมหานคร,CH02,N,,,0,0.00,0,Y,84.0,,14,0,0,19x45,Pattamaporn Chadkurupin
A,11x2052,บริษัท เอ็นบีซี (เอเชีย) จำกัด,ชลบุรี,CH03,N,,,0,0.00,0,Y,220.0,,26,0,0,19x1,Administrator
B,11x2053,บริษัท ไทยเซ็นทรัลเคมี จำกัด  (มหาชน),สมุทรปราการ,CH11,N,,,0,0.00,0,Y,291.15,12609.29,1,0,0,19x1,Administrator
R,11x2054,บริษัท ท็อปพ้อยท์ คอร์ปอเรชั่น จำกัด,ระยอง,CH04,N,,,0,0.00,0,Y,45.0,,3,0,0,19x1,Administrator
D,11x2056,บริษัท เกรซฟู้ด  จำกัด,เชียงราย,FD01,N,,,0,0.00,0,Y,373.85,2984.05,1,0,0,19x1,Administrator
U,11x2057,"IWASE (THAILAND) CO., LTD.",,SV01,N,,,0,0.00,0,Y,,,1,0,0,19x1,Administrator
R,11x2058,บริษัท จอห์นสัน คอนโทรลส์ แอนด์ ซัมมิท อินทีเรียส์ จำกัด,ระยอง,UT99,N,,,0,0.00,0,Y,0.0,0,5,0,0,19x1,Administrator
C,11x2059,บริษัท นวพลาสติกอุตสาหกรรม  จำกัด,ปทุมธานี,CH04,N,,,0,0.00,0,Y,15.34,227.34,2,0,0,19x1,Administrator
U,11x2060,บริษัท ฟินิกส์ แมชชีนเนอรี่ จำกัด,สมุทรสาคร,SV04,N,,,0,0.00,0,Y,,,4,1,102,19x77,Thitima Plaibua
U,11x2062,ห้างหุ้นส่วนจำกัด คิ้ม แอนด์ เอส อีควิปเมนท์,กรุงเทพมหานคร,SV04,N,,,0,0.00,0,Y,0.2,,1,0,0,19x1,Administrator
R,11x2063,บริษัท  เน็กไลน์  จำกัด,ระยอง,SV04,N,,,0,0.00,0,Y,12.0,,3,0,0,19x1,Administrator
B,11x2064,บริษัท เอ็มซี สยาม โลจีสติคส์ จำกัด,สมุทรปราการ,CH01,N,,,0,0.00,0,Y,24.5361,2982,1,0,0,19x1,Administrator
D,11x2065,บริษัท พี.เอส.พี. ทรานสปอร์ต จำกัด,กรุงเทพมหานคร,TP00,N,,,0,0.00,0,Y,228.0,,3,0,0,19x1,Administrator
A,11x2068,บริษัท อิมเมจ อิงค์ จำกัด,ฉะเชิงเทรา,CH03,Y,,,0,0.00,1,Y,4.0,246.5,22,1,422,19x88,Thanaaran Sirawattanamongkol
U,11x2069,บริษัท จามจุรี วาณิช จำกัด,กรุงเทพมหานคร,SV04,N,,,0,0.00,0,Y,3.0,,3,0,0,19x1,Administrator
U,11x2070,บริษัท อมตะ บี.กริม เพาเวอร์ 2 จำกัด,ชลบุรี,UT01,N,,,0,0.00,0,Y,1437.0,0,6,2,428,19x1,Administrator
D,11x2072,บริษัท แม่สอดพลังงานสะอาด จำกัด,ตาก,CH14,Y,2026-05-29,133,2,0.11,0,Y,1844.0,14738,17,0,0,19x34,Kanittha Cheryhom
D,11x2073,บริษัท บริการเชื้อเพลิงการบินกรุงเทพ จำกัด (มหาชน),กรุงเทพมหานคร,TP00,Y,2026-03-30,193,1,0.01,0,Y,637.5,,44,2,618,19x43,Katewadee Pratipagorn
U,11x2074,บริษัท คูริฮารา (ประเทศไทย) จำกัด,กรุงเทพมหานคร,SV01,N,,,0,0.00,0,Y,50.0,,7,1,336,19x1,Administrator
U,11x2075,บริษัท เค็พเลอร์ อินเตอร์เนชั่นแนล จำกัด,นครปฐม,SV04,N,,,0,0.00,0,Y,26.3,186.5,1,0,0,19x1,Administrator
R,11x2076,บริษัท โกลว์ เอสพีพี 2 จำกัด,ระยอง,UT01,N,,,0,0.00,0,Y,431.24,409453.91,1,0,0,19x1,Administrator
U,11x2077,บริษัท เอส.ซี.อาร์ เอ็นจิเนียริ่ง แอนด์ เซอร์วิส จำกัด,นนทบุรี,SV04,N,,,0,0.00,0,Y,1.0,,63,0,0,19x1,Administrator
U,11x2079,บริษัท  เวสท์โคสท์ เอ็นจิเนียริ่ง  จำกัด,ประจวบคีรีขันธ์,SV01,N,,,0,0.00,0,Y,186.238073,495.35,1,0,0,19x1,Administrator
B,11x2080,บริษัท  ปฐมศิลาสหมิตร  จำกัด,ราชบุรี,MN01,N,,,0,0.00,0,Y,55.0,,2,0,0,19x1,Administrator
B,11x2081,บริษัท  ศรีปฐมอุตสาหกรรม  จำกัด,ราชบุรี,MN01,N,,,0,0.00,0,Y,50.0,,2,0,0,19x1,Administrator
U,11x2083,เอส.ที. อินเตอร์เทรด,,SV04,N,,,0,0.00,0,Y,,,2,0,0,19x1,Administrator
U,11x2085,บริษัท สุริยอนันต์ วิศวกรรม จำกัด,ชลบุรี,SV01,N,,,0,0.00,0,Y,3.0,,1,0,0,19x1,Administrator
D,11x2086,บริษัท ไทสัน โพลทรี่ (ไทยแลนด์) จำกัด,ปทุมธานี,FD01,N,,,0,0.00,0,Y,106.611629,2618.17,24,0,0,19x1,Administrator
R,11x2088,บริษัท อินโดรามา ปิโตรเคม จำกัด,ระยอง,CH14,N,,,0,0.00,0,Y,13621.84,129031.3,7,0,0,19x78,Sarawut Viseshasiri
R,11x2089,บริษัท ทีอาร์ซี คอนสตรัคชั่น จำกัด (มหาชน),ระยอง,SV01,N,,,0,0.00,0,Y,100.0,2080.8000000000002,3,0,0,19x1,Administrator
C,11x2090,ห้างหุ้นส่วนจำกัด พี.ซับคอน 333,สมุทรปราการ,CH06,N,,,0,0.00,0,Y,1.0,,1,0,0,19x1,Administrator
U,11x2091,บริษัท คูริตะ-จีเค เคมีคอล จำกัด,สมุทรปราการ,SV01,N,,,0,0.00,0,Y,45.0,12060,5,0,0,19x1,Administrator
U,11x2092,บริษัท บีแอล บราเดอร์ จำกัด,กรุงเทพมหานคร,SV04,N,,,0,0.00,0,Y,1.0,,2,0,0,19x1,Administrator
U,11x2093,บริษัท ลีดเดอร์ ซัพพลาย แอนด์ เซอร์วิส จำกัด,สงขลา,SV04,N,,,0,0.00,0,Y,1.0,,1,0,0,19x1,Administrator
D,11x2094,บริษัท เอเชียบางนา จำกัด,สมุทรปราการ,FD01,N,,,0,0.00,0,Y,32.0,,1,0,0,19x1,Administrator
U,11x2095,บริษัท เค เค กลอเรียส จำกัด,กรุงเทพมหานคร,SV04,N,,,0,0.00,0,Y,5.0,,2,0,0,19x1,Administrator
U,11x2096,บริษัท แฟคตอรี่ ออโตเมชั่น ซิสเต็ม จำกัด,ปทุมธานี,SV04,N,,,0,0.00,0,Y,1.0,,1,0,0,19x1,Administrator
A,11x2097,บริษัท พีพีจี โคทติ้งส์ (ประเทศไทย) จำกัด,สมุทรปราการ,CH03,Y,2026-08-07,63,3,0.36,18,Y,301.4,1362.07,104,16,624,19x88,Thanaaran Sirawattanamongkol
U,11x2098,บริษัท วีเอส ไฮโดรเทค จำกัด,ปทุมธานี,SV04,N,,,0,0.00,0,Y,1.0,,1,0,0,19x1,Administrator
C,11x2099,บริษัท ไวท์เฮ้าส์คลีนนิ่ง โปรดักส์ จำกัด,สมุทรปราการ,CH06,N,,,0,0.00,0,Y,55.0,,1,0,0,19x1,Administrator
A,11x2100,ห้างหุ้นส่วนจำกัด โรงงานอุตสาหกรรมการยางยืนยง,สมุทรปราการ,CH41,N,,,0,0.00,0,Y,2.0,650.20000000000005,1,0,0,19x1,Administrator
U,11x2101,บริษัท ครอบครัวขนส่ง จำกัด,,,N,,,0,0.00,0,Y,,,1,0,0,19x1,Administrator
U,11x2102,บริษัท เกษตรภัณฑ์อุตสาหกรรม จำกัด,สมุทรปราการ,SV01,Y,2026-09-23,16,2,9.73,3,Y,665.0,1366.4,47,4,651,19x27,Nattawut Junkong
D,11x2103,บริษัท อ.ศิริชัยพัฒนา จำกัด,,TP00,N,,,0,0.00,0,Y,,,1,0,0,19x1,Administrator
D,11x2104,บริษัท โยแมน เอ็นจิเนียริ่ง แอนด์ เซอร์วิส จำกัด,สมุทรปราการ,TP00,N,,,0,0.00,0,Y,1.0,,15,0,0,19x1,Administrator
U,11x2105,บริษัท ไทยไบโอ อ๊อกซีน จำกัด,,SV04,N,,,0,0.00,0,Y,,,5,0,0,19x1,Administrator
U,11x2106,บริษัท ระยองวิศวกรรมและซ่อมบำรุง จำกัด,กรุงเทพมหานคร,SV03,N,,,0,0.00,0,Y,50.0,,22,0,0,19x90,Patthamanan Pudgajang
U,11x2107,บริษัท แอมโม จำกัด,,SV04,N,,,0,0.00,0,Y,,,1,0,0,19x1,Administrator
U,11x2108,บริษัท ประวัติสุขนวล จำกัด,กรุงเทพมหานคร,SV01,N,,,0,0.00,0,Y,2.0,,6,0,0,19x1,Administrator
C,11x2109,บริษัท เอ็กซ์เซลเล้นท์ รับเบอร์ จำกัด,ชลบุรี,AG02,N,,,0,0.00,0,Y,370.0,,1,0,0,19x1,Administrator
R,11x2110,บริษัท ไนเตรทไทย จำกัด,ระยอง,CH04,N,,,0,0.00,0,Y,0.0,16299.56,11,0,0,19x51,Benjamas Tanjit
B,11x2112,บริษัท เอเวอร์กรีน อินเตอร์เนชั่นแนล โฮเต็ล พรอเพอตี้ (กรุงเทพฯ)จำกัด,สมุทรปราการ,UT99,N,,,0,0.00,0,Y,110.94,,1,0,0,19x1,Administrator
D,11x2113,บริษัท บางกอกโนเวล จำกัด,กรุงเทพมหานคร,FD01,N,,,0,0.00,0,Y,1.0,,4,0,0,19x1,Administrator
U,11x2114,บริษัท คินเดน (ประเทศไทย) จำกัด,กรุงเทพมหานคร,SV04,Y,,,0,0.00,2,Y,21.1,,17,4,721,19x88,Thanaaran Sirawattanamongkol
U,11x2115,ห้างหุ้นส่วนจำกัด จ.เจริญกรุง,กรุงเทพมหานคร,SV04,N,,,0,0.00,0,Y,1.05,,2,0,0,19x1,Administrator
U,11x2116,บริษัท แอดวานซ์ อินดัสเทรียล เซอร์วิส จำกัด,สระบุรี,SV04,N,,,0,0.00,0,Y,1.1,180,1,0,0,19x1,Administrator
U,11x2117,บริษัท กัลฟ์ เพาเวอร์ เจเนอเรชั่น จำกัด,สระบุรี,UT01,N,,,0,0.00,0,Y,9607.0,,2,0,0,19x1,Administrator
U,11x2118,บริษัท อมตะ บี.กริม เพาเวอร์ 1  จำกัด,ชลบุรี,UT01,N,,,0,0.00,0,Y,0.0,536878.80000000005,5,2,428,19x1,Administrator
D,11x2120,บริษัท อาหารเบทเทอร์ จำกัด,ปทุมธานี,FD99,N,,,0,0.00,0,Y,793.0,9868.67,9,2,574,19x44,Nuttapong Laplumwanich
U,11x2121,บริษัท ฝาจีบ จำกัด (มหาชน),ปทุมธานี,SV04,N,,,0,0.00,0,Y,1150.0,496,4,0,0,19x1,Administrator
A,11x2122,บริษัท ออโต้ อินทีเรียร์ โปรดักส์ จำกัด,ชลบุรี,CH41,N,,,0,0.00,0,Y,220.0,2063.9,1,0,0,19x1,Administrator
D,11x2124,บริษัท ยูเนี่ยนโฟรเซนโปรดักส์ จำกัด,สมุทรสาคร,FD01,N,,,0,0.00,0,Y,203.0,418.31,1,0,0,19x1,Administrator
D,11x2125,บริษัท ดับเบิ้ลยูจีซี จำกัด,นครปฐม,FD99,Y,2026-10-03,6,1,0.37,0,Y,120.0,21290.99,4,1,183,19x34,Kanittha Cheryhom
A,11x2126,บริษัท สตาร์ ซานิทารีแวร์ จำกัด (มหาชน),กรุงเทพมหานคร,MN03,N,,,0,0.00,0,Y,662.39,,5,0,0,19x1,Administrator
U,11x2127,ห้างหุ้นส่วนจำกัด เอ็น แอนด์ ดี ซัพพลาย เอ็นจิเนียริ่ง,กรุงเทพมหานคร,SV04,N,,,0,0.00,0,Y,3.0,,2,2,536,19x1,Administrator
R,11x2128,บริษัท ไทยซัมมิท เทป จำกัด,ระยอง,MN05,N,,,0,0.00,0,Y,15.0,,7,0,0,19x1,Administrator
B,11x2129,บริษัท บางกอกโคมัตสุ จำกัด,ชลบุรี,UT99,Y,,,0,0.00,3,Y,3289.98,20340.41,14,0,0,19x77,Thitima Plaibua
R,11x2130,บริษัท เอส.ที.เมนเทนแนนซ์ แอนด์ คอนสทรัคชั่น จำกัด,ระยอง,SV04,N,,,0,0.00,0,Y,5.0,,1,0,0,19x1,Administrator
U,11x2131,บริษัท ยูโรเทค นิวทรีชั่น(ไทยแลนด์) จำกัด,,SV01,N,,,0,0.00,0,Y,,,3,0,0,19x1,Administrator
R,11x2133,บริษัท โรงน้ำปลาตั้งไถ่เชียง จำกัด,ระยอง,FD04,N,,,0,0.00,0,Y,0.425,258,1,0,0,19x1,Administrator
C,11x2134,บริษัท เจ้าคุณเกษตรพืชผล จำกัด,สระบุรี,FD08,N,,,0,0.00,0,Y,210.0,3135.5,3,0,0,19x1,Administrator
R,11x2136,บริษัท ไทยโพลิโพรไพลีน จำกัด,ระยอง,CH04,N,,,0,0.00,0,Y,,,3,0,0,19x1,Administrator
U,11x2137,บริษัท ซี พี เอ็น ทรานสฟอร์เมอร์ จำกัด,นครปฐม,EL01,N,,,0,0.00,0,Y,19.0,65.239999999999995,2,0,0,19x1,Administrator
U,11x2138,"Johnson Control International (Thailand) Co., Ltd.",,,N,,,0,0.00,0,Y,,,1,0,0,19x1,Administrator
R,11x2139,บริษัท สไตโรลูชั่น (ประเทศไทย) จำกัด,ระยอง,CH03,N,,,0,0.00,0,Y,1270.0,,8,0,0,19x1,Administrator
R,11x2140,บริษัท เอทีเซรามิกส์ จำกัด,ระยอง,SV04,N,,,0,0.00,0,Y,,,1,0,0,19x1,Administrator
D,11x2141,บริษัท หยั่น หว่อ หยุ่น จำกัด,สมุทรสาคร,FD04,N,,,0,0.00,0,Y,658.0,10772,4,0,0,19x1,Administrator
B,11x2142,บริษัท อาซาฮีคาเซอิ พลาสติก (ประเทศไทย) จำกัด,พระนครศรีอยุธยา,CH42,Y,,,0,0.00,1,Y,0.0,2685.35,7,0,0,19x1,Administrator
U,11x2143,บริษัท ไทยเคนเมนทิแนนซ์แอนด์เซอร์วิส จำกัด,สมุทรปราการ,SV04,N,,,0,0.00,0,Y,5.0,,1,0,0,19x1,Administrator
U,11x2144,บริษัท  เมคทรอนิกซ์  อินดัสเทรียล ซัพพลาย จำกัด,สุราษฎร์ธานี,SV01,N,,,0,0.00,0,Y,1.0,,3,0,0,19x1,Administrator
U,11x2145,บริษัท ไอ.เอส.โอ.พาเนล จำกัด,ปทุมธานี,SV04,N,,,0,0.00,0,Y,20.0,,2,0,0,19x1,Administrator
D,11x2146,บริษัท ตราสิน จำกัด,กรุงเทพมหานคร,GV00,N,,,0,0.00,0,Y,2.5,,1,0,0,19x1,Administrator
U,11x2147,บริษัท โปรไวเดอร์ เอ็นจิเนียริ่ง คอนสตรัคชั่น จำกัด,,SV04,N,,,0,0.00,0,Y,,,1,0,0,19x1,Administrator
U,11x2148,บริษัท อาร์พีซี เอ็นจิเนียริ่ง จำกัด,กรุงเทพมหานคร,SV04,N,,,0,0.00,0,Y,2.0,,1,0,0,19x1,Administrator
U,11x2149,บริษัท ทิทโก้ กรุงเทพ จำกัด,สมุทรปราการ,SV04,N,,,0,0.00,0,Y,4.0,,5,0,0,19x1,Administrator
R,11x2151,บริษัท พีทีที โกลบอล เคมิคอล จำกัด (มหาชน),ระยอง,PE00,Y,2026-10-03,6,16,1.41,0,Y,89.0,200,183,0,0,19x78,Sarawut Viseshasiri
U,11x2152,บริษัท เคซีอี เทคโนโลยี จำกัด,พระนครศรีอยุธยา,EL01,N,,,0,0.00,0,Y,262.5,2900,18,1,681,19x1,Administrator
B,11x2153,บริษัท ปูนซิเมนต์ไทย (ทุ่งสง) จำกัด (โรงงานทุ่งสง),นครศรีธรรมราช,MN05,N,,,0,0.00,0,Y,700.0,,3,1,459,19x85,Katewadee Pratipagorn (B)
U,11x2154,บริษัท โกลด์เกียร์ เอ็นเตอร์ไพร์ส จำกัด,,SV04,N,,,0,0.00,0,Y,,,3,0,0,19x1,Administrator
B,11x2155,GLOW SPP 1 COMPANY LIMITED,,UT99,N,,,0,0.00,0,Y,,,3,0,0,19x1,Administrator
U,11x2157,"INNOVEK SOLUTION CO., LTD.",,SV04,N,,,0,0.00,0,Y,,,2,0,0,19x1,Administrator
U,11x2158,บริษัท ออปอเรชั่น เอ็นจิเนียริ่ง เซอร์วิส จำกัด,กรุงเทพมหานคร,UT01,N,,,0,0.00,0,Y,30.0,,2,0,0,19x1,Administrator
U,11x2159,บริษัท เอเชียน เทค แอนด์ เอ็นจิเนียริ่ง จำกัด,สมุทรปราการ,SV01,N,,,0,0.00,0,Y,19.5,86,5,0,0,19x1,Administrator
D,11x2160,บริษัท พี.อาร์.ฟู้ดแลนด์ จำกัด,นครราชสีมา,FD01,N,,,0,0.00,0,Y,70.0,,1,0,0,19x1,Administrator
C,11x2161,บริษัท ซันสตาร์ เคมีคัล(ประเทศไทย) จำกัด,สมุทรปราการ,CH09,Y,2026-07-27,74,1,0.30,0,Y,170.0,1926.25,14,2,473,19x92,Napadol Peoksangthip
R,11x2162,บริษัท อิวอนิก ยูไนเต็ด ซิลิกา (สยาม) จำกัด,ระยอง,CH13,Y,2026-09-23,16,7,0.10,0,Y,403.0,18787.419999999998,36,0,0,19x51,Benjamas Tanjit
U,11x2163,บริษัท ชาร์พ แอพพลายแอนซ์ (ประเทศไทย) จำกัด,ฉะเชิงเทรา,EL01,N,,,0,0.00,0,Y,20.0,21645.200000000001,3,0,0,19x1,Administrator
U,11x2164,บริษัท ไอดี โซลูชั่น จำกัด,ปทุมธานี,SV01,N,,,0,0.00,0,Y,50.0,,1,0,0,19x1,Administrator
U,11x2165,บริษัท เอส.ที.อิเล็คทริคอลโปรดักส์ จำกัด,กรุงเทพมหานคร,SV01,N,,,0,0.00,0,Y,5.0,,28,1,416,19x43,Katewadee Pratipagorn
U,11x2166,บริษัท เอสเอฟเอฟ กรุ๊ป จำกัด,สมุทรปราการ,SV04,N,,,0,0.00,0,Y,1.0,,1,0,0,19x1,Administrator
D,11x2167,บริษัท เซเรบอส (ประเทศไทย) จำกัด,กรุงเทพมหานคร,FD01,N,,,0,0.00,0,Y,100.0,,2,0,0,19x1,Administrator
U,11x2169,บริษัท ฤทธา จำกัด,ปทุมธานี,SV01,N,,,0,0.00,0,Y,100.0,493.61,3,0,0,19x1,Administrator
A,11x2170,บริษัท มารูอิ อินดัสตรี (ไทยแลนด์) จำกัด,ปราจีนบุรี,MT02,N,,,0,0.00,0,Y,348.442929,3674.63,1,0,0,19x1,Administrator
U,11x2172,บริษัท  เอสเอฟซี นิวเมติคส์  จำกัด,สมุทรสาคร,SV04,N,,,0,0.00,0,Y,25.0,,1,0,0,19x1,Administrator
C,11x2173,บริษัท วนชัย กรุ๊ป จำกัด (มหาชน),สระบุรี,AG03,Y,,,0,0.00,4,Y,1200.0,25449.41,6,0,0,19x1,Administrator
D,11x2174,บริษัท เนสท์เล่ (ไทย) จำกัด,กรุงเทพมหานคร,FD01,Y,2026-07-30,71,3,0.76,9,Y,110.0,12812.69,120,0,0,19x51,Benjamas Tanjit
B,11x2175,บริษัท โอลิโอฟายน์ ออกานิก (ประเทศไทย) จำกัด,ลพบุรี,CH42,N,,,0,0.00,0,Y,62.0,673.5,3,0,0,19x1,Administrator
U,11x2176,บริษัท พี.เอส.ซี.ที.เอ็นจิเนียริ่ง (2009) จำกัด,สมุทรปราการ,SV04,Y,2026-09-04,35,2,0.10,0,Y,1.0,,24,0,0,19x43,Katewadee Pratipagorn
U,11x2178,บริษัท ซีทู โซลูชั่น แอนด์ อินโนเวชั่น จำกัด,สมุทรปราการ,SV04,N,,,0,0.00,0,Y,1.0,,1,0,0,19x1,Administrator
D,11x2179,ห้างหุ้นส่วนจำกัด อ.แสงสุวรรณ ทูลส์,สมุทรปราการ,FD01,N,,,0,0.00,0,Y,0.4,,2,0,0,19x1,Administrator
D,11x2181,ซีพีเอฟ - มีนบุรี2,,FD01,N,,,0,0.00,0,Y,,,14,0,0,19x1,Administrator
A,11x2182,บริษัท ซีพีเอฟ (ประเทศไทย) จำกัด  (มหาชน),กรุงเทพมหานคร,FD05,Y,2026-09-15,24,6,0.49,0,Y,41.5,9220.49,8,0,0,19x27,Nattawut Junkong
A,11x2183,บริษัท ซีพีเอฟ  (ประเทศไทย) จำกัด (มหาชน),กรุงเทพมหานคร,FD05,N,,,0,0.00,0,Y,41.5,9220.49,1,0,0,19x1,Administrator
A,11x2184,บริษัท ซีพีเอฟ (ประเทศไทย) จำกัด(มหาชน),กรุงเทพมหานคร,FD05,Y,2026-09-15,24,3,0.31,0,Y,41.5,9220.49,9,0,0,19x1,Administrator
A,11x2185,บริษัท ซีพีเอฟ  ( ประเทศไทย) จำกัด (มหาชน),กรุงเทพมหานคร,FD05,Y,2026-08-20,50,3,0.34,0,Y,41.5,9220.49,0,0,0,19x1,Administrator
A,11x2186,บริษัท ซีพีเอฟ (ประเทศไทย)  จำกัด (มหาชน),กรุงเทพมหานคร,FD05,Y,2026-05-29,133,1,0.47,0,Y,41.5,9220.49,14,0,0,19x1,Administrator
A,11x2187,บริษัท ซีพีเอฟ (ประเทศไทย)  จำกัด(มหาชน),กรุงเทพมหานคร,FD05,Y,2026-09-04,35,2,0.53,0,Y,41.5,9220.49,4,0,0,19x1,Administrator
C,11x2189,บริษัท ไทยเบฟเวอเรจ เอ็นเนอร์ยี่ จำกัด,ปทุมธานี,FD07,N,,,0,0.00,0,Y,304.28,4108.51,44,10,710,19x74,Sujittra Tungprakobjaroen
U,11x2190,บริษัท ที.เอส.พาร์ท จำกัด,สมุทรปราการ,SV01,N,,,0,0.00,0,Y,7.0,,1,0,0,19x1,Administrator
D,11x2192,บริษัท โรงงานแม่รวย จำกัด,กรุงเทพมหานคร,FD01,N,,,0,0.00,0,Y,51.075251,1977.5,3,0,0,19x1,Administrator
U,11x2193,บริษัท ทัสโก้ ทราโฟ จำกัด,สมุทรปราการ,EL01,N,,,0,0.00,0,Y,866.0,,1,0,0,19x1,Administrator
U,11x2194,บริษัท คอนแอนด์บิลด์ แมชชินเนอรี่ จำกัด,กรุงเทพมหานคร,SV01,N,,,0,0.00,0,Y,5.0,,5,0,0,19x1,Administrator
R,11x2195,บริษัท พีทีที เมนเทนแนนซ์ แอนด์ เอนจิเนียริง จำกัด,ระยอง,SV01,N,,,0,0.00,0,Y,200.0,,4,0,0,19x1,Administrator
U,11x2196,บริษัท ที.พี.ซี.บลาสติ้ง แอนด์ เอ็นไวรอนเม้นท์ เซอร์วิส จำกัด,สมุทรปราการ,SV01,N,,,0,0.00,0,Y,1.0,,1,0,0,19x1,Administrator
D,11x2198,บริษัท ยูเอสอี.โฟล-ไลน์ จำกัด,ปทุมธานี,CH14,N,,,0,0.00,0,Y,285.5,570.44000000000005,1,0,0,19x1,Administrator
U,11x2199,ห้างหุ้นส่วนจำกัด ดี เอส เอ็นจิเนียริ่ง แอนด์ ซัพพลาย,ชลบุรี,SV04,N,,,0,0.00,0,Y,1.0,,2,0,0,19x1,Administrator
C,11x2200,บริษัท โรเดีย ไทย โฮลดิ้งส์ จำกัด,สมุทรปราการ,CH06,N,,,0,0.00,0,Y,,,1,0,0,19x1,Administrator
A,11x2201,บริษัท โตโยต้า โบโชคุ เกตเวย์(ประเทศไทย) จำกัด,ฉะเชิงเทรา,CH41,N,,,0,0.00,0,Y,486.0,5552.5,4,0,0,19x1,Administrator
D,11x2202,บริษัท ไอ.เอส.เอ.แวลู จำกัด,นครปฐม,FD01,N,,,0,0.00,0,Y,5596.0,24995.29,1,0,0,19x1,Administrator
D,11x2203,บริษัท แซส เทค โซลูชั่น จำกัด,ระยอง,SV04,Y,,,0,0.00,10,Y,81.0,36.6,115,16,708,19x23,Vipoo Srisawadi
U,11x2206,บริษัท เอ็น ซัพพลาย จำกัด,กรุงเทพมหานคร,SV01,N,,,0,0.00,0,Y,1.0,,2,0,0,19x1,Administrator
U,11x2207,บริษัท ซีโร่-ลีก จำกัด,กรุงเทพมหานคร,SV01,N,,,0,0.00,0,Y,0.0,187,5,0,0,19x1,Administrator
D,11x2210,บริษัท ซี.เอส.โอ.ปิโตรเลียม จำกัด,เชียงใหม่,CH14,N,,,0,0.00,0,Y,50.0,,4,0,0,19x1,Administrator
A,11x2211,บริษัท ไดนามิก้า เอ็นจิเนียริ่ง จำกัด,กรุงเทพมหานคร,OM00,N,,,0,0.00,0,Y,1.0,,12,0,0,19x1,Administrator
U,11x2212,บริษัท อดิสสิโอ เทรดดิ้ง (ประเทศไทย) จำกัด,กรุงเทพมหานคร,SV04,Y,2026-06-15,116,2,0.13,1,Y,103.0,,16,2,730,19x27,Nattawut Junkong
U,11x2216,บริษัท เคมิคอลไลน์ จำกัด,นนทบุรี,SV04,N,,,0,0.00,0,Y,0.5,,1,0,0,19x1,Administrator
B,11x2217,บริษัท แบงค็อก โฮเทล โลตัส สุขุมวิท จำกัด,กรุงเทพมหานคร,UT99,N,,,0,0.00,0,Y,24.0,,2,0,0,19x1,Administrator
C,11x2219,บริษัท อินเตอร์เนชั่นเเนล แลบบอราทอรีส์ จำกัด,สมุทรปราการ,CH05,N,,,0,0.00,0,Y,500.0,,2,0,0,19x1,Administrator
B,11x2220,บริษัท ไอเอซีซี เคมิคอล โซลูชั่นส์ จำกัด,สมุทรปราการ,CH01,N,,,0,0.00,0,Y,172.791,0,38,0,0,19x89,Tanaporn Chanchanaroj
U,11x2221,บริษัท สิริณ อินเตอร์ ซัพพลาย จำกัด,กรุงเทพมหานคร,SV04,N,,,0,0.00,0,Y,5.0,,1,0,0,19x1,Administrator
U,11x2222,บริษัท พี ซี ซี ไพศาลสิน จำกัด,กรุงเทพมหานคร,SV04,N,,,0,0.00,0,Y,10.0,70,2,0,0,19x1,Administrator
A,11x2223,บริษัท ไทยอิสเทอนอินดัสทรี้ จำกัด,นครปฐม,TT00,N,,,0,0.00,0,Y,0.0,6709.5,9,0,0,19x1,Administrator
D,11x2224,บริษัท น้ำมัน ไออาร์พีซี จำกัด,สมุทรปราการ,CH14,N,,,0,0.00,0,Y,200.0,2865.74,6,1,28,19x23,Vipoo Srisawadi
U,11x2225,บริษัท ดีพี เจริญเอ็นจิเนียริ่ง จำกัด,ชลบุรี,SV01,N,,,0,0.00,0,Y,1.0,,2,0,0,19x1,Administrator
U,11x2226,บริษัท บี.อี.คอน จำกัด,กรุงเทพมหานคร,SV04,N,,,0,0.00,0,Y,5.0,,1,0,0,19x1,Administrator
R,11x2227,บริษัท อูเบะ เคมิคอลส์ (เอเชีย) จำกัด (มหาชน),ระยอง,PE00,N,,,0,0.00,0,Y,0.0,9416.83,1,0,0,19x1,Administrator
C,11x2228,บริษัท โซเก็น เคมิคอล เอเชีย จำกัด,ชลบุรี,CH09,N,,,0,0.00,0,Y,0.0,2314.14,14,0,0,19x34,Kanittha Cheryhom
C,11x2229,บริษัท กาญจนสิงขร จำกัด,กรุงเทพมหานคร,FD07,Y,2026-03-30,193,1,0.15,0,Y,700.0,,19,1,261,19x74,Sujittra Tungprakobjaroen
D,11x2230,บริษัท เพียวเคมม์ จำกัด,สมุทรปราการ,FD04,N,,,0,0.00,0,Y,12.0,18405.580000000002,1,0,0,19x1,Administrator
U,11x2232,บริษัท ท็อปเวลล์ อิลาสติกส์ เทคโนโลยี จำกัด,สมุทรปราการ,SV01,N,,,0,0.00,0,Y,80.0,,1,0,0,19x1,Administrator
U,11x2233,บริษัท วี-สมาร์ท แมชชีน จำกัด,,SV01,N,,,0,0.00,0,Y,,,1,0,0,19x1,Administrator
A,11x2234,บริษัท  ซีพีเอฟ (ประเทศไทย)  จำกัด (มหาชน),กรุงเทพมหานคร,FD05,Y,2026-09-28,11,6,1.06,0,Y,41.5,9220.49,0,0,0,19x1,Administrator
U,11x2235,บริษัท เทวนตี้ โฟร์ เทวนตี้ โฟร์ จำกัด,กรุงเทพมหานคร,UT01,N,,,0,0.00,0,Y,1.0,,3,0,0,19x1,Administrator
D,11x2236,บริษัท อิมโก้ ฟู๊ดแพ็ค จำกัด,ฉะเชิงเทรา,FD01,N,,,0,0.00,0,Y,0.0,11823,1,0,0,19x1,Administrator
U,11x2237,บริษัท ภาคภูมิ สแปพาร์ต จำกัด,กรุงเทพมหานคร,SV04,N,,,0,0.00,0,Y,1.0,,9,1,385,19x27,Nattawut Junkong
A,11x2238,บริษัท  ซีพีเอฟ (ประเทศไทย) จำกัด (มหาชน),กรุงเทพมหานคร,FD05,Y,2026-09-15,24,1,0.43,0,Y,41.5,9220.49,1,0,0,19x1,Administrator
A,11x2239,บริษัท วิลสันอาร์ท (ประเทศไทย) จำกัด,สมุทรสาคร,MN99,N,,,0,0.00,0,Y,44.5,6587.27,14,0,0,19x1,Administrator
R,11x2240,บริษัท ไฮสปีด เอ็นจิเนียริ่ง จำกัด,ระยอง,SV01,N,,,0,0.00,0,Y,3.0,,1,0,0,19x1,Administrator
R,11x2241,บริษัท ไทยแทฟฟิต้า จำกัด,ระยอง,TT00,N,,,0,0.00,0,Y,120.0,11722.31,2,0,0,19x1,Administrator
B,11x2242,บริษัท เอส เอ็น ซี ซาวด์ พรู๊ฟ จำกัด,ชลบุรี,UT99,N,,,0,0.00,0,Y,155.25,2603.2399999999998,4,0,0,19x77,Thitima Plaibua
U,11x2244,บริษัท เทสโก้ แมน (ประเทศไทย) จำกัด,สระบุรี,SV04,N,,,0,0.00,0,Y,1.0,,1,0,0,19x1,Administrator
D,11x2245,บริษัท ธนคอนสตรัคชั่น (1994) จำกัด,อุตรดิตถ์,TP00,N,,,0,0.00,0,Y,41.8,491.85,1,0,0,19x1,Administrator
R,11x2246,บริษัท สตาร์ ปิโตรเลียม รีไฟน์นิ่ง จำกัด (มหาชน),ระยอง,PE00,Y,2026-08-20,50,1,0.07,0,Y,24536.11,149639.29,9,0,0,19x51,Benjamas Tanjit
U,11x2247,บริษัท แอดวานซ์ อินดัสทรี เทคโน แอนด์ เซอร์วิส จำกัด,ปทุมธานี,SV01,N,,,0,0.00,0,Y,5.0,,1,0,0,19x51,Benjamas Tanjit
U,11x2249,บริษัท โบ ทรี เอ็นจิเนียริ่ง จำกัด,กรุงเทพมหานคร,SV01,Y,2026-03-30,193,1,0.10,0,Y,10.0,,24,0,0,19x23,Vipoo Srisawadi
A,11x2250,บริษัท อุตสาหกรรมหลอมโลหะไทย จำกัด,ราชบุรี,MT02,N,,,0,0.00,0,Y,1.7,1462.61,10,0,0,19x1,Administrator
U,11x2251,บริษัท อินฟินิออน พลัส จำกัด,กรุงเทพมหานคร,SV01,N,,,0,0.00,0,Y,2.0,,1,0,0,19x1,Administrator
U,11x2252,บริษัท เคียววา เทรดดิ้ง (ประเทศไทย) จำกัด,กรุงเทพมหานคร,SV04,N,,,0,0.00,0,Y,2.0,,5,0,0,19x1,Administrator
R,11x2254,บริษัท ลินเด้ แอร์เคมีคัล จำกัด,ระยอง,CH02,N,,,0,0.00,0,Y,91.0,7026.3,4,0,0,19x1,Administrator
U,11x2255,บริษัท ไทย-ชาญ สเตนเลส ซัพพลาย จำกัด,สมุทรสาคร,SV04,N,,,0,0.00,0,Y,11.0,196.82,2,0,0,19x1,Administrator
C,11x2257,บริษัท ไทย โคโคนัท จำกัด,ราชบุรี,FD02,N,,,0,0.00,0,Y,370.0,14501.2,1,0,0,19x1,Administrator
R,11x2258,บริษัท เอ็มทีพี เอชพีพีโอ แมนูแฟคเจอริ่ง จำกัด,ระยอง,PE00,N,,,0,0.00,0,Y,14906.0,69532.289999999994,30,0,0,19x1,Administrator
A,11x2259,บริษัท เอ็น เอช เค สปริง (ประเทศไทย) จำกัด,สมุทรปราการ,CH41,Y,,,0,0.00,1,Y,0.0,9341.49,2,0,0,19x1,Administrator
A,11x2260,บริษัท ซีพีเอฟ (ประเทศไทย)  จำกัด  (มหาชน),กรุงเทพมหานคร,FD05,Y,2026-08-20,50,3,0.46,0,Y,41.5,9220.49,4,0,0,19x1,Administrator
U,11x2261,ห้างหุ้นส่วนจำกัด บำรุงรักษ์เทคนิคและเครื่องชั่ง,สงขลา,SV01,N,,,0,0.00,0,Y,5.0,,1,0,0,19x1,Administrator
U,11x2262,บริษัท ญาสิทธิ์ จำกัด,กรุงเทพมหานคร,SV04,N,,,0,0.00,0,Y,4.0,,2,0,0,19x1,Administrator
U,11x2263,บริษัท ไทย วู รี เอ็นจิเนียริ่ง จำกัด,กรุงเทพมหานคร,SV01,N,,,0,0.00,0,Y,1472.92,,4,0,0,19x1,Administrator
U,11x2264,บริษัท ไฮโดรเท็ค จำกัด (มหาชน),,SV01,N,,,0,0.00,0,Y,,,3,0,0,19x1,Administrator
U,11x2265,ห้างหุ้นส่วนจำกัด โรจนกิจ เอ็นจิเนียริ่ง,กรุงเทพมหานคร,SV04,N,,,0,0.00,0,Y,1.0,,13,3,695,19x27,Nattawut Junkong
U,11x2266,บริษัท วีเอ็มซี คอนซัลแต็น จำกัด,,SV01,N,,,0,0.00,0,Y,,,1,0,0,19x1,Administrator
U,11x2267,บริษัท ไดเฮ็น อิเล็คทริค จำกัด,ฉะเชิงเทรา,EL01,N,,,0,0.00,0,Y,473.161607,12643.35,3,0,0,19x1,Administrator
U,11x2268,บริษัท อีเลคโทรไทย จำกัด(ยกเลิก),,,N,,,0,0.00,0,Y,,,18,0,0,19x1,Administrator
D,11x2269,บริษัท ครอมตั้น อิเล็คทริค มอเตอร์ (ประเทศไทย) จำกัด,,FD01,N,,,0,0.00,0,Y,,,2,0,0,19x1,Administrator
R,11x2270,บริษัท พีชเชอร์แอนด์พายเคิล แอพพลายแอนเซส(ไทยแลนด์)จำกัด,ระยอง,EL01,N,,,0,0.00,0,Y,1750.0,,1,0,0,19x1,Administrator
U,11x2271,บริษัท สยาม เปเปอร์ เดคคอร์ จำกัด,นนทบุรี,PP01,N,,,0,0.00,0,Y,141.0,406.24,2,0,0,19x1,Administrator
U,11x2272,บริษัท เครสค่อน จำกัด,กรุงเทพมหานคร,SV01,N,,,0,0.00,0,Y,118.0,,1,0,0,19x1,Administrator
R,11x2273,บริษัท อี.เอส.ไอ.(ไทยแลนด์) จำกัด,ระยอง,SV01,N,,,0,0.00,0,Y,1.0,,2,0,0,19x1,Administrator
R,11x2274,บริษัท บีเอสที สเปเชียลตี้ จำกัด,ระยอง,PE00,N,,,0,0.00,0,Y,25.1,5689.34,2,0,0,19x1,Administrator
R,11x2275,บริษัท กรุงเทพ ซินธิติกส์ จำกัด,ระยอง,PE00,Y,2026-10-03,6,42,2.83,0,Y,5225.16,16480.89,124,0,0,19x90,Patthamanan Pudgajang
A,11x2277,บริษัท สยามซานิทารีแวร์อินดัสทรี (หนองแค)จำกัด,สระบุรี,MN03,Y,2026-09-04,35,1,0.06,0,Y,563.38328,8377.31,4,0,0,19x19,Saovaluck Jangjai
A,11x2278,บริษัท ต้ากงเคมีคอลอินดัสเทรียล (ไทยแลนด์) จำกัด,กรุงเทพมหานคร,CH03,N,,,0,0.00,0,Y,60.0,1397.5,5,0,0,19x1,Administrator
U,11x2279,บริษัท โกลเด้น คิตส์ จำกัด,สมุทรสงคราม,SV01,N,,,0,0.00,0,Y,3.0,,4,1,715,19x1,Administrator
D,11x2280,ห้างหุ้นส่วนจำกัด เกีย ออโต้แก๊ส ราชบุรี,ราชบุรี,CH02,N,,,0,0.00,0,Y,5.0,,1,0,0,19x1,Administrator
U,11x2282,บจก.ไทยนิปปอน สตีล แอนด์ ซูมิคิน เอ็นจิเนียริ่ง แอนด์ คอนสตัคชั่น คอร์,สมุทรปราการ,SV01,N,,,0,0.00,0,Y,,,4,0,0,19x1,Administrator
C,11x2283,บริษัท ราชบุรี เอทานอล จำกัด,ราชบุรี,CH16,N,,,0,0.00,0,Y,800.4,16441.8,20,1,165,19x74,Sujittra Tungprakobjaroen
U,11x2284,บริษัท คาร์ลตัน อินเตอร์เนชั่นแนล (ประเทศไทย)  จำกัด,กรุงเทพมหานคร,SV01,N,,,0,0.00,0,Y,30.0,,16,0,0,19x1,Administrator
U,11x2285,บริษัท แกดเทรดดิ้ง จำกัด,นนทบุรี,SV04,N,,,0,0.00,0,Y,2.0,,1,0,0,19x1,Administrator
U,11x2286,ห้างหุ้นส่วนจำกัด อาเจเมล เอ็นจิเนียริ่ง,นนทบุรี,SV04,N,,,0,0.00,0,Y,0.5,,1,0,0,19x1,Administrator
D,11x2287,บริษัท น้ำตาลราชบุรี จำกัด,ราชบุรี,FD04,N,,,0,0.00,0,Y,90.0,179166.45,46,10,591,19x74,Sujittra Tungprakobjaroen
R,11x2288,บริษัท บี เอ็น เค เฟรม จำกัด,ระยอง,OT99,N,,,0,0.00,0,Y,,,1,0,0,19x1,Administrator
A,11x2289,บริษัท เอเชี่ยนเทค เอ็นเตอร์ไพรซ์ จำกัด,,OM00,N,,,0,0.00,0,Y,,,1,0,0,19x1,Administrator
U,11x2290,บริษัท วชิรสุ คอร์ปอเรชั่น จำกัด,กรุงเทพมหานคร,SV01,N,,,0,0.00,0,Y,1.0,,1,0,0,19x1,Administrator
U,11x2291,ห้างหุ้นส่วนจำกัด สุณัฎฐา ซัพพลาย,,SV04,N,,,0,0.00,0,Y,,,2,0,0,19x1,Administrator
U,11x2293,บริษัท เทคนิป เอ็นจิเนียริ่ง (ประเทศไทย) จำกัด,,SV01,N,,,0,0.00,0,Y,,,6,0,0,19x1,Administrator
U,11x2294,บริษัท พี.เอส.อโกร-อินดัสเตรียล เซอร์วิส จำกัด,กรุงเทพมหานคร,SV01,Y,2026-03-30,193,1,0.09,3,Y,2.0,,48,0,0,19x27,Nattawut Junkong
A,11x2295,บริษัท สมาย คอนเทนเนอร์ อุตสาหกรรม จำกัด,สมุทรปราการ,CH03,N,,,0,0.00,0,Y,2.2833,66,1,0,0,19x1,Administrator
U,11x2296,บริษัท เมเจอร์ เอ็นจิเนียริ่ง แอนด์ ซัพพลาย จำกัด,ชลบุรี,SV04,N,,,0,0.00,0,Y,5.0,,2,0,0,19x1,Administrator
A,11x2297,บริษัท มิตรสตีล จำกัด (สาขา),สมุทรปราการ,MT99,N,,,0,0.00,0,Y,500.0,,1,0,0,19x1,Administrator
D,11x2298,บริษัท ซอสพริกไทยรุ่งเรือง จำกัด,สมุทรสาคร,FD04,Y,,,0,0.00,14,Y,51.3,1593.5,39,5,589,19x1,Administrator
D,11x2299,บริษัท คอร์น โปรดักส์ (ประเทศไทย) จำกัด,สมุทรปราการ,FD04,N,,,0,0.00,0,Y,1429.22,,1,0,0,19x1,Administrator
C,11x2302,บริษัท สีมาธุรกิจ จำกัด,นครสวรรค์,FD07,N,,,0,0.00,0,Y,283.1,12344.81,10,1,548,19x1,Administrator
D,11x2303,บริษัท นางาซากิ คิคิ (ประเทศไทย) จำกัด,กรุงเทพมหานคร,FD99,N,,,0,0.00,0,Y,10.0,,1,0,0,19x1,Administrator
D,11x2304,บริษัท เอส.อาร์.แอกโกรแพค จำกัด,เชียงใหม่,FD99,N,,,0,0.00,0,Y,4.0,890.23,2,0,0,19x1,Administrator
U,11x2305,ร้าน จ.การช่าง,,SV04,N,,,0,0.00,0,Y,,,1,0,0,19x1,Administrator
U,11x2306,บริษัท เอส.พี.เทคโนเทรด จำกัด,เชียงใหม่,SV04,N,,,0,0.00,0,Y,1.5,,9,0,0,19x1,Administrator
R,11x2307,บริษัท มิลล์คอน บูรพา จำกัด,ระยอง,MT01,N,,,0,0.00,0,Y,313.72,6330.83,2,0,0,19x1,Administrator
U,11x2308,บริษัท จี อินโนเวชั่น จำกัด,กรุงเทพมหานคร,SV04,N,,,0,0.00,0,Y,25.0,,12,1,472,19x23,Vipoo Srisawadi
U,11x2309,บริษัท แฟร์เทค จำกัด,ชลบุรี,SV04,Y,2026-06-25,106,1,0.03,0,Y,1.0,,20,0,0,19x51,Benjamas Tanjit
C,11x2310,บริษัท ฟาร์มาสันต์ แล็บบอราตอรี่ส์ จำกัด,นนทบุรี,CH05,N,,,0,0.00,0,Y,627.0,3156,5,0,0,19x1,Administrator
U,11x2311,บริษัท เอเชีย บิซิเนส เทรดดิ้ง จำกัด,หนองคาย,SV04,N,,,0,0.00,0,Y,1.0,,1,0,0,19x1,Administrator
U,11x2312,บริษัท เกรทโฟม โปรดักส์ จำกัด,ฉะเชิงเทรา,SV04,Y,,,0,0.00,2,Y,76.2,319,5,3,561,19x1,Administrator
B,11x2313,บริษัท ไทยผลิตภัณฑ์ยิบซั่ม จำกัด (มหาชน),พระนครศรีอยุธยา,MN05,N,,,0,0.00,0,Y,275.0,3989.2,1,0,0,19x89,Tanaporn Chanchanaroj
U,11x2314,บริษัท ดับบลิว พี เอ็ม เอ็นจิเนียริ่ง แอนด์ เซอร์วิส จำกัด,สงขลา,SV04,N,,,0,0.00,0,Y,1.0,,1,0,0,19x1,Administrator
U,11x2315,บริษัท ซี.เอ็ม.พี.พระนคร จำกัด,นนทบุรี,SV01,N,,,0,0.00,0,Y,50.0,,4,0,0,19x1,Administrator
B,11x2316,บริษัท บางปูเคมีเคิลส์ จำกัด,สมุทรปราการ,CH01,N,,,0,0.00,0,Y,,,2,0,0,19x1,Administrator
D,11x2317,บริษัท เพิร์ล ออย บางกอก จำกัด,,PE00,N,,,0,0.00,0,Y,,,1,0,0,19x1,Administrator
D,11x2318,บริษัท อีโคโน่ ซัพพลาย จำกัด,,FD99,N,,,0,0.00,0,Y,,,1,0,0,19x1,Administrator
U,11x2320,ห้างหุ้นส่วนจำกัด อร่ามเรือง เอ็นจิเนียริ่ง,นนทบุรี,SV04,N,,,0,0.00,0,Y,2.0,,8,1,168,19x1,Administrator
U,11x2322,บริษัท สุจิต สุมิตร จำกัด,,SV04,N,,,0,0.00,0,Y,,,1,0,0,19x1,Administrator
U,11x2323,บริษัท เค.เอ็ม.ซี.วอเตอร์ ซัพพลาย จำกัด,กรุงเทพมหานคร,SV04,N,,,0,0.00,0,Y,1.0,,2,0,0,19x1,Administrator
A,11x2324,บริษัท รุ่งเรืองผล  จำกัด,สระแก้ว,FD05,N,,,0,0.00,0,Y,2.0,1331.3,6,0,0,19x27,Nattawut Junkong
D,11x2325,บริษัท ฮาร์โมนี อินดัสตรี้ จำกัด,สมุทรปราการ,CH02,N,,,0,0.00,0,Y,16.0,318.66000000000003,1,0,0,19x1,Administrator
U,11x2327,บริษีท ทีเอ็น เมกเกอร์ จำกัด,กรุงเทพมหานคร,SV04,N,,,0,0.00,0,Y,1.0,,2,0,0,19x1,Administrator
U,11x2328,บริษัท คอมมานเดอร์ อิเล็คทริค จำกัด,ปทุมธานี,EL01,N,,,0,0.00,0,Y,5.0,,6,3,633,19x27,Nattawut Junkong
D,11x2329,ห้างหุ้นส่วนจำกัด ด๊อกเตอร์ แก๊ส รถยนต์,ปทุมธานี,CH02,N,,,0,0.00,0,Y,4.0,,1,0,0,19x1,Administrator
D,11x2330,บริษัท ซันไรส์ แดรี่ จำกัด,นครราชสีมา,FD01,N,,,0,0.00,0,Y,17.3,900.83,5,3,414,19x1,Administrator
A,11x2331,บริษัท ทีดับเบิ้ลยู ลีดเดอร์ เอ็นจิเนียริ่ง จำกัด,กรุงเทพมหานคร,OM00,N,,,0,0.00,0,Y,2.0,,3,0,0,19x1,Administrator
B,11x2333,บริษัท นิตโต้ มาเทค (ประเทศไทย) จำกัด,ชลบุรี,UT99,N,,,0,0.00,0,Y,0.0,1409.58,7,0,0,19x78,Sarawut Viseshasiri
U,11x2334,บริษัท เอ็ม ซี เอส ออโตเมชั่น เทคโนโลยี จำกัด,กรุงเทพมหานคร,,N,,,0,0.00,0,Y,30.0,,4,3,611,19x1,Administrator
U,11x2335,บริษัท เอ พี แอนด์ อี เอ็นจิเนียริ่ง จำกัด,กรุงเทพมหานคร,SV01,N,,,0,0.00,0,Y,15.0,,1,0,0,19x1,Administrator
U,11x2336,บริษัท ริชเทค อินโนเวชั่น จำกัด,กรุงเทพมหานคร,SV04,N,,,0,0.00,0,Y,150.0,,2,0,0,19x1,Administrator
U,11x2337,บริษัท เอ็น เค เค จำกัด,กรุงเทพมหานคร,SV04,N,,,0,0.00,0,Y,1.0,,3,0,0,19x1,Administrator
U,11x2338,Chevron Thailand Exploration and Production.Ltd.,,OG01,N,,,0,0.00,0,Y,,,3,0,0,19x1,Administrator
U,11x2340,บริษัท เจมาโก จำกัด,,UT01,N,,,0,0.00,0,Y,,,1,0,0,19x1,Administrator
U,11x2341,บริษัท เนชั่นแนล เพาเวอร์ แพลนท์ 5 เอ จำกัด,ปราจีนบุรี,PP01,N,,,0,0.00,0,Y,95.108026,2593.5500000000002,1,0,0,19x1,Administrator
C,11x2342,บริษัท เอสซีจี เคมิคอลส์ จำกัด,กรุงเทพมหานคร,CH05,N,,,0,0.00,0,Y,114453.15,,39,0,0,19x1,Administrator
A,11x2343,บริษัท กรุงเทพโฟม ซี.เอส.เอ.จำกัด,สมุทรปราการ,CH41,N,,,0,0.00,0,Y,19.0,106.5,5,0,0,19x1,Administrator
U,11x2344,บริษัท สยาม เนเชอรัล เอนเนอจี จำกัด,ชลบุรี,SV04,N,,,0,0.00,0,Y,1.0,,1,0,0,19x1,Administrator
A,11x2345,บริษัท มิลล์คอน สตีล จำกัด (มหาชน),กรุงเทพมหานคร,MT01,N,,,0,0.00,0,Y,1163.3,18364.84,2,0,0,19x1,Administrator
D,11x2346,บริษัท บีเอส แมนนูแฟคเจอริ่ง จำกัด,สมุทรปราการ,FD01,N,,,0,0.00,0,Y,40.0,4094.38,3,0,0,19x1,Administrator
U,11x2347,ELECTROTHAI COMPANY LIMITED,,SV04,N,,,0,0.00,0,Y,,,1,0,0,19x1,Administrator
U,11x2348,บริษัท เอ.พี.ที.พี.เอ็นจิเนียริ่ง แอนด์ ซัพพลาย จำกัด,,SV04,N,,,0,0.00,0,Y,,,3,0,0,19x1,Administrator
U,11x2349,บริษัท ซอสซิ่ง 360 จำกัด,กรุงเทพมหานคร,SV04,N,,,0,0.00,0,Y,2.0,,35,2,697,19x1,Administrator
U,11x2350,บริษัท เอเชียเพาเวอร์ แอนด์ ดีเวลลอปเมนต์ จำกัด,กรุงเทพมหานคร,SV01,N,,,0,0.00,0,Y,5.0,,6,0,0,19x1,Administrator
A,11x2351,บริษัท ทีโอเอ-ชินโต (ไทยแลนด์) จำกัด,สมุทรปราการ,CH03,N,,,0,0.00,0,Y,62.0,491,14,0,0,19x77,Thitima Plaibua
U,11x2352,บริษัท บิโช(ประเทศไทย) จำกัด,กรุงเทพมหานคร,SV01,N,,,0,0.00,0,Y,2.0,,1,0,0,19x1,Administrator
U,11x2353,บริษัท ธรรมพร พาณิชย์ จำกัด,สมุทรปราการ,SV01,N,,,0,0.00,0,Y,1.0,,1,0,0,19x1,Administrator
U,11x2354,บริษัท คลีนเฮ้าส์ เซอร์วิส จำกัด,สมุทรปราการ,SV04,N,,,0,0.00,0,Y,11.75,2879.15,1,0,0,19x1,Administrator
U,11x2355,บริษัท โพรดิจี คอนโทรล จำกัด,ลำปาง,SV04,N,,,0,0.00,0,Y,1.0,,4,0,0,19x1,Administrator
U,11x2356,บริษัท สยามเซลลูโลส จำกัด,,PP01,N,,,0,0.00,0,Y,,,1,0,0,19x1,Administrator
D,11x2357,บริษัท สกายฟู้ด จำกัด,ปทุมธานี,FD01,N,,,0,0.00,0,Y,370.0,8157,1,0,0,19x1,Administrator
U,11x2358,ห้างหุ้นส่วนจำกัด คอนสแตนติน,สระบุรี,SV04,N,,,0,0.00,0,Y,1.0,,15,0,0,19x1,Administrator
U,11x2359,บริษัท นารายณ์ อินเตอร์ ซัพพลาย จำกัด,นนทบุรี,SV04,N,,,0,0.00,0,Y,1.0,,1,0,0,19x1,Administrator
U,11x2360,บริษัท เซอร์วิส ออยล์ แอนด์ โซลูชั่น จำกัด,พิษณุโลก,SV04,N,,,0,0.00,0,Y,1.0,,1,0,0,19x1,Administrator
A,11x2361,บริษัท เจ.เอส.โฟม จำกัด,นครปฐม,CH41,Y,2026-08-20,50,1,0.01,1,Y,84.5,247.26,20,6,700,19x88,Thanaaran Sirawattanamongkol
U,11x2362,บริษัท เฮงเกอร์ เอ็ม.เอฟ.อาร์.จำกัด,ปทุมธานี,SV04,N,,,0,0.00,0,Y,5.0,,4,0,0,19x1,Administrator
D,11x2363,บริษัท หะรินต่อเรือ จำกัด,กรุงเทพมหานคร,TP00,N,,,0,0.00,0,Y,16.9,1435.32,1,0,0,19x1,Administrator
B,11x2364,การไฟฟ้าฝ่ายผลิต แห่งประเทศไทย,สมุทรปราการ,UT99,N,,,0,0.00,0,Y,4439.624573,7930185.8200000003,4,0,0,19x1,Administrator
D,11x2365,บริษัท ฟรอนท์ วีล เทค จำกัด,ปทุมธานี,FD04,N,,,0,0.00,0,Y,1.0,,1,0,0,19x1,Administrator
D,11x2366,บริษัท มิตรผล ไบโอฟูเอล จำกัด,ชัยภูมิ,FD04,N,,,0,0.00,0,Y,1555.0,6800,13,0,0,19x74,Sujittra Tungprakobjaroen
U,11x2370,ห้างหุ้นส่วนจำกัด แม็กซ์โฟลปั๊ม อินเตอร์เทรด,กรุงเทพมหานคร,SV04,N,,,0,0.00,0,Y,1.0,,2,0,0,19x1,Administrator
R,11x2371,บริษัท ทีซี เอ็นสเตจ จำกัด,ระยอง,SV04,N,,,0,0.00,0,Y,70.0,,1,0,0,19x1,Administrator
A,11x2372,บริษัท นำวัฒนา (เวิลด์ไวด์) จำกัด,สมุทรปราการ,MT02,N,,,0,0.00,0,Y,10.5,95,16,0,0,19x1,Administrator
C,11x2373,บริษัท พาตาร์ แลบ (2517) จำกัด,ปทุมธานี,CH05,N,,,0,0.00,0,Y,320.0,2600,1,0,0,19x1,Administrator
U,11x2374,บริษัท เอเชียไฮโดรเซอร์วิสแอนด์พาร์ท จำกัด,สมุทรปราการ,SV04,N,,,0,0.00,0,Y,10.0,,1,0,0,19x1,Administrator
U,11x2375,บริษัท แฟคตอรี่ฮับ ดิสทริบิวชั่น จำกัด,กรุงเทพมหานคร,SV01,N,,,0,0.00,0,Y,4.95,,1,0,0,19x1,Administrator
U,11x2376,ห้างหุ้นส่วนจำกัด สยามอนันต์กิจ,กรุงเทพมหานคร,SV04,N,,,0,0.00,0,Y,4.0,,12,0,0,19x1,Administrator
U,11x2378,บริษัท สยามคราฟท์อุตสาหกรรม  จำกัด,นนทบุรี,PP01,Y,2026-07-16,85,3,0.97,70,Y,7.8417,220,45,10,609,19x1,Administrator
C,11x2379,บริษัท พานาโซนิค แมนูแฟคเจอริ่ง อยุธยา จำกัด,พระนครศรีอยุธยา,CH04,Y,2026-07-16,85,4,0.13,0,Y,3202.630123,7434.85,64,2,665,19x74,Sujittra Tungprakobjaroen
U,11x2380,ห้างหุ้นส่วนจำกัด พีเอสที อินเตอร์ซัพพลาย,นนทบุรี,SV01,N,,,0,0.00,0,Y,1.0,,2,0,0,19x1,Administrator
C,11x2381,บริษัท ยูบิส พรีมาเทค จำกัด,สมุทรสาคร,CH09,N,,,0,0.00,0,Y,150.0,1027,18,2,380,19x88,Thanaaran Sirawattanamongkol
D,11x2382,บริษัท อาร์ แอนด์ บี ฟู้ด ซัพพลาย จำกัด,กรุงเทพมหานคร,FD01,N,,,0,0.00,0,Y,55.0,265.25,1,0,0,19x1,Administrator
D,11x2383,บริษัท มิตรผล ไบโอฟูเอล  จำกัด,ชัยภูมิ,FD04,N,,,0,0.00,0,Y,1555.0,6800,1,0,0,19x1,Administrator
A,11x2384,บริษัท  ซีพีเอฟ  (ประเทศไทย) จำกัด (มหาชน),กรุงเทพมหานคร,FD05,Y,2026-05-29,133,1,0.17,0,Y,41.5,9220.49,1,0,0,19x1,Administrator
U,11x2385,บริษัท พริซิชั่น ทูลส์ เซอร์วิส (ประเทศไทย) จำกัด,,SV04,N,,,0,0.00,0,Y,,,1,1,532,19x1,Administrator
U,11x2386,บริษัท เคเอสพี พรีซิชั่น เทคโนโลยี่ จำกัด,สมุทรปราการ,SV04,N,,,0,0.00,0,Y,1.0,,1,0,0,19x1,Administrator
U,11x2387,บริษัท คอปโก้ เคมเทค จำกัด,กรุงเทพมหานคร,SV04,N,,,0,0.00,0,Y,3.0,,11,0,0,19x1,Administrator
U,11x2388,บริษัท อูเด้ห์ (ประเทศไทย) จำกัด,กรุงเทพมหานคร,SV01,N,,,0,0.00,0,Y,31.0,,1,0,0,19x1,Administrator
U,11x2389,บริษัท ที ที การ์เดียน สตรีม จำกัด,กรุงเทพมหานคร,SV04,N,,,0,0.00,0,Y,1.0,,1,0,0,19x1,Administrator
B,11x2390,บริษัท กลุ่มสยามบรรจุภัณฑ์ จำกัด,สมุทรปราการ,MN05,Y,2026-05-29,133,1,0.05,0,Y,29.0,0,57,0,0,19x92,Napadol Peoksangthip
D,11x2391,บริษัท นอร์ธเทอร์น ฟู้ด คอมเพล็กซ์ จำกัด,เชียงราย,FD04,Y,2026-08-20,50,1,0.02,0,Y,9.938,2466.0500000000002,11,1,326,19x43,Katewadee Pratipagorn
U,11x2392,บริษัท ยู-เทค อินสตรูเมนท์ จำกัด,ปทุมธานี,SV01,N,,,0,0.00,0,Y,1.0,,3,0,0,19x1,Administrator
C,11x2393,สำนักงานเทศบาลนครนนทบุรี,นนทบุรี,UT03,N,,,0,0.00,0,Y,9.6107,80.650000000000006,4,0,0,19x1,Administrator
U,11x2394,บริษัท มิตรอุดม เอ็นจิเนียริ่ง จำกัด,สมุทรปราการ,SV04,N,,,0,0.00,0,Y,8.0,,1,0,0,19x1,Administrator
U,11x2395,ห้างหุ้นส่วนจำกัด ธวัชชัย ที.เอส.พี. แก๊ส,สมุทรสาคร,SV04,N,,,0,0.00,0,Y,1.0,,1,0,0,19x1,Administrator
U,11x2396,บริษัท ไทย ตรินิตรี้ จำกัด,กรุงเทพมหานคร,SV04,N,,,0,0.00,0,Y,15.0,,1,0,0,19x1,Administrator
D,11x2397,บริษัท มิตรผล  ไบโอฟูเอล จำกัด,ชัยภูมิ,FD04,N,,,0,0.00,0,Y,1555.0,6800,1,0,0,19x1,Administrator
U,11x2398,ห้างหุ้นส่วนจำกัด เคเอส เทค,ปทุมธานี,SV04,N,,,0,0.00,0,Y,2.0,,1,0,0,19x1,Administrator
U,11x2399,บริษัท ที.ไอ.พี.เกียร์ เอ็นเตอร์ไพรส์ จำกัด,สมุทรปราการ,SV01,N,,,0,0.00,0,Y,2.0,,2,0,0,19x1,Administrator
B,11x2400,บริษัท ฮันฮวา เคมิคัล (ไทยแลนด์) จำกัด,สมุทรปราการ,CH01,N,,,0,0.00,0,Y,410.988,15810.8,30,4,360,19x1,Administrator
C,11x2402,บริษัท ไทยนิสชิน เทคโนมิค จำกัด,สมุทรปราการ,FD08,N,,,0,0.00,0,Y,90.0,0,4,0,0,19x1,Administrator
R,11x2403,ห้างหุ้นส่วนจำกัด เอ็มพี โรจนะคอนสตรัคชั่น,ระยอง,SV04,N,,,0,0.00,0,Y,1.0,,1,0,0,19x1,Administrator
R,11x2404,บริษัท เอสทีซี ไดคาสติ้ง (ไทยแลนด์) จำกัด,ระยอง,MT02,N,,,0,0.00,0,Y,90.0,,1,0,0,19x1,Administrator
D,11x2405,บริษัท ไทยบิทูเมน จำกัด,สุราษฎร์ธานี,CH15,N,,,0,0.00,0,Y,98.95,2782,8,1,459,19x1,Administrator
D,11x2406,บริษัท จีซี สไตรีนิคส์ จำกัด,กรุงเทพมหานคร,CH14,N,,,0,0.00,0,Y,190.0,,4,0,0,19x1,Administrator
U,11x2407,บริษัท แซฟทรอล จำกัด,กรุงเทพมหานคร,SV04,N,,,0,0.00,0,Y,9.0,,1,0,0,19x1,Administrator
U,11x2408,บริษัท เอ็ม.ที.คอนโทรล แอนด์ เทคโนโลยี จำกัด,สมุทรปราการ,SV01,N,,,0,0.00,0,Y,5.0,,1,0,0,19x1,Administrator
A,11x2409,บริษัท เมเยอร์เรซิ่น จำกัด,สมุทรปราการ,CH03,Y,2026-05-29,133,1,0.06,1,Y,80.0,5059.82,11,1,730,19x77,Thitima Plaibua
C,11x2410,บริษัท ธนภักดี จำกัด,เชียงใหม่,FD07,N,,,0,0.00,0,Y,442.4,12826.05,6,2,219,19x74,Sujittra Tungprakobjaroen
C,11x2411,บริษัท สุราพิเศษทิพราช จำกัด,กาญจนบุรี,FD07,N,,,0,0.00,0,Y,800.0,10103.780000000001,2,0,0,19x1,Administrator
B,11x2414,บริษัท อิเมอร์สัน อิเล็คทริค (ประเทศไทย) จำกัด,ปราจีนบุรี,CH42,N,,,0,0.00,0,Y,473.670812,2912.8,1,0,0,19x1,Administrator
B,11x2415,บริษัท อัคคีปราการ จำกัด (มหาชน),สมุทรปราการ,UT99,N,,,0,0.00,0,Y,190.07,0,1,0,0,19x1,Administrator
B,11x2416,บริษัท ไทยศิลป์ลาเบลแพค จำกัด,สมุทรปราการ,CH42,N,,,0,0.00,0,Y,316.39057,5080.0600000000004,3,0,0,19x1,Administrator
B,11x2417,บริษัท สยามไฟเบอร์กลาส จำกัด,สระบุรี,TT01,N,,,0,0.00,0,Y,41.86,167.93,9,0,0,19x89,Tanaporn Chanchanaroj
U,11x2418,บริษัท เอทูเอส เอ็นจิเนียริ่ง จำกัด,กรุงเทพมหานคร,SV04,N,,,0,0.00,0,Y,1.0,,3,0,0,19x1,Administrator
R,11x2419,บริษัท คันไซ เรซิน (ประเทศไทย) จำกัด,ระยอง,CH03,Y,,,0,0.00,5,Y,423.0,12385.46,15,4,674,19x70,Kornthanat Suksalee
U,11x2420,บริษัท ฟิฟธ์ เอพริล เอ็นจิเนียริ่ง จำกัด,กรุงเทพมหานคร,SV04,N,,,0,0.00,0,Y,5.0,,2,0,0,19x1,Administrator
U,11x2421,บริษัท บางปะอิน โคเจนเนอเรชั่น จำกัด,พระนครศรีอยุธยา,UT01,N,,,0,0.00,0,Y,10120.75,492560,2,0,0,19x45,Pattamaporn Chadkurupin
U,11x2422,บริษัท เอส พาเนล จำกัด,สมุทรสาคร,SV04,Y,2026-06-15,116,4,0.07,0,Y,52.7,476.8,22,0,0,19x88,Thanaaran Sirawattanamongkol
R,11x2423,บริษัท โซลเวย์ (ประเทศไทย) จำกัด,ระยอง,CH42,N,,,0,0.00,0,Y,0.0,0,7,0,0,19x51,Benjamas Tanjit
U,11x2424,บริษัท ไพร์ม โปรดักส์ วิศวกรรม จำกัด,กรุงเทพมหานคร,SV04,N,,,0,0.00,0,Y,1.0,,1,0,0,19x1,Administrator
C,11x2425,บริษัท หลักชัยค้าสุรา จำกัด,ราชบุรี,FD07,N,,,0,0.00,0,Y,230.0,12787.588,2,0,0,19x1,Administrator
U,11x2426,บริษัท พี.อาร์.พาราเท็กซ์ จำกัด,กรุงเทพมหานคร,SV01,N,,,0,0.00,0,Y,1.0,,2,0,0,19x1,Administrator
C,11x2427,บริษัท ยูเนี่ยนไทย-นิจิบัน จำกัด,กรุงเทพมหานคร,CH43,N,,,0,0.00,0,Y,492.53,0,5,0,0,19x1,Administrator
B,11x2428,บริษัท คลีน เท็กซ์ (ไทยแลนด์) จำกัด,ชลบุรี,CH42,N,,,0,0.00,0,Y,67.415,574.21,25,3,675,19x1,Administrator
D,11x2429,บริษัท ยัมมิกซ์ จำกัด,สมุทรปราการ,FD01,N,,,0,0.00,0,Y,16.5,,1,0,0,19x1,Administrator
C,11x2430,บริษัท เอ็นไวร์ โอเปอเรชั่น จำกัด,กรุงเทพมหานคร,UT03,N,,,0,0.00,0,Y,3.0,,2,0,0,19x1,Administrator
U,11x2431,ห้างหุ้นส่วนจำกัด เชื่อมไมตรี คอนสตรัคชั่น,ชลบุรี,SV01,N,,,0,0.00,0,Y,4.0,,1,0,0,19x1,Administrator
U,11x2432,บริษัท นาคากาวะ เคมิคัล อีควิปเม้นท์ (ประเทศไทย) จำกัด,กรุงเทพมหานคร,SV01,N,,,0,0.00,0,Y,4.0,,3,0,0,19x1,Administrator
U,11x2435,บริษัท อินสทรูเทค เอ็นจิเนียริ่ง จำกัด,กรุงเทพมหานคร,SV04,N,,,0,0.00,0,Y,1.0,,1,0,0,19x1,Administrator
A,11x2437,บริษัท เอ็นเอชเค แอนโทลิน (ประเทศไทย) จำกัด,สมุทรปราการ,CH41,Y,,,0,0.00,3,Y,374.56,92.06,6,1,449,19x88,Thanaaran Sirawattanamongkol
C,11x2438,บริษัท ไทยน้ำทิพย์ แมนูแฟคเจอริ่ง จำกัด,นครราชสีมา,FD02,N,,,0,0.00,0,Y,5.95,16629.39,2,0,0,19x1,Administrator
A,11x2439,บริษัท ลิกซิล (ประเทศไทย) จำกัด (มหาชน),ปทุมธานี,MN03,Y,2026-09-23,16,9,0.45,0,Y,172.461824,9918.5,121,10,553,19x19,Saovaluck Jangjai
U,11x2440,บริษัท พี.วี.ไมนิ่ง แอนด์ เอ็กซ์พลอเรชั่น จำกัด,กรุงเทพมหานคร,SV04,N,,,0,0.00,0,Y,30.0,,1,0,0,19x1,Administrator
C,11x2441,บริษัท เนเชอรัล เลเท็กซ์ แมทเทรส อินดัสตรี(ไทยแลนด์) จำกัด,ปทุมธานี,CH04,N,,,0,0.00,0,Y,10.0,,1,0,0,19x1,Administrator
U,11x2442,บริษัท แอร์โฟลว์ (ประเทศไทย) จำกัด,กรุงเทพมหานคร,SV04,N,,,0,0.00,0,Y,1.0,,1,0,0,19x1,Administrator
U,11x2443,บริษัท พีซีซี ไพศาลสิน จำกัด,กรุงเทพมหานคร,SV04,N,,,0,0.00,0,Y,10.0,70,1,0,0,19x1,Administrator
A,11x2444,บริษัท เอเชี่ยน ไวร์โปรดักส์ จำกัด,นครราชสีมา,MT01,N,,,0,0.00,0,Y,445.6,19489,1,0,0,19x1,Administrator
U,11x2446,บริษัท ทีเอ็มซี เอ็นจิเนียริ่ง แอนด์ เซอร์วิส จำกัด,สงขลา,SV04,N,,,0,0.00,0,Y,5.0,,1,0,0,19x1,Administrator
U,11x2447,บริษัท มหานครสากลมาร์เก็ตติ้ง จำกัด,กรุงเทพมหานคร,SV04,N,,,0,0.00,0,Y,5.0,,1,0,0,19x1,Administrator
R,11x2448,บริษัท เจเอสอาร์ บีเอสที อิลาสโตเมอร์ จำกัด,ระยอง,PE00,N,,,0,0.00,0,Y,4335.0,83303.649999999994,4,0,0,19x1,Administrator
B,11x2449,บริษัท อะควาทรีท เคมิคอล จำกัด,นครราชสีมา,CH01,N,,,0,0.00,0,Y,69.25,202.2,1,0,0,19x1,Administrator
U,11x2450,บริษัท แสงวิทย์ 2000 จำกัด,กรุงเทพมหานคร,SV01,N,,,0,0.00,0,Y,10.0,,1,0,0,19x1,Administrator
A,11x2451,บริษัท โรงงานเหล็กกรุงเทพฯ จำกัด,สมุทรปราการ,MT01,Y,2026-03-30,193,2,0.08,2,Y,0.0,4916,8,0,0,19x27,Nattawut Junkong
D,11x2452,บริษัท ไทยเพรซิเดนท์ฟูดส์ จำกัด (มหาชน),ชลบุรี,FD99,Y,,,0,0.00,2,Y,317.90311,6933.73,12,3,624,19x1,Administrator
U,11x2453,บริษัท โปรพีคส์ จำกัด,กรุงเทพมหานคร,SV04,N,,,0,0.00,0,Y,1.0,,2,0,0,19x1,Administrator
C,11x2454,บริษัท โซลเวย์ (บางปู) สเปเชียลตี้ เคมีคอลส์ จำกัด,สมุทรปราการ,CH06,N,,,0,0.00,0,Y,0.0,1501.6,6,0,0,19x1,Administrator
U,11x2455,บริษัท พีเจ ซีลแอนด์อิเล็คทรอนิกส์ จำกัด,สมุทรปราการ,SV04,N,,,0,0.00,0,Y,1.0,,5,0,0,19x1,Administrator
D,11x2456,บริษัท พรีเมียร์ แทงค์ คอร์ปอเรชั่น จำกัด (มหาชน),กรุงเทพมหานคร,CH14,Y,2026-09-15,24,1,0.15,11,Y,205.0,,81,4,665,19x43,Katewadee Pratipagorn
D,11x2457,บริษัท ทรัพย์ทิพย์ จำกัด,ลพบุรี,FD04,Y,2026-08-20,50,2,0.08,0,Y,36.0,260,12,1,728,19x96,Itsaripharat Kamthong
U,11x2458,บริษัท เจดับบลิวเทค จำกัด,กรุงเทพมหานคร,SV04,N,,,0,0.00,0,Y,200.0,,4,1,330,19x1,Administrator
A,11x2460,บริษัท วิลเลรอย แอนด์ บอค (ประเทศไทย) จำกัด,สระบุรี,MN03,N,,,0,0.00,0,Y,856.476677,28512,5,0,0,19x19,Saovaluck Jangjai
U,11x2462,บริษัท เอสวีอาร์ เอ็นจิเนียริ่งแอนด์ซัพพลาย จำกัด,กรุงเทพมหานคร,SV04,N,,,0,0.00,0,Y,5.0,,3,0,0,19x1,Administrator
U,11x2463,บริษัท คิว แพลน จำกัด,นนทบุรี,SV01,N,,,0,0.00,0,Y,10.0,,1,0,0,19x1,Administrator
U,11x2465,บริษัท มารีน อินเตอร์เนชั่นแนล ซัพพลาย จำกัด,กรุงเทพมหานคร,SV04,N,,,0,0.00,0,Y,5.0,,8,0,0,19x1,Administrator
B,11x2466,บริษัท เจียไต๋ จำกัด,พระนครศรีอยุธยา,CH11,Y,2026-09-15,24,3,0.58,10,Y,242.0,198.3,29,9,723,19x92,Napadol Peoksangthip
U,11x2467,บริษัท ยูเซ็น โลจิสติกส์ (ประเทศไทย) จำกัด,ชลบุรี,SV04,N,,,0,0.00,0,Y,146.949629,209.61,12,0,0,19x78,Sarawut Viseshasiri
D,11x2468,ซาลามานเดอร์ เอนเนอร์ยี่ (บัวหลวง) ลิมิเต็ด,,CH14,N,,,0,0.00,0,Y,,,1,0,0,19x1,Administrator
B,11x2469,บริษัท ปทุมรีไซเคิล จำกัด,ปทุมธานี,CH42,N,,,0,0.00,0,Y,82.0,1935,1,0,0,19x1,Administrator
D,11x2470,บริษัท ไบโอซินเนอร์จี จำกัด,นครราชสีมา,CH14,N,,,0,0.00,0,Y,36.0,3476,13,0,0,19x1,Administrator
U,11x2471,บริษัท โพลี ซัน จำกีด,นนทบุรี,SV04,N,,,0,0.00,0,Y,20.0,,1,0,0,19x1,Administrator
C,11x2472,บริษัท รูเบียอุตสาหกรรม จำกัด,สมุทรปราการ,CH06,N,,,0,0.00,0,Y,35.0,1176.03,5,0,0,19x1,Administrator
U,11x2473,ห้างหุ้นส่วนจำกัด ไทยสามัญซัพพลาย แอนด์ เซอร์วิส,สมุทรสาคร,SV04,N,,,0,0.00,0,Y,0.3,,1,0,0,19x1,Administrator
R,11x2474,ห้างหุ้นส่วนจำกัด คัดสรรเซอร์วิส,ระยอง,SV04,N,,,0,0.00,0,Y,5.0,,9,1,49,19x1,Administrator
B,11x2475,บริษัท สยามอุตสาหกรรมยิปซัม (สระบุรี) จำกัด,สระบุรี,MN05,Y,2026-09-04,35,3,0.16,20,Y,194.0,681,28,2,67,19x77,Thitima Plaibua
B,11x2476,บริษัท สยามอุตสาหกรรมยิปซัม (สระบุรี)  จำกัด,สระบุรี,MN05,N,,,0,0.00,0,Y,194.0,681,5,3,435,19x1,Administrator
U,11x2477,บริษัท เคเอสบีที เอ็นจิเนียริ่ง จำกัด,กรุงเทพมหานคร,SV04,N,,,0,0.00,0,Y,5.0,,4,0,0,19x1,Administrator
U,11x2478,บริษัท เกรียงวิศวกรรม จำกัด,ปทุมธานี,SV04,N,,,0,0.00,0,Y,1.0,,1,0,0,19x1,Administrator
B,11x2480,บริษัท อาเซียนโปแตชชัยภูมิ จำกัด (มหาชน),,MN01,N,,,0,0.00,0,Y,,,1,0,0,19x1,Administrator
U,11x2481,บริษัท โรป้า อินดัสตรี จำกัด,กรุงเทพมหานคร,SV01,N,,,0,0.00,0,Y,5.0,,4,0,0,19x1,Administrator
A,11x2482,บริษัท บีทีจี ฟีดมิลล์ จำกัด,กรุงเทพมหานคร,FD05,N,,,0,0.00,0,Y,200.0,,1,0,0,19x1,Administrator
A,11x2483,บริษัท งามดี จำกัด,กรุงเทพมหานคร,TT00,Y,2026-06-15,116,1,0.04,0,Y,3.05,6357.07,37,0,0,19x92,Napadol Peoksangthip
U,11x2484,บริษัท มิ่งเจริญเทรดดิ้ง จำกัด,กรุงเทพมหานคร,SV04,N,,,0,0.00,0,Y,4.0,,2,0,0,19x1,Administrator
A,11x2485,บริษัท เฉลิมชัยชาญ จำกัด,กรุงเทพมหานคร,CH03,N,,,0,0.00,0,Y,121.769,3644.69,9,1,459,19x88,Thanaaran Sirawattanamongkol
C,11x2486,บริษัท เฟื่องฟูอนันต์ จำกัด,ปราจีนบุรี,FD07,Y,2026-09-04,35,1,0.01,0,Y,199.4,12587.96,32,3,519,19x74,Sujittra Tungprakobjaroen
D,11x2487,บริษัท ยูไนเตดแอสฟัลท์โปรดักซ์ จำกัด,ขอนแก่น,CH14,N,,,0,0.00,0,Y,104.0,1500,14,0,0,19x45,Pattamaporn Chadkurupin
B,11x2488,บริษัท นำไท อีควิปเม้นท์ จำกัด,กรุงเทพมหานคร,CH99,N,,,0,0.00,0,Y,2.4,,1,0,0,19x1,Administrator
D,11x2489,บริษัท แนททูร่า วัน จำกัด,สุราษฎร์ธานี,FD03,N,,,0,0.00,0,Y,136.3,487.17,2,0,0,19x1,Administrator
A,11x2490,บริษัท แมกโซ่เพ้นท์ จำกัด,สมุทรสาคร,CH03,N,,,0,0.00,0,Y,50.0,210,11,0,0,19x19,Saovaluck Jangjai
U,11x2491,บริษัท ไลม์ ควอลิตี้ พัลพ์ 2 จำกัด,,PP01,N,,,0,0.00,0,Y,,,1,0,0,19x1,Administrator
U,11x2492,บริษัท เอ.เอ.เอส.เอ็นจิเนียริ่ง แอนด์ ซัพพลาย จำกัด,สมุทรปราการ,SV04,N,,,0,0.00,0,Y,2.0,,11,0,0,19x1,Administrator
U,11x2494,บริษัท อัลติม่าโพลีเมอร์ จำกัด,ปทุมธานี,SV01,N,,,0,0.00,0,Y,9.5,,6,0,0,19x1,Administrator
U,11x2495,บริษัท ซี.เอช.ยู.เอ็นจิเนียริ่ง จำกัด,กรุงเทพมหานคร,SV04,N,,,0,0.00,0,Y,2.0,,9,0,0,19x1,Administrator
D,11x2496,บริษัท มอนเดลีซ อินเตอร์เนชันแนล (ประเทศไทย) จำกัด,กรุงเทพมหานคร,FD01,Y,,,0,0.00,1,Y,0.0,6341,37,0,0,19x45,Pattamaporn Chadkurupin
D,11x2497,บริษัท เอชแอนด์อาร์ เคมฟาร์ม (ประเทศไทย) จำกัด,ชลบุรี,CH14,Y,2026-02-06,245,1,0.04,180,Y,705.0,3086.9,163,13,728,19x43,Katewadee Pratipagorn
U,11x2498,บริษัท ทูเอฟ อินเตอร์พาร์ท แอนด์ ซัพพลาย จำกัด,สมุทรปราการ,SV04,Y,2026-09-04,35,1,0.02,0,Y,3.0,,24,2,228,19x88,Thanaaran Sirawattanamongkol
U,11x2499,ห้างหุ้นส่วนจำกัด โอ.เค.เค.เอ็นจิเนียริ่ง ซัพพลาย,สมุทรสาคร,SV01,N,,,0,0.00,0,Y,1.0,,1,0,0,19x1,Administrator
C,11x2500,บริษัท เฮงเค็ล (สยาม) แอ็ดฮีซีฟ เทคโนโลยี่ส์ จำกัด,กรุงเทพมหานคร,CH43,N,,,0,0.00,0,Y,116.0,,4,0,0,19x1,Administrator
U,11x2501,บริษัท ถาวร เอ็นจิเนียริ่ง แอนด์ คอนสตรัคชั่น จำกัด,กรุงเทพมหานคร,SV01,N,,,0,0.00,0,Y,10.0,,2,0,0,19x1,Administrator
B,11x2502,บริษัท พาราเคมีภัณฑ์ จำกัด,สมุทรปราการ,CH01,N,,,0,0.00,0,Y,69.0,8546.6,1,0,0,19x1,Administrator
B,11x2503,บริษัท ไทย ลีคเลส คอร์ปอเรชั่น จำกัด,สงขลา,UT99,N,,,0,0.00,0,Y,279.59,2622.66,2,2,476,19x1,Administrator
U,11x2504,พี.บี.ทูลส์,สงขลา,SV04,N,,,0,0.00,0,Y,,,7,0,0,19x1,Administrator
U,11x2505,บริษัท อิเล็กโทรไทย จำกัด (มหาชน),กรุงเทพมหานคร,SV04,N,,,0,0.00,0,Y,100.0,,14,0,0,19x1,Administrator
U,11x2506,บริษัท ดีมายเออร์ แฟลบ จำกัด,ลพบุรี,SV01,N,,,0,0.00,0,Y,23.0,106.1,3,0,0,19x1,Administrator
U,11x2508,ห้างหุ้นส่วนจำกัด แอลฟ่า ซีสเท็ม คอนโทรล,นครปฐม,SV01,N,,,0,0.00,0,Y,1.0,,1,0,0,19x1,Administrator
C,11x2509,บริษัท สยามเซมเพอร์เมด จำกัด,สงขลา,AG02,N,,,0,0.00,0,Y,,,6,0,0,19x1,Administrator
U,11x2510,บริษัท แม็ททอล อินเตอร์ เทคโนโลยี  จำกัด,กรุงเทพมหานคร,SV04,Y,,,0,0.00,1,Y,1.0,,64,2,497,19x27,Nattawut Junkong
U,11x2511,บริษัท เคเอ็มเจ เอ็นจิเนียริ่ง จำกัด,สมุทรปราการ,SV01,N,,,0,0.00,0,Y,5.0,,2,1,480,19x1,Administrator
A,11x2513,บริษัท กัปตัน โค๊ทติ้ง จำกัด,สมุทรปราการ,CH03,Y,,,0,0.00,3,Y,116.0,1716.5,2,0,0,19x70,Kornthanat Suksalee
D,11x2514,บริษัท ที.เค.ที.คอมเมอร์เชียล จำกัด,กรุงเทพมหานคร,CH14,N,,,0,0.00,0,Y,300.0,,1,0,0,19x1,Administrator
C,11x2515,บริษัท น้ำตาลไทยเอทานอล จำกัด,กาญจนบุรี,CH16,N,,,0,0.00,0,Y,400.0,18141,2,0,0,19x96,Itsaripharat Kamthong
U,11x2516,ห้างหุ้นส่วนจำกัด ที.เอส.เอ็น แมชชีนเนอร์รี่,สมุทรปราการ,SV04,N,,,0,0.00,0,Y,5.0,,2,0,0,19x1,Administrator
U,11x2517,บริษัท สยามมองดี จำกัด,ชลบุรี,SV04,N,,,0,0.00,0,Y,1.0,,1,0,0,19x1,Administrator
U,11x2518,บริษัท เค.ไอ.เอ็ม.เอ็นจิเนียริ่ง จำกัด,กรุงเทพมหานคร,SV04,N,,,0,0.00,0,Y,1.0,,1,0,0,19x1,Administrator
U,11x2519,บริษัท มุนินทร์ เม็กซ์ จำกัด,ประจวบคีรีขันธ์,SV01,N,,,0,0.00,0,Y,17.559226,483.86,1,0,0,19x1,Administrator
U,11x2520,บริษัท ไทย วี เค คอร์ปอเรชั่น จำกัด,นนทบุรี,SV01,N,,,0,0.00,0,Y,5.0,,3,0,0,19x1,Administrator
B,11x2521,บริษัท สยาม สตีล มิลล์ เซอร์วิสเซส จำกัด,สระบุรี,MN01,N,,,0,0.00,0,Y,87.742,235,1,0,0,19x1,Administrator
C,11x2522,บริษัท พิคาโซ่ เนเชอรัลส์ แลบบอราทอรี่ จำกัด,กรุงเทพมหานคร,CH05,N,,,0,0.00,0,Y,92.0,1044.98,4,0,0,19x1,Administrator
C,11x2523,บริษัท กรีนสวิลล์ จำกัด,ฉะเชิงเทรา,CH06,N,,,0,0.00,0,Y,111.5,593.67999999999995,12,3,618,19x1,Administrator
U,11x2524,บริษัท เอควิป จำกัด,สมุทรปราการ,SV04,N,,,0,0.00,0,Y,10.0,,3,0,0,19x1,Administrator
U,11x2525,บริษัท ไอเอ็กซ์แอล จำกัด,กรุงเทพมหานคร,SV01,Y,2026-06-15,116,1,0.02,0,Y,5.0,,8,0,0,19x88,Thanaaran Sirawattanamongkol
U,11x2526,บริษัท ราชบุรีเพาเวอร์ จำกัด,ราชบุรี,UT01,N,,,0,0.00,0,Y,338.8,5217735.4000000004,3,0,0,19x1,Administrator
U,11x2527,ห้างหุ้นส่วนจำกัด เอส.พี.แมชินเนอรี่ (2014),นครศรีธรรมราช,SV04,N,,,0,0.00,0,Y,2.0,,1,0,0,19x1,Administrator
A,11x2528,บริษัท สีไทยกันไซเพ้นท์  จำกัด(รง.เกตุเวย์),,CH03,Y,,,0,0.00,2,Y,,,15,4,665,19x1,Administrator
U,11x2529,บริษัท แอ๊ดวานซ์ เอ็นเนอร์ยี ดีเวลลอปเมนท์ จำกัด,ชลบุรี,SV01,N,,,0,0.00,0,Y,125.0,,5,0,0,19x1,Administrator
C,11x2530,บริษัท อธิมาตร จำกัด,บุรีรัมย์,FD07,N,,,0,0.00,0,Y,281.5,12773.32,10,4,311,19x1,Administrator
U,11x2532,บริษัท ทวีคูณไฮโดร นิวเมติก แอนด์ เอ็นจิเนียริ่ง จำกัด,สมุทรปราการ,SV04,N,,,0,0.00,0,Y,1.0,,3,0,0,19x1,Administrator
A,11x2533,บริษัท พิดิไลต์ แบมโก จำกัด,สมุทรปราการ,MN99,N,,,0,0.00,0,Y,0.0,1021.3,12,0,0,19x1,Administrator
B,11x2534,บริษัท วาย.เอส.เอส.(ประเทศไทย) จำกัด,สมุทรปราการ,UT99,N,,,0,0.00,0,Y,114.70763,2095.38,1,0,0,19x1,Administrator
U,11x2535,บริษัท ดีแฟม จำกัด,กรุงเทพมหานคร,SV04,N,,,0,0.00,0,Y,1.0,,1,0,0,19x1,Administrator
U,11x2536,พีทีทีอีพี เอสพี ลิมิเต็ด,,,Y,2026-05-29,133,1,0.01,0,Y,,,1,0,0,19x43,Katewadee Pratipagorn
U,11x2537,บริษัท คิมเบอร์ลี่ย์-คล๊าค แมนูแฟคเจอริ่ง (ประเทศไทย) จำกัด,กรุงเทพมหานคร,PP03,N,,,0,0.00,0,Y,400.0,,2,1,2,19x1,Administrator
A,11x2539,บริษัท อีซึ่น เพ้นท์ จำกัด (มหาชน),ชลบุรี,CH03,N,,,0,0.00,0,Y,213.0,1906.5,1,0,0,19x1,Administrator
B,11x2541,บริษัท เพอร์เฟค แพคเกจจิ้ง จำกัด,สมุทรสาคร,CH42,N,,,0,0.00,0,Y,247.0,2045.37,4,0,0,19x1,Administrator
B,11x2543,บริษัท สยาม แท้งค์ เทอร์มินอลส์ จำกัด,สมุทรปราการ,OT99,Y,2026-03-30,193,1,0.01,0,Y,23.41336,150,12,0,0,19x89,Tanaporn Chanchanaroj
A,11x2544,บริษัท ซีพีเอฟ (ประเทศไทย)จำกัด (มหาชน),กรุงเทพมหานคร,FD05,N,,,0,0.00,0,Y,41.5,9220.49,1,0,0,19x1,Administrator
U,11x2545,บริษัท เมโทรแมชีนเนอรี่  จำกัด,สมุทรปราการ,SV04,N,,,0,0.00,0,Y,265.0,918.56,1,0,0,19x1,Administrator
A,11x2546,บริษัท ไทยมัลลิเอเบิลไอออนแอนด์สตีล จำกัด,ปทุมธานี,MT01,Y,2026-08-20,50,1,0.07,1,Y,85.8,6262,11,1,84,19x27,Nattawut Junkong
U,11x2547,บริษัท อลิอันซ์ เฟล็กทรอนิกส์ จำกัด,กรุงเทพมหานคร,SV01,N,,,0,0.00,0,Y,30.0,,1,0,0,19x1,Administrator
U,11x2549,บริษัท เอสที แฟคทอรี่ ออโตเมชั่น จำกัด,กรุงเทพมหานคร,SV04,N,,,0,0.00,0,Y,1.0,,12,2,588,19x1,Administrator
B,11x2550,บริษัท ทีพีไอ โพลีน เพาเวอร์ จำกัด,สระบุรี,MN05,N,,,0,0.00,0,Y,950.300926,66995.5,1,0,0,19x1,Administrator
R,11x2551,บริษัท มิตซุย ไฮยีน แมททีเรียลส์ (ประเทศไทย) จำกัด,ระยอง,CH04,N,,,0,0.00,0,Y,4777.229999,28616.02,2,0,0,19x1,Administrator
R,11x2552,บริษัท อเมริกัน แอ็คเซิล แอนด์ แมนูแฟคเจอริ่ง (ประเทศไทย) จำกัด,ระยอง,OM00,Y,2026-07-27,74,2,0.17,0,Y,0.0,2947.54,26,0,0,19x51,Benjamas Tanjit
R,11x2553,บริษัท ทีพีซี เพสต์ เรซิน  จำกัด,ระยอง,CH04,Y,2026-07-16,85,10,0.32,0,Y,1614.194,7742,0,0,0,19x1,Administrator
U,11x2555,บริษัท โกลบอล อินทิเกรทเต็ด โซลูชั่น จำกัด,กรุงเทพมหานคร,SV04,N,,,0,0.00,0,Y,30.0,,1,0,0,19x1,Administrator
U,11x2556,บริษัท อีบี เอ็นจิเนียริ่ง (ประเทศไทย) จำกัด,กรุงเทพมหานคร,SV04,N,,,0,0.00,0,Y,3.0,,6,0,0,19x1,Administrator
U,11x2557,บริษัท โออีเอ็ม อิเล็คตริคอล จำกัด,กรุงเทพมหานคร,SV04,N,,,0,0.00,0,Y,5.0,,14,0,0,19x1,Administrator
A,11x2558,บริษัท นีโอเซ็น จำกัด,สมุทรปราการ,OM00,N,,,0,0.00,0,Y,5.0,,1,0,0,19x1,Administrator
A,11x2559,บริษัท ไทย ฮิราคาวา จำกัด,สมุทรปราการ,OM00,N,,,0,0.00,0,Y,11.5,358.42,2,0,0,19x1,Administrator
U,11x2560,บริษัท ดับเบิ้ล  เอ็นจิเนียริ่ง จำกัด,กรุงเทพมหานคร,SV04,N,,,0,0.00,0,Y,1.0,,1,0,0,19x1,Administrator
A,11x2561,บริษัท เทยิน คอร์ปอเรชั่น (ประเทศไทย) จำกัด,พระนครศรีอยุธยา,TT00,Y,2026-08-20,50,2,0.17,10,Y,549.18,1040.8499999999999,67,4,206,19x92,Napadol Peoksangthip
R,11x2562,บริษัท ไอทีที ฟลูอิด เทคโนโลยี่ อินเตอร์เนชั่นแนล จำกัด,ระยอง,SV04,N,,,0,0.00,0,Y,74.01,,16,0,0,19x1,Administrator
U,11x2563,บริษัท ชูชื่นวัฒนา จำกัด,กรุงเทพมหานคร,,N,,,0,0.00,0,Y,1.1,147,1,0,0,19x1,Administrator
U,11x2566,ห้างหุ้นส่วนจำกัด ศรีศุภโชค,สุพรรณบุรี,SV04,N,,,0,0.00,0,Y,5.0,,1,0,0,19x1,Administrator
C,11x2567,บริษัท คองโก เคมีฟาไทย จำกัด,ปทุมธานี,CH43,N,,,0,0.00,0,Y,7.0,212.47,2,0,0,19x1,Administrator
U,11x2568,บริษัท ไทยธุรกิจอุตสาหกรรม จำกัด,กรุงเทพมหานคร,SV04,N,,,0,0.00,0,Y,5.0,,21,8,519,19x1,Administrator
D,11x2569,ห้างหุ้นส่วนจำกัด ดีอาร์เค.เอ็นจิเนียริ่ง แอนด์ เซอร์วิส,นนทบุรี,CH14,N,,,0,0.00,0,Y,5.0,,9,1,476,19x23,Vipoo Srisawadi
C,11x2570,บริษัท ริเก้น อีลาสโตเมอร์ (ประเทศไทย) จำกัด,พระนครศรีอยุธยา,AG02,N,,,0,0.00,0,Y,678.0,3937.34,3,0,0,19x1,Administrator
C,11x2571,บริษัท มิชลิน อาร์โอเอช จำกัด,กรุงเทพมหานคร,AG02,N,,,0,0.00,0,Y,200.0,,2,1,151,19x1,Administrator
A,11x2572,บริษัท เฉียวฟู(ไทยแลนด์)จำกัด,สมุทรปราการ,CH41,N,,,0,0.00,0,Y,75.0,,12,2,311,19x88,Thanaaran Sirawattanamongkol
C,11x2573,บริษัท อุตสาหกรรมผลิตยางไทยสิน จำกัด,สมุทรสาคร,AG02,N,,,0,0.00,0,Y,5.702266,18308.95,8,3,352,19x34,Kanittha Cheryhom
U,11x2574,บริษัท ไฮโดร วอเตอร์ ซัพพลาย จำกัด,ปทุมธานี,SV01,N,,,0,0.00,0,Y,5.0,,2,0,0,19x1,Administrator
R,11x2575,บริษัท ภคนันท์ เอ็นจิเนียริ่ง จำกัด,ระยอง,SV04,N,,,0,0.00,0,Y,1.0,,1,0,0,19x1,Administrator
U,11x2576,บริษัท เอ็ม ที อาร์ (ประเทศไทย) จำกัด,กรุงเทพมหานคร,SV04,N,,,0,0.00,0,Y,10.0,,2,0,0,19x1,Administrator
D,11x2577,บริษัท พลังงานบริสุทธิ์ จำกัด (มหาชน),ปราจีนบุรี,CH14,N,,,0,0.00,0,Y,0.0,29133.8,3,0,0,19x1,Administrator
D,11x2578,สมชัย เซอร์วิส,,CH14,N,,,0,0.00,0,Y,,,2,0,0,19x1,Administrator
U,11x2579,บริษัท แอซเซ็ท เพอฟอร์แมนซ์ โซลูชั่น จำกัด,กรุงเทพมหานคร,SV04,N,,,0,0.00,0,Y,5.0,,2,0,0,19x1,Administrator
D,11x2580,บริษัท ซันสยาม จำกัด,ปทุมธานี,CH14,N,,,0,0.00,0,Y,22.7,159.5,6,0,0,19x23,Vipoo Srisawadi
D,11x2581,บริษัท 504 แอล เค คอนสทรัคชั่น จำกัด,กรุงเทพมหานคร,CH14,N,,,0,0.00,0,Y,2.5,60.16,32,0,0,19x1,Administrator
U,11x2582,บริษัท เอ.พี.วิชั่น เอ็นจิเนียริ่ง จำกัด,กรุงเทพมหานคร,SV04,N,,,0,0.00,0,Y,2.0,,4,0,0,19x1,Administrator
A,11x2585,บริษัท โอเรียนเต็ล เพนท์ แอนด์ เคมิคอล จำกัด,ชลบุรี,CH03,N,,,0,0.00,0,Y,18.5,329,2,0,0,19x1,Administrator
U,11x2586,บริษัท ไอที อิมเมจ จำกัด,กรุงเทพมหานคร,SV04,N,,,0,0.00,0,Y,1.0,,3,0,0,19x1,Administrator
A,11x2587,บริษัท ซีพีเอฟ  (ประเทศไทย)  จำกัด (มหาชน),กรุงเทพมหานคร,FD05,Y,2026-10-03,6,4,0.34,0,Y,41.5,9220.49,1,0,0,19x1,Administrator
U,11x2588,บริษัท บี แอล และบุตร จำกัด,กรุงเทพมหานคร,SV04,N,,,0,0.00,0,Y,1.0,,2,0,0,19x1,Administrator
U,11x2589,ห้างหุ้นส่วนจำกัด เค เอส.อิเลคทรอนิคส์ แอนด์ เซอร์วิส,พระนครศรีอยุธยา,EL01,N,,,0,0.00,0,Y,2.0,,1,0,0,19x1,Administrator
C,11x2590,บริษัท เอสเธติค พลัส จำกัด,นครปฐม,CH05,N,,,0,0.00,0,Y,45.5,495,1,0,0,19x1,Administrator
D,11x2591,บริษัท ไทยไฟเบอร์ออพติคส์ จำกัด,สมุทรปราการ,MT03,N,,,0,0.00,0,Y,100.0,2532.89,1,0,0,19x1,Administrator
U,11x2592,บริษัท มาร์แชล ฟลูอิด จำกัด,กรุงเทพมหานคร,SV04,N,,,0,0.00,0,Y,5.0,,18,1,274,19x1,Administrator
B,11x2594,บริษัท โกลบอล คอนเน็คชั่นส์ จำกัด (มหาชน),สมุทรปราการ,CH42,N,,,0,0.00,0,Y,220.0,,3,0,0,19x1,Administrator
U,11x2595,บริษัท สยามพาที จำกัด,นครราชสีมา,SV01,N,,,0,0.00,0,Y,3.0,,23,2,217,19x27,Nattawut Junkong
D,11x2597,บริษัท ฮัทชิสัน แหลมฉบัง เทอร์มินัล จำกัด,ชลบุรี,TP00,N,,,0,0.00,0,Y,4500.0,,2,0,0,19x1,Administrator
C,11x2598,บริษัท เพชรธารา  จำกัด,นครราชสีมา,FD08,N,,,0,0.00,0,Y,275.06,5757,4,0,0,19x1,Administrator
U,11x2599,บริษัท โกลบอล เพาเวอร์ ซินเนอร์ยี่ จำกัด (มหาชน),ชลบุรี,OG01,N,,,0,0.00,0,Y,8855.0,976681.18,8,0,0,19x78,Sarawut Viseshasiri
U,11x2600,บริษัท เวนเดอร์ริช จำกัด,สมุทรสาคร,SV04,N,,,0,0.00,0,Y,5.0,,1,0,0,19x1,Administrator
U,11x2601,บริษัท ดีมายเออร์ เซอร์วิส จำกัด,ปทุมธานี,SV01,N,,,0,0.00,0,Y,21.0,,8,0,0,19x23,Vipoo Srisawadi
U,11x2602,บริษัท ฟินิคส์ อินดัสเทรียล โปรดักส์ จำกัด,สมุทรปราการ,SV01,N,,,0,0.00,0,Y,1.0,,1,0,0,19x1,Administrator
U,11x2603,บริษัท เน็ตพาวเวอร์ เทคโนโลยี จำกัด,สมุทรปราการ,SV01,N,,,0,0.00,0,Y,1.0,,1,0,0,19x1,Administrator
U,11x2604,บริษัท ไอชิปั๊ม แอนด์ พาร์ท จำกัด,สมุทรปราการ,SV04,N,,,0,0.00,0,Y,1.0,,4,0,0,19x1,Administrator
U,11x2605,บริษัท อินคำราษฎร์ เซอร์วิส จำกัด,เลย,SV01,N,,,0,0.00,0,Y,3.0,,22,0,0,19x45,Pattamaporn Chadkurupin
R,11x2606,บริษัท อะเดกะ ไฟน์ เคมิคัล (ไทยแลนด์) จำกัด,ระยอง,CH42,N,,,0,0.00,0,Y,0.0,2379.8200000000002,2,0,0,19x1,Administrator
A,11x2607,บริษัท ซีวี เคม จำกัด,กรุงเทพมหานคร,CH03,N,,,0,0.00,0,Y,1.25,,4,0,0,19x1,Administrator
D,11x2608,บริษัท ฟรีสแลนด์คัมพิน่า (ประเทศไทย) จำกัด (มหาชน),สมุทรปราการ,FD01,N,,,0,0.00,0,Y,170.0,39143.760000000002,8,0,0,19x1,Administrator
C,11x2609,บริษัท น้ำตาลขอนแก่น จำกัด (มหาชน),ขอนแก่น,CH04,N,,,0,0.00,0,Y,333.0,566291.44999999995,9,0,0,19x1,Administrator
U,11x2610,บริษัท สวนส้ม ทรายทอง จำกัด,เชียงใหม่,SV04,N,,,0,0.00,0,Y,100.0,,3,0,0,19x1,Administrator
A,11x2611,บริษัท เบทาโกรภาคใต้ จำกัด,สงขลา,FD05,N,,,0,0.00,0,Y,270.0,,2,0,0,19x1,Administrator
U,11x2612,บริษัท บิโช เอนจิเนียริ่ง เอเชีย  จำกัด,สมุทรปราการ,SV04,N,,,0,0.00,0,Y,5.0,,1,0,0,19x1,Administrator
U,11x2613,บริษัท ธวัช เทคโนโลยี ซิสเต็มส์ จำกัด,ปทุมธานี,SV04,N,,,0,0.00,0,Y,380.0,479.97,1,0,0,19x1,Administrator
U,11x2614,บริษัท บีพีพี เอ็นเตอร์ไพร์ส จำกัด,กรุงเทพมหานคร,SV04,N,,,0,0.00,0,Y,1.0,,6,0,0,19x1,Administrator
D,11x2615,บริษัท มาตาเหล็ก จำกัด,กรุงเทพมหานคร,CH15,N,,,0,0.00,0,Y,1.0,,7,0,0,19x1,Administrator
A,11x2616,บริษัท พีที โปรเกรส อินดัสตรีส์ จำกัด,กรุงเทพมหานคร,OM00,N,,,0,0.00,0,Y,2.0,,10,0,0,19x1,Administrator
R,11x2617,บริษัท เคลล็อก (ประเทศไทย) จำกัด,ระยอง,FD04,N,,,0,0.00,0,Y,571.374,0,5,0,0,19x51,Benjamas Tanjit
U,11x2618,บริษัท บีวอชเชอร์ จำกัด,สมุทรสาคร,SV04,N,,,0,0.00,0,Y,1.0,,1,0,0,19x1,Administrator
U,11x2619,บริษัท เอ็นที เอ็นจิเนียริ่ง แอนด์ ดีไซด์ จำกัด,สมุทรปราการ,SV04,N,,,0,0.00,0,Y,1.0,,3,0,0,19x1,Administrator
U,11x2620,บริษัท เอ็มเคเค เอเซีย จำกัด,กรุงเทพมหานคร,SV01,N,,,0,0.00,0,Y,15.0,,4,0,0,19x1,Administrator
U,11x2621,บริษัท เปรม กรุ๊ป เอ็นจิเนียริ่ง จำกัด,กรุงเทพมหานคร,SV01,N,,,0,0.00,0,Y,100.0,,44,2,718,19x23,Vipoo Srisawadi
U,11x2622,บริษัท จีไอเอส กรุ๊ป จำกัด,กรุงเทพมหานคร,SV04,N,,,0,0.00,0,Y,30.0,,1,0,0,19x1,Administrator
A,11x2624,บริษัท ลีน่า (ประเทศไทย) จำกัด,ปทุมธานี,CH03,N,,,0,0.00,0,Y,2.25,544,7,0,0,19x1,Administrator
C,11x2625,บริษัท เมโทร ปาร์ติเกิล จำกัด,นนทบุรี,AG03,Y,2026-02-13,238,1,2.00,0,Y,355.0,2841.51,9,6,325,19x34,Kanittha Cheryhom
U,11x2626,บริษัท เชียงใหม่ทูลส์ จำกัด,เชียงใหม่,SV04,N,,,0,0.00,0,Y,33.0,,1,0,0,19x1,Administrator
R,11x2627,บริษัท อีเกิ้ล ออตตาวา (ประเทศไทย) จำกัด,ระยอง,SV04,N,,,0,0.00,0,Y,233.0,1755.34,1,0,0,19x1,Administrator
D,11x2628,บริษัท เอสเอฟซี เอกเซลเล้นซ์ จำกัด,สมุทรปราการ,CH14,Y,2026-07-07,94,5,0.65,0,Y,182.564996,1969,124,15,610,19x23,Vipoo Srisawadi
U,11x2629,บริษัท ทีทีซีแอล จำกัด (มหาชน),กรุงเทพมหานคร,SV01,Y,2026-09-04,35,13,0.49,0,Y,896.0,,154,17,729,19x1,Administrator
U,11x2630,บริษัท เอ็น.เอ็น. วัฒนกิจ จำกัด,กรุงเทพมหานคร,SV04,N,,,0,0.00,0,Y,1.0,,1,0,0,19x1,Administrator
D,11x2631,บริษัท ราชพฤกษ์ ออโต้แก๊ส จำกัด,นนทบุรี,CH02,N,,,0,0.00,0,Y,1.0,,1,0,0,19x1,Administrator
U,11x2632,บริษัท เคียวเอะอิ จำกัด,กรุงเทพมหานคร,SV01,N,,,0,0.00,0,Y,4.0,,1,0,0,19x1,Administrator
U,11x2633,บริษัท เคเอ็นเอ็ม โปรเจ็คส์ (ประเทศไทย) จำกัด,กรุงเทพมหานคร,SV04,N,,,0,0.00,0,Y,4.0,,1,0,0,19x1,Administrator
U,11x2634,บริษัท อัครา รีซอร์สเซส จำกัด (มหาชน),พิจิตร,,Y,2026-06-15,116,6,1.94,0,Y,1215.6,9058.2999999999993,36,14,731,19x89,Tanaporn Chanchanaroj
A,11x2637,บริษัท ดวงกมล โพลิเมอร์ส จำกัด,ปทุมธานี,CH41,N,,,0,0.00,0,Y,20.0,,1,0,0,19x1,Administrator
R,11x2639,บริษัท ไทยพอยท์ โกลบอล เทคโนโลยี จำกัด,ระยอง,SV04,N,,,0,0.00,0,Y,1.0,,2,0,0,19x51,Benjamas Tanjit
U,11x2640,บริษัท ดูเพล็กซ์ เอนจิเนียริ่ง จำกัด,กรุงเทพมหานคร,SV04,N,,,0,0.00,0,Y,1.0,,5,0,0,19x1,Administrator
U,11x2641,บริษัท ยู-อินดัสเทรียล เทค จำกัด,กรุงเทพมหานคร,SV01,N,,,0,0.00,0,Y,25.0,,1,0,0,19x1,Administrator
U,11x2642,บริษัท ออโต้ทรานเฟอร์ เซอร์วิส จำกัด,เชียงใหม่,SV04,N,,,0,0.00,0,Y,20.0,,1,0,0,19x1,Administrator
C,11x2644,บริษัท พี พี ไอ จำกัด,พระนครศรีอยุธยา,AG02,N,,,0,0.00,0,Y,44.0,96,3,0,0,19x1,Administrator
U,11x2645,บริษัท เดลต้า เอลเม็ก จำกัด,กรุงเทพมหานคร,SV04,Y,2026-04-21,171,2,0.30,0,Y,5.0,,3,0,0,19x23,Vipoo Srisawadi
U,11x2646,บริษัท ดราโคนิคส์ เทรด จำกัด,ปทุมธานี,SV04,N,,,0,0.00,0,Y,1.0,,1,0,0,19x1,Administrator
B,11x2648,บริษัท ทีพีไอ โพลีน ชีวะอินทรีย์ จำกัด,สระบุรี,MN05,N,,,0,0.00,0,Y,1.64,75,4,0,0,19x1,Administrator
U,11x2649,บริษัท แมกทริก เอ็นจิเนียริ่ง จำกัด,กรุงเทพมหานคร,SV01,N,,,0,0.00,0,Y,1.0,,1,0,0,19x1,Administrator
U,11x2650,ห้างหุ้นส่วนจำกัด ศรีศรัณย์ เอ็นจิเนียริ่ง,กรุงเทพมหานคร,SV01,N,,,0,0.00,0,Y,2.0,,13,0,0,19x1,Administrator
C,11x2651,บริษัท ซีลิค คอร์พ จำกัด,กรุงเทพมหานคร,CH09,Y,,,0,0.00,1,Y,255.0,2849.3,7,1,560,19x1,Administrator
R,11x2652,บริษัท โคเวสโตร (ประเทศไทย) จำกัด,ระยอง,CH04,N,,,0,0.00,0,Y,592.0,78480.570000000007,2,0,0,19x51,Benjamas Tanjit
U,11x2654,คริสเอ็นเนอร์ยี่ (กัลฟ์ ออฟ ไทยแลนด์) ลิมิเต็ด,,UT01,N,,,0,0.00,0,Y,,,1,0,0,19x1,Administrator
B,11x2655,บริษัท กลุ่มสยามบรรจุภัณฑ์  จำกัด,สมุทรปราการ,MN05,N,,,0,0.00,0,Y,29.0,0,1,0,0,19x1,Administrator
U,11x2656,บริษัท ได-แดน (ประเทศไทย) จำกัด,กรุงเทพมหานคร,SV01,N,,,0,0.00,0,Y,20.0,,2,0,0,19x1,Administrator
R,11x2657,บริษัท ไทย จีซีไอ เรซิท็อป จำกัด,ระยอง,CH43,N,,,0,0.00,0,Y,292.0,6014.47,4,0,0,19x1,Administrator
U,11x2658,บริษัท โกลบอล เอ็นจิเนียริ่ง โปรดัก ซัพพลาย จำกัด,นครราชสีมา,SV04,N,,,0,0.00,0,Y,3.0,,9,1,23,19x1,Administrator
B,11x2659,บริษัท ไทยซัมมิท เคเบิ้ล แอนด์ พาร์ท จำกัด,ชลบุรี,UT99,N,,,0,0.00,0,Y,381.46,694,5,0,0,19x1,Administrator
R,11x2660,บริษัท ฟรียาบาดี (ประเทศไทย) จำกัด,ระยอง,FD01,N,,,0,0.00,0,Y,160.0,1926.1,5,4,688,19x1,Administrator
U,11x2661,บริษัท วิศวกรรมเคมี จำกัด,กรุงเทพมหานคร,SV04,N,,,0,0.00,0,Y,30.0,,1,0,0,19x1,Administrator
C,11x2662,บริษัท พีรพัฒน์ เทคโนโลยี จำกัด (มหาชน),เพชรบุรี,CH07,N,,,0,0.00,0,Y,26.0,347.6,11,0,0,19x74,Sujittra Tungprakobjaroen
A,11x2663,บริษัท ทีอาร์เอฟ ฟีดมิลล์ จำกัด,สมุทรสาคร,FD05,N,,,0,0.00,0,Y,649.0,14895.89,17,1,630,19x70,Kornthanat Suksalee
U,11x2664,บริษัท พรีเมี่ยม อิควิปเม้นท์ แอนด์ เอ็นจิเนียริ่ง จำกัด,กรุงเทพมหานคร,,N,,,0,0.00,0,Y,570.0,409.78,21,5,588,19x1,Administrator
U,11x2665,บริษัท โยโกกาวา (ประเทศไทย) จำกัด,กรุงเทพมหานคร,SV04,N,,,0,0.00,0,Y,120.0,,3,0,0,19x1,Administrator
U,11x2666,บริษัท โรจนะเพาเวอร์ จำกัด,พระนครศรีอยุธยา,UT01,N,,,0,0.00,0,Y,4715.0,255844.36,3,0,0,19x1,Administrator
U,11x2667,บริษัท วี.พี.เค.อินสตรูเม้นท์ เซลส์ แอนด์ เซอร์วิส จำกัด,ชลบุรี,SV04,N,,,0,0.00,0,Y,3.0,,2,0,0,19x1,Administrator
U,11x2668,บริษัท แอดวานซ์ นิวทริชั่นแนล โซลูชั่นส์ จำกัด,กรุงเทพมหานคร,SV01,N,,,0,0.00,0,Y,4.0,,6,0,0,19x1,Administrator
A,11x2669,บริษัท มากอตโต  จำกัด,สระบุรี,MT99,Y,2026-09-23,16,2,0.07,0,Y,2839.32,23767.07,67,0,0,19x27,Nattawut Junkong
U,11x2670,บริษัท ไนซัส (ประเทศไทย) จำกัด,กรุงเทพมหานคร,SV04,N,,,0,0.00,0,Y,3.0,,10,0,0,19x1,Administrator
U,11x2673,ห้างหุ้นส่วนจำกัด เอส โอ เอส รับเบอร์ แอนด์ โมลด์,กรุงเทพมหานคร,SV04,N,,,0,0.00,0,Y,1.0,,4,0,0,19x1,Administrator
U,11x2674,บริษัท ซิสทาโน่ จำกัด,กรุงเทพมหานคร,SV01,Y,2026-10-03,6,5,0.25,11,Y,5.0,,31,9,653,19x43,Katewadee Pratipagorn
C,11x2677,บริษัท ไอกะ หาดใหญ่ จำกัด,สงขลา,AG02,Y,2026-09-04,35,1,0.28,3,Y,289.44,5885.74,37,1,534,19x34,Kanittha Cheryhom
D,11x2678,บริษัท บี นิธิ จำกัด,สมุทรสงคราม,CH02,N,,,0,0.00,0,Y,0.5,,1,0,0,19x1,Administrator
U,11x2679,บริษัท ไชโย พลังงานทดแทน จำกัด,อ่างทอง,UT01,N,,,0,0.00,0,Y,8.6,432,3,0,0,19x1,Administrator
U,11x2680,บริษัท จาดา เทคนิคคอลซัพพลาย จำกัด,กรุงเทพมหานคร,EL01,N,,,0,0.00,0,Y,1.0,,1,0,0,19x1,Administrator
U,11x2681,บริษัท เอส.ที. เซเว่น ไทย จำกัด,ชลบุรี,SV01,N,,,0,0.00,0,Y,2.0,,4,2,724,19x1,Administrator
U,11x2682,บริษัท ทำได้ จำกัด,ปทุมธานี,SV04,N,,,0,0.00,0,Y,5.0,,1,0,0,19x1,Administrator
C,11x2683,บริษัท คอสเมด อินโนเวชั่น จำกัด,สมุทรสาคร,CH05,N,,,0,0.00,0,Y,176.537189,2025.684,2,0,0,19x1,Administrator
R,11x2684,บริษัท อีสเทอร์นอินสตรูเมนท์ซัพพลาย จำกัด,ระยอง,SV04,N,,,0,0.00,0,Y,5.0,,1,0,0,19x1,Administrator
U,11x2685,บริษัท บุณวุฒิ วิศวกรรม จำกัด,,SV04,N,,,0,0.00,0,Y,,,1,0,0,19x1,Administrator
U,11x2686,บริษัท ซีนเนอร์จี เอ็นจิเนียริ่ง แอดแวนเทจ (ประเทศไทย) จำกัด,,SV04,N,,,0,0.00,0,Y,,,1,0,0,19x1,Administrator
D,11x2687,บริษัท วงแหวน ออโต้แก๊ส จำกัด,,CH02,N,,,0,0.00,0,Y,,,1,0,0,19x1,Administrator
U,11x2688,บริษัท เซอร์คูลาร์ เจพีพี เอนจิเนียริ่ง โซลูชั่น แอนด์ ซัพพลาย จำกัด,ชลบุรี,SV04,N,,,0,0.00,0,Y,,,1,0,0,19x1,Administrator
R,11x2689,บริษัท จี สตีล จำกัด (มหาชน),ระยอง,MT02,N,,,0,0.00,0,Y,13650.0,509900.78,2,0,0,19x90,Patthamanan Pudgajang
D,11x2690,บริษัท ช.ไพบูลย์วิศวกรรม จำกัด,,FD01,N,,,0,0.00,0,Y,,,1,0,0,19x1,Administrator
U,11x2691,บริษัท ฟลูอิด อีควิปเม้นท์ จำกัด,,SV01,N,,,0,0.00,0,Y,,,1,0,0,19x1,Administrator
U,11x2692,บริษัท แอดวานซ์ ไซแอม เทค จำกัด,,SV01,N,,,0,0.00,0,Y,,,28,13,695,19x34,Kanittha Cheryhom
D,11x2693,บริษัท บัญชากิจ  จำกัด,ปทุมธานี,CH02,N,,,0,0.00,0,Y,20.0,3651.22,1,0,0,19x1,Administrator
R,11x2696,บริษัท อีเอส ไฟเบอร์ วิชั่นส์ (ประเทศไทย) จำกัด,ระยอง,SV04,N,,,0,0.00,0,Y,0.0,4927.82,4,0,0,19x1,Administrator
R,11x2697,บริษัท นภัส ซัพพลาย จำกัด,ระยอง,SV04,N,,,0,0.00,0,Y,1.0,,1,0,0,19x1,Administrator
U,11x2698,บริษัท ธิสเซ่นครุปป์ อินดัสเตรียล โซลูชั่น (ประเทศไทย) จำกัด,กรุงเทพมหานคร,SV01,N,,,0,0.00,0,Y,31.0,,6,0,0,19x1,Administrator
U,11x2699,บริษัท ทีพีเอ็ม ออโต้เทค จำกัด,สมุทรปราการ,SV01,N,,,0,0.00,0,Y,1.0,,1,0,0,19x1,Administrator
A,11x2700,บริษัท เอสซีจี เซรามิกส์  จำกัด (มหาชน),สระบุรี,MN03,N,,,0,0.00,0,Y,73.4,42887.06,53,2,63,19x1,Administrator
U,11x2701,ซี.ยู.เค. เอ็นจิเนี่ยริ่ง,ปทุมธานี,SV04,N,,,0,0.00,0,Y,,,1,0,0,19x1,Administrator
D,11x2702,บริษัท จอห์น บีน เทคโนโลยี่ส์ (ประเทศไทย) จำกัด,กรุงเทพมหานคร,FD01,N,,,0,0.00,0,Y,20.0,,1,0,0,19x1,Administrator
U,11x2703,บริษัท โนเบิล แอ๊ดว๊านซ์ เอ็นจิเนียริ่ง จำกัด,กรุงเทพมหานคร,SV04,N,,,0,0.00,0,Y,5.0,,1,0,0,19x1,Administrator
A,11x2704,บริษัท ฟีลาแพค จำกัด,กรุงเทพมหานคร,OM00,N,,,0,0.00,0,Y,3.0,,3,0,0,19x1,Administrator
R,11x2705,บริษัท ระยอง เทอร์มินัล จำกัด,ระยอง,SV01,N,,,0,0.00,0,Y,0.0,259.95999999999998,4,0,0,19x1,Administrator
U,11x2706,บริษัท เอกศรา ซัพพลายเซอร์วิส จำกัด,กรุงเทพมหานคร,SV04,Y,2026-08-20,50,1,0.02,0,Y,1.0,,86,30,715,19x45,Pattamaporn Chadkurupin
U,11x2707,บริษัท แพน-เอเชีย เคมีเคิล จำกัด,กรุงเทพมหานคร,SV04,N,,,0,0.00,0,Y,5.0,,1,0,0,19x1,Administrator
C,11x2708,บริษัท ที พี เค เอทานอล จำกัด,นครราชสีมา,CH04,N,,,0,0.00,0,Y,1424.9,,6,0,0,19x1,Administrator
A,11x2709,ห้างหุ้นส่วนจำกัด ยงอุดมการทอ,กรุงเทพมหานคร,TT00,N,,,0,0.00,0,Y,15.0,470.68,1,0,0,19x1,Administrator
U,11x2711,ห้างหุ้นส่วนจำกัด จันทร์-เจริญ ทองสุข,สระบุรี,SV04,N,,,0,0.00,0,Y,0.3,,1,0,0,19x1,Administrator
U,11x2712,บริษัท เคมเทค เอ็นจิเนียริ่ง แอนด์ ซัพพลายด์ จำกัด,กรุงเทพมหานคร,SV04,N,,,0,0.00,0,Y,1.0,,1,0,0,19x1,Administrator
U,11x2713,บริษัท ออโตเมชั่น เทคนิคอล เอเซีย จำกัด,สมุทรปราการ,SV01,N,,,0,0.00,0,Y,5.0,,1,0,0,19x1,Administrator
U,11x2714,บริษัท สเตพไวส์ เอ็นจิเนียริ่ง จำกัด,นนทบุรี,SV01,N,,,0,0.00,0,Y,5.0,,2,0,0,19x1,Administrator
A,11x2715,บริษัท บูม โกลบอล จำกัด,ฉะเชิงเทรา,CH03,Y,,,0,0.00,2,Y,6.0,496,3,0,0,19x1,Administrator
A,11x2716,บริษัท ราชาแดรี่ จำกัด,ลพบุรี,FD05,N,,,0,0.00,0,Y,10.0,,2,0,0,19x1,Administrator
A,11x2717,บริษัท ซันโก้เคมิคอลส์ จำกัด,กรุงเทพมหานคร,CH03,Y,,,0,0.00,1,Y,2.0,710,8,0,0,19x1,Administrator
U,11x2718,บริษัท กรีนคอร์ป จำกัด,กรุงเทพมหานคร,SV01,Y,2026-09-04,35,1,0.60,0,Y,1.0,,3,1,62,19x1,Administrator
U,11x2719,บริษัท นวกิจกรุ๊ป จำกัด,นนทบุรี,SV01,N,,,0,0.00,0,Y,3.0,,6,0,0,19x1,Administrator
U,11x2721,ห้างหุ้นส่วนจำกัด เนตรธนา ก๊าซ,สมุทรสาคร,SV04,N,,,0,0.00,0,Y,0.5,,1,0,0,19x1,Administrator
C,11x2722,บริษัท โกลบอล เอ็นไวรอนเมนทอล เทคโนโลยี จำกัด,สมุทรปราการ,UT03,N,,,0,0.00,0,Y,200.0,,6,0,0,19x74,Sujittra Tungprakobjaroen
D,11x2723,บริษัท เอเชี่ยน แอสฟัลท์ จำกัด,ลำปาง,CH15,Y,2026-09-23,16,1,0.02,0,Y,68.0,8428.5,7,2,23,19x1,Administrator
U,11x2724,บริษัท พีเอสพี เครื่องมืออุตสาหกรรม จำกัด,ชลบุรี,SV04,N,,,0,0.00,0,Y,1.5,,1,1,520,19x1,Administrator
U,11x2725,ห้างหุ้นส่วนจำกัด เอ็น ทูลส์,ปทุมธานี,SV04,N,,,0,0.00,0,Y,2.0,,11,0,0,19x19,Saovaluck Jangjai
U,11x2726,บริษัท ภู ซัพพลาย จำกัด,สมุทรปราการ,SV04,N,,,0,0.00,0,Y,1.0,,1,0,0,19x1,Administrator
C,11x2727,บริษัท ไทยเอทานอล พาวเวอร์ จำกัด (มหาชน),ขอนแก่น,CH16,N,,,0,0.00,0,Y,660.0,27222.7,1,0,0,19x96,Itsaripharat Kamthong
C,11x2728,บริษัท ไลอ้อน (ประเทศไทย) จำกัด,ชลบุรี,CH06,Y,2026-06-15,116,2,0.05,17,Y,170.0,14935.34,62,13,718,19x45,Pattamaporn Chadkurupin
D,11x2729,บริษัท โกลบอลกรีนเคมิคอล จำกัด (มหาชน),ชลบุรี,CH14,Y,2026-09-04,35,17,3.44,0,Y,312.47,472.57,32,0,0,19x78,Sarawut Viseshasiri
R,11x2730,บริษัท รักษ์ป่าสัก จำกัด,ระยอง,CH14,N,,,0,0.00,0,Y,68.9287,266,1,0,0,19x1,Administrator
A,11x2732,บริษัท สยามโฟมแมชชีนเนอรี่ จำกัด,พระนครศรีอยุธยา,CH41,N,,,0,0.00,0,Y,5.0,,17,1,539,19x1,Administrator
U,11x2733,ห้างหุ้นส่วนจำกัด มีศรี เอ็นจิเนียริ่ง ซัพพลาย,สระบุรี,SV01,N,,,0,0.00,0,Y,3.0,,4,0,0,19x1,Administrator
U,11x2734,บริษัท โนวาเท็ค ปั๊ม โซลูชั่น จำกัด,กรุงเทพมหานคร,SV04,N,,,0,0.00,0,Y,3.0,,44,5,718,19x19,Saovaluck Jangjai
U,11x2735,บริษัท เศรษฐสัมพันธ์ แมคคานิค จำกัด,สมุทรสาคร,SV04,N,,,0,0.00,0,Y,6.3,100,3,0,0,19x1,Administrator
U,11x2736,บริษัท มั่นยืน เซอร์วิส แอนด์ วิศวกรรม จำกัด,ปทุมธานี,SV01,N,,,0,0.00,0,Y,2.0,,1,0,0,19x1,Administrator
A,11x2737,บริษัท ยูไนเต็ดฟีดมิลล์ จำกัด,สระบุรี,FD05,N,,,0,0.00,0,Y,753.397,3655.16,22,1,703,19x1,Administrator
C,11x2739,บริษัท ทีโอเอ เพอฟอร์มมานซ์ โค๊ทติ้ง คอร์ปอเรชั่น จำกัด,สมุทรปราการ,CH43,N,,,0,0.00,0,Y,99.0,495,2,0,0,19x1,Administrator
A,11x2740,บริษัท ไทยเมทัลโพรเซสซิ่ง จำกัด,ฉะเชิงเทรา,MT99,N,,,0,0.00,0,Y,308.909,13259.67,2,0,0,19x1,Administrator
C,11x2741,บริษัท ไทยรุ่งเรืองพลังงาน จำกัด,สระบุรี,CH04,Y,2026-08-07,63,1,0.07,0,Y,94.0,71331.66,54,3,723,19x74,Sujittra Tungprakobjaroen
A,11x2742,บริษัท เมทเทคโน พาเนลลี่ (ไทยแลนด์) จำกัด,สมุทรปราการ,CH41,N,,,0,0.00,0,Y,48.0,546.9,2,0,0,19x1,Administrator
U,11x2743,บริษัท นิวโมชั่น ปั๊ม แอนด์ เซอร์วิส จำกัด,ชลบุรี,SV01,N,,,0,0.00,0,Y,5.0,,6,2,554,19x1,Administrator
D,11x2744,บริษัท อธิวัฒน์ เอ็นจิเนียริ่ง จำกัด,สมุทรปราการ,CH02,N,,,0,0.00,0,Y,3.0,,1,0,0,19x1,Administrator
B,11x2745,บริษัท ทีพีไอ คอนกรีต จำกัด,กรุงเทพมหานคร,MN05,N,,,0,0.00,0,Y,11.0,248.3,28,0,0,19x78,Sarawut Viseshasiri
U,11x2747,บริษัท เอ็นอาร์ซี อินเตอร์เทค จำกัด,ชลบุรี,SV01,N,,,0,0.00,0,Y,1.0,,1,0,0,19x1,Administrator
C,11x2748,บริษัท ไทยเอเชีย แปซิฟิค บริวเวอรี่ จำกัด,นนทบุรี,FD06,N,,,0,0.00,0,Y,0.0,18173.13,5,0,0,19x1,Administrator
U,11x2749,บริษัท เอเซีย แปซิฟิค ปิโตรเคมิคอล จำกัด,สมุทรปราการ,SV04,Y,2026-09-15,24,1,0.07,0,Y,192.14,212.21,23,5,484,19x23,Vipoo Srisawadi
U,11x2750,บริษัท อินฟินิท คอนโทรล จำกัด,สมุทรปราการ,SV04,N,,,0,0.00,0,Y,10.0,,4,0,0,19x1,Administrator
A,11x2751,บริษัท จี เจ สตีล จำกัด (มหาชน),ชลบุรี,MT01,N,,,0,0.00,0,Y,15600.0,142816.16,47,0,0,19x70,Kornthanat Suksalee
U,11x2752,บริษัท ท๊อป เอ็นเนอร์ยี่ แอนด์ เอ็นจิเนียริ่ง จำกัด,กรุงเทพมหานคร,SV04,N,,,0,0.00,0,Y,5.0,,8,3,704,19x1,Administrator
R,11x2753,บริษัท อินนิออส สไตโรลูชั่น (ประเทศไทย) จำกัด,ระยอง,CH03,N,,,0,0.00,0,Y,787.35,45969.22,1,0,0,19x1,Administrator
A,11x2754,บริษัท เคมโมโก้ จำกัด,ปทุมธานี,MN03,N,,,0,0.00,0,Y,18.9,156,2,0,0,19x1,Administrator
U,11x2756,บริษัท ผลิตโชควิศวกรรม จำกัด,นครราชสีมา,SV01,N,,,0,0.00,0,Y,3.0,,11,4,666,19x34,Kanittha Cheryhom
D,11x2757,ห้างหุ้นส่วนจำกัด ใบบริบาล,พิษณุโลก,CH02,N,,,0,0.00,0,Y,60.0,,1,0,0,19x1,Administrator
C,11x2758,บริษัท สีไดโน จำกัด,สมุทรปราการ,CH04,N,,,0,0.00,0,Y,14.38,587,10,1,129,19x88,Thanaaran Sirawattanamongkol
D,11x2759,ธนาคารไทยพาณิชย์ จำกัด (มหาชน),กรุงเทพมหานคร,UT00,Y,2026-06-25,106,1,0.56,0,Y,70000.0,,22,1,448,19x43,Katewadee Pratipagorn
U,11x2760,บริษัท เจ เจ พี ซัพพลาย จำกัด,กรุงเทพมหานคร,SV01,N,,,0,0.00,0,Y,30.0,,1,0,0,19x1,Administrator
R,11x2761,บริษัท ไทย เคียววะ ไบโอเทคโนโลยีส์ จำกัด,ระยอง,CH08,N,,,0,0.00,0,Y,2627.05,13168.08,3,0,0,19x1,Administrator
U,11x2762,ห้างหุ้นส่วนจำกัด คิงดอม เอ็นจิเนียริ่ง,ปทุมธานี,SV04,N,,,0,0.00,0,Y,1.0,,7,1,346,19x1,Administrator
U,11x2763,บริษัท เชซ อินดัสเตรียล จำกัด,ฉะเชิงเทรา,SV04,N,,,0,0.00,0,Y,0.0,629.25,1,0,0,19x1,Administrator
U,11x2764,ห้างหุ้นส่วนจำกัด ไทย ซี.เค.เทคโนโลยี,กรุงเทพมหานคร,SV04,N,,,0,0.00,0,Y,0.3,,3,0,0,19x1,Administrator
C,11x2767,บริษัท อุตสาหกรรมมิตรมงคล จำกัด,กรุงเทพมหานคร,CH06,Y,2026-07-07,94,3,0.71,0,Y,225.0,29.5,32,19,728,19x74,Sujittra Tungprakobjaroen
R,11x2768,บริษัท ส.กิจชัย เอ็ม ดี เอฟ จำกัด,ระยอง,PP02,N,,,0,0.00,0,Y,600.0,,1,0,0,19x1,Administrator
U,11x2769,บริษัท เท็กซ์แมค จำกัด,สมุทรสาคร,SV04,N,,,0,0.00,0,Y,0.8,,3,0,0,19x1,Administrator
A,11x2770,บริษัท นานมีอุตสาหกรรม จำกัด,สมุทรปราการ,CH03,N,,,0,0.00,0,Y,3.0,2679.82,1,0,0,19x1,Administrator
R,11x2772,บริษัท เอ็มเออาร์ซี (ไทยแลนด์) จำกัด,ระยอง,SV01,N,,,0,0.00,0,Y,0.0,382.9,1,0,0,19x1,Administrator
U,11x2773,การไฟฟ้าส่วนภูมิภาค,,UT01,N,,,0,0.00,0,Y,,,2,0,0,19x1,Administrator
U,11x2775,บริษัท ไอพีจี 2008 จำกัด,กรุงเทพมหานคร,SV04,N,,,0,0.00,0,Y,1.0,,1,0,0,19x1,Administrator
U,11x2776,บริษัท เจเอเอฟ คอนโทรล เทคนิค จำกัด,กรุงเทพมหานคร,SV01,N,,,0,0.00,0,Y,1.0,,2,0,0,19x1,Administrator
R,11x2779,บริษัท สุธี แท็งเกอร์ แอนด์ สเปเชียลทรัค จำกัด,ระยอง,OM00,N,,,0,0.00,0,Y,25.0,1673.5,7,0,0,19x1,Administrator
U,11x2780,บริษัท อินเด็กซ์ อินเตอร์เนชั่นแนล กรุ๊ป จำกัด,ปทุมธานี,,N,,,0,0.00,0,Y,175.0,,1,0,0,19x1,Administrator
U,11x2782,บริษัท ฮ.พัฒนาเอ็นจิเนีย (กรุ๊ป) จำกัด,สมุทรสาคร,SV01,N,,,0,0.00,0,Y,1.0,,2,0,0,19x1,Administrator
C,11x2783,บริษัท ตะวันแดง 1999 จำกัด,ชัยนาท,FD07,N,,,0,0.00,0,Y,3000.0,19022.829000000002,8,0,0,19x1,Administrator
U,11x2784,บริษัท เอ็นไวรอนเม็นท์พัลพ์ แอนด์ เปเปอร์ จำกัด,นครสวรรค์,PP01,N,,,0,0.00,0,Y,2800.0,159119.64000000001,18,3,639,19x1,Administrator
U,11x2785,บริษัท แอมรอน อินดัสทรี จำกัด,กรุงเทพมหานคร,SV04,N,,,0,0.00,0,Y,5.0,,1,0,0,19x1,Administrator
U,11x2786,บริษัท ซี บี อินเตอร์โปรดักส์ จำกัด,กรุงเทพมหานคร,SV04,N,,,0,0.00,0,Y,5.0,,1,0,0,19x1,Administrator
A,11x2787,บริษัท เบทาโกร จำกัด (มหาชน),สมุทรปราการ,FD05,N,,,0,0.00,0,Y,48.434088,7238.85,24,0,0,19x1,Administrator
U,11x2788,บริษัท นิชิยามะ คอร์ปอเรชั่น (ประเทศไทย) จำกัด,กรุงเทพมหานคร,SV04,N,,,0,0.00,0,Y,2.0,,5,0,0,19x1,Administrator
A,11x2789,บริษัท คิวเอ็ม แอดดิทีฟ จำกัด,ลพบุรี,CH03,N,,,0,0.00,0,Y,31.5,122.56,1,0,0,19x1,Administrator
U,11x2790,บริษัท ไดนามิค โฟลว์ไลน์ จำกัด,กรุงเทพมหานคร,SV01,N,,,0,0.00,0,Y,50.0,,1,0,0,19x1,Administrator
U,11x2791,บริษัท คิวเซอร์รอน (ประเทศไทย) จำกัด,ฉะเชิงเทรา,SV04,N,,,0,0.00,0,Y,3.0,,1,0,0,19x1,Administrator
U,11x2792,บริษัท จี อินนอฟ จำกัด,สมุทรสาคร,SV01,Y,2026-09-23,16,1,0.01,0,Y,1.0,,38,2,248,19x27,Nattawut Junkong
U,11x2793,บริษัท ดีโกล อุตสาหกรรม จำกัด,ชลบุรี,SV04,N,,,0,0.00,0,Y,1.0,,9,0,0,19x1,Administrator
U,11x2794,บริษัท ชาร์เตอร์ เมต (ประเทศไทย) จำกัด,กรุงเทพมหานคร,SV01,N,,,0,0.00,0,Y,4.0,,1,0,0,19x1,Administrator
B,11x2795,บริษัท เบอร์ล่า คาร์บอน (ไทยแลนด์) จำกัด (มหาชน),อ่างทอง,CH01,N,,,0,0.00,0,Y,1631.856,125767.02,29,2,508,19x77,Thitima Plaibua
A,11x2796,บริษัท เพ็ท โฟกัส จำกัด,ลพบุรี,FD05,Y,2026-09-15,24,9,1.38,9,Y,1195.0,24136,117,13,706,19x27,Nattawut Junkong
B,11x2797,บริษัท ยูเนี่ยน คอมปาวด์ จำกัด,นครปฐม,TT01,Y,,,0,0.00,3,Y,56.76,237.63,14,4,585,19x92,Napadol Peoksangthip
U,11x2798,บริษัท พรเทพ ไลท์ เอนจิเนียริ่ง จำกัด,กรุงเทพมหานคร,SV04,N,,,0,0.00,0,Y,1.0,,2,0,0,19x1,Administrator
A,11x2799,บริษัท หลุยส์ผลิตภัณฑ์กาวเทป จำกัด,สมุทรปราการ,CH03,Y,,,0,0.00,4,Y,22.983,87.52,19,1,500,19x34,Kanittha Cheryhom
U,11x2800,บริษัท วรรธนสิทธิ์ คอนสตรัคชั่น จำกัด,กรุงเทพมหานคร,SV04,N,,,0,0.00,0,Y,5.0,,1,0,0,19x1,Administrator
U,11x2801,บริษัท ไพรม์ พาริซัน จำกัด,กรุงเทพมหานคร,SV04,N,,,0,0.00,0,Y,5.0,,26,1,269,19x23,Vipoo Srisawadi
U,11x2802,บริษัท เวิลด์ ไวด์ โซลูชั่นส์ 2014 จำกัด,กรุงเทพมหานคร,,N,,,0,0.00,0,Y,3.0,,1,0,0,19x1,Administrator
A,11x2804,บริษัท กลอเรียส เอ็นจิเนียริ่ง จำกัด,,SV02,N,,,0,0.00,0,Y,5.0,,1,0,0,19x1,Administrator
U,11x2805,บริษัท บีเค เอ็นจิเนียริ่ง แอนด์ เซอร์วิส จำกัด,,SV04,Y,2026-02-06,245,1,0.02,0,Y,,,10,2,591,19x19,Saovaluck Jangjai
B,11x2806,บริษัท นันยางการทออุตสาหกรรม จำกัด,สมุทรสาคร,TT01,N,,,0,0.00,0,Y,495.0,58692.79,21,3,534,19x1,Administrator
U,11x2808,บริษัท ที ดับบลิว อินเตอร์เทรด จำกัด,,SV04,N,,,0,0.00,0,Y,,,2,0,0,19x1,Administrator
R,11x2809,บริษัท จีเอสอี ไลนิ่ง เทคโนโลยี จำกัด,ระยอง,SV04,N,,,0,0.00,0,Y,180.0,11852.72,1,0,0,19x1,Administrator
C,11x2810,บริษัท แสงโสม  จำกัด,กาญจนบุรี,FD07,N,,,0,0.00,0,Y,830.0,13300.21,1,0,0,19x1,Administrator
U,11x2811,ห้างหุ้นส่วนจำกัด ที ที เอ็ม วิศวกรรม,,SV01,N,,,0,0.00,0,Y,,,4,0,0,19x1,Administrator
U,11x2812,บริษัท ซี เค เค ออโตเมชั่น จำกัด,,SV04,N,,,0,0.00,0,Y,,,1,0,0,19x1,Administrator
U,11x2813,บริษัท โปร ทรี เอส จำกัด,,SV01,N,,,0,0.00,0,Y,,,2,0,0,19x1,Administrator
A,11x2814,บริษัท เจ.ไอ.ที.อีควิปเม้นท์ จำกัด,,SV07,Y,2026-09-15,24,2,0.15,0,Y,,,62,32,640,19x77,Thitima Plaibua
U,11x2815,บริษัท มิตรผล (2534) จำกัด,,SV04,N,,,0,0.00,0,Y,,,6,0,0,19x1,Administrator
U,11x2816,บริษัท พัฒน์กล แมนนูแฟคเจอริ่ง จำกัด,เพชรบุรี,SV04,N,,,0,0.00,0,Y,300.0,1854.5,1,0,0,19x1,Administrator
A,11x2817,บริษัท เอปซิคอนส์ จำกัด,,SV02,N,,,0,0.00,0,Y,,,1,0,0,19x1,Administrator
B,11x2818,บริษัท แพรนด้า จิวเวลรี่ จำกัด (มหาชน),กรุงเทพมหานคร,MN02,Y,,,0,0.00,1,Y,1253.0,1101.3699999999999,4,2,217,19x1,Administrator
R,11x2819,บริษัท ไทยพลาสติก และ เคมีภัณฑ์ จำกัด (มหาชน),ระยอง,CH42,N,,,0,0.00,0,Y,7866.19,61887.37,4,0,0,19x1,Administrator
U,11x2820,บริษัท  พีเออี (ประเทศไทย) จำกัด (มหาชน),กำแพงเพชร,SV01,N,,,0,0.00,0,Y,0.0,235.62,1,0,0,19x1,Administrator
U,11x2821,บริษัท ซี.ทู.ซี. โซลูชั่นส์ จำกัด,สิงห์บุรี,SV04,N,,,0,0.00,0,Y,70.0,2878.56,4,0,0,19x1,Administrator
U,11x2822,บริษัท โซลเทคโซลูชั่นส์ จำกัด,ฉะเชิงเทรา,SV04,N,,,0,0.00,0,Y,322.0,11996.65,3,0,0,19x1,Administrator
U,11x2823,บริษัท วาย เจ เซอร์วิส แอนด์ ซัพพลาย จำกัด,,SV01,N,,,0,0.00,0,Y,,,2,0,0,19x1,Administrator
A,11x2824,บริษัท ไทยโพลีเอสเตอร์ จำกัด,ชลบุรี,TT00,Y,2026-02-13,238,1,0.04,8,Y,460.0,63296.22,26,17,709,19x92,Napadol Peoksangthip
A,11x2825,บริษัท แสนทวี อินเตอร์กรุ๊ป จำกัด,สมุทรปราการ,TT00,N,,,0,0.00,0,Y,65.0,431,1,0,0,19x1,Administrator
B,11x2826,บริษัท วายเคเค (ประเทศไทย) จำกัด,สมุทรปราการ,UT99,N,,,0,0.00,0,Y,244.674,11054.925999999999,2,0,0,19x1,Administrator
U,11x2827,บริษัท ไมดาส แพคเกอร์ จำกัด,,SV04,N,,,0,0.00,0,Y,,,1,0,0,19x1,Administrator
C,11x2830,บริษัท ซี.แอล.โอ.ทู จำกัด,ปราจีนบุรี,AG02,N,,,0,0.00,0,Y,155.0,2024.54,2,0,0,19x1,Administrator
U,11x2831,บริษัท กู๊ดเอิร์ท เมอชันไดซซิ่ง จำกัด,,SV04,N,,,0,0.00,0,Y,,,17,0,0,19x70,Kornthanat Suksalee
U,11x2832,บริษัท เนพ เอ็นจิเนียริ่ง จำกัด,,SV04,N,,,0,0.00,0,Y,,,5,0,0,19x1,Administrator
A,11x2833,บริษัท เอ. เอ็ม. เอ็นจิเนียริ่ง แอนด์ ซัพพลายส์ จำกัด,,SV02,N,,,0,0.00,0,Y,,,1,0,0,19x1,Administrator
C,11x2834,บริษัท ไทยเบฟเวอเรจ เอ็นเนอร์ยี่  จำกัด,ปทุมธานี,FD07,N,,,0,0.00,0,Y,304.28,4108.51,5,0,0,19x1,Administrator
U,11x2835,บริษัท ออนเนอร์ จำกัด,,SV01,N,,,0,0.00,0,Y,,,1,0,0,19x1,Administrator
U,11x2836,บริษัท ไทรอัมพ์ เอวิเอชั่น เซอร์วิสเซส เอเชีย จำกัด,ชลบุรี,SV01,N,,,0,0.00,0,Y,,,1,0,0,19x1,Administrator
D,11x2838,บริษัท ศุภวิศว์ ซัพพลาย แอนด์ เอ็นจิเนียริ่ง จำกัด,พระนครศรีอยุธยา,FD01,N,,,0,0.00,0,Y,,,2,0,0,19x1,Administrator
U,11x2839,ห้างหุ้นส่วนจำกัด เอส.อี.เอ็ม (ไทยแลนด์),,SV04,N,,,0,0.00,0,Y,,,1,0,0,19x1,Administrator
R,11x2840,บริษัท ไทย โรตารี่ เอ็นจิเนียริ่ง จำกัด (มหาชน),ระยอง,SV01,N,,,0,0.00,0,Y,166.4,5976.15,9,0,0,19x1,Administrator
U,11x2842,บริษัท เอส ซี คอร์ปอเรชั่น จำกัด,ฉะเชิงเทรา,SV04,N,,,0,0.00,0,Y,800.0,1080,1,0,0,19x1,Administrator
R,11x2843,บริษัท อมตะ บี.กริม เพาเวอร์ (ระยอง)  5 จำกัด,ระยอง,,N,,,0,0.00,0,Y,0.0,0,1,0,0,19x1,Administrator
R,11x2844,บริษัท เจลลี เบลลี แคนดี้ คอมปานี (ประเทศไทย) จำกัด,ระยอง,FD04,N,,,0,0.00,0,Y,0.0,4584.78,5,0,0,19x1,Administrator
U,11x2845,บริษัท เอเซียมอเตอร์ เซอร์วิส เซ็นเตอร์ จำกัด,ปทุมธานี,SV04,N,,,0,0.00,0,Y,22.5,2880.39,1,0,0,19x1,Administrator
U,11x2846,บริษัท นิชชิน อีเลคทริค (ประเทศไทย) จำกัด,ปทุมธานี,EL01,N,,,0,0.00,0,Y,1145.0,281.11,2,0,0,19x1,Administrator
U,11x2848,บริษัท พีอีจี อินเตอร์เทค จำกัด,,SV01,N,,,0,0.00,0,Y,,,1,0,0,19x1,Administrator
U,11x2849,บริษัท ลิควิด เพียวริฟิเกชั่น เอ็นจิเนียริ่ง อินเตอร์เนชั่นแนล จำกัด,นนทบุรี,SV04,N,,,0,0.00,0,Y,6.4,92.3,1,0,0,19x1,Administrator
U,11x2851,บริษัท ไอ ออน เอ็คซเช้นจ์ พีเอสเอส จำกัด,,SV01,N,,,0,0.00,0,Y,,,1,0,0,19x1,Administrator
U,11x2852,ห้างหุ้นส่วนจำกัด สยามเซ็นเตอร์ แมชชีน พาร์ท,,SV04,N,,,0,0.00,0,Y,,,2,0,0,19x1,Administrator
U,11x2853,ห้างหุ้นส่วนจำกัดแสงไทยวัฒนา,กรุงเทพมหานคร,EL01,N,,,0,0.00,0,Y,8.5,685,1,0,0,19x1,Administrator
D,11x2854,บริษัท ไพรัตน์อุตสาหกรรม จำกัด,นครสวรรค์,FD01,N,,,0,0.00,0,Y,16.1,930.69,2,0,0,19x1,Administrator
U,11x2855,บริษัท ทรัพย์ทวีกิจ รุ่งเรือง เทรดดิ้ง จำกัด,,SV04,N,,,0,0.00,0,Y,,,2,0,0,19x1,Administrator
U,11x2856,ห้างหุ้นส่วนจำกัด เยอ เอ็นจิเนียริ่ง,,SV01,Y,2026-07-30,71,3,0.18,11,Y,,,53,6,547,19x27,Nattawut Junkong
U,11x2857,บริษัท เซนวิโก จำกัด,,SV04,N,,,0,0.00,0,Y,,,1,0,0,19x1,Administrator
A,11x2858,บริษัท เคเอสพี อินโนเวชั่น เทคโนโลยี จำกัด,,SV02,N,,,0,0.00,0,Y,,,1,0,0,19x1,Administrator
B,11x2859,นิติบุคคลอาคารชุดมิลเลนเนียม เรสซิเดนท์,,UT99,N,,,0,0.00,0,Y,,,2,0,0,19x1,Administrator
B,11x2860,บริษัท อาร์ต อุตสาหกรรม จำกัด,กรุงเทพมหานคร,CH42,N,,,0,0.00,0,Y,22.0,2808.65,6,0,0,19x1,Administrator
R,11x2861,บริษัท อิโนแอ็ค (ประเทศไทย) จำกัด,ระยอง,CH41,N,,,0,0.00,0,Y,641.35,1959.67,1,0,0,19x1,Administrator
U,11x2862,บริษัท เอส เอส พี อาร์ (ประเทศไทย) จำกัด,,SV01,N,,,0,0.00,0,Y,,,5,0,0,19x1,Administrator
B,11x2863,บริษัท  กลุ่มสยามบรรจุภัณฑ์  จำกัด,สมุทรปราการ,MN05,N,,,0,0.00,0,Y,29.0,0,5,0,0,19x1,Administrator
U,11x2864,บริษัท แอนท์ เอ็นจิเนียริ่ง แอนด์ ซัพพลาย จำกัด,,SV01,N,,,0,0.00,0,Y,,,2,0,0,19x1,Administrator
A,11x2867,บริษัท เอส พี เอช เอ็นจิเนียริ่ง จำกัด,,CH41,N,,,0,0.00,0,Y,,,3,1,219,19x1,Administrator
D,11x2868,บริษัท วินวินบิซ เอเจนซี่ จำกัด,,CH14,N,,,0,0.00,0,Y,,,1,0,0,19x1,Administrator
U,11x2869,บริษัท เอเชียนาออฟชอร์ จำกัด,,SV04,N,,,0,0.00,0,Y,,,4,2,638,19x45,Pattamaporn Chadkurupin
D,11x2870,บริษัท ไฮล์ เทรลเลอร์ เอเซีย จำกัด,พระนครศรีอยุธยา,TP00,N,,,0,0.00,0,Y,285.0,0,40,6,687,19x45,Pattamaporn Chadkurupin
U,11x2871,ห้างหุ้นส่วนจำกัด ชลบุรี เมทัล,,SV01,N,,,0,0.00,0,Y,,,1,0,0,19x1,Administrator
U,11x2872,บริษัท ยูนิเวอร์แซล โปรเซส เคมิคอล แอนด์ อีควิปเม้นต์ เซอร์วิส จำกัด,,UT01,N,,,0,0.00,0,Y,5.0,,4,1,470,19x1,Administrator
U,11x2874,บริษัท บี-เซอร์วีซีโอ เอ็นจิเนียริ่ง จำกัด,,SV01,N,,,0,0.00,0,Y,,,1,0,0,19x1,Administrator
A,11x2876,บริษัท บิ๊กเบน เพนท์ จำกัด,สมุทรสาคร,CH03,N,,,0,0.00,0,Y,1.0,146.69999999999999,2,0,0,19x1,Administrator
A,11x2877,บริษัท ไมย์เออร์ อินดัสตรีส์ จำกัด,ชลบุรี,MT99,Y,,,0,0.00,2,Y,2268.282,41268.94,3,0,0,19x1,Administrator
B,11x2878,บริษัท ไฮมิก จำกัด,ชลบุรี,CH42,Y,,,0,0.00,2,Y,113.4,1484.06,12,0,0,19x1,Administrator
B,11x2879,บริษัท ธนบุรีประกอบรถยนต์  จำกัด,กรุงเทพมหานคร,UT99,N,,,0,0.00,0,Y,60.0,59.61,1,0,0,19x1,Administrator
U,11x2880,บริษัท เศรษฐธนานันท์ จำกัด,,SV04,N,,,0,0.00,0,Y,,,5,0,0,19x43,Katewadee Pratipagorn
U,11x2881,บริษัท อินเตอร์ อิสเทิร์น คอนเทนเนอร์ จำกัด,ปราจีนบุรี,PP01,N,,,0,0.00,0,Y,195.0,6030.16,1,0,0,19x1,Administrator
U,11x2882,บริษัท ทีโอซี ไกลคอล จำกัด,,SV01,N,,,0,0.00,0,Y,,,1,0,0,19x1,Administrator
B,11x2883,บริษัท โปรเซส เอ็นจิเนียริ่ง เซอร์วิส จำกัด,,UT99,N,,,0,0.00,0,Y,,,1,0,0,19x1,Administrator
U,11x2884,ห้างหุ้นส่วนจำกัด ทรัพย์พลัสวัน แอลพีจี,,SV04,N,,,0,0.00,0,Y,,,2,0,0,19x1,Administrator
U,11x2885,บริษัท ดับบลิวเอส เจริญสุข เอ็นเตอร์ไพร์ส จำกัด,,SV04,N,,,0,0.00,0,Y,,,3,0,0,19x1,Administrator
R,11x2887,บริษัท เอสอาร์ เอ็นเนอร์จี้ แอนด์ เอ็นจิเนียริ่ง จำกัด,ระยอง,SV01,N,,,0,0.00,0,Y,,,1,0,0,19x1,Administrator
U,11x2888,บริษัท ลีดเดอร์ พรีซิชั่น กรุ๊ป (ประเทศไทย) จำกัด,กรุงเทพ,SV04,N,,,0,0.00,0,Y,,,1,0,0,19x1,Administrator
U,11x2889,บริษัท ฐิโอกะ เอ็นเตอร์ไพร์ส จำกัด,,SV04,N,,,0,0.00,0,Y,,,4,0,0,19x1,Administrator
A,11x2890,บริษัท ไทยอ๊อฟเซท จำกัด,กรุงเทพมหานคร,CH03,Y,,,0,0.00,2,Y,210.0,1833.42,22,4,723,19x70,Kornthanat Suksalee
U,11x2891,บริษัท ทีไอบี ออลล์ จำกัด,,SV04,N,,,0,0.00,0,Y,,,12,0,0,19x1,Administrator
U,11x2893,บริษัท เมกะ อินเตอร์เนชั่นแนล จำกัด,สมุทรปราการ,SV04,N,,,0,0.00,0,Y,,,1,0,0,19x1,Administrator
U,11x2894,บริษัท ชิโยดะ โคฮาน (ประเทศไทย) จำกัด,,SV04,N,,,0,0.00,0,Y,,,2,0,0,19x1,Administrator
D,11x2895,บริษัท น้ำตาลเอกผล จำกัด,,FD04,N,,,0,0.00,0,Y,,,1,0,0,19x44,Nuttapong Laplumwanich
A,11x2896,บริษัท เวิร์คเคม จำกัด,ชลบุรี,CH03,N,,,0,0.00,0,Y,6.3,475.9,1,0,0,19x1,Administrator
U,11x2897,บริษัท ดี วัน อินเตอร์ พาร์ท เทคโนโลยีส์ จำกัด,สมุทรปราการ,SV04,N,,,0,0.00,0,Y,,,5,0,0,19x1,Administrator
U,11x2898,บริษัท โพลีเทค เอเชีย จำกัด,นครปฐม,SV04,N,,,0,0.00,0,Y,,,2,0,0,19x1,Administrator
U,11x2899,บริษัท เจ๊บเซ่น แอนด์ เจ๊สเซ่น เทคโนโลยี่ (ที) จำกัด,,SV04,N,,,0,0.00,0,Y,,,2,0,0,19x1,Administrator
U,11x2900,บริษัท บิ๊กแมน ซัพพลาย แอนด์ คอนเซาท์แตนต์ จำกัด,,SV04,N,,,0,0.00,0,Y,,,1,0,0,19x1,Administrator
U,11x2901,บริษัท เอ็กโซโกร จำกัด,,SV04,N,,,0,0.00,0,Y,,,16,4,704,19x77,Thitima Plaibua
U,11x2902,บริษัท สหการวิศวกร จำกัด,,SV01,N,,,0,0.00,0,Y,,,1,0,0,19x1,Administrator
U,11x2903,บริษัท คงพัฒน์สานนท์ จำกัด,,SV04,N,,,0,0.00,0,Y,,,2,0,0,19x1,Administrator
B,11x2904,บริษัท สวนอุตสาหกรรมโรจนะ จำกัด (มหาชน),พระนครศรีอยุธยา,OT99,Y,2026-05-29,133,1,0.64,0,Y,42.4,512,8,3,333,19x23,Vipoo Srisawadi
U,11x2905,บริษัท จำรัส คอนสตรัคชั่น แอนด์ ซัพพลาย จำกัด,ราชบุรี,SV01,N,,,0,0.00,0,Y,,,2,0,0,19x1,Administrator
D,11x2906,บริษัท อีเอ็มซี เอ็นเตอร์ไพรส์ จำกัด,สมุทรสาคร,CH14,N,,,0,0.00,0,Y,,,78,1,310,19x23,Vipoo Srisawadi
A,11x2907,บริษัท ไท-โย เพนท์ (ประเทศไทย) จำกัด,กรุงเทพมหานคร,CH03,Y,2026-06-30,101,1,0.02,0,Y,46.0,1907.1,8,3,497,19x88,Thanaaran Sirawattanamongkol
D,11x2908,บริษัท พีพีพี กรีน คอมเพล็กซ์ จำกัด,ประจวบคีรีขันธ์,FD03,N,,,0,0.00,0,Y,3375.0,79629.850000000006,9,0,0,19x1,Administrator
U,11x2909,บริษัท มีเทรดเซ็นเตอร์ จำกัด,,SV04,N,,,0,0.00,0,Y,,,2,0,0,19x1,Administrator
U,11x2910,บริษัท โปรวินเนอร์ (ไทยแลนด์) จำกัด,,SV04,N,,,0,0.00,0,Y,,,8,0,0,19x1,Administrator
B,11x2911,บริษัท พงศ์พารา โพลิเมอร์ จำกัด,สมุทรสาคร,UT99,N,,,0,0.00,0,Y,33.976,5587.1,1,1,508,19x1,Administrator
U,11x2912,บริษัท พี แอนด์ ไอดี เอ็นจิเนียร์ริ่ง จำกัด,,SV04,N,,,0,0.00,0,Y,,,2,0,0,19x1,Administrator
U,11x2914,บริษัท อนันธนทรัพย์ วิศวกรรม จำกัด,,SV01,N,,,0,0.00,0,Y,,,2,0,0,19x1,Administrator
C,11x2915,บริษัท สุรากระทิงแดง  (1988) จำกัด,กำแพงเพชร,FD07,N,,,0,0.00,0,Y,2999.0,13872.25,4,0,0,19x1,Administrator
U,11x2916,บริษัท โร โซลูชั่น จำกัด,,SV04,N,,,0,0.00,0,Y,,,1,0,0,19x1,Administrator
U,11x2918,บริษัท แม็กซิโฟลว์ เอ็นจิเนียริ่ง จำกัด,,SV04,N,,,0,0.00,0,Y,,,1,0,0,19x1,Administrator
U,11x2919,บริษัท สยาม ไพรม แมชชีนเนอรี่ จำกัด,,SV01,N,,,0,0.00,0,Y,,,10,2,373,19x27,Nattawut Junkong
U,11x2920,โตโย เอ็นจีเนียริ่ง คอร์ปอเรชั่น,,SV01,N,,,0,0.00,0,Y,,,1,0,0,19x1,Administrator
U,11x2921,บริษัท สยาม สแตรี่ เซอร์วิสส์ จำกัด,ชลบุรี,SV04,N,,,0,0.00,0,Y,282.232247,0,1,0,0,19x1,Administrator
R,11x2922,บริษัท อินโดรามา ปิโตรเคม  จำกัด,ระยอง,,N,,,0,0.00,0,Y,13621.84,129031.3,2,0,0,19x1,Administrator
U,11x2923,บริษัท คูณคมเพชร จำกัด,สมุทรปราการ,SV04,N,,,0,0.00,0,Y,,,2,0,0,19x1,Administrator
U,11x2924,บริษัท ทีเอพี พาร์ท เอ็นจิเนียริ่ง จำกัด,,SV04,N,,,0,0.00,0,Y,,,2,0,0,19x1,Administrator
U,11x2927,บางกอก ทูลส์ เซ็นเตอร์,,SV04,N,,,0,0.00,0,Y,,,1,0,0,19x1,Administrator
U,11x2928,บริษัท เนส เทคนิค จำกัด,,SV04,N,,,0,0.00,0,Y,,,2,0,0,19x1,Administrator
B,11x2929,บริษัท แอ็ดวานซ์ พรีแฟบ จำกัด,ชลบุรี,CH42,N,,,0,0.00,0,Y,1.5,1118.8,1,0,0,19x1,Administrator
U,11x2930,บริษัท จุกเสม็ด พอร์ต จำกัด,,SV01,Y,2026-02-20,231,2,0.29,3,Y,,,11,4,703,19x43,Katewadee Pratipagorn
U,11x2933,บริษัท สุขภัค ซัพพลาย จำกัด,,SV01,N,,,0,0.00,0,Y,,,7,0,0,19x45,Pattamaporn Chadkurupin
C,11x2934,บริษัท ไทยเบฟเวอเรจ  เอ็นเนอร์ยี่  จำกัด,ปทุมธานี,FD07,N,,,0,0.00,0,Y,304.28,4108.51,9,0,0,19x1,Administrator
U,11x2935,บริษัท อินโนเซฟ จำกัด,,SV01,N,,,0,0.00,0,Y,,,2,0,0,19x1,Administrator
A,11x2936,บริษัท ฮาร์ทฟอร์ด เพ้นท์ จำกัด,สมุทรปราการ,CH03,Y,,,0,0.00,2,Y,12.0,445.6,4,0,0,19x1,Administrator
R,11x2937,บริษัท แอคูชเน็ท ไทเทิลลิสท์ (ประเทศไทย) จำกัด,ระยอง,SV01,Y,2026-09-23,16,10,1.81,0,Y,1777.836011,13913.58,32,0,0,19x51,Benjamas Tanjit
U,11x2938,บริษัท ชูพันธุ์อินดัสเทรียลเซอร์วิสเซส จำกัด,นครปฐม,SV04,N,,,0,0.00,0,Y,,,2,1,94,19x1,Administrator
B,11x2940,บริษัท สวนอุตสาหกรรมโรจนะ จำกัด  (มหาชน),พระนครศรีอยุธยา,OT99,N,,,0,0.00,0,Y,42.4,512,1,1,24,19x1,Administrator
B,11x2941,บริษัท  โรจนะ อินดัสเตรียล แมเนจเม้นท์ จำกัด,พระนครศรีอยุธยา,OT99,Y,2026-04-21,171,4,2.65,0,Y,97.64,469,7,2,18,19x23,Vipoo Srisawadi
D,11x2942,บริษัท จีเอฟพีที นิชิเร (ประเทศไทย) จำกัด,ชลบุรี,FD01,N,,,0,0.00,0,Y,109.315,22745.08,6,0,0,19x1,Administrator
D,11x2944,บริษัท พี เอ พี แก็ส แอนด์ ออยล์ จำกัด,นครสวรรค์,CH14,N,,,0,0.00,0,Y,104.61276,270,1,0,0,19x1,Administrator
U,11x2945,บริษัท เอสพี.โปร เซอร์วิส จำกัด,,SV04,N,,,0,0.00,0,Y,,,1,0,0,19x1,Administrator
R,11x2946,บริษัท สตาร์วู๊ด เคมีคอล จำกัด,ระยอง,SV01,N,,,0,0.00,0,Y,186.0,4391.5,1,0,0,19x1,Administrator
R,11x2947,บริษัท แม็กซิส อินเตอร์เนชั่นแนล (ประเทศไทย) จำกัด,ระยอง,AG02,N,,,0,0.00,0,Y,14875.44,55482.67,1,0,0,19x1,Administrator
A,11x2948,บริษัท พนัสโภคภัณฑ์ จำกัด,ชลบุรี,FD05,Y,,,0,0.00,2,Y,140.6963,8054.29,17,2,599,19x27,Nattawut Junkong
U,11x2949,บริษัท พี.เอส.พาวเวอร์ เทรดดิ้ง จำกัด,,SV04,N,,,0,0.00,0,Y,,,16,1,508,19x1,Administrator
D,11x2950,บริษัท อีเอส เพาเวอร์ จำกัด,สระแก้ว,FD04,N,,,0,0.00,0,Y,790.0,21399,2,0,0,19x1,Administrator
D,11x2951,ห้างหุ้นส่วนจำกัด เอ็นเทคซิสเท็มเอ็นจิเนียริ่ง,,CH14,N,,,0,0.00,0,Y,,,1,0,0,19x1,Administrator
U,11x2953,บริษัท บิสซิเนสอะไลเม้นท์ จำกัด (มหาชน),,SV01,N,,,0,0.00,0,Y,,,4,0,0,19x44,Nuttapong Laplumwanich
U,11x2954,บริษัท รอแยล เมอิวะ แพ็คซ์ จำกัด,สมุทรสาคร,,N,,,0,0.00,0,Y,566.0,490.26,2,0,0,19x1,Administrator
C,11x2955,บริษัท บางจากไบโอเอทานอล (ฉะเชิงเทรา) จำกัด,ฉะเชิงเทรา,CH16,N,,,0,0.00,0,Y,21.0,19182.3,11,0,0,19x96,Itsaripharat Kamthong
U,11x2956,บริษัท โอพีจีเทค จำกัด,,,N,,,0,0.00,0,Y,,,1,0,0,19x1,Administrator
A,11x2957,บริษัท วโรปกรณ์ จำกัด (มหาชน),สมุทรปราการ,MT01,N,,,0,0.00,0,Y,19.85,5977.61,3,0,0,19x1,Administrator
B,11x2958,บริษัท พี.วี.มั่นคงดี เซอร์วิส (2004) จำกัด,,UT99,N,,,0,0.00,0,Y,,,1,0,0,19x1,Administrator
U,11x2959,บริษัท จูโน่ ซัพพลาย จำกัด,,SV04,N,,,0,0.00,0,Y,,,8,0,0,19x1,Administrator
R,11x2960,บริษัท ไทย-อบิลิตี้ เอ็นจิเนียริ่ง จำกัด,ระยอง,SV01,N,,,0,0.00,0,Y,21.1,351.55,1,0,0,19x1,Administrator
U,11x2962,บริษัท พลัสแม็กซ์ คอร์ปอเรชั่น จำกัด,,SV04,N,,,0,0.00,0,Y,,,12,0,0,19x1,Administrator
A,11x2963,บริษัท รับ คอร์เนอร์ จำกัด,,OM00,N,,,0,0.00,0,Y,,,1,0,0,19x1,Administrator
U,11x2964,บริษัท เจนซีสเทค จำกัด,สมุทรปราการ,SV01,N,,,0,0.00,0,Y,,,5,0,0,19x1,Administrator
U,11x2965,บริษัท ดับเบิ้ลยู.ที. วิกเตอร์ จำกัด,,SV01,N,,,0,0.00,0,Y,,,1,0,0,19x1,Administrator
U,11x2966,บริษัท อมตะ สปริง ดีเวลลอปเม้นท์ จำกัด,ชลบุรี,SV01,N,,,0,0.00,0,Y,,,10,0,0,19x1,Administrator
R,11x2967,บริษัท เอส.บี.ฟู้ด จำกัด,ระยอง,FD01,N,,,0,0.00,0,Y,89.0,1718.53,2,0,0,19x43,Katewadee Pratipagorn
U,11x2968,บริษัท ธาดาดล จำกัด,,SV01,N,,,0,0.00,0,Y,,,1,0,0,19x1,Administrator
D,11x2969,บริษัท ยูเอซี โกลบอล จำกัด (มหาชน),เชียงใหม่,CH02,N,,,0,0.00,0,Y,149.0,4802.8100000000004,12,1,371,19x43,Katewadee Pratipagorn
U,11x2970,บริษัท เอลโม เทค จำกัด,,SV01,N,,,0,0.00,0,Y,,,2,0,0,19x1,Administrator
U,11x2971,บริษัท โวลูเทค แมชชีนเนอรี่ จำกัด,,SV01,N,,,0,0.00,0,Y,,,7,0,0,19x1,Administrator
R,11x2972,บริษัท ระยองเอ็นจิเนียริ่งโซลูชั่น จำกัด,ระยอง,SV01,N,,,0,0.00,0,Y,,,4,0,0,19x1,Administrator
R,11x2973,บริษัท โกลว์ เอสพีพี 11 จำกัด,ระยอง,SV01,N,,,0,0.00,0,Y,2500.0,223769.82,3,0,0,19x1,Administrator
A,11x2974,บริษัท บางกอกอินดัสเตรียลบอยเลอร์ จำกัด,ปราจีนบุรี,SV02,N,,,0,0.00,0,Y,51.470707,2433.6,2,0,0,19x1,Administrator
U,11x2975,บริษัท ซินเมนเทค จำกัด,,SV01,N,,,0,0.00,0,Y,,,2,0,0,19x1,Administrator
U,11x2976,บริษัท พลาสแมท จำกัด,,SV01,N,,,0,0.00,0,Y,,,1,0,0,19x1,Administrator
U,11x2977,ห้างหุ้นส่วนจำกัด เอ็นเอสที พรีเว็นชั่น เอ็นจิเนียริ่ง,,SV04,N,,,0,0.00,0,Y,,,1,0,0,19x1,Administrator
U,11x2979,บริษัท บอสตัน เอ็นจิเนียริ่ง จำกัด,สมุทรสาคร,SV04,N,,,0,0.00,0,Y,11.15,540.78,2,0,0,19x1,Administrator
U,11x2980,บริษัท เอจีซี คอร์ปอเรชั่น จำกัด,สมุทรปราการ,SV04,N,,,0,0.00,0,Y,,,8,1,596,19x1,Administrator
R,11x2981,บริษัท อาร์ ไอ แอล 1996 จำกัด,ระยอง,SV01,N,,,0,0.00,0,Y,71.0,196.26,1,0,0,19x1,Administrator
U,11x2982,บริษัท ทรายทอง เอ็นจีวี จำกัด,ฉะเชิงเทรา,,N,,,0,0.00,0,Y,,,1,0,0,19x47,Patipan Suksangiam
A,11x2983,บริษัท อินทรี อีโคไซเคิล จำกัด,สระบุรี,MN06,N,,,0,0.00,0,Y,345.0,4975,2,0,0,19x1,Administrator
R,11x2985,บริษัท เจนเนอรัล มอเตอร์ส เพาเวอร์เทรน (ประเทศไทย) จำกัด,ระยอง,CH41,N,,,0,0.00,0,Y,0.0,3192,3,0,0,19x1,Administrator
U,11x2986,บริษัท เอ็กเชน ทาวเวอร์ จำกัด,,SV01,N,,,0,0.00,0,Y,,,10,0,0,19x1,Administrator
U,11x2987,บริษัท เอ.พี.ดี. กรุ๊ป จำกัด,,SV04,N,,,0,0.00,0,Y,,,1,0,0,19x1,Administrator
U,11x2988,บริษัท เจ.เอ.พี กรุ๊ป จำกัด,,SV04,Y,2026-07-27,74,1,0.08,0,Y,,,3,0,0,19x96,Itsaripharat Kamthong
U,11x2989,บริษัท ดับบลิว.พี.เจ เอ็นจิเนียริ่ง จำกัด,สมุทรปราการ,SV01,N,,,0,0.00,0,Y,,,1,0,0,19x1,Administrator
U,11x2990,บริษัท พี.เอ็น.วี.อินโนเทค จำกัด,,SV04,N,,,0,0.00,0,Y,,,11,2,638,19x1,Administrator
D,11x2991,บริษัท พี.ซี.สยามปิโตรเลียม จำกัด,,CH14,N,,,0,0.00,0,Y,,,35,0,0,19x44,Nuttapong Laplumwanich
U,11x2992,บริษัท โรห์ม แอนด์ ฮาสส์ เคมิคอล (ประเทศไทย) จำกัด,,SV01,N,,,0,0.00,0,Y,,,1,0,0,19x1,Administrator
U,11x2994,บริษัท ทีเอ็นทีที เซอร์วิส จำกัด,,SV04,N,,,0,0.00,0,Y,,,4,0,0,19x1,Administrator
U,11x2995,บริษัท ฮ.พัฒนารุ่งเรือง จำกัด,สมุทรสาคร,SV01,N,,,0,0.00,0,Y,47.5,458.6,15,1,508,19x1,Administrator
C,11x2996,บริษัท ไทยโอซูก้า จำกัด,สมุทรสาคร,CH05,N,,,0,0.00,0,Y,603.0,26480,4,0,0,19x1,Administrator
U,11x2997,บริษัท โปรดักทีฟ เอ็นเตอร์ไพรส์ จำกัด,,SV04,N,,,0,0.00,0,Y,,,2,0,0,19x45,Pattamaporn Chadkurupin
A,11x2998,บริษัท รีไซเคิล เอ็นจิเนียริ่ง จำกัด,ชลบุรี,OM00,N,,,0,0.00,0,Y,90.0,2662.19,3,1,255,19x1,Administrator
U,11x2999,บริษัท ไทรอัมฟ์ เอ็นจิเนียริ่ง จำกัด,ราชบุรี,SV01,Y,2026-09-23,16,1,0.50,1,Y,115.0,2971.33,77,25,729,19x27,Nattawut Junkong
U,11x3000,บริษัท สเปเชี่ยล ฟอร์ซ อินโนเวชั่น จำกัด,,SV04,N,,,0,0.00,0,Y,,,1,0,0,19x1,Administrator
U,11x3001,ห้างหุ้นส่วนจำกัด หนึ่งเครื่องเรือน 1989,สงขลา,SV04,N,,,0,0.00,0,Y,,,1,0,0,19x1,Administrator
R,11x3004,บริษัท โมเมนทีฟ เพอร์ฟอร์แมนซ์ แมททีเรียลส์ (ประเทศไทย) จำกัด,ระยอง,SV01,N,,,0,0.00,0,Y,153.756,9862.9,7,0,0,19x1,Administrator
U,11x3005,บริษัท นวนคร จำกัด (มหาชน),ปทุมธานี,SV01,N,,,0,0.00,0,Y,931.35538,1632.74,13,1,480,19x44,Nuttapong Laplumwanich
U,11x3006,บริษัท เอส ซี แมชชินเนค เอเชีย จำกัด,,SV04,N,,,0,0.00,0,Y,,,3,1,627,19x1,Administrator
D,11x3007,บริษัท ฟูลสเกล เทคโนโลยี จำกัด,,CH14,N,,,0,0.00,0,Y,,,2,0,0,19x1,Administrator
A,11x3009,บริษัท มิอุระ อินดัสทรีส์ (ประเทศไทย) จำกัด,,SV02,N,,,0,0.00,0,Y,,,14,0,0,19x1,Administrator
A,11x3010,บริษัท เซรามิคซิเมนต์ไทย จำกัด,,MN03,N,,,0,0.00,0,Y,,,1,0,0,19x1,Administrator
U,11x3012,บริษัท สหโคเจน (ชลบุรี) จำกัด (มหาชน),ชลบุรี,,N,,,0,0.00,0,Y,1350.0,590930.5,1,0,0,19x1,Administrator
D,11x3013,บริษัท น้ำมันมะพร้าวไทย จำกัด,สมุทรสาคร,FD01,N,,,0,0.00,0,Y,15.804,591.20000000000005,3,0,0,19x1,Administrator
D,11x3014,บริษัท ปตท. น้ำมันและการค้าปลีก จำกัด (มหาชน),กรุงเทพมหานคร,CH14,Y,2026-09-28,11,4,0.19,51,Y,160.0,341.8,93,12,722,19x43,Katewadee Pratipagorn
A,11x3021,บริษัท เอสซีจี เซรามิกส์ จำกัด (มหาชน),สระบุรี,MN03,Y,2026-09-04,35,17,0.25,0,Y,73.4,42887.06,42,1,212,19x1,Administrator
D,11x3022,บริษัท น้ำตาลครบุรี จำกัด (มหาชน),นครราชสีมา,FD04,N,,,0,0.00,0,Y,280.0,341692,2,0,0,19x1,Administrator
U,11x3023,บริษัท ซิโน-ไทย เอ็นจีเนียริ่ง แอนด์ คอนสตรัคชั่น จำกัด (มหาชน),นนทบุรี,SV01,N,,,0,0.00,0,Y,33.1,426,1,0,0,19x1,Administrator
R,11x3024,บริษัท ไทยแมคคานิคัล คอนสตรัคชั่น จำกัด,ระยอง,SV01,N,,,0,0.00,0,Y,3.45,168.57,1,0,0,19x1,Administrator
D,11x3026,บริษัท ยัวซ่าแบตเตอรี่ ประเทศไทย จำกัด (มหาชน),สมุทรปราการ,MT03,N,,,0,0.00,0,Y,1047.152528,16103.68,3,0,0,19x1,Administrator
C,11x3027,บริษัท มงคลสมัย จำกัด,อุตรดิตถ์,FD06,N,,,0,0.00,0,Y,198.8,9598.6200000000008,10,4,625,19x74,Sujittra Tungprakobjaroen
B,11x3028,บริษัท ที.เจ.ซี. เคมี จำกัด,สมุทรปราการ,CH11,N,,,0,0.00,0,Y,623.936377,1430.3,5,0,0,19x1,Administrator
A,11x3030,บริษัท นิวสตาร์พาแนล จำกัด,,SV07,N,,,0,0.00,0,Y,,,1,0,0,19x1,Administrator
B,11x3031,บริษัท เอ็ม ดี เอ็กซ์ จำกัด (มหาชน),,UT99,N,,,0,0.00,0,Y,,,10,0,0,19x1,Administrator
B,11x3032,บริษัท สยามเฆมี จำกัด (มหาชน),สมุทรปราการ,CH99,N,,,0,0.00,0,Y,19.0,701.6,5,0,0,19x23,Vipoo Srisawadi
B,11x3033,บริษัท ไดอิชิแพคเกจจิ้ง จำกัด,ฉะเชิงเทรา,CH42,Y,,,0,0.00,2,Y,4.15,6362.12,5,0,0,19x1,Administrator
U,11x3034,บริษัท เจนเนอรัล เทคโนโลยี พาร์ท จำกัด,,SV04,N,,,0,0.00,0,Y,,,7,1,578,19x1,Administrator
U,11x3035,บริษัท ดับเบิลยู เอส เค เซอร์วิส จำกัด,,SV01,Y,,,0,0.00,2,Y,,,9,1,717,19x45,Pattamaporn Chadkurupin
U,11x3036,บริษัท ซิลิก้า ฮิลล์ จำกัด,สงขลา,SV01,N,,,0,0.00,0,Y,12.0,180,1,0,0,19x1,Administrator
U,11x3037,บริษัท ออลทาเนีย จำกัด,,SV04,N,,,0,0.00,0,Y,,,3,0,0,19x1,Administrator
C,11x3038,บริษัท เอ็นเทคโพลิเมอร์ จำกัด,มุกดาหาร,AG02,N,,,0,0.00,0,Y,1020.0,5069,3,1,269,19x1,Administrator
D,11x3039,บริษัท ไทยเพรซิเดนท์ฟูดส์ จำกัด  (มหาชน),ชลบุรี,FD99,N,,,0,0.00,0,Y,317.90311,6933.73,2,0,0,19x1,Administrator
U,11x3040,บริษัท เอส ดับเบิลยู พลัส เอ็นจิเนียริ่ง จำกัด,,SV01,N,,,0,0.00,0,Y,,,1,0,0,19x1,Administrator
U,11x3041,บริษัท มีชัย กรุ๊ป จำกัด,,SV01,N,,,0,0.00,0,Y,,,1,0,0,19x1,Administrator
U,11x3042,บริษัท คามิน เอ็นจิเนียริ่ง แอนด์ เซอร์วิส จำกัด,,SV01,N,,,0,0.00,0,Y,,,1,0,0,19x1,Administrator
U,11x3043,บริษัท ไอ ซี เอส เทค จำกัด,นครปฐม,SV04,N,,,0,0.00,0,Y,,,9,1,479,19x1,Administrator
R,11x3044,บริษัท ทานตะวัน คอนสตรัคชั่น แอนด์ เซอร์วิส จำกัด,ระยอง,SV04,N,,,0,0.00,0,Y,7.9,485,4,0,0,19x1,Administrator
B,11x3045,บริษัท แอมคอร์ เฟล็กซิเบิ้ล เพชรบุรี จำกัด,เพชรบุรี,CH42,Y,2026-08-20,50,1,0.04,0,Y,200.0,5800.69,23,2,631,19x92,Napadol Peoksangthip
R,11x3047,บริษัท สยาม ดับบลิวพี กรุ๊ป จำกัด,ระยอง,SV04,N,,,0,0.00,0,Y,,,5,0,0,19x1,Administrator
B,11x3048,บริษัท เอสซีจี แพคเกจจิ้ง จำกัด (มหาชน),,CH42,N,,,0,0.00,0,Y,,,10,1,207,19x1,Administrator
D,11x3049,บริษัท เอ็มพี จี11 (ประเทศไทย) จำกัด,,CH14,N,,,0,0.00,0,Y,,,4,0,0,19x1,Administrator
U,11x3050,บริษัท ตั้งเซียะปิงโลหะกิจ จำกัด,สมุทรปราการ,,N,,,0,0.00,0,Y,10.0,2794.5,2,0,0,19x1,Administrator
C,11x3051,บริษัท สตาร์โปร ซันวา อยุธยา โมดิฟาย สตาร์ช จำกัด,พระนครศรีอยุธยา,FD08,N,,,0,0.00,0,Y,710.0,473.7,11,0,0,19x1,Administrator
B,11x3053,บริษัท แอมคอร์ เฟล็กซิเบิ้ล กรุงเทพ จำกัด (มหาชน),สมุทรปราการ,CH42,N,,,0,0.00,0,Y,1185.73272,11177.5,15,0,0,19x1,Administrator
A,11x3054,บริษัท ไมย์เออร์ อลูมิเนียม (ประเทศไทย) จำกัด,ชลบุรี,MT02,Y,,,0,0.00,2,Y,970.0,9246.3700000000008,3,2,270,19x1,Administrator
A,11x3056,บริษัท เพอร์เฟค กรุ๊ป (ประเทศไทย) จำกัด,,FD05,N,,,0,0.00,0,Y,,,26,1,575,19x70,Kornthanat Suksalee
A,11x3057,บริษัท บุญทวีเคมีภัณฑ์ จำกัด,,TT00,N,,,0,0.00,0,Y,,,1,0,0,19x1,Administrator
U,11x3059,บริษัท พี.โอ.อาร์.ซัพพลาย จำกัด,,SV04,N,,,0,0.00,0,Y,,,1,0,0,19x1,Administrator
U,11x3061,บริษัท ไวทยะโชติ จำกัด,,SV04,N,,,0,0.00,0,Y,,,2,0,0,19x1,Administrator
U,11x3062,บริษัท เอ็นเอ็น แอนด์ พีพี เอ็นจิเนียริ่ง จำกัด,,SV01,N,,,0,0.00,0,Y,,,1,0,0,19x1,Administrator
U,11x3063,บริษัท โอเคเค โรลเลอร์ จำกัด,สมุทรสาคร,SV04,N,,,0,0.00,0,Y,,,1,0,0,19x1,Administrator
R,11x3064,บริษัท วีอีอี เอ็นจิเนียริ่ง จำกัด,ระยอง,SV01,N,,,0,0.00,0,Y,,,1,0,0,19x1,Administrator
U,11x3065,บริษัท เคลฟเวอร์ เอ็นซิสเต็ม จำกัด,,SV01,N,,,0,0.00,0,Y,,,3,0,0,19x1,Administrator
U,11x3066,บริษัท ผลิตภัณฑ์กระดาษไทย  จำกัด,ราชบุรี,PP01,N,,,0,0.00,0,Y,974.0,41758.730000000003,3,0,0,19x1,Administrator
R,11x3067,บริษัท เอ็ม เอ ซี เอส จำกัด,ระยอง,CH15,N,,,0,0.00,0,Y,160.0,110.6,2,1,536,19x1,Administrator
U,11x3068,ห้างหุ้นส่วนจำกัด ลำปางศิริโรจน์,,SV04,N,,,0,0.00,0,Y,,,2,0,0,19x1,Administrator
U,11x3069,บริษัท โตนานเอเชีย จำกัด,,SV01,N,,,0,0.00,0,Y,,,2,0,0,19x1,Administrator
U,11x3070,บริษัท ยัวร์ ซัพพลายเออร์ จำกัด,สมุทรปราการ,SV04,N,,,0,0.00,0,Y,,,6,0,0,19x1,Administrator
U,11x3071,ห้างหุ้นส่วนจำกัด โชคชัยกิจเจริญ,อุดรธานี,SV01,N,,,0,0.00,0,Y,4.2,105.18,3,1,305,19x1,Administrator
U,11x3072,ห้างหุ้นส่วนจำกัด ภวรวัฒน์,,SV01,N,,,0,0.00,0,Y,,,2,0,0,19x1,Administrator
U,11x3075,บริษัท อีซูซุสงวนไทยกรุงเทพ จำกัด,สมุทรปราการ,SV01,N,,,0,0.00,0,Y,47.687912,173.2,4,0,0,19x1,Administrator
U,11x3076,บริษัท ทิปโก้ เอฟแอนด์บี จำกัด,พระนครศรีอยุธยา,SV04,N,,,0,0.00,0,Y,649.0,8357.35,3,0,0,19x1,Administrator
A,11x3077,บริษัท เอเชียน อินซูเลเตอร์ จำกัด (มหาชน),สิงห์บุรี,MN03,N,,,0,0.00,0,Y,371.581645,11980.6,3,0,0,19x1,Administrator
R,11x3078,บริษัท พีทีที แทงค์ เทอร์มินัล จำกัด,ระยอง,SV01,N,,,0,0.00,0,Y,3899.0,9919.32,6,0,0,19x78,Sarawut Viseshasiri
U,11x3079,บริษัท แอ๊บโฟลว์ เอ็นจิเนียริ่ง จำกัด,,SV04,N,,,0,0.00,0,Y,,,8,0,0,19x1,Administrator
U,11x3080,บริษัท สปี ออยล์ แอนด์ แก๊ส เซอร์วิสเซส (ประเทศไทย) จำกัด,,SV01,N,,,0,0.00,0,Y,,,22,0,0,19x23,Vipoo Srisawadi
B,11x3081,บริษัท สาลี่ คัลเล่อร์ จำกัด (มหาชน),สมุทรปราการ,CH42,Y,,,0,0.00,2,Y,717.66,1906.43,26,1,343,19x1,Administrator
U,11x3082,บริษัท ไทยเคนเปเปอร์ จำกัด  (มหาชน),ปราจีนบุรี,PP01,Y,2026-02-06,245,1,0.03,0,Y,265.4,90181.3,9,0,0,19x1,Administrator
R,11x3083,บริษัท พีทีที เอ็มซีซี ไบโอเคม จำกัด,ระยอง,CH42,N,,,0,0.00,0,Y,1.916,7623.77,3,0,0,19x1,Administrator
U,11x3084,บริษัท อังกอร์ วัน จำกัด,,SV01,N,,,0,0.00,0,Y,,,6,0,0,19x1,Administrator
A,11x3085,บริษัท ซันฟีด จำกัด,สระบุรี,FD05,Y,2026-06-25,106,1,0.05,2,Y,1971.271367,11835.46,21,0,0,19x88,Thanaaran Sirawattanamongkol
U,11x3086,บริษัท อินไซท์ เมคคานิคอล จำกัด,,SV01,N,,,0,0.00,0,Y,,,3,0,0,19x1,Administrator
R,11x3088,บริษัท เอ็นเอส-สยามยูไนเต็ดสตีล จำกัด,ระยอง,MT01,Y,2026-05-29,133,2,0.21,0,Y,16976.0,93083,6,2,120,19x90,Patthamanan Pudgajang
A,11x3089,บริษัท อารีย์ฟาแลน จำกัด,ฉะเชิงเทรา,SV07,N,,,0,0.00,0,Y,182.0,485.96,1,0,0,19x1,Administrator
A,11x3090,บริษัท ไวต้า จำกัด,สมุทรปราการ,FD05,N,,,0,0.00,0,Y,0.0,1819.65,1,0,0,19x1,Administrator
D,11x3091,โครงการปริญญาตรี ภาคพิเศษ คณะวิทยาการจัดการ,,GV00,N,,,0,0.00,0,Y,,,2,0,0,19x1,Administrator
A,11x3092,บริษัท เอเชีย แคน แมนูแฟคเจอริ่ง จำกัด,ฉะเชิงเทรา,MT99,Y,2026-07-27,74,3,0.19,30,Y,2100.0,5904,123,8,596,19x27,Nattawut Junkong
U,11x3093,บริษัท ยูบีที เอนจิเนียริ่ง จำกัด,,SV01,N,,,0,0.00,0,Y,,,1,0,0,19x1,Administrator
U,11x3094,บริษัท ก้าวหน้า เทค อินเตอร์เนชั่นแนล จำกัด,,SV01,N,,,0,0.00,0,Y,,,6,0,0,19x1,Administrator
C,11x3095,บริษัท ไทย กลีเซอรีน จำกัด,สมุทรสาคร,CH05,N,,,0,0.00,0,Y,802.105938,29010.9,17,4,434,19x1,Administrator
U,11x3096,บริษัท โลไฮเซอวิส จำกัด,,SV04,N,,,0,0.00,0,Y,,,5,2,445,19x1,Administrator
D,11x3097,บริษัท พรีเมียร์ แทงค์ คอร์ปอเรชั่น จำกัด  (มหาชน),กรุงเทพมหานคร,CH14,N,,,0,0.00,0,Y,205.0,,4,0,0,19x1,Administrator
U,11x3098,บริษัท กังวาลเท็กซ์ไทล์ จำกัด,ราชบุรี,,Y,,,0,0.00,1,Y,883.0,67847.226999999999,1,0,0,19x1,Administrator
U,11x4034,บริษัท มากอตโต จำกัด,สระบุรี,,Y,2026-06-25,106,8,0.23,0,Y,2839.32,23767.07,18,0,0,19x1,Administrator
U,11x4277,"TOA COATING (CAMBODIA) CO., LTD.",,,N,,,0,0.00,0,Y,,,2,0,0,19x1,Administrator
U,11x4281,Linden Bucks Sdn Bhd,,,Y,2026-05-05,157,1,0.04,0,Y,,,23,0,0,19x96,Itsaripharat Kamthong
U,11x4424,คุณสุรพงษ์ ปลัดศรี,,,N,,,0,0.00,0,Y,,,1,0,0,19x1,Administrator
U,11x4681,CARIGALI-PTTEPI OPERATING COMPANY,,,N,,,0,0.00,0,Y,,,34,2,687,19x43,Katewadee Pratipagorn
U,11x4767,บริษัท เคเอสแอล กรีน อินโนเวชั่น จำกัด (มหาชน),ขอนแก่น,,N,,,0,0.00,0,Y,80.0,315.3,1,0,0,19x1,Administrator
U,11x4771,บริษัท ไทย ไดโซ แอโรโซล จำกัด,ชลบุรี,,N,,,0,0.00,0,Y,47.0,192.14,1,0,0,19x1,Administrator
U,11x4815,บริษัทไอ-คอนส์ เอเชีย จำกัด,ขอนแก่น,,N,,,0,0.00,0,Y,1.8,178.7,10,1,151,19x77,Thitima Plaibua
U,11x5073,ST,,,N,,,0,0.00,0,Y,,,1,0,0,19x1,Administrator
R,11x5833,บริษัท อินโดรามา โพลีเอสเตอร์ อินดัสตรี้ส์ จำกัด,ระยอง,,N,,,0,0.00,0,Y,1108.0,105892.99,5,0,0,19x1,Administrator
U,11x5959,บริษัท ปตท. จำกัด (มหาชน),พระนครศรีอยุธยา,,N,,,0,0.00,0,Y,230.22,64.42,19,3,630,19x1,Administrator
U,11x8694,ีืunknown company,,XX00,N,,,0,0.00,0,Y,,,242,0,0,20x10,
U,11x8815,สุรพงษ์ ปลัดศรี,,,N,,,0,0.00,0,Y,,,1,0,0,19x13,Uthen Phutneam
U,11x9017,"Advance Industrial Techno and Survices Co.,LTD",กรุงเทพ,SV04,N,,,0,0.00,0,Y,,,9,0,0,19x45,Pattamaporn Chadkurupin
U,11x9019,IRICH,,,N,,,0,0.00,0,Y,,,2,0,0,19x45,Pattamaporn Chadkurupin
D,11x9021,TIPCO ASPHALT,,CH15,N,,,0,0.00,0,Y,,,21,1,79,19x45,Pattamaporn Chadkurupin
U,11x9024,"NEP Engineering Co.,Ltd.",,,N,,,0,0.00,0,Y,,,6,2,606,19x55,
U,11x9027,บริษัท น้ำตาลมิตรผล จำกัด,ชัยภูมิ,,Y,,,0,0.00,2,Y,2230.0,79.088179999999994,2,0,0,19x37,Piyanuch Janthanarak
U,11x9030,Danisco Singapore,,SV01,N,,,0,0.00,0,Y,,,1,0,0,19x27,Nattawut Junkong
U,11x9033,Aica Hatyai co. ltd,,,N,,,0,0.00,0,Y,,,1,0,0,19x37,Piyanuch Janthanarak
U,11x9051,TTCL,,SV01,N,,,0,0.00,0,Y,,,13,8,729,19x53,
U,11x9055,Unknow Customer,,,N,,,0,0.00,0,Y,,,9,0,0,19x13,Uthen Phutneam
U,11x9094,บริษัท วนชัย พาเนล อินดัสทรี่ส์ จํากัด,,,N,,,0,0.00,0,Y,,,1,0,0,19x37,Piyanuch Janthanarak
U,11x9097,บริษัท ไรท์ คอร์ปอเรชั่น จำกัด,,SV04,N,,,0,0.00,0,Y,,,9,0,0,19x19,Saovaluck Jangjai
B,11x9100,Aditya Birla Chemicals (Thailand) Limited,,CH01,N,,,0,0.00,0,Y,,,48,5,723,19x51,Benjamas Tanjit
U,11x9102,บริษัท ถิงอัน ก่อสร้าง จำกัด,,SV01,N,,,0,0.00,0,Y,,,1,0,0,19x44,Nuttapong Laplumwanich
U,11x9107,Thyssen,,SV01,N,,,0,0.00,0,Y,,,23,0,0,19x51,Benjamas Tanjit
U,11x9111,ZOLA ASPHALT,,,N,,,0,0.00,0,Y,,,47,4,630,19x45,Pattamaporn Chadkurupin
U,11x9115,TIB ALL,,,N,,,0,0.00,0,Y,,,18,2,640,19x45,Pattamaporn Chadkurupin
U,11x9117,PEPSI COLA,,,N,,,0,0.00,0,Y,,,61,0,0,19x45,Pattamaporn Chadkurupin
U,11x9119,"Thioka enterprise co.,ltd",,,N,,,0,0.00,0,Y,,,1,0,0,19x37,Piyanuch Janthanarak
D,11x9546,Kadsun Service Ltd.,,FD01,N,,,0,0.00,0,Y,,,11,0,0,19x51,Benjamas Tanjit
U,11x9567,บริษัท ไอริช จำกัด,กรุงเทพมหานคร,SV04,N,,,0,0.00,0,Y,1.0,,31,1,721,19x38,
U,11x9571,"บริษัท โกลบอลแอดวานซ์อินดัสตรี จำกัด (Global Advance Industry Co.,Ltd.)",,,N,,,0,0.00,0,Y,,,9,0,0,19x37,Piyanuch Janthanarak
U,11x9576,ห้างหุ้นส่วนจำกัด เอส.เค. เจริญทรัพย์วิศวกรรม,,SV04,N,,,0,0.00,0,Y,,,1,0,0,19x27,Nattawut Junkong
C,11x9579,HMC Polymers,กรุงเทพมหานคร,CH43,N,,,0,0.00,0,Y,3790.07,,38,9,422,19x54,
U,11x9584,POYRY,,SV01,N,,,0,0.00,0,Y,,,4,0,0,19x53,
U,11x9596,"UGS Sales and Services Co.,Ltd.",,,N,,,0,0.00,0,Y,,,8,5,347,19x45,Pattamaporn Chadkurupin
U,11x9598,บริษัท เคมบริดจ์ คอนซัลทิ่ง กรุ๊ป จำกัด,กรุงเทพ,SV01,N,,,0,0.00,0,Y,,,1,0,0,19x44,Nuttapong Laplumwanich
U,11x9601,ห้างหุ้นส่วนจำกัดโชคชัยกิจเจริญ,อุดรธานี,SV01,N,,,0,0.00,0,Y,4.2,105.18,3,0,0,19x45,Pattamaporn Chadkurupin
U,11x9603,บริษัท ออโต แมชชีน พาร์ท (ประเทศไทย),,SV04,N,,,0,0.00,0,Y,,,4,0,0,19x28,
B,11x9606,DOW CHEMICAL THAILAND LIMITED,กรุงเทพมหานคร,CH42,N,,,0,0.00,0,Y,10110.47,,305,19,641,19x51,Benjamas Tanjit
D,11x9609,Purac,,FD04,N,,,0,0.00,0,Y,,,8,0,0,19x51,Benjamas Tanjit
R,11x9612,PTT Global Chemical Public Company Limited,,PE00,N,,,0,0.00,0,Y,,,420,53,717,19x65,
U,11x9626,E.O.C.,,SV01,N,,,0,0.00,0,Y,,,1,0,0,19x53,
U,11x9629,Nueman & Esser,,SV01,N,,,0,0.00,0,Y,,,33,2,561,19x51,Benjamas Tanjit
U,11x9631,THAI OIL,,,N,,,0,0.00,0,Y,,,27,1,463,19x45,Pattamaporn Chadkurupin
U,11x9635,Thairotary,,SV01,N,,,0,0.00,0,Y,,,2,0,0,19x53,
U,11x9637,บริษัท ยูทิลิตี้ บิสิเนส อัลลายแอนซ์ จำกัด (UBA),,,N,,,0,0.00,0,Y,,,16,0,0,19x37,Piyanuch Janthanarak
U,11x9639,CHIMEC Thailand,,,N,,,0,0.00,0,Y,,,1,0,0,19x30,
A,11x9641,บริษัท ฮีทอะเวย์ จำกัด,ฉะเชิงเทรา,SV07,N,,,0,0.00,0,Y,260.0,933.4,7,1,80,19x19,Saovaluck Jangjai
B,11x9645,SCG TPC,,CH42,N,,,0,0.00,0,Y,,,13,0,0,19x51,Benjamas Tanjit
A,11x9653,ซีพีเอฟ-กม.21,,FD05,Y,,,0,0.00,7,Y,,,89,8,654,19x27,Nattawut Junkong
B,11x9657,SCG Chemical,,CH42,N,,,0,0.00,0,Y,,,27,3,556,19x51,Benjamas Tanjit
U,11x9659,Adisorn,,SV01,N,,,0,0.00,0,Y,,,1,0,0,19x43,Katewadee Pratipagorn
U,11x9661,บริษัท อนิวรรต ซัพพลาย จำกัด,,SV04,N,,,0,0.00,0,Y,,,3,0,0,19x21,Chuanhathai Eakwongsupasarn
B,11x9667,"Bangkok Synthetics Co., Ltd. (BST)",,CH01,N,,,0,0.00,0,Y,,,226,21,660,19x78,Sarawut Viseshasiri
U,11x9670,Jardine Engineering Company Limited,,SV01,N,,,0,0.00,0,Y,,,4,1,518,19x43,Katewadee Pratipagorn
D,11x9673,PTTEP Siam Limited,,CH14,N,,,0,0.00,0,Y,,,5,2,675,19x43,Katewadee Pratipagorn
B,11x9675,VS chem 1970,,CH01,N,,,0,0.00,0,Y,,,2,0,0,19x31,Panisa Wongrung
U,11x9677,S.D.B. Construction CO LTD,,,N,,,0,0.00,0,Y,,,4,0,0,19x62,Nattawut Hirunlalit
U,11x9683,"HIKARI ENGINEERING CO.,LTD.",,,N,,,0,0.00,0,Y,,,1,0,0,19x61,Peeraya Peeploy
U,11x9686,Advanced Industrial Techno and Services Co,,SV01,N,,,0,0.00,0,Y,,,4,0,0,19x53,
D,11x9688,PTT Tank Terminal Company Limited,,PE00,N,,,0,0.00,0,Y,,,9,1,211,19x65,
U,11x9692,บริษัท เอสเอ็นยู ซัพพลาย แอนด์ เซอร์วิส จำกัด,,SV01,N,,,0,0.00,0,Y,,,1,0,0,19x18,Nomjit Suktawee
U,11x9719,บริษัท สยาม เคเอ็น เอ็นจิเนียริ่ง จำกัด,,SV04,N,,,0,0.00,0,Y,,,3,0,0,19x18,Nomjit Suktawee
U,11x9734,ห้างหุ้นส่วนจำกัด เอ็นเคเอส แบริ่ง,,SV04,N,,,0,0.00,0,Y,,,1,0,0,19x18,Nomjit Suktawee
A,11x9738,ห้างหุ้นส่วนจำกัด ศิลาเพชรสุพรรณบุรี,สุพรรณบุรี,MN99,Y,2026-06-25,106,1,0.02,0,Y,20.0,2130,2,0,0,19x77,Thitima Plaibua
B,11x9780,บริษัท จีซีพี แอพพลายด์ เทคโนโลยีส์ โฮลดิ้งส์ (ไทยแลนด์) จำกัด,สมุทรปราการ,MN05,Y,,,0,0.00,5,Y,0.0,0,29,4,317,19x18,Nomjit Suktawee
D,11x9799,Star Petroleum Refining Public Company Limited,,PE00,N,,,0,0.00,0,Y,,,17,5,519,19x51,Benjamas Tanjit
U,11x9810,INDUSTRIAL CONSTRUCTION & MAINTENANCE SERVICES PUBLIC COMPANY LIMITED (ICS),,SV01,N,,,0,0.00,0,Y,,,1,0,0,19x53,
U,11x9811,PSP Specialty,,,N,,,0,0.00,0,Y,,,41,6,512,19x62,Nattawut Hirunlalit
U,11x9819,Veolia Water Technologies (Thailand) Ltd.,,,N,,,0,0.00,0,Y,,,1,0,0,19x13,Uthen Phutneam
U,11x9822,บริษัท อาร์ซีไอ แล็บสแกน จำกัด,สมุทรสาคร,,Y,2026-09-28,11,1,0.02,0,Y,191.321098,4009.45,12,0,0,19x13,Uthen Phutneam
A,11x9831,ซีพีเอฟ-ปักธงชัย,,FD05,Y,,,0,0.00,2,Y,,,49,8,666,19x13,Uthen Phutneam
U,11x9835,BRS INTERTRAD,,,N,,,0,0.00,0,Y,,,80,8,631,19x13,Uthen Phutneam
U,11x9837,จี อินนอฟ,สมุทรสาคร,SV01,N,,,0,0.00,0,Y,1.0,,7,0,0,19x13,Uthen Phutneam
U,11x9841,ESI,,,N,,,0,0.00,0,Y,,,1,0,0,19x13,Uthen Phutneam
U,11x9844,บริษัท แอดวานซ์ อีควิปเม้นท์ เซ็นเตอร์ จำกัด,,SV04,N,,,0,0.00,0,Y,,,2,0,0,19x35,
C,11x9849,บริษัท โปร-คิว พลัสแพค จำกัด,,CH09,N,,,0,0.00,0,Y,,,8,3,430,19x29,Samantha Tanittha Nilsandhi
U,11x9852,I mechanic,,,N,,,0,0.00,0,Y,,,4,0,0,19x45,Pattamaporn Chadkurupin
U,11x9862,Neuman&Esser,,SV01,N,,,0,0.00,0,Y,,,77,1,660,19x51,Benjamas Tanjit
D,11x9864,IRPC,,PE00,N,,,0,0.00,0,Y,,,2,1,32,19x83,
U,11x9875,หจก.ไทย แฟบเทค,,SV04,N,,,0,0.00,0,Y,,,1,0,0,19x26,
A,11x9881,บริษัท ทวิวรรณพลัส จำกัด,,FD05,N,,,0,0.00,0,Y,,,1,0,0,19x28,
A,11x9885,ซีพีเอฟ-พิษณุโลก,,FD05,Y,,,0,0.00,1,Y,,,28,1,4,19x27,Nattawut Junkong
U,11x9901,"P.P.Packaging Co., Ltd",,SV04,N,,,0,0.00,0,Y,,,1,0,0,19x31,Panisa Wongrung
C,11x9910,บริษัท ซีลิค เคมีคอล จำกัด,,CH09,N,,,0,0.00,0,Y,,,2,0,0,20x6,Group C
D,11x9915,น้ำมันพืชโอลีน,สมุทรสาคร,FD03,N,,,0,0.00,0,Y,,,16,0,0,19x45,Pattamaporn Chadkurupin
B,11x9920,Evonik United Silica (Siam) Limited,,CH99,N,,,0,0.00,0,Y,,,42,3,596,19x51,Benjamas Tanjit
C,11x9927,Thai Styrenics Company Limited,,CH43,N,,,0,0.00,0,Y,,,1,0,0,19x53,
U,11x9930,"M Force Co.,Ltd",,SV01,N,,,0,0.00,0,Y,,,1,0,0,19x43,Katewadee Pratipagorn
C,11x9960,บริษัท โปร-คิว (ไทยแลนด์) จำกัด,,CH09,N,,,0,0.00,0,Y,,,3,1,214,19x18,Nomjit Suktawee
U,11x9974,สหกิจท่าเรือบริการ,,SV01,N,,,0,0.00,0,Y,,,1,0,0,19x43,Katewadee Pratipagorn
U,11x9977,GENERATOR SYSTEM,,,N,,,0,0.00,0,Y,,,2,0,0,19x62,Nattawut Hirunlalit
U,11x9982,บริษัท ยูเอชเอ็ม จำกัด,กรุงเทพ,SV01,N,,,0,0.00,0,Y,,,3,0,0,19x44,Nuttapong Laplumwanich
U,11x9985,บริษัท นำวัฒนา แพ็คแอนด์พริ้นท์ จำกัด,ฉะเชิงเทรา,SV04,N,,,0,0.00,0,Y,1296.310997,498.5,2,0,0,19x31,Panisa Wongrung
U,11x9987,บริษัท พี พลัส โกลด์ อิเล็คทริคคอล แอนด์ ซัพพลาย จำกัด,,SV04,N,,,0,0.00,0,Y,,,1,0,0,19x34,Kanittha Cheryhom
U,11x9992,บริษัท เออร์โก้ เฮลธ์แคร์ โพรดัคส์ จำกัด,,,Y,2026-02-13,238,1,0.01,0,Y,175.3,,3,0,0,19x74,Sujittra Tungprakobjaroen
U,11x10020,PETRACHEM,,,N,,,0,0.00,0,Y,,,20,2,413,19x62,Nattawut Hirunlalit
U,11x10030,บริษัท กุลธรพรีเมียร์ จำกัด,ปราจีนบุรี,,N,,,0,0.00,0,Y,0.0,19886.599999999999,1,0,0,19x61,Peeraya Peeploy
U,11x10032,ฟาเท็ค เวิร์คส์,ปทุมธานี,SV04,N,,,0,0.00,0,Y,66.0,951.19,2,0,0,19x28,
U,11x10074,"TSK Engineering (Thailand) Co.,Ltd.",,SV01,N,,,0,0.00,0,Y,,,15,4,198,20x6,Group C
U,11x10127,บริษัท แพนอินเตอร์เนชั่นแนล (ประเทศไทย) จำกัด,,,N,,,0,0.00,0,Y,,,28,9,693,19x38,
A,11x10131,บริษัท เกรทเทสท์ เพ็ทแคร์ จำกัด,พระนครศรีอยุธยา,FD05,N,,,0,0.00,0,Y,100.0,10792,1,0,0,19x28,
U,11x10146,บริษัท ยูจีเอส เซลส์ แอนด์ เซอร์วิส จำกัด,,SV04,Y,2026-08-07,63,3,0.32,0,Y,,,11,2,689,19x43,Katewadee Pratipagorn
U,11x10343,Danisco Singapore Pte. Ltd.,,SV01,N,,,0,0.00,0,Y,,,13,1,675,19x18,Nomjit Suktawee
D,11x10348,บริษัท ปตท. จํากัด (มหาชน),,PE00,N,,,0,0.00,0,Y,,,39,0,0,19x18,Nomjit Suktawee
U,11x10887,"VINA KRAFT PAPER CO., LTD.",,PP01,N,,,0,0.00,0,Y,,,1,0,0,19x18,Nomjit Suktawee
B,11x10958,บริษัท เอ็น-เทคโนโลยี คอนซัลแตนท์ จำกัด,สมุทรปราการ,OT99,N,,,0,0.00,0,Y,90.42,415,3,0,0,19x18,Nomjit Suktawee
U,11x11013,GIG KARASEK GMBH,,SV04,N,,,0,0.00,0,Y,,,1,0,0,19x18,Nomjit Suktawee
D,11x11503,CARIGALI HESS OPERATING COMPANY SDN. BHD.,,CH14,N,,,0,0.00,0,Y,,,2,0,0,19x18,Nomjit Suktawee
C,11x11801,TOA COATING (MYANMAR) COMPANY LIMITED,,CH43,N,,,0,0.00,0,Y,,,1,0,0,19x18,Nomjit Suktawee
U,11x11838,บริษัท โอตานิ เรเดียล จำกัด,นครปฐม,,N,,,0,0.00,0,Y,5390.0,77775.460000000006,1,0,0,19x38,
U,11x11840,บริษัท บางกอก วอเตอร์เวิร์ก จำกัด,,SV01,N,,,0,0.00,0,Y,,,1,0,0,20x7,Group D
B,11x11847,TPI POLENE,,CH01,N,,,0,0.00,0,Y,,,218,64,715,19x22,
B,11x11884,"Thai Asahi Kasei Spandex Co.,LTD.",,CH42,Y,,,0,0.00,6,Y,,,4,0,0,19x31,Panisa Wongrung
U,11x11895,"P.S.POWER TRADING CO.,LTD.",,,N,,,0,0.00,0,Y,,,18,0,0,20x6,Group C
U,11x11947,บริษัท ซีเคไอดี,ชลบุรี,SV01,N,,,0,0.00,0,Y,,,2,0,0,19x45,Pattamaporn Chadkurupin
R,11x11957,ไทย อบิลิตี้ เอ็นจิเนียริ่ง,ระยอง,SV01,N,,,0,0.00,0,Y,21.1,351.55,5,0,0,19x44,Nuttapong Laplumwanich
A,11x11961,ซีพีเอฟ-ศรีราชา,,FD05,Y,,,0,0.00,5,Y,,,31,4,623,19x27,Nattawut Junkong
U,11x11964,Eagle Intertran,,,N,,,0,0.00,0,Y,,,1,0,0,19x45,Pattamaporn Chadkurupin
A,11x11978,บริษัท ไทย อคริลิค ไฟเบอร์ จำกัด,สระบุรี,TT00,N,,,0,0.00,0,Y,1066.8,67616.19,12,2,730,19x31,Panisa Wongrung
U,11x11983,Kurita,,,N,,,0,0.00,0,Y,,,1,0,0,19x51,Benjamas Tanjit
R,11x12157,บริษัท เอ็นเอส บลูสโคป (ประเทศไทย) จำกัด,ระยอง,MT01,Y,2026-04-21,171,2,1.09,0,Y,5030.4,26807,7,0,0,19x90,Patthamanan Pudgajang
B,11x12172,JSR BST Elastomer (JBE),,CH99,N,,,0,0.00,0,Y,,,19,0,0,19x54,
A,11x12176,TOMITA ASIA,ชลบุรี,OM00,N,,,0,0.00,0,Y,,,1,0,0,20x7,Group D
U,11x12183,บริษัท ริเวอร์โปร์ พัลพ แอนด์ เพเพอร์ จำกัด,สระบุรี,PP01,N,,,0,0.00,0,Y,12187.879088,12655.07,20,1,595,19x34,Kanittha Cheryhom
U,11x12197,THAI UNIION SCREW NUT,,,N,,,0,0.00,0,Y,,,2,0,0,19x45,Pattamaporn Chadkurupin
B,11x12248,"SCG Chemicals Co.,Ltd.",,CH42,N,,,0,0.00,0,Y,,,141,4,359,19x53,
U,11x12258,FOCUS MECHANIC,,,N,,,0,0.00,0,Y,,,7,0,0,19x45,Pattamaporn Chadkurupin
U,11x12270,Top Gas,,SV01,N,,,0,0.00,0,Y,,,2,1,549,19x43,Katewadee Pratipagorn
A,11x12288,ซีพีเอฟ-ราชบุรี,,FD05,Y,,,0,0.00,9,Y,,,56,7,582,19x27,Nattawut Junkong
U,11x12302,"TAIKISHA (THAILAND) CO., LTD.",,,N,,,0,0.00,0,Y,,,6,1,379,19x45,Pattamaporn Chadkurupin
U,11x12334,C.P. Vietnam Corporation - Binh Duong,,,N,,,0,0.00,0,Y,,,4,0,0,19x13,Uthen Phutneam
U,11x12459,บริษัท อุตสาหกรรม วินิลเทค จำกัด,สมุทรปราการ,,N,,,0,0.00,0,Y,92.0,1549.15,9,0,0,19x13,Uthen Phutneam
U,11x12491,"PETROLEUM TRADING LAO CO.,LTD",,,N,,,0,0.00,0,Y,,,6,0,0,19x13,Uthen Phutneam
U,11x12534,บริษัท โนวาเท็ค จำกัด (ยกเลิก),,,N,,,0,0.00,0,Y,,,23,0,0,19x13,Uthen Phutneam
U,11x12806,"LAO ME SAI CO.,LTD.",,,N,,,0,0.00,0,Y,,,3,0,0,19x13,Uthen Phutneam
U,11x12864,PTT Polyethylene Company Limited (ยกเลิก),,,N,,,0,0.00,0,Y,,,10,0,0,19x13,Uthen Phutneam
U,11x12899,บริษัท ยูทิลิตี้ บิสิเนส อัลลายแอนซ์  จำกัด,,,N,,,0,0.00,0,Y,300.0,,1,0,0,19x13,Uthen Phutneam
U,11x13242,CHAROEN POKPHAND FOODS PHILIPPINES CORPORATION,,,N,,,0,0.00,0,Y,,,4,0,0,19x13,Uthen Phutneam
U,11x13342,VICHET KUNG,,,N,,,0,0.00,0,Y,,,1,0,0,19x13,Uthen Phutneam
U,11x13480,C.P. VIETNAM CORPORATION HAI DUONG BRANCH,,,N,,,0,0.00,0,Y,,,5,0,0,19x13,Uthen Phutneam
U,11x14014,IDEX Asia Pacific Pte Ltd,,,N,,,0,0.00,0,Y,,,1,0,0,19x13,Uthen Phutneam
U,11x14080,HMC Polymers Company Limited (ยกเลิก),,,N,,,0,0.00,0,Y,,,20,0,0,19x13,Uthen Phutneam
R,11x14240,บริษัท สยามราชธานี (ตะวันออก) จำกัด.,ระยอง,,N,,,0,0.00,0,Y,90.0,,762,0,0,19x13,Uthen Phutneam
U,11x14597,บริษัท แม็ททอล อินเตอร์ เทคโนโลยี จำกัด,กรุงเทพมหานคร,,Y,,,0,0.00,1,Y,1.0,,3,0,0,19x13,Uthen Phutneam
U,11x14646,CP Viet Nam Corporation -  Binh Dinh Feed Mill,,,N,,,0,0.00,0,Y,,,1,0,0,19x13,Uthen Phutneam
U,11x14831,United Tradewind Trading Sdn.Bhd.,,,N,,,0,0.00,0,Y,,,1,0,0,19x13,Uthen Phutneam
U,11x15134,"Myanmar C.P Livestock Co.,Ltd.",,,N,,,0,0.00,0,Y,,,1,0,0,19x13,Uthen Phutneam
U,11x15151,"C.P.CAMBODIA CO.,LTD.",,,N,,,0,0.00,0,Y,,,10,0,0,19x27,Nattawut Junkong
U,11x15263,บริษัท ซีพีเอฟ (ประเทศไทย) จำกัด (มหาชน),กรุงเทพมหานคร,,N,,,0,0.00,0,Y,41.5,9220.49,39,0,0,19x13,Uthen Phutneam
U,11x15313,"Mitr Lao Sugar Co.,Ltd.",,,N,,,0,0.00,0,Y,,,2,0,0,19x13,Uthen Phutneam
U,11x15802,Siemens AG Energy Sector,,,N,,,0,0.00,0,Y,,,10,0,0,19x13,Uthen Phutneam
U,11x15834,บริษัท เอ็มเค เค เอเซีย จำกัด(ยกเลิก),,,N,,,0,0.00,0,Y,,,2,0,0,19x13,Uthen Phutneam
U,11x17345,C.P.VIETNAM CORPORATION,,,N,,,0,0.00,0,Y,,,2,0,0,19x13,Uthen Phutneam
U,11x17720,"C.P.LAOS CO.,LTD",,,N,,,0,0.00,0,Y,,,1,0,0,19x13,Uthen Phutneam
U,11x20469,คุณจรูญรัตน์ อิ่มมั่น,,,N,,,0,0.00,0,Y,,,1,0,0,19x13,Uthen Phutneam
C,11x20501,momentive,,AG02,N,,,0,0.00,0,Y,,,30,1,29,19x78,Sarawut Viseshasiri
A,11x20503,บริษัท ซันฟู้ด อินเตอร์เนชั่นแนล จำกัด,สระบุรี,FD05,N,,,0,0.00,0,Y,133.575,42523.9,3,0,0,19x28,
U,11x20576,บริษัท อดิตยา เบอร์ล่า เคมีคัลส์ (ประเทศไทย) จำกัด,สมุทรปราการ,,N,,,0,0.00,0,Y,1293.596,10550,9,3,625,19x13,Uthen Phutneam
U,11x20606,KRIS  ENERGY,,,N,,,0,0.00,0,Y,,,2,0,0,19x45,Pattamaporn Chadkurupin
A,11x20608,ซีพีเอฟ-หนองแค,,FD05,Y,,,0,0.00,4,Y,,,81,5,221,19x27,Nattawut Junkong
U,11x20610,FLORADUNAR,,,N,,,0,0.00,0,Y,,,1,0,0,19x62,Nattawut Hirunlalit
U,11x20613,พีอีจี อินเตอร์เทค,,,N,,,0,0.00,0,Y,,,1,0,0,19x51,Benjamas Tanjit
B,11x20627,"Continental Petrochemicals (Thailand) Co., Ltd.",,CH01,N,,,0,0.00,0,Y,,,1,0,0,19x31,Panisa Wongrung
U,11x20629,Absolute Vac,,SV01,N,,,0,0.00,0,Y,,,3,0,0,19x51,Benjamas Tanjit
U,11x20652,ไก่สดเซนทาโก,ปทุมธานี,,N,,,0,0.00,0,Y,96.262267,3371.7,1,0,0,19x28,
U,11x20666,ผลิตภัณฑ์ตราเพชร,สระบุรี,,N,,,0,0.00,0,Y,166.0,5469.66,1,0,0,19x28,
U,11x20697,บริษัท วี.ซี.เอฟ กรุ๊ป จำกัด,พิจิตร,,N,,,0,0.00,0,Y,12.8,157.63,4,0,0,19x28,
C,11x20707,นิคมอุตสาหกรรม304,,UT03,N,,,0,0.00,0,Y,,,21,0,0,19x44,Nuttapong Laplumwanich
U,11x20717,บริษัท โตแมค เอเซีย จำกัด,,SV01,N,,,0,0.00,0,Y,,,2,0,0,19x28,
D,11x20842,พีเอพี แก็ส วัน จำกัด,กรุงเทพ,CH02,N,,,0,0.00,0,Y,,,16,0,0,19x44,Nuttapong Laplumwanich
C,11x20856,Acushnet Titleist,,AG99,N,,,0,0.00,0,Y,,,13,0,0,19x51,Benjamas Tanjit
C,11x20885,บริษัท โกลบอลแอดวานซ์อินดัสตรี จำกัด,ปราจีนบุรี,AG03,N,,,0,0.00,0,Y,375.0,3003.17,10,0,0,19x34,Kanittha Cheryhom
U,11x20888,บริษัท รีฟริเทค  จำกัด,ปทุมธานี,SV04,Y,2026-04-21,171,1,0.08,0,Y,76.55444,315.62,1,1,486,19x18,Nomjit Suktawee
A,11x20891,บริษัท ไทยลักซ์ เอ็นเตอร์ไพรส์ (ประเทศไทย) จำกัด,เพชรบุรี,FD05,Y,,,0,0.00,2,Y,291.0,6071.81,9,0,0,19x70,Kornthanat Suksalee
U,11x20946,"TKK Corporation Co.,Ltd.",,SV04,N,,,0,0.00,0,Y,,,33,6,680,19x51,Benjamas Tanjit
U,11x20980,"WS Pump.co.,ltd",,,N,,,0,0.00,0,Y,,,1,0,0,19x21,Chuanhathai Eakwongsupasarn
U,11x21014,BOONKASEM,,,N,,,0,0.00,0,Y,,,1,0,0,19x45,Pattamaporn Chadkurupin
D,11x21023,น้ำมันพืชปทุม,ปทุมธานี,FD03,N,,,0,0.00,0,Y,846.0,115103.7,1,0,0,19x45,Pattamaporn Chadkurupin
A,11x21026,บริษัท เจบีเอฟ จำกัด,นครปฐม,FD05,N,,,0,0.00,0,Y,143.861755,9325.14,1,0,0,19x27,Nattawut Junkong
D,11x21152,หจก. พิกมลบริการ,,UT00,N,,,0,0.00,0,Y,,,1,0,0,19x43,Katewadee Pratipagorn
B,11x21155,NFC,,CH11,N,,,0,0.00,0,Y,,,16,2,466,19x78,Sarawut Viseshasiri
U,11x21159,Operational Energy Group Limited,,,N,,,0,0.00,0,Y,,,6,0,0,19x45,Pattamaporn Chadkurupin
A,11x21227,ซีพีเอฟ-โคกกรวด,,FD05,Y,,,0,0.00,3,Y,,,39,2,703,19x27,Nattawut Junkong
A,11x21229,ราชาฟีดส์,สระบุรี,FD05,N,,,0,0.00,0,Y,75.0,476.8,2,0,0,19x27,Nattawut Junkong
A,11x21237,มากอตโต-หัวปลวก,,MT01,Y,,,0,0.00,3,Y,,,56,1,57,19x27,Nattawut Junkong
A,11x21239,ซีพีเอฟ-โคกตูม,,FD05,Y,,,0,0.00,6,Y,,,31,3,690,19x27,Nattawut Junkong
A,11x21249,ซีพีเอฟ-กบินทร์บุรี,,FD05,N,,,0,0.00,0,Y,,,34,8,512,19x27,Nattawut Junkong
A,11x21309,เบทาโกร-รง.3,,FD05,Y,,,0,0.00,3,Y,,,35,4,730,19x27,Nattawut Junkong
U,11x21311,บริษัท ซี บี เค เอ็นจิเนียริ่ง กรุ๊ป จำกัด,,,N,,,0,0.00,0,Y,,,1,0,0,19x64,
B,11x21313,บริษัท ซูมิเพ็กซ์ (ประเทศไทย) จำกัด,สมุทรปราการ,CH42,N,,,0,0.00,0,Y,0.0,3135.6,5,0,0,19x31,Panisa Wongrung
B,11x21334,บริษัท อาซาฮี คาเซอิ สปันบอนด์ (ประเทศไทย) จำกัด,ชลบุรี,TT01,N,,,0,0.00,0,Y,3168.0,43054.32,1,1,434,19x31,Panisa Wongrung
B,11x21340,บริษัท ไทย อาซาฮี คาเซอิ สแปนเด็กซ์ จำกัด,ชลบุรี,TT01,Y,2026-04-21,171,1,0.60,0,Y,1407.4,11347.88,14,0,0,19x92,Napadol Peoksangthip
U,11x21346,บริษัท อยุธยากล๊าส อินดัสทรี จำกัด,พระนครศรีอยุธยา,,N,,,0,0.00,0,Y,718.6,95959.54,7,0,0,19x64,
U,11x21347,บริษัท พีเจ เทค ซัพพลาย จำกัด,,,N,,,0,0.00,0,Y,,,3,0,0,19x64,
U,11x21348,บริษัท ไทย มาลายา กลาส จำกัด,สระบุรี,,N,,,0,0.00,0,Y,1740.0,32770.82,4,0,0,19x28,
U,11x21349,บริษัท สแตนดาร์ด อินซูเลเตอร์ จำกัด.,สมุทรปราการ,,N,,,0,0.00,0,Y,74.0,1113.22,1,0,0,19x64,
U,11x21357,บริษัท ซาเดซ่า (ประเทศไทย) จำกัด,พระนครศรีอยุธยา,,N,,,0,0.00,0,Y,82.353225,11666.44,2,1,142,19x64,
U,11x21360,บริษัท วีเอ็น แอ็ดเทค จำกัด,,SV04,N,,,0,0.00,0,Y,,,3,0,0,19x64,
U,11x21363,บริษัท บลูฟาโล่ จำกัด,นครปฐม,,N,,,0,0.00,0,Y,169.5,4913.7,9,0,0,19x64,
B,11x21364,INDORAMA  PETROCHEM LIMITED,,CH99,N,,,0,0.00,0,Y,,,22,1,470,19x53,
U,11x21366,บริษัท เอส วาย เทค คอปอร์เรชั่น จำกัด,,SV01,N,,,0,0.00,0,Y,,,6,0,0,19x64,
U,11x21368,บริษัท เอ็มทีอี จำกัด,,,N,,,0,0.00,0,Y,100.0,,3,0,0,19x38,
U,11x21369,บริษัท โอราโนส จำกัด,ฉะเชิงเทรา,,Y,,,0,0.00,1,Y,89.0,63,3,0,0,19x64,
U,11x21371,บริษัท เอเชี่ยน ฟีด จำกัด,เพชรบุรี,,N,,,0,0.00,0,Y,117.1,15267.95,23,2,690,19x64,
U,11x21482,"Advanced Industrial Techno and Services Co.,Ltd.",กรุงเทพ,SV04,N,,,0,0.00,0,Y,,,4,1,210,19x45,Pattamaporn Chadkurupin
U,11x21484,บริษัท มิสซิเบิล เทคโนโลยี่ จำกัด,,SV01,N,,,0,0.00,0,Y,,,6,3,729,19x64,
C,11x21487,B Living Property (Condo),,AG99,N,,,0,0.00,0,Y,,,1,0,0,19x53,
U,11x21489,I RICH,,,N,,,0,0.00,0,Y,,,6,0,0,19x45,Pattamaporn Chadkurupin
U,11x21497,EXTERRAN,,,N,,,0,0.00,0,Y,,,2,0,0,19x45,Pattamaporn Chadkurupin
U,11x21520,"A-WAN ENGINEERING CO.,LTD",สมุทรสาคร,SV01,N,,,0,0.00,0,Y,,,2,1,269,19x45,Pattamaporn Chadkurupin
U,11x21578,"B.P.S. MAINTENANCE SERVICE CO.,LTD.",กรุงเทพ,SV04,N,,,0,0.00,0,Y,,,3,0,0,19x45,Pattamaporn Chadkurupin
U,11x21592,"SYNERGY SERVICES CO.,LTD.",,SV01,N,,,0,0.00,0,Y,,,1,0,0,19x53,
D,11x21634,AJINOMOTO พระประแดง,สมุทรปราการ,FD04,N,,,0,0.00,0,Y,,,2,0,0,19x45,Pattamaporn Chadkurupin
U,11x21636,บริษัท โนวาซิล (ไทยแลนด์) จำกัด,สมุทรปราการ,,Y,2026-09-04,35,10,1.34,0,Y,435.423,0,57,20,569,19x74,Sujittra Tungprakobjaroen
B,11x21651,"STAR PLUS Chemical Co.,Ltd",,CH01,N,,,0,0.00,0,Y,,,25,3,122,19x51,Benjamas Tanjit
A,11x21658,บริษัท คาร์กิลล์สยาม จำกัด (รง.เพชรบุรี),,FD05,N,,,0,0.00,0,Y,,,1,0,0,19x64,
U,11x21707,วาย.โอ.เยนเนอรัล ซัพพลาย(1983) จำกัด,กรุงเทพมหานคร,SV01,N,,,0,0.00,0,Y,5.0,,3,1,34,19x44,Nuttapong Laplumwanich
U,11x21709,บริษัท ปั๊มเซิร์ฟ จำกัด,,SV04,N,,,0,0.00,0,Y,,,1,0,0,19x34,Kanittha Cheryhom
D,11x21712,SCB,,UT00,N,,,0,0.00,0,Y,,,2,0,0,19x43,Katewadee Pratipagorn
U,11x21718,PPP GREEN,,,N,,,0,0.00,0,Y,,,38,7,513,19x45,Pattamaporn Chadkurupin
U,11x21722,บริษัท เคสเทรล เทค จำกัด,,SV04,N,,,0,0.00,0,Y,,,1,0,0,19x21,Chuanhathai Eakwongsupasarn
U,11x21825,B.P. Air,ปทุมธานี,SV01,N,,,0,0.00,0,Y,,,1,0,0,19x62,Nattawut Hirunlalit
B,11x21861,REPCO,,CH42,N,,,0,0.00,0,Y,,,65,1,400,19x78,Sarawut Viseshasiri
B,11x21886,บริษัทไนโตรเคมีอุตสาหกรรม  จำกัด,สมุทรสาคร,CH01,N,,,0,0.00,0,Y,53.0,17366.78,5,1,410,19x18,Nomjit Suktawee
U,11x21900,"B-TAC Industrial Automation Co.,Ltd.",,SV01,N,,,0,0.00,0,Y,,,2,0,0,19x34,Kanittha Cheryhom
U,11x21936,ABFLOW,,SV01,N,,,0,0.00,0,Y,,,4,0,0,19x62,Nattawut Hirunlalit
U,11x21945,"Siam Mitsui PTA Co.,Ltd.",,,N,,,0,0.00,0,Y,,,1,0,0,19x55,
U,11x21954,ATT Consultants,,SV04,N,,,0,0.00,0,Y,,,1,0,0,19x43,Katewadee Pratipagorn
U,11x21977,Bangchak Biofuel Company Limited,,,N,,,0,0.00,0,Y,,,2,0,0,19x45,Pattamaporn Chadkurupin
U,11x21990,Veolia Water Technologies,กรุงเทพ,SV01,N,,,0,0.00,0,Y,,,1,0,0,19x62,Nattawut Hirunlalit
U,11x22004,Corbion,,,N,,,0,0.00,0,Y,,,2,0,0,19x55,
U,11x22027,มิตรภาพอาหารสัตว์,ลพบุรี,,N,,,0,0.00,0,Y,270.770351,4601.8999999999996,2,0,0,19x28,
U,11x22041,บริษัท เวิลด์ไวด์ โซลูชั่นส์ 2014 จำกัด,กรุงเทพมหานคร,,N,,,0,0.00,0,Y,3.0,,2,0,0,19x36,
A,11x22067,มากอตโต-หนองแค,,MT01,Y,,,0,0.00,3,Y,,,17,3,506,19x27,Nattawut Junkong
U,11x22171,สเมทริคอล,,,N,,,0,0.00,0,Y,,,1,0,0,19x28,
U,11x22191,TACTONIC,,,N,,,0,0.00,0,Y,,,1,0,0,19x55,
D,11x22201,บริษัท ยูโรเปี้ยนสแนคฟู้ด จำกัด,สมุทรปราการ,FD99,N,,,0,0.00,0,Y,118.0,4061.3,1,0,0,19x45,Pattamaporn Chadkurupin
R,11x22237,บริษัท พรีแพค ประเทศไทย จำกัด,ระยอง,CH42,Y,2026-07-30,71,4,0.14,14,Y,227.6,4501,39,4,393,19x92,Napadol Peoksangthip
U,11x22247,บริษัท แอบโซลูท แวค จำกัด,,SV04,N,,,0,0.00,0,Y,,,1,0,0,19x18,Nomjit Suktawee
U,11x22258,บริษัท บีแทค อินดัสเตรียล ออโตเมชั่น จำกัด,,SV04,N,,,0,0.00,0,Y,,,4,0,0,19x18,Nomjit Suktawee
D,11x22263,"Glow Energy Public Co., Ltd.",,UT00,N,,,0,0.00,0,Y,,,17,0,0,19x65,
U,11x22272,บริษัท ทองพูน เอ็นจิเนียริ่ง จำกัด,,SV04,N,,,0,0.00,0,Y,,,6,0,0,19x34,Kanittha Cheryhom
C,11x22284,SUMITOMO RUBBER,,AG02,N,,,0,0.00,0,Y,,,13,0,0,19x53,
U,11x22324,บางกอกแร้นช์ จำกัด (มหาชน),เพชรบูรณ์,,N,,,0,0.00,0,Y,0.0,3587,1,0,0,19x28,
U,11x22327,ไทสัน ฟีด (ไทยแลนด์) จำกัด,ลพบุรี,,N,,,0,0.00,0,Y,1000.0,6253.17,1,0,0,19x28,
U,11x22365,THAI STEAM,,,N,,,0,0.00,0,Y,,,4,0,0,19x45,Pattamaporn Chadkurupin
U,11x22368,สุขภัคซัพพลาย,,SV04,N,,,0,0.00,0,Y,,,2,0,0,19x45,Pattamaporn Chadkurupin
U,11x22376,บริษัท เจเทค ออโตเมชั่น เซ็นเตอร์ จำกัด,,SV04,N,,,0,0.00,0,Y,,,3,0,0,19x64,
A,11x22402,บริษัท เทคนิคัล โซลูชั่น,กรุงเทพ,OM00,N,,,0,0.00,0,Y,,,1,0,0,19x45,Pattamaporn Chadkurupin
U,11x22419,หจก. ธันวา เซลล์แอนด์เซอร์วิส,,,N,,,0,0.00,0,Y,,,1,0,0,19x27,Nattawut Junkong
A,11x22430,บริษัท คาร์กิลล์สยาม จำกัด (รง.โคราช),,FD05,N,,,0,0.00,0,Y,,,4,0,0,19x64,
A,11x22547,คาร์กิลล์สยาม-ฉะเชิงเทรา,,FD05,Y,,,0,0.00,6,Y,,,37,10,580,19x27,Nattawut Junkong
U,11x22552,"Process Engineering Services Co., Ltd.",,,N,,,0,0.00,0,Y,,,1,0,0,19x45,Pattamaporn Chadkurupin
U,11x22631,PSS Group of Companies (ONEPSS),,,N,,,0,0.00,0,Y,,,5,2,395,19x48,Udomlak Panya-Apiban
U,11x22637,Eaksara,,,N,,,0,0.00,0,Y,,,4,1,569,19x55,
A,11x22655,บริษัท ไก่สดเซนทาโก จำกัด,ปทุมธานี,FD05,N,,,0,0.00,0,Y,96.262267,3371.7,4,2,37,19x18,Nomjit Suktawee
D,11x22685,บริษัท ซีอีเอส. เอ็นจิเนียริ่ง แอนด์ เมนเทนแนนซ์ เซอร์วิสเซส จำกัด,สงขลา,CH14,N,,,0,0.00,0,Y,38.4,982,3,0,0,19x18,Nomjit Suktawee
B,11x22722,บริษัท ฟิล์มมาสเตอร์ จำกัด,สมุทรสาคร,CH42,Y,,,0,0.00,9,Y,430.28,2572.4,9,0,0,19x92,Napadol Peoksangthip
D,11x22755,บริษัท คาร์กิลล์มีทส์ (ไทยแลนด์) จำกัด (รง.สระบุรี),,FD04,N,,,0,0.00,0,Y,,,7,0,0,19x64,
A,11x22766,ซีพีเอฟ-ขอนแก่น,,FD05,Y,,,0,0.00,1,Y,,,37,3,338,19x27,Nattawut Junkong
U,11x22822,"MONDELEZ INTERNATINAL(THAILAND)CO.,LTD.",,,N,,,0,0.00,0,Y,,,2,0,0,19x45,Pattamaporn Chadkurupin
D,11x22838,Linde,,OG00,N,,,0,0.00,0,Y,,,29,9,357,19x78,Sarawut Viseshasiri
U,11x22936,บริษัท ปัญจพล พัลพ์ อินดัสตรี้ จำกัด(มหาชน),พระนครศรีอยุธยา,,N,,,0,0.00,0,Y,285.0,47003.65,9,1,478,19x34,Kanittha Cheryhom
U,11x22943,"WE SERVE ENGINEERING AND SERVICE CO., LTD.",,,N,,,0,0.00,0,Y,,,1,0,0,19x45,Pattamaporn Chadkurupin
D,11x22964,ซีพี เมจิ,สระบุรี,FD01,N,,,0,0.00,0,Y,804.1,16451.46,1,0,0,19x44,Nuttapong Laplumwanich
U,11x22976,Cosmic Engineering,,SV04,N,,,0,0.00,0,Y,,,1,0,0,19x21,Chuanhathai Eakwongsupasarn
U,11x23051,บริษัท สงวนวงษ์อุตสาหกรรม จำกัด,นครราชสีมา,,N,,,0,0.00,0,Y,145.0,2308.9899999999998,1,0,0,19x38,
U,11x23074,บริษัท วี.เอส.เค โมชั่น แอนด์ คอนโทรล จำกัด.,,SV04,N,,,0,0.00,0,Y,,,1,0,0,19x64,
U,11x23077,"big construction gas co.,Ltd",,,N,,,0,0.00,0,Y,,,3,0,0,19x64,
A,11x23083,บริษัท ซีพีเอฟ  (ประเทศไทย) จำกัด  (มหาชน),กรุงเทพมหานคร,FD05,Y,2026-09-15,24,4,0.75,0,Y,41.5,9220.49,0,0,0,19x18,Nomjit Suktawee
B,11x23101,LIXIL (Thailand) Public Company Limited,,CH42,N,,,0,0.00,0,Y,,,11,0,0,19x65,
U,11x23103,TECHTRONIC,,,N,,,0,0.00,0,Y,,,5,0,0,19x61,Peeraya Peeploy
U,11x23156,MOTOLOGY,,,N,,,0,0.00,0,Y,,,1,0,0,19x61,Peeraya Peeploy
U,11x23164,ห้างหุ้นส่วนจำกัด ทีทีเอ็ม วิศวกรรม,,SV04,N,,,0,0.00,0,Y,,,2,0,0,19x19,Saovaluck Jangjai
U,11x23167,"ASSA INTERNATIONAL CO.,LTD",,,N,,,0,0.00,0,Y,,,4,0,0,19x37,Piyanuch Janthanarak
A,11x23172,ซีพีเอฟ-สงขลา,,FD05,N,,,0,0.00,0,Y,,,10,2,417,19x27,Nattawut Junkong
U,11x23173,Solvay,,,N,,,0,0.00,0,Y,,,3,0,0,19x55,
U,11x23206,AQUIP,สมุทรปราการ,SV04,N,,,0,0.00,0,Y,,,2,0,0,19x45,Pattamaporn Chadkurupin
U,11x23267,MODELEZ,,,N,,,0,0.00,0,Y,,,3,0,0,19x45,Pattamaporn Chadkurupin
U,11x23318,บริษัท เอ็ม.ที.ที. เอ็นเตอร์ไพรส์ จำกัด,ชลบุรี,SV04,N,,,0,0.00,0,Y,,,1,0,0,19x19,Saovaluck Jangjai
U,11x23321,GFPT,,,N,,,0,0.00,0,Y,,,1,0,0,19x44,Nuttapong Laplumwanich
U,11x23323,GETEC,,,N,,,0,0.00,0,Y,,,1,0,0,19x45,Pattamaporn Chadkurupin
U,11x23340,ไทย จี ซี ไอ เรซิน ท๊อป,,,N,,,0,0.00,0,Y,,,1,0,0,19x55,
U,11x23350,PLUSMAX,,,N,,,0,0.00,0,Y,,,5,0,0,19x45,Pattamaporn Chadkurupin
R,11x23352,การประปาส่วนภูมิภาค,ระยอง,GV00,N,,,0,0.00,0,Y,17.6,475,1,0,0,19x43,Katewadee Pratipagorn
U,11x23356,บริษัท ดู เดย์ ดรีม จำกัด (มหาชน),พระนครศรีอยุธยา,,N,,,0,0.00,0,Y,311.0,1493.44,1,0,0,19x35,
U,11x23358,บริษัท วานิชย์เจริญ เทรดดิ้ง จำกัด,,SV04,N,,,0,0.00,0,Y,,,1,0,0,19x21,Chuanhathai Eakwongsupasarn
B,11x23360,บริษัท ไทยซัมมิท ฮาร์เนส จำกัด (มหาชน),ชลบุรี,UT99,N,,,0,0.00,0,Y,780.451,474.73,1,0,0,19x21,Chuanhathai Eakwongsupasarn
U,11x23370,บริษัท ไบร์ท ออโตเมชั่น (ประเทศไทย) จำกัด,,SV04,N,,,0,0.00,0,Y,,,10,3,401,19x18,Nomjit Suktawee
D,11x23400,อาหารเบทเทอร์,ปทุมธานี,FD01,N,,,0,0.00,0,Y,793.0,9868.67,1,0,0,19x44,Nuttapong Laplumwanich
U,11x23404,เบทาโกร-รง.ปากช่อง,,,N,,,0,0.00,0,Y,,,6,0,0,19x27,Nattawut Junkong
D,11x23437,ซีพีเอฟ มีนบุรี1,กรุงเทพ,FD01,N,,,0,0.00,0,Y,,,8,0,0,19x44,Nuttapong Laplumwanich
U,11x23448,บริษัท จอห์นสัน แอนด์ จอห์นสัน คอนซูเมอร์ (ประเทศไทย),,,N,,,0,0.00,0,Y,,,3,0,0,19x35,
U,11x23455,ENRICH,,,N,,,0,0.00,0,Y,,,4,2,709,19x45,Pattamaporn Chadkurupin
U,11x23463,เบทาโกร-รง.4,,,N,,,0,0.00,0,Y,,,3,0,0,19x27,Nattawut Junkong
U,11x23469,เบทาโกร-วิศวกรรมส่วนกลาง,,,Y,,,0,0.00,4,Y,,,1,1,15,19x27,Nattawut Junkong
A,11x23502,UBE,,MN99,N,,,0,0.00,0,Y,,,11,0,0,19x65,
A,11x23544,บริษัท โอ เอ เซลส์ แอนด์ เซอร์วิส  จำกัด,กรุงเทพ,OM00,N,,,0,0.00,0,Y,,,3,2,428,19x45,Pattamaporn Chadkurupin
U,11x23548,"TOKA ENGINEERING CO., LTD.",,,N,,,0,0.00,0,Y,,,3,0,0,19x45,Pattamaporn Chadkurupin
U,11x23700,DOLE THAILAND,,,N,,,0,0.00,0,Y,,,32,4,730,19x45,Pattamaporn Chadkurupin
U,11x23719,All Pumps,,,N,,,0,0.00,0,Y,,,1,0,0,19x27,Nattawut Junkong
U,11x23749,Asia Silicone Monomer,,,N,,,0,0.00,0,Y,,,1,0,0,19x53,
B,11x23750,Asia Silicone Monomer (ASM),,CH99,N,,,0,0.00,0,Y,,,14,0,0,19x51,Benjamas Tanjit
U,11x23752,CALBEE,,,N,,,0,0.00,0,Y,,,2,0,0,19x45,Pattamaporn Chadkurupin
U,11x23764,RACHABURI  ELECTRICAL,,,N,,,0,0.00,0,Y,,,3,0,0,19x45,Pattamaporn Chadkurupin
B,11x23819,"INEOS Styrolution (Thailand) Co., Ltd.",,CH42,N,,,0,0.00,0,Y,,,10,1,598,19x51,Benjamas Tanjit
A,11x23927,บริษัท ลิกซิล (ประเทศไทย) จำกัด  (มหาชน),ปทุมธานี,MN03,Y,,,0,0.00,10,Y,172.461824,9918.5,9,0,0,19x18,Nomjit Suktawee
A,11x23946,บริษัท  โตโยอิ๊งค์ (ประเทศไทย)  จำกัด,กรุงเทพมหานคร,CH03,N,,,0,0.00,0,Y,116.0,0,2,0,0,19x18,Nomjit Suktawee
U,11x24031,General Motor,,,N,,,0,0.00,0,Y,,,1,0,0,19x55,
U,11x24033,Prime Parison,,SV01,N,,,0,0.00,0,Y,,,5,0,0,19x62,Nattawut Hirunlalit
D,11x24043,บริษัท บาฟส์ อินเทค จำกัด,สมุทรปราการ,TP00,N,,,0,0.00,0,Y,130.0,490.16,5,0,0,19x45,Pattamaporn Chadkurupin
D,11x24048,เบทาโกร -เซฟตี้มีท,กรุงเทพ,FD01,N,,,0,0.00,0,Y,,,5,0,0,19x44,Nuttapong Laplumwanich
A,11x24054,บริษัท เอจีซี แฟลทกลาส (ประเทศไทย) จำกัด (มหาชน),สมุทรปราการ,MN04,N,,,0,0.00,0,Y,7393.589554,26100.79,7,0,0,19x19,Saovaluck Jangjai
U,11x24134,ซีพีเอฟ-วิศวกรรมส่วนกลาง,,,N,,,0,0.00,0,Y,,,13,1,491,19x27,Nattawut Junkong
U,11x24146,ผู้รับเหมา-โครงการไทยฟู้ดส์กบินทร์บุรี,,,N,,,0,0.00,0,Y,,,1,0,0,19x27,Nattawut Junkong
U,11x24185,บริษัท ทวีทรัพย์ แมชชินเนอรี่ แอนด์ เซอร์วิส จำกัด,กรุงเทพ,SV01,N,,,0,0.00,0,Y,1.0,,8,0,0,19x36,
U,11x24212,บริษัท เดอะซีบอร์ด โฮลดิ้ง จำกัด,,SV04,N,,,0,0.00,0,Y,,,1,0,0,19x21,Chuanhathai Eakwongsupasarn
C,11x24222,บริษัท น้ำเชี่ยว จำกัด,,UT03,N,,,0,0.00,0,Y,,,4,0,0,19x36,
U,11x24224,ซีพีเอฟ-ท่าเรือ,,,Y,,,0,0.00,3,Y,,,30,8,506,19x27,Nattawut Junkong
C,11x24377,บริษัท อิมเพรส เอทานอล จำกัด,ฉะเชิงเทรา,CH16,N,,,0,0.00,0,Y,1500.0,16821.5,1,0,0,19x96,Itsaripharat Kamthong
C,11x24402,บริษัท ไทย เคเค อุตสาหกรรม จำกัด,สมุทรปราการ,CH09,Y,,,0,0.00,3,Y,727.00433,4659.84,3,2,42,19x34,Kanittha Cheryhom
U,11x24431,U-Services(สระบุรี),,,N,,,0,0.00,0,Y,,,3,0,0,19x27,Nattawut Junkong
C,11x24484,บริษัท น้ำตาลและอ้อยตะวันออก จำกัด (มหาชน),สระแก้ว,CH16,N,,,0,0.00,0,Y,1668.61,383944.6,7,7,633,19x96,Itsaripharat Kamthong
U,11x24494,วีทรีพี เอ็นจิเนียริ่ง,,,N,,,0,0.00,0,Y,,,2,0,0,19x27,Nattawut Junkong
U,11x24507,THAI BITUMEN,,,N,,,0,0.00,0,Y,,,5,1,721,19x45,Pattamaporn Chadkurupin
U,11x24553,ธาริกัน,กรุงเทพมหานคร,SV01,N,,,0,0.00,0,Y,5.0,,1,0,0,19x44,Nuttapong Laplumwanich
C,11x24628,บริษัท สยามมิชลิน จำกัด (สระบุรี),,AG02,Y,,,0,0.00,1,Y,,,7,1,718,19x18,Nomjit Suktawee
D,11x24649,บริษัท มูบาดาลา ปิโตรเลียม (ประเทศไทย) จำกัด,กรุงเทพ,PE00,N,,,0,0.00,0,Y,,,6,0,0,19x44,Nuttapong Laplumwanich
U,11x24681,บริษัท เพาเวอร์ อะไลน์เม้นท์ จำกัด,กรุงเทพ,SV01,N,,,0,0.00,0,Y,,,1,0,0,19x44,Nuttapong Laplumwanich
D,11x24683,อายิโนะโมะโต๊ะ เบทาโกร สเปเชียลตี้ ฟู้ดส์,ลพบุรี,FD01,N,,,0,0.00,0,Y,451.1,7446.67,1,0,0,19x44,Nuttapong Laplumwanich
B,11x24686,LENZING (THAILAND) COMPANY LIMITED,,CH42,Y,,,0,0.00,2,Y,,,2,0,0,19x31,Panisa Wongrung
U,11x24732,PROWINNER,,,N,,,0,0.00,0,Y,,,13,2,518,19x45,Pattamaporn Chadkurupin
U,11x24758,Siam WP Group,,SV04,N,,,0,0.00,0,Y,,,2,0,0,19x21,Chuanhathai Eakwongsupasarn
D,11x24765,โรงงานซีพีเอฟ ธุรกิจอาหารสำเร็จรูป สระบุรี (CPF),สระบุรี,FD01,N,,,0,0.00,0,Y,,,1,0,0,19x44,Nuttapong Laplumwanich
C,11x24770,บริษัท แอ็คท์ (ประเทศไทย) จำกัด,,CH07,N,,,0,0.00,0,Y,,,1,0,0,19x36,
U,11x24798,PTTPLC,,,N,,,0,0.00,0,Y,,,2,1,443,19x48,Udomlak Panya-Apiban
A,11x24817,บริษัท นิปปอนเพนต์ (ประเทศไทย)  จำกัด,สมุทรปราการ,CH03,Y,2026-09-23,16,18,1.10,2,Y,766.240611,6167.45,5,1,627,19x18,Nomjit Suktawee
U,11x24827,EMC,,SV01,N,,,0,0.00,0,Y,,,1,0,0,19x62,Nattawut Hirunlalit
U,11x24862,พีแอนด์เอ็น อินเทลลิเจ้นท์ โพรวิชชั่น,,,N,,,0,0.00,0,Y,,,1,0,0,19x27,Nattawut Junkong
U,11x24912,บริษัท พาวเวอร์ เค จำกัด,,SV04,N,,,0,0.00,0,Y,,,1,0,0,19x64,
U,11x24963,บริษัท ดีเอส แอดว๊านซ์ เทค จำกัด,,SV01,N,,,0,0.00,0,Y,,,4,0,0,19x34,Kanittha Cheryhom
U,11x24984,บริษัท แป้งมันเม่งเส็ง จำกัด,นครราชสีมา,,N,,,0,0.00,0,Y,310.0,15463.9,1,0,0,19x35,
U,11x24989,"INNOVEK ASIA CO.,LTD",,,N,,,0,0.00,0,Y,,,4,0,0,19x30,
U,11x24997,ศิรายุทธ,ปทุมธานี,,N,,,0,0.00,0,Y,45.0,192.75,1,0,0,19x28,
U,11x25020,บริษัท คิงส์ ออฟ วาล์ว (หาดใหญ่) จำกัด,,,N,,,0,0.00,0,Y,,,5,2,150,19x37,Piyanuch Janthanarak
D,11x25025,ซีพีเอฟ สระบุรี,สระบุรี,FD01,N,,,0,0.00,0,Y,,,3,0,0,19x44,Nuttapong Laplumwanich
U,11x25031,BLUREFIC,,,N,,,0,0.00,0,Y,,,2,0,0,19x45,Pattamaporn Chadkurupin
A,11x25059,บริษัท เวิด์ล คูล เอ็นจิเนียริ่ง จำกัด.,ปทุมธานี,SV07,N,,,0,0.00,0,Y,,,6,0,0,19x64,
U,11x25064,บริษัท นากิ เอ็นจิเนียริ่ง จำกัด,,,N,,,0,0.00,0,Y,,,1,0,0,19x61,Peeraya Peeploy
U,11x25070,TPCC-TPAC,,SV01,N,,,0,0.00,0,Y,,,3,0,0,19x53,
A,11x25103,ซีพีเอฟ-ลำพูน,,FD05,N,,,0,0.00,0,Y,,,29,4,617,19x27,Nattawut Junkong
A,11x25108,เบทาโกร-ลำพูน,,FD05,N,,,0,0.00,0,Y,,,16,2,39,19x27,Nattawut Junkong
U,11x25136,พีเอส เอ็นจิเนียริ่ง,,SV04,N,,,0,0.00,0,Y,,,1,0,0,19x64,
U,11x25152,บริษัท บางกอก เจนเนอรัล ซัพพลาย(ประเทศไทย) จำกัด,,SV04,N,,,0,0.00,0,Y,,,11,2,727,19x70,Kornthanat Suksalee
C,11x25220,บริษัท ไบโอมีเดีย (ประเทศไทย) จำกัด,,UT03,N,,,0,0.00,0,Y,,,1,0,0,19x36,
U,11x25240,บริษัท น้ำตาลครบุรี จำกัด,นครราชสีมา,,N,,,0,0.00,0,Y,280.0,341692,1,0,0,19x35,
A,11x25245,บริษัท เบสต้า กู้ด โปร จำกัด,สมุทรปราการ,CH03,N,,,0,0.00,0,Y,0.3,421,1,0,0,19x26,
U,11x25259,UBT ENGINEERING,,,N,,,0,0.00,0,Y,,,1,0,0,19x45,Pattamaporn Chadkurupin
B,11x25279,บริษัท มาสด้า พาวเวอร์เทรน แมนูแฟคเจอริ่ง (ประเทศไทย) จำกัด,ชลบุรี,UT99,N,,,0,0.00,0,Y,6692.66,960.06,2,0,0,19x21,Chuanhathai Eakwongsupasarn
D,11x25285,ผลิตไฟฟ้าราชบุรี,ราชบุรี,UT00,N,,,0,0.00,0,Y,7040.0,1012466.4,1,0,0,19x62,Nattawut Hirunlalit
U,11x25294,คณะวิทยาการจัดการ มก.วิทยาเขตศรีราชา,,SV04,N,,,0,0.00,0,Y,,,1,0,0,19x27,Nattawut Junkong
A,11x25301,คาร์กิลล์สยาม-ปราจีนบุรี,,FD05,N,,,0,0.00,0,Y,,,11,0,0,19x27,Nattawut Junkong
U,11x25394,"Advance Power Conversion Co.,Ltd.",,SV01,N,,,0,0.00,0,Y,,,3,0,0,19x65,
D,11x25464,คณะวิทยาการจัดการ มหาวิทยาลัยเกษตรศาสตร์,,GV00,N,,,0,0.00,0,Y,,,1,0,0,19x18,Nomjit Suktawee
D,11x25520,Gulf TS2 Company Limited,,UT00,N,,,0,0.00,0,Y,,,2,0,0,19x65,
U,11x25583,YUASA BATTERY,,,N,,,0,0.00,0,Y,,,1,0,0,19x45,Pattamaporn Chadkurupin
C,11x25651,บริษัท ทรัพย์ทิพย์ กรีน เอ็นเนอร์ยี่ จำกัด,ลพบุรี,CH16,N,,,0,0.00,0,Y,35.53,427,1,0,0,19x1,Administrator
U,11x25836,"Turbo Elite Machinery (Thailand) Co., Ltd.",,,N,,,0,0.00,0,Y,,,1,0,0,19x55,
U,11x25877,บริษัท พี เอส เอ็นจิเนียริ่ง แอนด์ ออโตเมชั่น จำกัด,,SV04,N,,,0,0.00,0,Y,,,1,0,0,19x18,Nomjit Suktawee
U,11x25899,ซีพีสัตว์น้ำ-หนองแค,,,N,,,0,0.00,0,Y,,,1,0,0,19x27,Nattawut Junkong
U,11x25900,ซีพีสัตว์น้ำ-บ้านบึง,,,N,,,0,0.00,0,Y,,,1,0,0,19x27,Nattawut Junkong
R,11x25902,บริษัท แพน เมคแคนิค เอ็นจิเนียริ่ง จำกัด,ระยอง,,N,,,0,0.00,0,Y,43.0,277,1,0,0,19x37,Piyanuch Janthanarak
C,11x25909,บริษัท อุบล ไบโอ เอทานอล จำกัด (มหาชน),อุบลราชธานี,CH16,N,,,0,0.00,0,Y,1352.0,33643,4,1,14,19x96,Itsaripharat Kamthong
U,11x25955,"THEREC ENGINEERING & CONSULTING CO., LTD.",,SV04,N,,,0,0.00,0,Y,,,3,0,0,19x31,Panisa Wongrung
U,11x26003,บริษัท ไอ.พี.แมนูแฟคเจอริ่ง จำกัด,สมุทรปราการ,,N,,,0,0.00,0,Y,107.0,0,1,0,0,19x35,
U,11x26020,บริษัท โทโดโรกิ (ไทยแลนด์) จำกัด,,SV04,N,,,0,0.00,0,Y,,,3,0,0,19x64,
A,11x26025,Siegwerk (Thailand) Ltd.,,CH03,N,,,0,0.00,0,Y,,,7,3,564,19x19,Saovaluck Jangjai
U,11x26225,บริษัท เค.ซี.เอ็นจิเนียริ่ง ซิสเต็มส์ จำกัด,,SV04,N,,,0,0.00,0,Y,,,1,0,0,19x19,Saovaluck Jangjai
B,11x26314,NFCT,,CH11,N,,,0,0.00,0,Y,,,3,0,0,19x53,
U,11x26423,"CES. Engineering & Maintenance Services Co.,Ltd.",,,N,,,0,0.00,0,Y,,,1,0,0,19x61,Peeraya Peeploy
U,11x26438,SECO ASPHALT,,,N,,,0,0.00,0,Y,,,8,0,0,19x45,Pattamaporn Chadkurupin
U,11x26563,"TECH LINE ENGINEERING CO.,LTD.",,SV01,N,,,0,0.00,0,Y,,,1,0,0,19x21,Chuanhathai Eakwongsupasarn
D,11x26565,AJINOMOTO อยุธยา,พระนครศรีอยุธยา,FD04,N,,,0,0.00,0,Y,,,2,0,0,19x45,Pattamaporn Chadkurupin
D,11x26567,PTT GSP,,OG00,N,,,0,0.00,0,Y,,,24,4,634,19x54,
D,11x26631,Seika,,CH14,N,,,0,0.00,0,Y,,,1,0,0,19x43,Katewadee Pratipagorn
B,11x26648,N.I.M. Company Limited,,OT99,N,,,0,0.00,0,Y,,,4,2,410,19x21,Chuanhathai Eakwongsupasarn
U,11x26687,ซี. วาย. อีควิปเม้นท์ จำกัด,,,N,,,0,0.00,0,Y,,,3,0,0,19x30,
U,11x26689,MKK ASIA,,SV01,N,,,0,0.00,0,Y,,,16,1,463,19x53,
A,11x26738,SRF Industries (Thailand) Ltd.,,TT00,N,,,0,0.00,0,Y,,,2,0,0,19x53,
A,11x26750,โรงงาน บจก.เหล็กก่อสร้างสยาม ระยอง,,MT01,N,,,0,0.00,0,Y,,,1,0,0,19x65,
U,11x26768,ศุภภัฑณ์และบุตร,,SV04,N,,,0,0.00,0,Y,,,2,0,0,19x43,Katewadee Pratipagorn
U,11x26800,เทคโทนิค,,SV04,N,,,0,0.00,0,Y,,,5,0,0,19x43,Katewadee Pratipagorn
D,11x26934,BRS,กรุงเทพ,CH14,N,,,0,0.00,0,Y,,,1,0,0,19x62,Nattawut Hirunlalit
U,11x27097,CHU Engineering,กรุงเทพ,SV01,N,,,0,0.00,0,Y,,,6,1,511,19x62,Nattawut Hirunlalit
U,11x27126,Siam PKK Tech,กรุงเทพ,SV01,N,,,0,0.00,0,Y,,,3,0,0,19x62,Nattawut Hirunlalit
C,11x27143,บริษัท เอ็ม.ดี.เอ็กซ์ จำกัด,กรุงเทพ,UT03,N,,,0,0.00,0,Y,,,5,0,0,19x44,Nuttapong Laplumwanich
U,11x27192,บริษัท ออลล์ คอมพลีท จำกัด,กรุงเทพ,SV01,N,,,0,0.00,0,Y,,,4,1,603,19x62,Nattawut Hirunlalit
U,11x27197,บริษัท บัซเท็กซ์ จำกัด,,,N,,,0,0.00,0,Y,,,3,0,0,19x37,Piyanuch Janthanarak
U,11x27261,บริษัท ออโตเมชั่น คอนซัลท์ แอนด์ เอ็นจิเนียริ่ง จำกัด,,SV04,N,,,0,0.00,0,Y,,,1,0,0,19x19,Saovaluck Jangjai
U,11x27263,MCIC,,SV01,N,,,0,0.00,0,Y,,,1,0,0,19x43,Katewadee Pratipagorn
U,11x27265,บริษัท โชคประชา อิมพอร์ต แอนด์ เอ็กซ์พอร์ต จำกัด,,SV04,N,,,0,0.00,0,Y,,,9,6,487,19x26,
U,11x27344,บริษัท เจเจพี ซัพพลาย จำกัด,กรุงเทพมหานคร,SV04,N,,,0,0.00,0,Y,30.0,,7,0,0,19x21,Chuanhathai Eakwongsupasarn
R,11x27414,เอสพีอาร์ แมนทาแน้นท์,ระยอง,SV01,N,,,0,0.00,0,Y,,,3,0,0,19x44,Nuttapong Laplumwanich
U,11x27437,บริษัท ไทย ซูปาโก้ เอ็นจิเนียริ่ง แอนด์ ซัพพลาย จำกัด,,,N,,,0,0.00,0,Y,,,2,0,0,19x38,
B,11x27515,"Mitsubishi Chemical Performance Polymers (Thailand) Co., Ltd.",,CH01,N,,,0,0.00,0,Y,,,1,0,0,19x65,
U,11x27528,เอสพี เทคโนเทรด,เชียงใหม่,SV01,N,,,0,0.00,0,Y,1.5,,2,0,0,19x44,Nuttapong Laplumwanich
U,11x27531,"TECH  VICE CO., LTD.",,SV01,N,,,0,0.00,0,Y,,,1,0,0,19x65,
U,11x27552,SIAM M AND J,,SV04,N,,,0,0.00,0,Y,,,3,0,0,19x31,Panisa Wongrung
U,11x27597,Clean Energy System,,,N,,,0,0.00,0,Y,,,1,0,0,19x55,
B,11x27600,"Reaxo Pharma & Chem Co., Ltd.,",,CH01,N,,,0,0.00,0,Y,,,2,0,0,19x31,Panisa Wongrung
U,11x27636,"Unipower Advance Group Co., Ltd.",สมุทรปราการ,SV01,N,,,0,0.00,0,Y,,,1,0,0,19x62,Nattawut Hirunlalit
C,11x27639,นิคมอุตสาหกรรมนวนคร,ปทุมธานี,UT03,N,,,0,0.00,0,Y,,,3,2,623,19x44,Nuttapong Laplumwanich
D,11x27643,PTT LNG,,OG00,N,,,0,0.00,0,Y,,,1,0,0,19x65,
U,11x27684,คุณประเสริฐ พึ่งบุญพระ,,,N,,,0,0.00,0,Y,,,1,0,0,19x62,Nattawut Hirunlalit
U,11x27686,RETRO POWER,,,N,,,0,0.00,0,Y,,,3,0,0,19x45,Pattamaporn Chadkurupin
C,11x27693,บริษัท ฟ้าขวัญทิพย์ จำกัด,ปราจีนบุรี,CH16,N,,,0,0.00,0,Y,217.0,9601.9500000000007,1,0,0,19x1,Administrator
U,11x27715,"MULTIPHASE CORPORATION CO.,LTD.",,SV01,N,,,0,0.00,0,Y,,,1,0,0,19x21,Chuanhathai Eakwongsupasarn
U,11x27718,"POLYSOUCE CO.,LTD",,SV01,N,,,0,0.00,0,Y,,,1,0,0,19x21,Chuanhathai Eakwongsupasarn
D,11x27743,บริษัท ไซม์ ดาร์บี้ ออยส์ มรกต จำกัด (มหาชน),สมุทรปราการ,FD03,N,,,0,0.00,0,Y,630.784637,17729.689999999999,16,0,0,19x18,Nomjit Suktawee
A,11x27770,CROWN Khmer Beverage Cans Limited,,MT99,N,,,0,0.00,0,Y,,,1,0,0,19x27,Nattawut Junkong
U,11x27772,"ACS Technology (Thailand) Co.,Ltd",,,N,,,0,0.00,0,Y,,,1,0,0,19x66,Preeyathip Janthanarak
B,11x27773,SCG MOC,,CH42,N,,,0,0.00,0,Y,,,7,1,436,19x51,Benjamas Tanjit
D,11x27786,สนามกอร์ฟ ราชนาวี,กรุงเทพ,UT00,N,,,0,0.00,0,Y,,,1,0,0,19x44,Nuttapong Laplumwanich
U,11x27792,บริษัท ซูเทค เอ็นจิเนียริ่ง จำกัด,ราชบุรี,SV01,Y,2026-09-15,24,1,17.27,0,Y,2448.00091,7652.83,15,10,581,19x37,Piyanuch Janthanarak
U,11x27816,สำนักการระบายน้ำ กรุงเทพมหานคร,,,N,,,0,0.00,0,Y,,,4,0,0,19x37,Piyanuch Janthanarak
U,11x27821,หจก. ฐิติคุณ เอ็นจิเนียริ่ง เเอนด์ ซับพลาย,,,N,,,0,0.00,0,Y,,,1,0,0,19x66,Preeyathip Janthanarak
A,11x27836,Siam Yamato Steel,,MT01,N,,,0,0.00,0,Y,,,4,0,0,19x65,
U,11x27853,บริษัท เจนซิส ออโตเมชั่น จำกัด,,,N,,,0,0.00,0,Y,,,6,0,0,19x37,Piyanuch Janthanarak
U,11x27857,APEX INDUSTRIAL,,SV01,N,,,0,0.00,0,Y,,,1,0,0,19x62,Nattawut Hirunlalit
U,11x27894,Phattana,,,N,,,0,0.00,0,Y,,,1,0,0,19x55,
U,11x27898,บริษัท ธนา เเอนด์ ปันปัน เอ็นจิเนียริ่ง จำกัด,,,N,,,0,0.00,0,Y,,,1,0,0,19x66,Preeyathip Janthanarak
B,11x27903,บริษัท ซันแฟลค(ประเทศไทย) จำกัด,พระนครศรีอยุธยา,CH42,N,,,0,0.00,0,Y,1231.94457,32595.8,1,0,0,19x31,Panisa Wongrung
U,11x27908,เคเอ็นพี เซอร์วิช,,SV01,N,,,0,0.00,0,Y,,,2,0,0,19x44,Nuttapong Laplumwanich
D,11x27910,กัลฟ์ เชียงรากน้อย,ปทุมธานี,UT00,N,,,0,0.00,0,Y,,,3,0,0,19x44,Nuttapong Laplumwanich
U,11x27913,พีพีเอส อีเนอร์จี,กรุงเทพ,SV01,N,,,0,0.00,0,Y,,,1,0,0,19x44,Nuttapong Laplumwanich
C,11x27970,บริษัท ดันล้อป แอดฮีซีฟส์ (ประเทศไทย) จำกัด,ชลบุรี,CH09,Y,,,0,0.00,1,Y,88.637795,146.41,0,0,0,19x34,Kanittha Cheryhom
A,11x28169,sys steel,,MT01,N,,,0,0.00,0,Y,,,3,0,0,19x65,
U,11x28206,บริษัท ชัยภูมิพืชผล จำกัด,นครราชสีมา,,N,,,0,0.00,0,Y,135.0,9268.09,2,0,0,19x35,
C,11x28227,Nishiyama,,AG02,N,,,0,0.00,0,Y,,,1,0,0,19x51,Benjamas Tanjit
C,11x28231,"Continental Tyres (Thailand) Co., Ltd.",,AG02,N,,,0,0.00,0,Y,,,9,0,0,19x51,Benjamas Tanjit
D,11x28233,เบอร์รี่ยุคเกอร์ ฟูดส์,สมุทรปราการ,FD99,N,,,0,0.00,0,Y,,,2,0,0,19x45,Pattamaporn Chadkurupin
C,11x28277,บริษัท เค ไอ เอทานอล จำกัด,นครราชสีมา,CH16,Y,2026-03-30,193,1,0.22,0,Y,327.0,8693.7000000000007,8,6,217,19x96,Itsaripharat Kamthong
U,11x28282,บริษัท เอี่ยมรุ่งเรือง อุตสาหกรรม จำกัด,นครราชสีมา,,N,,,0,0.00,0,Y,445.0,10367.5,1,0,0,19x37,Piyanuch Janthanarak
D,11x28355,สยาม คริสตัล ไรซ์,ฉะเชิงเทรา,FD03,N,,,0,0.00,0,Y,75.0,2569.5,3,0,0,19x44,Nuttapong Laplumwanich
A,11x28362,Crown Beverage Cans Myanmar Ltd.,,MT99,N,,,0,0.00,0,Y,,,1,0,0,19x27,Nattawut Junkong
U,11x28434,"Mars Petcare (Thailand) Co., Ltd.",,,N,,,0,0.00,0,Y,,,6,2,123,19x66,Preeyathip Janthanarak
U,11x28437,"Patthana Part & Service Co.,Ltd.",,SV01,N,,,0,0.00,0,Y,,,4,2,501,19x65,
U,11x28456,บริษัท ทีเทค อินโนเวชั่น จำกัด,,SV01,N,,,0,0.00,0,Y,,,4,0,0,19x19,Saovaluck Jangjai
D,11x28491,บริษัท เอ็มพี จี1 (ประเทศไทย) จำกัด,กรุงเทพ,PE00,N,,,0,0.00,0,Y,,,1,0,0,19x44,Nuttapong Laplumwanich
U,11x28498,"YUSEN LOGISTICS (THAILAND) CO., LTD.",,SV01,N,,,0,0.00,0,Y,,,28,9,681,19x21,Chuanhathai Eakwongsupasarn
U,11x28526,YONGHONG,,,N,,,0,0.00,0,Y,,,3,0,0,19x45,Pattamaporn Chadkurupin
U,11x28536,บริษัท ไทยเต็มฟ้า จำกัด,,SV04,N,,,0,0.00,0,Y,,,1,0,0,19x31,Panisa Wongrung
D,11x28542,หจก.รุ่งนภาออยล์แอนด์ทรานสปอร์ต,,TP00,N,,,0,0.00,0,Y,,,1,0,0,19x62,Nattawut Hirunlalit
U,11x28568,บริษัท ซี. วาย. อีควิปเม้นท์ จำกัด,,SV04,N,,,0,0.00,0,Y,,,2,0,0,19x78,Sarawut Viseshasiri
A,11x28609,บริษัท กรุงไทยอาหาร จำกัด (มหาชน),สมุทรปราการ,FD05,Y,,,0,0.00,2,Y,160.0,20600.96,4,2,140,19x18,Nomjit Suktawee
B,11x28615,บริษัท มิตซูบิชิ เคมิคอล เพอร์ฟอร์มแมนซ์ โพลิเมอร์ส (ประเทศไทย) จำกัด,ชลบุรี,CH42,N,,,0,0.00,0,Y,246.004,3470.66,2,0,0,19x18,Nomjit Suktawee
U,11x28638,บริษัท ปุณ เอ็นจิเนียริ่ง แอนด์ ซัพพลาย จำกัด,,SV04,N,,,0,0.00,0,Y,,,1,0,0,19x31,Panisa Wongrung
U,11x28641,เทอคิส,สมุทรปราการ,SV01,N,,,0,0.00,0,Y,,,7,0,0,19x44,Nuttapong Laplumwanich
U,11x28646,Tos Plant,,SV01,N,,,0,0.00,0,Y,,,3,0,0,19x51,Benjamas Tanjit
U,11x28673,ทรัพย์พลัสวัน,กรุงเทพ,SV04,N,,,0,0.00,0,Y,,,1,0,0,19x45,Pattamaporn Chadkurupin
U,11x28685,บริษัท ครีเอชั่น เซนเตอร์ จำกัด,,,N,,,0,0.00,0,Y,,,2,0,0,19x37,Piyanuch Janthanarak
U,11x28693,Diamond key International,,SV01,N,,,0,0.00,0,Y,,,2,0,0,19x62,Nattawut Hirunlalit
U,11x28811,Trans Thai-Malaysia (Thailand) Limited,,,N,,,0,0.00,0,Y,,,1,0,0,19x45,Pattamaporn Chadkurupin
U,11x28817,บริษัท โอลิค (ประเทศไทย) จำกัด,พระนครศรีอยุธยา,,N,,,0,0.00,0,Y,695.0,0,2,0,0,19x35,
U,11x28824,OEG,,SV01,N,,,0,0.00,0,Y,,,3,0,0,19x62,Nattawut Hirunlalit
R,11x28827,เหล็กก่อสร้างสยาม,ระยอง,MT01,N,,,0,0.00,0,Y,4538.0,371126.8,2,0,0,19x65,
U,11x28866,Electricity Generating Authority of Thailand (EGAT),,,N,,,0,0.00,0,Y,,,3,1,554,19x45,Pattamaporn Chadkurupin
U,11x28910,บริษัท เอ ซี เอส เทคโนโลยี (ไทยแลนด์) จำกัด,,SV04,N,,,0,0.00,0,Y,,,1,0,0,19x18,Nomjit Suktawee
D,11x28921,อมตะ สปริง คันทรีคลับ,ชลบุรี,UT00,N,,,0,0.00,0,Y,,,9,0,0,19x44,Nuttapong Laplumwanich
C,11x28924,"Toshiba Consumer Products (Thailand) Co.,Ltd.",,EI00,N,,,0,0.00,0,Y,,,12,0,0,19x36,
U,11x28934,"Sime Darby Oils Morakot Public Co., Ltd.",,,N,,,0,0.00,0,Y,,,14,0,0,19x45,Pattamaporn Chadkurupin
U,11x29093,PREMIER LUBRICANT,,,N,,,0,0.00,0,Y,,,6,1,136,19x45,Pattamaporn Chadkurupin
B,11x29145,"American Axle & Manufacturing (Thailand)Co.,Ltd",,UT99,N,,,0,0.00,0,Y,,,31,2,492,19x51,Benjamas Tanjit
U,11x29149,"FACO TECHNOLOGY CO.LTD,",,SV04,N,,,0,0.00,0,Y,,,1,0,0,19x51,Benjamas Tanjit
D,11x29151,บีพีฟู้ด,ปทุมธานี,FD01,N,,,0,0.00,0,Y,,,3,0,0,19x44,Nuttapong Laplumwanich
D,11x29153,"HUAWEI TECHNOLOGIES (THAILAND) CO., LTD.",,UT00,N,,,0,0.00,0,Y,,,1,0,0,19x43,Katewadee Pratipagorn
U,11x29155,บริษัท ไอเมคคานิคส์ จำกัด,,SV04,N,,,0,0.00,0,Y,,,5,0,0,19x37,Piyanuch Janthanarak
U,11x29197,บริษัท เทคโทรนิค จำกัด,,SV04,N,,,0,0.00,0,Y,,,21,9,444,19x31,Panisa Wongrung
U,11x29199,PRODUCTIVE,,,N,,,0,0.00,0,Y,,,4,0,0,19x45,Pattamaporn Chadkurupin
U,11x29203,บริษัท แอดวานซ์ พลัส เทคโนโลยี จำกัด,,SV04,N,,,0,0.00,0,Y,,,1,0,0,19x18,Nomjit Suktawee
A,11x29207,บริษัท สีไทยกันไซเพ้นท์ จำกัด,สมุทรปราการ,CH03,N,,,0,0.00,0,Y,13.29738,606.79999999999995,27,7,680,19x88,Thanaaran Sirawattanamongkol
D,11x29225,"Sumiden Steel Wire (Thailand) Co.,Ltd.",,MT03,N,,,0,0.00,0,Y,,,1,0,0,19x65,
U,11x29232,"Siam Waterjetting Supplies & Rental Co.,Ltd.",,SV01,N,,,0,0.00,0,Y,,,1,0,0,19x65,
U,11x29288,บริษัท สหศิลาภัณฑ์ราชบุรี จํากัด,,,N,,,0,0.00,0,Y,,,1,0,0,19x37,Piyanuch Janthanarak
D,11x29298,ซีพีเอฟ - บ้านนา,,FD01,N,,,0,0.00,0,Y,,,1,0,0,19x44,Nuttapong Laplumwanich
U,11x29299,บริษัท ไทย ฟู้ดส์ อาหารสัตว์ จำกัด,ปราจีนบุรี,,Y,2026-03-30,193,1,0.07,0,Y,539.0,54129.57,7,1,4,19x27,Nattawut Junkong
D,11x29367,PTT MCC,,PE00,N,,,0,0.00,0,Y,,,5,1,255,19x65,
U,11x29404,KCS,,SV01,N,,,0,0.00,0,Y,,,1,0,0,19x43,Katewadee Pratipagorn
U,11x29445,บริษัท ชัวร์ เทรดดิ้ง แอนด์ เซอร์วิส จำกัด,,SV04,N,,,0,0.00,0,Y,,,1,0,0,19x37,Piyanuch Janthanarak
U,11x29460,คาร์กิลล์มีทส์-โคราช,,,N,,,0,0.00,0,Y,,,23,2,634,19x27,Nattawut Junkong
U,11x29463,ไทย ฟู้ดส์ อาหารสัตว์-สุพรรณ,,,Y,,,0,0.00,1,Y,,,0,0,0,19x27,Nattawut Junkong
U,11x29468,เพอร์เฟค คอมพาเนียน,,,N,,,0,0.00,0,Y,,,3,0,0,19x27,Nattawut Junkong
B,11x29507,"Zeon Chemicals (Thailand) Co., LTD.",,CH42,N,,,0,0.00,0,Y,,,7,2,696,19x51,Benjamas Tanjit
U,11x29519,บริษัท เวลล์ เทค เอ็นจิเนียริ่ง เซนเตอร์แอนด์แมชชีน จำกัด,,SV04,N,,,0,0.00,0,Y,,,1,0,0,19x19,Saovaluck Jangjai
U,11x29597,บริษัท สยามรัฐ จำกัด,กรุงเทพมหานคร,SV04,N,,,0,0.00,0,Y,10.4,475.86,4,0,0,19x21,Chuanhathai Eakwongsupasarn
U,11x29741,"Jiangsu Muyang Group Co., Ltd",,SV01,N,,,0,0.00,0,Y,,,1,0,0,19x27,Nattawut Junkong
U,11x29849,BLUE REFRIGERATION,,,N,,,0,0.00,0,Y,,,46,5,625,19x45,Pattamaporn Chadkurupin
B,11x29917,บริษัท เอ็มซี อินดัสเทรียลเคมิคัล จำกัด,,OT99,N,,,0,0.00,0,Y,,,1,0,0,19x18,Nomjit Suktawee
A,11x29945,บริษัท เมตริก วิศวกรที่ปรึกษาและสถาปนิก จำกัด,,SV02,N,,,0,0.00,0,Y,,,3,0,0,19x34,Kanittha Cheryhom
B,11x29948,Rohm & Haas Chemical,,CH42,N,,,0,0.00,0,Y,,,1,0,0,19x51,Benjamas Tanjit
C,11x29951,บริษัทไทยเบฟเวอเรจ จำกัด (มหาชน),,FD07,N,,,0,0.00,0,Y,,,12,8,700,19x22,
U,11x30020,บริษัท คอมเพล็กชั่น ซายน์ จำกัด,,,N,,,0,0.00,0,Y,,,2,0,0,19x37,Piyanuch Janthanarak
U,11x30048,บริษัท ยูนิโปร เเมนูเเฟคเจอริ่ง จำกัด (สำนักงานใหญ๋),,,N,,,0,0.00,0,Y,,,1,0,0,19x66,Preeyathip Janthanarak
B,11x30051,THAI KYOWA,,CH42,N,,,0,0.00,0,Y,,,7,0,0,19x65,
A,11x30069,"N.T.S. Steel Group Public Co.,Ltd.",,MT01,N,,,0,0.00,0,Y,,,2,0,0,19x65,
U,11x30106,BYM TRADING,,,N,,,0,0.00,0,Y,,,2,0,0,19x45,Pattamaporn Chadkurupin
D,11x30108,BERLI JUCKER FOODS,สมุทรปราการ,FD99,N,,,0,0.00,0,Y,,,1,0,0,19x45,Pattamaporn Chadkurupin
U,11x30119,TNS ACCESSORIES,,,N,,,0,0.00,0,Y,,,1,0,0,19x45,Pattamaporn Chadkurupin
U,11x30121,บริษัท เอ็นเชจ จำกัด,สมุทรปราการ,SV04,N,,,0,0.00,0,Y,,,1,0,0,19x45,Pattamaporn Chadkurupin
D,11x30127,ไทย อะโกร เอ็นเนอร์ยี่,สุพรรณบุรี,FD03,N,,,0,0.00,0,Y,152.0,75200.94,3,0,0,19x44,Nuttapong Laplumwanich
U,11x30181,จาร์ดีน เอ็นจิเนียริ่ง,,SV01,N,,,0,0.00,0,Y,,,7,1,415,19x43,Katewadee Pratipagorn
A,11x30212,บริษัท กิตติ แมนูแฟคเจอริ่ง จำกัด,ปทุมธานี,SV07,N,,,0,0.00,0,Y,4.5,82,1,0,0,19x27,Nattawut Junkong
D,11x30223,บริษัท ไซม์ ดาร์บี้ ออยส์,สมุทรปราการ,FD03,N,,,0,0.00,0,Y,,,1,0,0,19x44,Nuttapong Laplumwanich
A,11x30261,MILLCON STEEL PLC.,,MT01,N,,,0,0.00,0,Y,,,3,0,0,19x65,
C,11x30280,Double A (1991) Public Company Limited,,PP00,N,,,0,0.00,0,Y,,,15,0,0,19x37,Piyanuch Janthanarak
A,11x30284,บริษัท อีมัลซิเฟลกซ์ จำกัด,,FD05,N,,,0,0.00,0,Y,,,13,1,395,19x27,Nattawut Junkong
U,11x30292,บริษัท อีซี่คอนโทรล ซิสเต็ม จำกัด,,SV04,N,,,0,0.00,0,Y,,,1,0,0,19x31,Panisa Wongrung
U,11x30326,Water Tech System,กรุงเทพ,SV01,N,,,0,0.00,0,Y,,,1,0,0,19x62,Nattawut Hirunlalit
U,11x30335,บริษัท เอ็นเซจ จำกัด,,SV04,N,,,0,0.00,0,Y,,,1,0,0,19x21,Chuanhathai Eakwongsupasarn
U,11x30365,Tomsa Destil,,,N,,,0,0.00,0,Y,,,1,0,0,19x48,Udomlak Panya-Apiban
U,11x30368,PROGRESS ENGINEERING AND SUPPLY,,,N,,,0,0.00,0,Y,,,1,0,0,19x45,Pattamaporn Chadkurupin
U,11x30383,บริษัท ธนา แอนด์ ปันปัน เอ็นจิเนียริ่ง จำกัด,,SV01,Y,,,0,0.00,1,Y,,,2,1,101,19x27,Nattawut Junkong
C,11x30485,วนชัย เคมิคอล อินดัสทรี่ย์ จำกัด,,CH09,N,,,0,0.00,0,Y,,,3,0,0,19x51,Benjamas Tanjit
U,11x30499,Global Power Synergy Public Company Limited,,UT01,N,,,0,0.00,0,Y,,,3,0,0,19x65,
R,11x30646,ดับบลิวเทค คอร์ปอเรชั่น,ระยอง,SV01,N,,,0,0.00,0,Y,,,1,0,0,19x62,Nattawut Hirunlalit
U,11x30817,กบทองเนรมิต,กรุงเทพ,SV01,N,,,0,0.00,0,Y,,,1,0,0,19x62,Nattawut Hirunlalit
B,11x30824,"AutoAlliance(Thailand) Co., Ltd.",,UT99,N,,,0,0.00,0,Y,,,1,0,0,19x51,Benjamas Tanjit
A,11x30866,NS BLUE SCOPE,,MT01,N,,,0,0.00,0,Y,,,28,10,591,19x78,Sarawut Viseshasiri
B,11x30869,MAP TA PHUT TANK TERMINAL,,CH42,N,,,0,0.00,0,Y,,,4,2,563,19x51,Benjamas Tanjit
U,11x30887,Rent Direct Asia,,SV01,N,,,0,0.00,0,Y,,,1,0,0,19x51,Benjamas Tanjit
U,11x30935,"Genos Innovation Service Co., Ltd.",,,N,,,0,0.00,0,Y,,,2,1,254,19x37,Piyanuch Janthanarak
U,11x30996,บริษัท ทวีทรัพย์ แมชชินเนอร์รี่ แอนด์ เซอร์วิส จำกัด,,SV01,N,,,0,0.00,0,Y,,,2,0,0,19x37,Piyanuch Janthanarak
U,11x31091,"B.M.C Construction & Engineering Co.,Ltd.",,SV01,N,,,0,0.00,0,Y,,,1,0,0,19x65,
U,11x31139,"SOMWANGSUB ENGINEERING CO.,LTD.",,,N,,,0,0.00,0,Y,,,1,0,0,19x37,Piyanuch Janthanarak
U,11x31186,บริษัท สยาม พีเคเค เทค จำกัด,,SV04,Y,2026-09-04,35,2,0.26,0,Y,,,35,3,557,19x23,Vipoo Srisawadi
U,11x31230,A.P.S.P. CONTROL,,SV01,N,,,0,0.00,0,Y,,,1,0,0,19x51,Benjamas Tanjit
U,11x31232,Next tech Engineering,,,N,,,0,0.00,0,Y,,,2,0,0,19x37,Piyanuch Janthanarak
U,11x31540,แอดวานซ์ แอนด์ เอ็กซิคิวชั่น จำกัด,,SV01,N,,,0,0.00,0,Y,,,5,1,192,19x62,Nattawut Hirunlalit
U,11x31604,บริษัท เมคคานิก โพรวายเดอร์ แอนด์ เดเวลอปเม้นต์ จำกัด,กรุงเทพ,SV01,N,,,0,0.00,0,Y,,,8,0,0,19x44,Nuttapong Laplumwanich
C,11x31619,บริษัท คิงส์สเตลล่า แลบบอราทอรี่ จำกัด,สมุทรปราการ,CH06,N,,,0,0.00,0,Y,25.1,88.75,3,0,0,19x35,
U,11x31623,KSL GREEN INNOVATION PUBLIC COMPANY LIMITED,,,N,,,0,0.00,0,Y,,,1,0,0,19x37,Piyanuch Janthanarak
B,11x31695,บริษัท จีซีพี แอพพลายด์ เทคโนโลยีส์ โฮลดิ้งส์(ไทยแลนด์) จำกัด,สมุทรปราการ,MN05,N,,,0,0.00,0,Y,0.0,0,8,2,605,19x18,Nomjit Suktawee
C,11x31726,"EOC POLYMERS (THAILAND) CO.,LTD.",,CH09,N,,,0,0.00,0,Y,,,2,1,344,19x65,
C,11x31752,บริษัท ยู.อาร์. เคมีคอล จำกัด,สมุทรปราการ,CH09,N,,,0,0.00,0,Y,55.0,1587.53,1,1,710,19x34,Kanittha Cheryhom
C,11x31865,บริษัท เปอร์มาเฟล็กซ์ จำกัด,สมุทรปราการ,CH09,N,,,0,0.00,0,Y,0.0,786.86,4,0,0,19x34,Kanittha Cheryhom
D,11x31933,BIG,,OG00,N,,,0,0.00,0,Y,,,4,0,0,19x65,
B,11x31950,NSC,,CH11,N,,,0,0.00,0,Y,,,1,0,0,19x54,
C,11x31987,บริษัท พี เอส ซี อินดัสตรีย์ จำกัด,,FD08,N,,,0,0.00,0,Y,,,1,0,0,19x34,Kanittha Cheryhom
U,11x32000,Buzztex,,SV04,N,,,0,0.00,0,Y,,,1,0,0,19x34,Kanittha Cheryhom
U,11x32011,ห้างหุ้นส่วนจากัด เจเอสเอส ซัพพลาย แอนด์ เซอร์วิส,,SV01,N,,,0,0.00,0,Y,,,2,0,0,19x62,Nattawut Hirunlalit
U,11x32017,Tosplant,,,N,,,0,0.00,0,Y,,,8,0,0,19x55,
U,11x32021,RAYCOL,,,N,,,0,0.00,0,Y,,,8,0,0,19x45,Pattamaporn Chadkurupin
U,11x32142,บริษัท ยูเนี่ยนปรอพเปอร์ตี้ จำกัด,ปทุมธานี,SV01,N,,,0,0.00,0,Y,60.0,2505.1,1,0,0,19x62,Nattawut Hirunlalit
C,11x32158,บริษัท เฮงเค็ล (ประเทศไทย) จำกัด,สมุทรปราการ,CH09,Y,2026-02-20,231,1,0.03,4,Y,2261.84,1293.32,5,3,234,19x92,Napadol Peoksangthip
C,11x32198,บริษัท แอ็พพลาย ดีบี จำกัด (มหาชน) จำกัด,,CH09,Y,,,0,0.00,8,Y,,,3,3,455,19x34,Kanittha Cheryhom
U,11x32235,บริษัท วี เทคนิค จำกัด,,SV01,N,,,0,0.00,0,Y,,,4,0,0,19x62,Nattawut Hirunlalit
C,11x32280,บริษัท อัพเวนเจอร์ จำกัด,นครราชสีมา,CH04,N,,,0,0.00,0,Y,5614.122,65274.82,29,8,557,19x74,Sujittra Tungprakobjaroen
A,11x32316,บริษัท ฮาร์ดฟอร์ด เพ้นท์ จำกัด,,CH03,N,,,0,0.00,0,Y,,,3,0,0,19x19,Saovaluck Jangjai
C,11x32318,บริษัท พี.เอส.ซี. สตีลดัมส์ จำกัด,,FD08,N,,,0,0.00,0,Y,,,2,0,0,19x22,
U,11x32361,บริษัท ศุภภัณฑ์และบุตร จำกัด,ฉะเชิงเทรา,SV04,N,,,0,0.00,0,Y,13.3,80,6,0,0,19x18,Nomjit Suktawee
D,11x32365,"Apex Industrial Co., Ltd.",,CH15,N,,,0,0.00,0,Y,,,2,0,0,19x18,Nomjit Suktawee
A,11x32374,บริษัท ซิกเวอร์ค (ประเทศไทย) จำกัด,สมุทรสาคร,CH03,Y,2026-05-29,133,1,0.05,6,Y,0.0,780,16,6,254,19x88,Thanaaran Sirawattanamongkol
A,11x32385,บริษัท ฟาเท็ค แอดวานซ์ อินซูเลชั่น จำกัด,,SV07,N,,,0,0.00,0,Y,,,14,0,0,19x18,Nomjit Suktawee
U,11x32419,บริษัท เอส.ที.อี.พี.อิเล็กทริคอลโปรดักส์ จำกัด,,SV01,N,,,0,0.00,0,Y,,,1,0,0,19x18,Nomjit Suktawee
D,11x32425,บริษัท สยาม คริสตัล ไรซ์ จำกัด,ฉะเชิงเทรา,FD03,N,,,0,0.00,0,Y,75.0,2569.5,13,0,0,19x18,Nomjit Suktawee
D,11x32428,บริษัท แอดวานซ์ แอนด์ เอ็กซิคิวชั่น จำกัด,,CH14,N,,,0,0.00,0,Y,,,4,0,0,19x23,Vipoo Srisawadi
U,11x32446,"V.T.S. CONTRACTOR (THAILAND) CO.,LTD.",ปทุมธานี,SV01,N,,,0,0.00,0,Y,,,1,0,0,19x62,Nattawut Hirunlalit
D,11x32523,บริษัท พี.ซี.สยาม ปิโตรเลียม จำกัด,,CH14,N,,,0,0.00,0,Y,,,13,0,0,19x44,Nuttapong Laplumwanich
U,11x32573,คาร์กิลล์มีทส์-สระบุรี,,,Y,,,0,0.00,1,Y,,,7,1,294,19x27,Nattawut Junkong
U,11x32625,เบทาโกร-หนองบุญมาก,,,N,,,0,0.00,0,Y,,,26,7,723,19x27,Nattawut Junkong
A,11x32627,บริษัท เอ็น ที ดีไซน์ เอ็นจิเนียริ่ง จำกัด,,MT99,N,,,0,0.00,0,Y,,,1,0,0,19x27,Nattawut Junkong
U,11x32660,ไอคอน เซอร์วิส,,,N,,,0,0.00,0,Y,,,1,0,0,19x27,Nattawut Junkong
B,11x32732,เขื่อนวชิราลงกรณ์,,UT99,N,,,0,0.00,0,Y,,,1,0,0,19x45,Pattamaporn Chadkurupin
U,11x32784,"QTEC Technology Co., Ltd.",,SV01,N,,,0,0.00,0,Y,,,9,0,0,19x54,
U,11x32786,S&J International Enterprises Public Company Limited,,,N,,,0,0.00,0,Y,,,1,0,0,19x35,
D,11x32805,GCME,,PE00,N,,,0,0.00,0,Y,,,21,5,571,19x21,Chuanhathai Eakwongsupasarn
U,11x32856,บริษัท ไอคอนเซอร์วิส จำกัด,,SV04,N,,,0,0.00,0,Y,,,1,0,0,19x18,Nomjit Suktawee
R,11x32862,บริษัท ยู-เซอร์วิสเซส (ประเทศไทย) จำกัด,ระยอง,SV04,N,,,0,0.00,0,Y,94.0,438,3,1,405,19x31,Panisa Wongrung
U,11x32972,Delta Elmech,,,N,,,0,0.00,0,Y,,,2,0,0,19x55,
U,11x32976,wall technology co. ltd,,,N,,,0,0.00,0,Y,,,3,0,0,19x66,Preeyathip Janthanarak
U,11x33037,บริษัท ซังโค อินดัสเทรียล โซลูชั่นส์ จำกัด,,SV04,N,,,0,0.00,0,Y,,,2,0,0,19x65,
U,11x33054,BST,,,N,,,0,0.00,0,Y,,,2,0,0,19x55,
U,11x33080,ห้างหุ้นส่วนจำกัด อาร์เอส ริช เอ็นจิเนียริ่ง,,SV04,N,,,0,0.00,0,Y,,,6,1,611,19x34,Kanittha Cheryhom
U,11x33104,Honeywell Systems (Thailand) Ltd.,,SV04,N,,,0,0.00,0,Y,,,1,0,0,19x43,Katewadee Pratipagorn
U,11x33126,บริษัท อุดมชัย โลหะกิจ,,,N,,,0,0.00,0,Y,,,2,1,697,19x35,
C,11x33128,บริษัท ส.นภา (ประเทศไทย) จำกัด,,UT03,N,,,0,0.00,0,Y,,,3,0,0,19x36,
U,11x33179,บริษัท เคเอ็นพลัส เทคโนโลยี จำกัด,ฉะเชิงเทรา,SV04,N,,,0,0.00,0,Y,,,1,0,0,19x19,Saovaluck Jangjai
C,11x33184,บริษัท อิมเพรส เอทานอล จำกัด,ฉะเชิงเทรา,CH16,N,,,0,0.00,0,Y,1500.0,16821.5,4,0,0,19x96,Itsaripharat Kamthong
C,11x33243,Acushnet Titleist (Thailand) Ltd,,AG99,N,,,0,0.00,0,Y,,,34,0,0,19x51,Benjamas Tanjit
U,11x33247,อินโนเวชั่น เมนเทนแนนซ์ เซอร์วิสเซส จำกัด,ชลบุรี,SV01,N,,,0,0.00,0,Y,5.0,,1,0,0,19x65,
A,11x33258,บริษัท ไทยไอโซวอลล์ จำกัด,สมุทรปราการ,SV07,Y,,,0,0.00,2,Y,180.0,10679.04,12,2,525,19x88,Thanaaran Sirawattanamongkol
B,11x33273,GC-M PTA Company Limited,,CH01,N,,,0,0.00,0,Y,,,16,2,588,19x65,
U,11x33288,ASE,,SV04,N,,,0,0.00,0,Y,,,8,0,0,19x65,
U,11x33359,บริษัท โกลบอล เพาเวอร์ ซินเนอร์ยี่ จำกัด,ชลบุรี,OG01,N,,,0,0.00,0,Y,8855.0,976681.18,1,0,0,19x18,Nomjit Suktawee
U,11x33370,ห้างหุ้นส่วนจำกัด โชคชัยกิจเจริญ (สำ,ชลบุรี,SV01,N,,,0,0.00,0,Y,,,3,0,0,19x45,Pattamaporn Chadkurupin
U,11x33450,เอสอีเอ็ม ไทยแลนด์,สมุทรปราการ,SV01,N,,,0,0.00,0,Y,,,1,0,0,19x44,Nuttapong Laplumwanich
U,11x33661,บริษัท อัศวิน เทคโนโลยี จำกัด,,SV04,Y,2026-08-07,63,1,0.00,0,Y,,,4,3,640,19x43,Katewadee Pratipagorn
U,11x33674,PSV Flow Technology,,,N,,,0,0.00,0,Y,,,3,0,0,19x27,Nattawut Junkong
U,11x33769,เอสเอ็ม กรุ๊ป มาริไทม์ คอนซัลแท้นท์ จำกัด,กรุงเทพ,SV01,N,,,0,0.00,0,Y,,,1,0,0,19x62,Nattawut Hirunlalit
U,11x33880,PRO WINNER,,,N,,,0,0.00,0,Y,,,1,0,0,19x45,Pattamaporn Chadkurupin
U,11x33927,"NSR Products Co.,Ltd.",,,N,,,0,0.00,0,Y,,,1,0,0,19x35,
U,11x33943,McTric Public Company Limited,,SV01,N,,,0,0.00,0,Y,,,1,0,0,19x36,
U,11x33949,Glow IPP,,UT01,N,,,0,0.00,0,Y,,,1,0,0,19x65,
C,11x34062,"S.Napa (Thailand) Co., Ltd.",,UT03,N,,,0,0.00,0,Y,,,6,0,0,19x36,
D,11x34141,AMATA B-GRIMM,ชลบุรี,UT00,N,,,0,0.00,0,Y,,,9,0,0,19x45,Pattamaporn Chadkurupin
U,11x34150,SIAMRAJ PUBLIC COMPANY LIMITED,,,N,,,0,0.00,0,Y,,,1,0,0,19x45,Pattamaporn Chadkurupin
D,11x34158,ผาทอง24,นครศรีธรรมราช,CH15,N,,,0,0.00,0,Y,52.0,142.19999999999999,2,0,0,19x45,Pattamaporn Chadkurupin
U,11x34173,GOLDEN KITS,,,N,,,0,0.00,0,Y,,,1,0,0,19x45,Pattamaporn Chadkurupin
U,11x34175,"S.napa (Thailand) Co.,Ltd.",,SV01,N,,,0,0.00,0,Y,,,2,0,0,19x51,Benjamas Tanjit
U,11x34271,บริษัท ไทย อะโกร เอ็นเนอร์ยี่ จำกัด (มหาชน),สุพรรณบุรี,OG01,N,,,0,0.00,0,Y,152.0,75200.94,2,0,0,19x18,Nomjit Suktawee
U,11x34294,บริษัท เวลแมน จำกัด,นนทบุรี,,N,,,0,0.00,0,Y,3.2,306.7,4,0,0,19x35,
U,11x34316,ปั๊ม ซิสเท็ม(ประเทศไทย),กรุงเทพ,SV01,N,,,0,0.00,0,Y,,,4,0,0,19x44,Nuttapong Laplumwanich
U,11x34366,MARSHAL FLUID,,SV01,N,,,0,0.00,0,Y,,,6,1,596,19x65,
U,11x34386,บริษัท ทีเอชเอส ดีเวลลอปเม้นท์ จำกัด,,SV01,N,,,0,0.00,0,Y,,,3,0,0,19x34,Kanittha Cheryhom
U,11x34407,Honor Corporation Ltd.,,SV04,N,,,0,0.00,0,Y,,,1,0,0,19x34,Kanittha Cheryhom
A,11x34458,Tata Steel (Thailand) Public Company Limited,,MT01,N,,,0,0.00,0,Y,,,9,0,0,19x65,
U,11x34460,"DYNAMIC CO.,LTD.",,,N,,,0,0.00,0,Y,,,1,0,0,19x66,Preeyathip Janthanarak
C,11x34542,"Global Nana Tech Co.,Ltd.",,CH09,N,,,0,0.00,0,Y,,,1,0,0,19x34,Kanittha Cheryhom
C,11x34604,BASF (Thai) Ltd.,,CH07,N,,,0,0.00,0,Y,,,50,1,95,19x36,
A,11x34631,บริษัท ยูไนเต็ดอลูมิเนียม อินดัสตรี้ จำกัด,ปราจีนบุรี,MT99,N,,,0,0.00,0,Y,2530.0,73614.47,2,0,0,19x27,Nattawut Junkong
U,11x34633,"Thai Semcon Co.,Ltd",,SV01,N,,,0,0.00,0,Y,,,1,0,0,19x65,
U,11x34641,Thai American,,,N,,,0,0.00,0,Y,,,2,0,0,19x45,Pattamaporn Chadkurupin
U,11x34684,ไตรโคเนียร์ แอ๊คมี จำกัด,สมุทรปราการ,SV04,N,,,0,0.00,0,Y,,,1,0,0,19x45,Pattamaporn Chadkurupin
C,11x34698,บริษัท เอ็นไว เอ็นจิเนียริ่ง เซอร์วิส จำกัด,สมุทรปราการ,UT03,N,,,0,0.00,0,Y,12.0,66.42,1,0,0,19x36,
U,11x34731,บริษัท พีเอสวี โฟลว์ เทคโนโลยี จำกัด,,SV01,N,,,0,0.00,0,Y,,,8,0,0,19x18,Nomjit Suktawee
U,11x34737,บริษัท เทอร์เรค เอ็นจิเนียริ่ง แอนด์ คอนซัลติ้ง จำกัด,,SV01,N,,,0,0.00,0,Y,,,3,0,0,19x18,Nomjit Suktawee
U,11x34776,SiamEast Solutions Public Company Limited,,SV04,N,,,0,0.00,0,Y,,,13,5,655,19x22,
U,11x34979,บริษัท ภัทร โพรฟีเชียนท์ จำกัด,สระบุรี,SV01,N,,,0,0.00,0,Y,,,1,0,0,19x62,Nattawut Hirunlalit
A,11x35017,คาร์กิลล์สยาม-นครปฐม,,FD05,Y,,,0,0.00,3,Y,,,29,7,694,19x27,Nattawut Junkong
A,11x35025,A2S,,OM00,N,,,0,0.00,0,Y,,,4,1,480,19x45,Pattamaporn Chadkurupin
U,11x35193,DUPLEX ENGINEERING,,,N,,,0,0.00,0,Y,,,4,0,0,19x45,Pattamaporn Chadkurupin
U,11x35240,สิทธิโชติ ซัพพลาย แอนด์ เซอร์วิส จำกัด,,SV01,N,,,0,0.00,0,Y,,,2,2,385,19x54,
U,11x35273,บริษัท  ภัทร  โพรฟีเชียนท์  จำกัด,,SV04,N,,,0,0.00,0,Y,,,1,0,0,19x36,
U,11x35336,"Global R&D Co., Ltd.",,SV01,N,,,0,0.00,0,Y,,,3,0,0,19x51,Benjamas Tanjit
U,11x35344,"Bangkok Petrotech Co.,Ltd.",,SV01,N,,,0,0.00,0,Y,,,3,1,311,19x51,Benjamas Tanjit
U,11x35407,บริษัท ภัณฑ์เอนก จำกัด,กรุงเทพ,SV01,N,,,0,0.00,0,Y,,,3,0,0,19x44,Nuttapong Laplumwanich
U,11x35411,บริษัท เมคเวิร์ธ จำกัด,,SV04,Y,2026-03-30,193,1,0.01,0,Y,,,8,4,702,19x89,Tanaporn Chanchanaroj
U,11x35418,Elecchem,,SV01,N,,,0,0.00,0,Y,,,1,0,0,19x54,
B,11x35467,THAI POLYETHYLENE,,CH42,N,,,0,0.00,0,Y,,,61,13,687,19x51,Benjamas Tanjit
C,11x35477,"NATIONAL POWER SUPPLY PUBLIC CO.,LTD.",,PP00,N,,,0,0.00,0,Y,,,4,0,0,19x22,
U,11x35485,"Sang Chai Meter Co., Ltd.",,,N,,,0,0.00,0,Y,,,1,0,0,19x66,Preeyathip Janthanarak
U,11x35534,Thai-Japan Gas,,,N,,,0,0.00,0,Y,,,1,0,0,19x45,Pattamaporn Chadkurupin
A,11x35545,บริษัท เฉียวฟู (ไทยแลนด์) จำกัด,สมุทรปราการ,CH41,Y,2026-10-03,6,1,0.03,0,Y,75.0,,2,0,0,19x18,Nomjit Suktawee
R,11x35548,บริษัท คอนติเนนทอล ไทร์ส (ประเทศไทย) จำกัด,ระยอง,AG02,N,,,0,0.00,0,Y,1769.08,147894.5,1,0,0,19x51,Benjamas Tanjit
C,11x35574,"Panasonic Manufacturing Ayuthaya Co., Ltd.",,EI00,N,,,0,0.00,0,Y,,,30,0,0,19x36,
C,11x35734,THANAMETHA SUPPLY COMPANY LIMITED,,UT03,N,,,0,0.00,0,Y,,,1,0,0,19x36,
A,11x35769,NHK Spring,,CH41,N,,,0,0.00,0,Y,,,7,1,17,19x66,Preeyathip Janthanarak
U,11x35777,บริษัท เพอฟอร์แมนซ์ เอ็นจิเนียริ่ง จำกัด,,SV04,N,,,0,0.00,0,Y,,,1,0,0,19x21,Chuanhathai Eakwongsupasarn
U,11x35779,บริษัท โซลูชั่น คอนโทรล แอนด์เอ็นจิเนียริ่ง จํากัด,,SV01,N,,,0,0.00,0,Y,,,1,0,0,19x62,Nattawut Hirunlalit
A,11x35799,บริษัท เคพีดี บิสซิเนส จำกัด,ปทุมธานี,CH03,N,,,0,0.00,0,Y,25.5,306,1,0,0,19x19,Saovaluck Jangjai
U,11x35914,บริษัท จี พลัส (ประเทศไทย) จำกัด,,SV04,N,,,0,0.00,0,Y,,,2,0,0,19x19,Saovaluck Jangjai
A,11x35920,ซีพีเอฟ-สัตว์น้ำมหาชัย,,FD05,N,,,0,0.00,0,Y,,,8,0,0,19x27,Nattawut Junkong
C,11x36072,TPC Paste Resin (SCG),,CH43,N,,,0,0.00,0,Y,,,42,0,0,19x51,Benjamas Tanjit
C,11x36163,บริษัท อินเตอร์ คูลลิ่งดีไซน์ จำกัด,,EL00,N,,,0,0.00,0,Y,,,1,0,0,19x35,
B,11x36165,SCG MTT,,CH42,N,,,0,0.00,0,Y,,,1,0,0,19x51,Benjamas Tanjit
D,11x36256,ซีเอสโอ ปิโตรเลี่ยม,เชียงใหม่,CH14,N,,,0,0.00,0,Y,,,1,0,0,19x44,Nuttapong Laplumwanich
C,11x36262,Global Green Chemicals Public Company Limited,,CH16,N,,,0,0.00,0,Y,,,30,2,207,19x78,Sarawut Viseshasiri
U,11x36318,ห้างหุ้นส่วนจำกัด โปรเกรส เอ็นจิเนียริ่ง แอนด์ เซอร์วิส,,,N,,,0,0.00,0,Y,,,1,0,0,19x37,Piyanuch Janthanarak
C,11x36320,บริษัท โรงงานยางไทยสินอนันต์ (2516) จำกัด,กรุงเทพมหานคร,AG02,N,,,0,0.00,0,Y,23.0,422.77,1,0,0,19x34,Kanittha Cheryhom
U,11x36357,"SM Group Maritimr consultant Co.,Ltd",,SV01,N,,,0,0.00,0,Y,,,1,0,0,19x43,Katewadee Pratipagorn
U,11x36359,มิลล์คอน-บางกระดี่,,,N,,,0,0.00,0,Y,,,2,0,0,19x27,Nattawut Junkong
B,11x36363,Rayong Terminal (SCG),,CH42,N,,,0,0.00,0,Y,,,1,0,0,19x51,Benjamas Tanjit
U,11x36382,บริษัท เเอล.พี มอเตอร์ จำกัด,,,N,,,0,0.00,0,Y,,,1,0,0,19x66,Preeyathip Janthanarak
U,11x36388,PRECISION POWER,,,N,,,0,0.00,0,Y,,,3,2,329,19x45,Pattamaporn Chadkurupin
A,11x36424,ซีพีเอฟ-สัตว์น้ำหนองแค,,FD05,N,,,0,0.00,0,Y,,,12,0,0,19x27,Nattawut Junkong
U,11x36581,บริษัท เฟิร์ส เทคโนโลยี่ จำกัด,,SV04,N,,,0,0.00,0,Y,,,3,0,0,19x21,Chuanhathai Eakwongsupasarn
U,11x36724,BJC Glass (Thailand) Company limited,,,N,,,0,0.00,0,Y,,,1,0,0,19x66,Preeyathip Janthanarak
U,11x36770,บริษัท เวอร์เท็คซ์ เอ็นจิเนียริ่ง จำกัด,สมุทรปราการ,SV04,N,,,0,0.00,0,Y,20.0,626.98,1,0,0,19x31,Panisa Wongrung
D,11x36843,JELLY BELLY CANDY,,FD99,N,,,0,0.00,0,Y,,,4,1,723,19x51,Benjamas Tanjit
D,11x36889,บริษัท ซีอีโอ อกริฟู้ด จำกัด,สิงห์บุรี,FD03,N,,,0,0.00,0,Y,30.0,11342,4,0,0,19x44,Nuttapong Laplumwanich
U,11x36988,TFMS-สระบุรี,,,N,,,0,0.00,0,Y,,,1,0,0,19x27,Nattawut Junkong
U,11x36998,"P.S. PETROTECH CO., LTD.",,,N,,,0,0.00,0,Y,,,1,0,0,19x45,Pattamaporn Chadkurupin
U,11x37003,SMART PRO INTERTRAD,,,N,,,0,0.00,0,Y,,,2,1,359,19x45,Pattamaporn Chadkurupin
U,11x37060,MP G1 (THAILAND) LIMITED [MUBADALA],,,N,,,0,0.00,0,Y,,,2,0,0,19x61,Peeraya Peeploy
C,11x37079,บริษัท 304 อินดัสเตรียล ปาร์ค 7 จำกัด,ปราจีนบุรี,UT03,N,,,0,0.00,0,Y,242.006742,620,3,1,436,19x18,Nomjit Suktawee
D,11x37100,บริษัท อาหารเบทเทอร์  จำกัด,ปทุมธานี,FD99,N,,,0,0.00,0,Y,793.0,9868.67,2,1,575,19x18,Nomjit Suktawee
B,11x37123,"PTT MCC Biochem Co., Ltd.",,CH42,N,,,0,0.00,0,Y,,,5,1,317,19x65,
U,11x37161,"PKK Siam Co., Ltd.",,SV01,N,,,0,0.00,0,Y,,,4,0,0,19x24,
U,11x37163,PP Progress,,SV04,N,,,0,0.00,0,Y,,,1,0,0,19x43,Katewadee Pratipagorn
U,11x37169,บริษัท ยูนิโฟร์ เอ็นจิเนียริ่ง จํากัด,,SV01,N,,,0,0.00,0,Y,,,6,0,0,19x36,
U,11x37171,"Pronova Laboratories Co.,Ltd.,",,,N,,,0,0.00,0,Y,,,8,0,0,19x35,
A,11x37185,บริษัท กรุงเทพโฟม ซี.เอส.เอ. จำกัด,สมุทรปราการ,CH41,N,,,0,0.00,0,Y,19.0,106.5,1,0,0,19x66,Preeyathip Janthanarak
U,11x37240,"All Pumps Co., Ltd.",,SV04,N,,,0,0.00,0,Y,,,2,0,0,19x34,Kanittha Cheryhom
U,11x37359,UNITED ASPHALT,,,N,,,0,0.00,0,Y,,,14,0,0,19x45,Pattamaporn Chadkurupin
U,11x37365,บริษัท เอกรัฐวิศวกรรม จำกัด (มหาชน),นนทบุรี,EL01,N,,,0,0.00,0,Y,191.613,8980.24,1,0,0,19x34,Kanittha Cheryhom
C,11x37369,Standard Manufacturing.co.ltd.,,CH06,N,,,0,0.00,0,Y,,,2,1,246,19x36,
U,11x37409,หจก.สุราษฎ์ แมคคานิค ซัพพลาย,,SV04,N,,,0,0.00,0,Y,,,2,0,0,19x45,Pattamaporn Chadkurupin
U,11x37413,MECHANIKA,,,N,,,0,0.00,0,Y,,,13,2,730,19x45,Pattamaporn Chadkurupin
C,11x37416,"IACC Chemical Solutions Co., Ltd.",,CH07,N,,,0,0.00,0,Y,,,5,1,718,19x36,
U,11x37418,MT Engineering,,SV01,N,,,0,0.00,0,Y,,,1,0,0,19x62,Nattawut Hirunlalit
U,11x37420,บริษัท เจริญวิทย์ ซัพพลาย จำกัด,,SV04,N,,,0,0.00,0,Y,,,1,0,0,19x19,Saovaluck Jangjai
U,11x37422,U prochecm,,,N,,,0,0.00,0,Y,,,13,0,0,19x55,
U,11x37463,GREEN PROGRESS,,SV01,N,,,0,0.00,0,Y,,,3,1,315,19x43,Katewadee Pratipagorn
U,11x37475,ALLNEX,,,N,,,0,0.00,0,Y,,,12,4,602,19x55,
U,11x37571,PS Agro,,,Y,,,0,0.00,1,Y,,,4,0,0,19x27,Nattawut Junkong
U,11x37656,"Thai Energy Conservation Co., Ltd. (Thailand)",,,N,,,0,0.00,0,Y,,,5,0,0,19x45,Pattamaporn Chadkurupin
U,11x37752,DPP ENGINEERING,,,N,,,0,0.00,0,Y,,,1,0,0,19x45,Pattamaporn Chadkurupin
D,11x37774,โปรดักส์ดีเวลลอปเม้นท์เมนูแฟคเจอร์ริง,สมุทรสาคร,FD03,N,,,0,0.00,0,Y,98.0,187,19,2,437,19x44,Nuttapong Laplumwanich
U,11x37803,Ital Thai,,SV01,N,,,0,0.00,0,Y,,,4,0,0,19x54,
D,11x37817,EAGLE INTERTRANS,ฉะเชิงเทรา,CH02,N,,,0,0.00,0,Y,,,12,3,536,19x45,Pattamaporn Chadkurupin
C,11x37892,บริษัท เจริญดีการสุรา 2005 จำกัด,กาญจนบุรี,FD07,N,,,0,0.00,0,Y,154.7588,3275.73,1,0,0,19x22,
C,11x37945,บริษัท เบยส์ เอ็นจิเนียริ่ง จำกัด,,UT03,N,,,0,0.00,0,Y,,,2,0,0,19x36,
B,11x38086,SGC TPE # Site 1,,CH42,N,,,0,0.00,0,Y,,,15,0,0,19x51,Benjamas Tanjit
U,11x38098,"THS DEVELOPMENT CO.,LTD.",,SV01,N,,,0,0.00,0,Y,,,1,0,0,19x34,Kanittha Cheryhom
U,11x38121,ไทยประสิทธิ์แมชชีนเนอรี่ จำกัด,กรุงเทพ,SV04,N,,,0,0.00,0,Y,,,1,0,0,19x45,Pattamaporn Chadkurupin
B,11x38180,บริษัท ปูนซิเมนต์ไทย (ท่าหลวง) จำกัด,สมุทรปราการ,MN05,Y,2026-08-07,63,3,1.95,0,Y,3.0,260.36,5,1,456,19x89,Tanaporn Chanchanaroj
B,11x38188,บริษัท ทีพีไอ โพลีน เพาเวอร์ จำกัด (มหาชน),สระบุรี,MN05,N,,,0,0.00,0,Y,950.300926,66995.5,1,0,0,19x18,Nomjit Suktawee
U,11x38220,DRK,กรุงเทพ,SV04,N,,,0,0.00,0,Y,,,1,0,0,19x23,Vipoo Srisawadi
D,11x38246,บริษัท พีทีที (ลาว) จำกัด,,CH14,N,,,0,0.00,0,Y,,,1,0,0,19x23,Vipoo Srisawadi
U,11x38264,ฺBelken System,สงขลา,SV01,N,,,0,0.00,0,Y,,,1,0,0,19x23,Vipoo Srisawadi
U,11x38490,บริษัท สยามคราฟท์ อุตสาหกรรม จำกัด,นนทบุรี,PP01,N,,,0,0.00,0,Y,7.8417,220,7,1,315,19x34,Kanittha Cheryhom
D,11x38577,สุขการช่าง,,CH14,N,,,0,0.00,0,Y,,,1,0,0,19x43,Katewadee Pratipagorn
U,11x38629,BLUE GAS,กรุงเทพ,SV04,N,,,0,0.00,0,Y,,,17,4,681,19x45,Pattamaporn Chadkurupin
U,11x38651,"Thai Otsuka Pharmaceutical Co.,Ltd.",,,N,,,0,0.00,0,Y,,,2,0,0,19x35,
U,11x38708,"World Wide Solutions 2014 Co., Ltd.",,SV01,N,,,0,0.00,0,Y,,,1,0,0,19x37,Piyanuch Janthanarak
U,11x38723,บริษัท ไซน่าสเตทคอนสตรัคชั่นเอ็นจิเนียริ่ง จำกัด,,SV01,N,,,0,0.00,0,Y,,,1,0,0,19x44,Nuttapong Laplumwanich
U,11x38759,Eidensha (Thailand) Co. Ltd.,,SV04,N,,,0,0.00,0,Y,,,1,0,0,19x36,
A,11x38810,Famsun Group-China,,FD05,N,,,0,0.00,0,Y,,,2,0,0,19x27,Nattawut Junkong
U,11x38960,"PHOTHI SIRIN THAI CONSULTANT Co., LTD.",,SV01,N,,,0,0.00,0,Y,,,1,0,0,19x36,
A,11x38995,บริษัท บูห์เลอร์ (ประเทศไทย) จำกัด,,MN03,N,,,0,0.00,0,Y,,,1,0,0,19x19,Saovaluck Jangjai
U,11x38996,BLU GAS,กรุงเทพ,SV04,N,,,0,0.00,0,Y,,,10,2,536,19x45,Pattamaporn Chadkurupin
U,11x39028,บริษัท ชิฟ เอ็นจิเนียริ่ง จำกัด,ปทุมธานี,SV01,N,,,0,0.00,0,Y,,,1,0,0,19x62,Nattawut Hirunlalit
B,11x39046,STYROLUTION (THAILAND) CO LTD,,CH42,N,,,0,0.00,0,Y,,,1,0,0,19x51,Benjamas Tanjit
U,11x39095,ห้างหุ้นส่วนจำกัด เฮอร์คิวลิส ซีล,,SV04,N,,,0,0.00,0,Y,,,1,0,0,19x21,Chuanhathai Eakwongsupasarn
U,11x39100,USERVICE THAILAND,,,N,,,0,0.00,0,Y,,,1,0,0,19x45,Pattamaporn Chadkurupin
C,11x39107,"E-Square Environment & Engineering Co.,Ltd.",,UT03,N,,,0,0.00,0,Y,,,5,0,0,19x36,
U,11x39182,Sutee,,,N,,,0,0.00,0,Y,,,4,0,0,19x55,
U,11x39270,Bangkok Live,กรุงเทพ,SV01,N,,,0,0.00,0,Y,,,1,0,0,19x62,Nattawut Hirunlalit
U,11x39301,GRADIANT,,SV01,N,,,0,0.00,0,Y,,,1,0,0,19x65,
U,11x39305,บจก.สวโรจน์ เซลส์แอนด์เซอร์วิส,,SV04,N,,,0,0.00,0,Y,,,2,0,0,19x34,Kanittha Cheryhom
U,11x39401,ทีเอ เทรดดิ้ง แอนด์ ซัพพลาย เซอร์วิส,,SV04,N,,,0,0.00,0,Y,,,2,0,0,19x21,Chuanhathai Eakwongsupasarn
D,11x39407,sino-pacific,,FD01,N,,,0,0.00,0,Y,,,3,0,0,19x43,Katewadee Pratipagorn
D,11x39419,กำนันปัญญา,,UT00,N,,,0,0.00,0,Y,,,1,0,0,19x34,Kanittha Cheryhom
U,11x39459,แอ็คเทียส (ไทยแลนด์) จำกัด,,SV04,N,,,0,0.00,0,Y,,,3,1,422,19x31,Panisa Wongrung
U,11x39516,Top Myanmar Engineering,,SV04,N,,,0,0.00,0,Y,,,3,0,0,19x23,Vipoo Srisawadi
U,11x39518,PKM DEVELOPMENT,,SV01,N,,,0,0.00,0,Y,,,1,0,0,19x62,Nattawut Hirunlalit
U,11x39559,บริษัท ซูเอซ วอเตอร์ เทคโนโลยีส์ แอนด์ โซลูชั่นส์ (ประเทศไทย) จำกัด,,SV04,N,,,0,0.00,0,Y,,,1,0,0,19x31,Panisa Wongrung
U,11x39654,TPM Engineering,,SV04,N,,,0,0.00,0,Y,,,1,0,0,19x19,Saovaluck Jangjai
U,11x39665,บริษัท ฟลูอิด ไลน์ ซิสเท็มส์ จำกัด,,SV04,N,,,0,0.00,0,Y,,,3,0,0,19x19,Saovaluck Jangjai
D,11x39717,แก๊สซัพพลาย เชียงใหม่,,CH14,N,,,0,0.00,0,Y,,,2,0,0,19x43,Katewadee Pratipagorn
C,11x39814,"CCM Spirits Co., Ltd",,FD07,N,,,0,0.00,0,Y,,,1,0,0,19x22,
D,11x39860,อำพลฟู๊ด,กรุงเทพ,FD01,N,,,0,0.00,0,Y,,,1,0,0,19x44,Nuttapong Laplumwanich
U,11x39867,บริษัท เอเซีย เอ็นจิเนียริ่งแพค จำกัด,กรุงเทพมหานคร,SV04,Y,2026-03-30,193,1,0.05,0,Y,11.5,556,7,1,449,19x77,Thitima Plaibua
U,11x39888,บริษัท ไดนามิก จำกัด,,SV01,N,,,0,0.00,0,Y,,,1,0,0,19x18,Nomjit Suktawee
U,11x39891,บริษัท สยาม ณครพรรณ 2019 จำกัด,,SV04,N,,,0,0.00,0,Y,,,14,0,0,19x19,Saovaluck Jangjai
U,11x39893,"US Embassy Bangkok, Thailand",,UT01,N,,,0,0.00,0,Y,,,1,0,0,19x34,Kanittha Cheryhom
A,11x39941,คาร์กิลล์สยาม-พิษณุโลก,,FD05,Y,,,0,0.00,2,Y,,,15,3,597,19x27,Nattawut Junkong
U,11x39999,"ARTHIT E&C CO., LTD",,SV01,N,,,0,0.00,0,Y,,,6,4,317,19x65,
U,11x40132,"ELECTRO CERAMICS (THAILAND) CO.,LTD.",,EL01,N,,,0,0.00,0,Y,,,1,0,0,19x34,Kanittha Cheryhom
U,11x40242,บริษัท บีอาร์เอส พาร์ท เซอร์วิส จำกัด,,SV04,Y,2026-06-25,106,3,0.22,0,Y,,,35,0,0,19x19,Saovaluck Jangjai
U,11x40290,บริษัท ซีทู เอ็นเตอร์ไพร์ส เซอร์วิส จำกัด,,SV04,N,,,0,0.00,0,Y,,,1,0,0,19x34,Kanittha Cheryhom
B,11x40299,กองกษาปณ์,,UT99,N,,,0,0.00,0,Y,,,8,1,316,19x45,Pattamaporn Chadkurupin
B,11x40304,บริษัท สุขการช่าง จำกัด,,UT99,N,,,0,0.00,0,Y,,,2,0,0,19x18,Nomjit Suktawee
B,11x40320,StarWood Chemical,,CH01,N,,,0,0.00,0,Y,,,4,1,233,19x51,Benjamas Tanjit
B,11x40436,SHERWOOD CHEMICALS Public Company Limited,,CH01,N,,,0,0.00,0,Y,,,1,0,0,19x35,
C,11x40458,GC STYRENICS,,CH43,N,,,0,0.00,0,Y,,,1,0,0,19x65,
U,11x40464,เวิลด์ เอ็นจิเนียริ่ง เซอร์วิส แอนด์ ซัพพลาย จำกัด,สมุทรปราการ,SV01,N,,,0,0.00,0,Y,,,1,0,0,19x44,Nuttapong Laplumwanich
A,11x40537,"Clariant (Thailand) Co.,Ltd",,CH03,N,,,0,0.00,0,Y,,,2,0,0,19x19,Saovaluck Jangjai
U,11x40547,Siri Equipment,,SV04,N,,,0,0.00,0,Y,,,1,0,0,19x45,Pattamaporn Chadkurupin
U,11x40555,บริษัท โกลบอลโทรนิค อินเตอร์เทรด จำกัด,,SV04,N,,,0,0.00,0,Y,,,2,1,444,19x31,Panisa Wongrung
U,11x40610,Low Price Component,,SV04,N,,,0,0.00,0,Y,,,2,0,0,19x36,
U,11x40623,"Myanmar Electrical & Instrumentation Co.,Ltd",,SV04,N,,,0,0.00,0,Y,,,2,0,0,19x45,Pattamaporn Chadkurupin
D,11x40632,กิ่งแก๊วแก๊ส,สมุทรปราการ,CH02,N,,,0,0.00,0,Y,,,1,0,0,19x62,Nattawut Hirunlalit
B,11x40684,THAI NITRATE,,CH01,N,,,0,0.00,0,Y,,,12,1,22,19x65,
U,11x40701,เฟริส เทคโนโลยี,,SV04,N,,,0,0.00,0,Y,,,3,0,0,19x43,Katewadee Pratipagorn
U,11x40713,ENERGY ABSOLUTE,,UT01,N,,,0,0.00,0,Y,,,10,3,595,19x51,Benjamas Tanjit
U,11x40804,บริษัท ยูวาเทค จำกัด,,SV04,Y,,,0,0.00,1,Y,,,33,10,732,19x77,Thitima Plaibua
A,11x40860,PASCAL INTERTECH,สมุทรปราการ,OM00,N,,,0,0.00,0,Y,,,1,0,0,19x45,Pattamaporn Chadkurupin
U,11x40880,กรุงไทยอาหาร-บ้านบึง,,,Y,,,0,0.00,1,Y,,,2,2,116,19x27,Nattawut Junkong
U,11x40887,บี เอ็น บราเดอร์,สมุทรปราการ,,N,,,0,0.00,0,Y,400.0,2939.5,3,0,0,19x27,Nattawut Junkong
D,11x40973,ห้างหุ้นส่วนจำกัด กิ่งแก้วแก๊ส,,CH02,N,,,0,0.00,0,Y,,,1,1,707,19x18,Nomjit Suktawee
U,11x41085,Puratos,,,N,,,0,0.00,0,Y,,,1,0,0,19x27,Nattawut Junkong
U,11x41143,"TECHNOLOGY & ENGINEERING SQUARE CORP., LTD.",,SV04,N,,,0,0.00,0,Y,,,2,1,388,19x45,Pattamaporn Chadkurupin
U,11x41220,TOPGAS,กรุงเทพ,SV04,N,,,0,0.00,0,Y,,,4,0,0,19x45,Pattamaporn Chadkurupin
U,11x41227,บริษัท ดีดี อุบล เอ็นจิเนียริ่ง จำกัด,,SV01,N,,,0,0.00,0,Y,,,1,0,0,19x27,Nattawut Junkong
C,11x41239,บริษัท บอนด์ เคมีคอลส์ จำกัด,กรุงเทพมหานคร,CH09,N,,,0,0.00,0,Y,19.328735,982,4,4,430,19x34,Kanittha Cheryhom
A,11x41246,KS INTERCOOL,สมุทรสาคร,OM00,N,,,0,0.00,0,Y,,,9,0,0,19x45,Pattamaporn Chadkurupin
C,11x41395,ทีดิก เซาท์ จำกัด,สงขลา,CH43,N,,,0,0.00,0,Y,0.0,0,8,0,0,19x21,Chuanhathai Eakwongsupasarn
U,11x41401,บริษัท พรีม่าวิสต้าคอนสตรัคชั่น จำกัด,,SV04,N,,,0,0.00,0,Y,,,1,0,0,19x21,Chuanhathai Eakwongsupasarn
D,11x41413,แนททูร่า วัน,สุราษฎร์ธานี,FD03,N,,,0,0.00,0,Y,136.3,487.17,1,0,0,19x45,Pattamaporn Chadkurupin
U,11x41423,POSCO,,SV01,N,,,0,0.00,0,Y,,,3,0,0,19x65,
U,11x41481,"Utoc (Thailand) Co.,Ltd.",,SV01,N,,,0,0.00,0,Y,,,1,0,0,19x65,
U,11x41545,บริษัท ออเร้นจ์ โซลูชั่น จำกัด,,SV04,N,,,0,0.00,0,Y,,,1,0,0,19x22,
U,11x41592,"Besto Exim Co., Ltd.",,UT01,N,,,0,0.00,0,Y,,,1,0,0,19x45,Pattamaporn Chadkurupin
U,11x41712,NEW STAR,,SV01,N,,,0,0.00,0,Y,,,1,0,0,19x45,Pattamaporn Chadkurupin
U,11x41727,GREEN PRODUCT,กรุงเทพ,SV04,N,,,0,0.00,0,Y,,,1,0,0,19x45,Pattamaporn Chadkurupin
C,11x41751,บริษัทสยามอุตสาหกรรมเทปกาว จำกัด,ชลบุรี,CH09,Y,,,0,0.00,1,Y,60.0,115.5,0,0,0,19x34,Kanittha Cheryhom
U,11x41760,บริษัทอิเล็คโทรเซรามิคส์(ไทยแลนด์)จำกัด,,EL01,N,,,0,0.00,0,Y,,,2,1,199,19x34,Kanittha Cheryhom
U,11x41773,บริษัท เคียวเซร่า (ประเทศไทย)จำกัด,ลำพูน,EL01,N,,,0,0.00,0,Y,1042.7,1686.02,1,0,0,19x34,Kanittha Cheryhom
D,11x41786,บริษัท แดรี่ไทย จำกัด,ราชบุรี,FD01,N,,,0,0.00,0,Y,96.614,1280.54,1,0,0,19x44,Nuttapong Laplumwanich
U,11x41965,ห้างหุ้นส่วนจำกัด กิจวิริยะ เทรดดิ้ง,กรุงเทพมหานคร,SV04,N,,,0,0.00,0,Y,55.0,75,1,0,0,19x21,Chuanhathai Eakwongsupasarn
U,11x42021,เบญจมณี,ปทุมธานี,SV01,N,,,0,0.00,0,Y,2.65,256,1,0,0,19x44,Nuttapong Laplumwanich
A,11x42072,Le Creuset Manufacturing (Thailand),,MN03,N,,,0,0.00,0,Y,,,4,0,0,19x19,Saovaluck Jangjai
U,11x42074,"MITSUBISHI POWER, LTD",,SV01,N,,,0,0.00,0,Y,,,3,0,0,19x45,Pattamaporn Chadkurupin
U,11x42081,"BMI Development Co.,Ltd",,SV01,N,,,0,0.00,0,Y,,,1,0,0,19x65,
A,11x42114,บริษัท แปดริ้วเครื่องเย็นเชียงใหม่ - 1994จำกัด,เชียงใหม่,SV07,N,,,0,0.00,0,Y,5.8,183.75,1,0,0,19x27,Nattawut Junkong
U,11x42149,หจก. บุญรักษา เอ็นจิเนียริ่ง ซัพพลาย,นครราชสีมา,SV04,N,,,0,0.00,0,Y,,,2,0,0,19x45,Pattamaporn Chadkurupin
U,11x42153,CPPESEA,,SV01,N,,,0,0.00,0,Y,,,1,0,0,19x65,
A,11x42167,บริษัท พนัส ฟีดมิลล์ จำกัด,ชลบุรี,FD05,Y,,,0,0.00,1,Y,731.0,6415.5,7,1,449,19x27,Nattawut Junkong
U,11x42169,เอ็นเทค แมเนจเม้นท์,กรุงเทพ,SV01,N,,,0,0.00,0,Y,,,1,0,0,19x44,Nuttapong Laplumwanich
U,11x42228,บริษัท อินฟินิตี้ แอ๊บโซลูท จำกัด,,SV01,N,,,0,0.00,0,Y,,,13,6,247,19x18,Nomjit Suktawee
U,11x42234,บริษัท ยูนิโฟร์ เอ็นจิเนียริ่ง จำกัด,,SV01,N,,,0,0.00,0,Y,1.0,,1,0,0,19x18,Nomjit Suktawee
R,11x42253,บริษัท ไทยอาซาฮีเคมีภัณฑ์  จำกัด,ระยอง,CH01,N,,,0,0.00,0,Y,300.0,131859.23000000001,1,0,0,19x18,Nomjit Suktawee
D,11x42258,"Acteus (Thailand) Co., Ltd.",,CH02,N,,,0,0.00,0,Y,,,9,1,345,19x45,Pattamaporn Chadkurupin
A,11x42262,บริษัท เบ็ทเทอร์ฟาร์มา จำกัด,สระบุรี,FD05,N,,,0,0.00,0,Y,,,1,0,0,19x27,Nattawut Junkong
U,11x42285,บริษัท พงษ์ภัทร เอนเตอร์ไพรส์ จำกัด,นนทบุรี,SV01,N,,,0,0.00,0,Y,57.0,276,1,0,0,19x27,Nattawut Junkong
U,11x42325,บริษัท เฟิร์ส ซัพพลาย เอ็นจิเนียริ่ง จำกัด,,SV04,N,,,0,0.00,0,Y,,,1,0,0,19x21,Chuanhathai Eakwongsupasarn
C,11x42327,ส่วนก่อสร้างและบูรณะถนน๑ สำนักงานก่อสร้างและบูรณะ สำนักการโยธา,,UT03,N,,,0,0.00,0,Y,,,1,0,0,19x37,Piyanuch Janthanarak
C,11x42330,"TOMSA DESTIL (THAILAND) CO., LTD.",,FD07,N,,,0,0.00,0,Y,,,1,0,0,19x22,
A,11x42347,"BANGKOK COLD STORAGE SERVICE, LTD.",สมุทรปราการ,OM00,N,,,0,0.00,0,Y,,,8,0,0,19x45,Pattamaporn Chadkurupin
U,11x42388,บริษัท เอกชาติอุฤทธิ์ จำกัด,,SV04,N,,,0,0.00,0,Y,,,1,0,0,19x34,Kanittha Cheryhom
U,11x42396,ห้างหุ้นส่วนจำกัด ๕ เสือ เอ็นจิเนียริ่ง,,SV01,N,,,0,0.00,0,Y,,,3,0,0,19x34,Kanittha Cheryhom
U,11x42451,PSS,,SV01,N,,,0,0.00,0,Y,,,1,0,0,19x24,
U,11x42465,ห้างหุ้นส่วนจำกัด เค.ที.พี.พี คอนสตรัคชั่น แอนด์ ซัพพลาย,,SV05,N,,,0,0.00,0,Y,,,1,0,0,19x21,Chuanhathai Eakwongsupasarn
A,11x42526,บริษัท ไทยนครเพนท์แอนด์เคมีคอล จำกัด,กรุงเทพมหานคร,CH41,N,,,0,0.00,0,Y,2.8,287.33999999999997,2,0,0,19x70,Kornthanat Suksalee
U,11x42532,บริษัท สยามวอเตอร์เจ็ทติ้งซัพพลายแอนด์เรนท์ทัล จำกัด,,SV04,N,,,0,0.00,0,Y,,,1,0,0,19x19,Saovaluck Jangjai
D,11x42639,ยูนิคแก๊ส แอนด์ ปิโตรเคมิคัลส์,ฉะเชิงเทรา,CH02,N,,,0,0.00,0,Y,5.0,2695,8,1,655,19x44,Nuttapong Laplumwanich
A,11x42647,บริษัท อี 3 เอเซีย จำกัด,กรุงเทพ,SV07,N,,,0,0.00,0,Y,,,1,0,0,19x27,Nattawut Junkong
U,11x42650,"Techtronic Co.,Ltd.",,SV01,N,,,0,0.00,0,Y,,,6,4,599,19x24,
A,11x42690,บริษัท โตกิโอะ เอ็นจิเนียริ่ง จำกัด,กรุงเทพ,CH41,N,,,0,0.00,0,Y,,,6,0,0,19x70,Kornthanat Suksalee
A,11x42720,ที เค เอส เคมิคอล (ประเทศไทย) จำกัด,สมุทรปราการ,CH03,Y,,,0,0.00,2,Y,15.0,2149.5,1,0,0,19x70,Kornthanat Suksalee
U,11x42764,บริษัท ไทยพัฒนสิน (จิ้นเส็ง 2000) จำกัด,,SV04,N,,,0,0.00,0,Y,,,1,1,309,19x18,Nomjit Suktawee
U,11x42788,บริษัท บางกอกโคลด์สโตริจเซอร์วิส จำกัด,สมุทรปราการ,????,Y,2026-09-04,35,4,0.06,0,Y,11.0,976.17,11,1,610,19x45,Pattamaporn Chadkurupin
U,11x42936,บริษัท เอสซี พาร์ทเทค จำกัด,,SV04,N,,,0,0.00,0,Y,,,3,0,0,19x70,Kornthanat Suksalee
D,11x43248,บริษํท ลัคกี้แคร์ริเออร์ จำกัด,,TP00,N,,,0,0.00,0,Y,,,11,2,549,19x44,Nuttapong Laplumwanich
D,11x43250,บริษัท ลัคกี้แคร์ริเออร์ จำกัด,กรุงเทพ,CH02,N,,,0,0.00,0,Y,,,3,2,631,19x45,Pattamaporn Chadkurupin
U,11x43265,บริษัท ไทย-อินเตอร์ อีเลคทริค อินดัสตรีส์ จำกัด,,SV04,N,,,0,0.00,0,Y,,,3,1,477,19x37,Piyanuch Janthanarak
D,11x43283,หจก. ส.พิพัฒน์พานิช,,CH02,N,,,0,0.00,0,Y,,,1,0,0,19x45,Pattamaporn Chadkurupin
B,11x43284,Total Corbion,,CH01,N,,,0,0.00,0,Y,,,18,0,0,19x51,Benjamas Tanjit
A,11x43402,บริษัท สวอนอินดัสทรี่ส์ (ประเทศไทย) จำกัด,สมุทรปราการ,MT99,N,,,0,0.00,0,Y,301.0,2375.15,2,0,0,19x70,Kornthanat Suksalee
D,11x43415,หจก. ปิโตร พลัส วัน แอนด์ เซอร์วิส,,CH14,N,,,0,0.00,0,Y,,,1,0,0,19x43,Katewadee Pratipagorn
U,11x43420,บีทเทค-ไทย เอ็นจิเนียริ่ง,,SV01,N,,,0,0.00,0,Y,,,1,0,0,19x68,
U,11x43507,"Grand Best Tech Co.,Ltd.",,SV01,N,,,0,0.00,0,Y,,,1,0,0,19x51,Benjamas Tanjit
B,11x43702,บริษัท ไซ-อาร์กัส จำกัด,,TT01,N,,,0,0.00,0,Y,,,1,0,0,19x68,
A,11x43723,บริษัท เฌอร่า  จำกัด (มหาชน),ลพบุรี,MN06,Y,2026-10-03,6,13,2.16,0,Y,11.0,485.22,214,1,259,19x19,Saovaluck Jangjai
A,11x43725,บริษัท เฌอร่า จำกัด (มหาชน),ลพบุรี,MN06,Y,2026-10-03,6,4,0.09,0,Y,11.0,485.22,35,2,582,19x18,Nomjit Suktawee
D,11x43752,บริษัท สยามแก๊ส แอนด์ ปิโตรเคมีคัลส์ จำกัด (มหาชน),ขอนแก่น,CH02,N,,,0,0.00,0,Y,61.1,426.5,44,13,688,19x45,Pattamaporn Chadkurupin
U,11x43757,KrisEnergy (Apsara) Company Limited,,????,N,,,0,0.00,0,Y,,,2,0,0,19x18,Nomjit Suktawee
U,11x43791,บริษัท ยูนิคแก๊ส แอนด์ ปิโตรเคมิคัลส์ จำกัด (มหาชน),ฉะเชิงเทรา,????,Y,2026-04-21,171,1,0.04,1,Y,5.0,2695,32,7,658,19x45,Pattamaporn Chadkurupin
A,11x43869,บริษัท ไทยเบเวอร์เรจแคน จำกัด,สระบุรี,MT02,N,,,0,0.00,0,Y,5237.000002,8382.23,7,5,682,19x19,Saovaluck Jangjai
B,11x43959,บริษัท พงศ์พารา รับเบอร์ จำกัด,สมุทรสาคร,UT99,N,,,0,0.00,0,Y,34.0,499,1,0,0,19x68,
U,11x43971,บริษัท จีเนียส เอนจิเนียริ่ง จำกัด,ปราจีนบุรี,SV04,N,,,0,0.00,0,Y,33.7118,124.3,2,0,0,19x68,
U,11x43974,ห้างหุ้นส่วนจำกัด ภัทรธร เอ็นจิเนียริ่ง,,SV04,N,,,0,0.00,0,Y,,,1,0,0,19x45,Pattamaporn Chadkurupin
D,11x43977,ไทยฟู้ดส์ โรงชำแหละไก่ ท่ามะกา,,FD01,N,,,0,0.00,0,Y,,,1,0,0,19x44,Nuttapong Laplumwanich
U,11x44036,บริษัท พลัส เทค เอ็นจิเนียริ่ง จำกัด,,SV04,N,,,0,0.00,0,Y,,,1,0,0,19x21,Chuanhathai Eakwongsupasarn
D,11x44043,SB FOOD,,FD99,N,,,0,0.00,0,Y,,,1,0,0,19x24,
A,11x44094,บริษัท ซูพรีมเซลล์โฟม จำกัด,เชียงราย,SV07,N,,,0,0.00,0,Y,11.2,75.12,1,0,0,19x27,Nattawut Junkong
U,11x44182,Gulf,,UT01,N,,,0,0.00,0,Y,,,11,0,0,19x53,
U,11x44240,บริษัท เอ็ม พี เจ โลจิสติกส์ จำกัด,ชลบุรี,SV04,N,,,0,0.00,0,Y,2.7,191,2,0,0,19x70,Kornthanat Suksalee
U,11x44245,บริษัท เกรทโอเรียนเต็ลเทรดดิ้ง จำกัด,,SV04,N,,,0,0.00,0,Y,,,7,1,512,19x37,Piyanuch Janthanarak
U,11x44247,AZBIL,,SV05,N,,,0,0.00,0,Y,,,3,0,0,19x53,
U,11x44252,TRC CONSTRUCTION,,SV01,N,,,0,0.00,0,Y,,,4,0,0,19x62,Nattawut Hirunlalit
U,11x44379,"INNOVEK ASIA CO., LTD.",,SV01,N,,,0,0.00,0,Y,,,2,0,0,19x53,
U,11x44423,"KRP (KORAPAK) ENGINEERING CO., LT.D",,SV04,N,,,0,0.00,0,Y,,,2,0,0,19x45,Pattamaporn Chadkurupin
B,11x44425,GC GLYCOL COMPANY LIMITED (GC POLYOLS),,CH99,N,,,0,0.00,0,Y,,,21,0,0,19x53,
D,11x44455,NSI DESIGN CONSTRUCTION,,CH14,N,,,0,0.00,0,Y,,,6,0,0,19x23,Vipoo Srisawadi
D,11x44468,บริษัท โตโยไซกัน (ประเทศไทย) จำกัด,พระนครศรีอยุธยา,FD01,N,,,0,0.00,0,Y,1443.788,30211.94,3,0,0,19x44,Nuttapong Laplumwanich
D,11x44480,บริษัท ชบาบางกอก จำกัด,สมุทรปราการ,FD01,N,,,0,0.00,0,Y,100.0,7211.83,1,0,0,19x44,Nuttapong Laplumwanich
U,11x44496,SK ENGINEERING,,SV01,N,,,0,0.00,0,Y,,,1,0,0,19x54,
D,11x44609,บริษัท อี.ไอ.พี. พาวเวอร์ แมเนจเม้นท์ จำกัด,,UT00,N,,,0,0.00,0,Y,,,1,0,0,19x62,Nattawut Hirunlalit
U,11x44706,3son trading,,SV04,N,,,0,0.00,0,Y,,,1,0,0,19x27,Nattawut Junkong
U,11x44765,บริษัท เอ็มเอสพี แมชชีนทูลส์ จำกัด,,SV04,N,,,0,0.00,0,Y,,,1,0,0,19x68,
U,11x44934,GRACE DEAL,,SV01,N,,,0,0.00,0,Y,,,2,0,0,19x24,
A,11x44944,AKZO NOBEL PAINTS,,CH03,N,,,0,0.00,0,Y,,,8,5,662,19x54,
C,11x44971,benpac packaging ltd.,,AG99,N,,,0,0.00,0,Y,,,1,0,0,19x51,Benjamas Tanjit
D,11x44973,บริษัท นิคโก้ เอเชีย ประเทศไทย,,CH15,N,,,0,0.00,0,Y,,,1,0,0,19x45,Pattamaporn Chadkurupin
U,11x45020,THAI PETROLEUM SUPPORT,,SV01,N,,,0,0.00,0,Y,,,1,0,0,19x44,Nuttapong Laplumwanich
B,11x45025,Sanyo kasei (thailand) ltd,,CH99,N,,,0,0.00,0,Y,,,11,2,624,19x51,Benjamas Tanjit
U,11x45083,New Tatton,,SV01,N,,,0,0.00,0,Y,,,3,0,0,19x65,
B,11x45119,บริษัท สยามไฟเบอร์ซีเมนต์กรุ๊ป จำกัด,สระบุรี,MN05,N,,,0,0.00,0,Y,90.0,11546.45,1,0,0,19x21,Chuanhathai Eakwongsupasarn
D,11x45126,dalong gas and petrochemical,,CH02,N,,,0,0.00,0,Y,,,1,0,0,19x44,Nuttapong Laplumwanich
A,11x45224,บริษัท  ไทยเบฟเวอเรจเเคน จำกัด,,MT02,Y,,,0,0.00,65,Y,,,24,11,654,19x70,Kornthanat Suksalee
U,11x45251,บริษัท เอ็น เอส เค แบริ่งส์ (ประเทศไทย) จำกัด,,SV04,N,,,0,0.00,0,Y,,,6,0,0,19x70,Kornthanat Suksalee
C,11x45258,หจก.อรุณีค้าแป้ง,กำแพงเพชร,FD08,N,,,0,0.00,0,Y,0.7,170.88,1,0,0,19x35,
C,11x45447,"Oskon.Co.,ltd",,FD08,N,,,0,0.00,0,Y,,,2,1,203,19x35,
B,11x45473,บริษัท เอเอ็มซี ซิสเต็ม (ประเทศไทย) จำกัด,,CH42,N,,,0,0.00,0,Y,,,1,0,0,19x21,Chuanhathai Eakwongsupasarn
U,11x45510,Wood,,SV01,N,,,0,0.00,0,Y,,,9,4,560,19x51,Benjamas Tanjit
B,11x45615,PTT Phenol,,CH99,N,,,0,0.00,0,Y,,,9,2,473,19x54,
D,11x45624,CNPS,,CH14,N,,,0,0.00,0,Y,,,2,0,0,19x23,Vipoo Srisawadi
U,11x45639,บริษัท เอ็กซ์เซล แมททีเรียลส์ จำกัด,สมุทรสาคร,????,N,,,0,0.00,0,Y,100.0,490,3,0,0,19x88,Thanaaran Sirawattanamongkol
U,11x45672,"Great Technical Service & Associate Co., Ltd.",,SV01,N,,,0,0.00,0,Y,,,1,0,0,19x45,Pattamaporn Chadkurupin
U,11x45675,หจก เอ็ม พี เทรดดิ้ง,,SV01,N,,,0,0.00,0,Y,,,1,0,0,19x44,Nuttapong Laplumwanich
U,11x45686,บริษัท เอฟสแควร์ อินเตอร์เนชั่นแนล กรุ๊ป,,SV01,N,,,0,0.00,0,Y,,,1,0,0,19x21,Chuanhathai Eakwongsupasarn
C,11x45692,หจก.ดวงทิพย์ เทรด แอนดื เซอร์วิส,,EI00,N,,,0,0.00,0,Y,,,1,0,0,19x36,
U,11x45776,กิจการร่วมค้า เอสที-แมกซ์เอนส์-ทีดับบิว,,SV01,N,,,0,0.00,0,Y,,,1,0,0,19x43,Katewadee Pratipagorn
U,11x45817,HYNDAI ENGINEERING,,SV01,N,,,0,0.00,0,Y,,,1,0,0,19x62,Nattawut Hirunlalit
U,11x45819,บริษัท เชียงใหม่ สมาร์ท จำกัด,,SV04,N,,,0,0.00,0,Y,,,1,0,0,19x19,Saovaluck Jangjai
U,11x45826,SYSTANO,,SV03,N,,,0,0.00,0,Y,,,3,1,268,19x51,Benjamas Tanjit
U,11x45888,มิตซูบิชิ คอร์ปอเรชั่น,,????,Y,2026-07-16,85,2,0.86,0,Y,,,1,0,0,19x45,Pattamaporn Chadkurupin
U,11x46121,บริษัท สำเภา เอ็นจิเนียริ่ง อินดัสทรี จำกัด,นครปฐม,SV01,N,,,0,0.00,0,Y,11.85,293.08,1,0,0,19x62,Nattawut Hirunlalit
B,11x46126,แม่น้ำ เรสซิเดนท์,,UT99,N,,,0,0.00,0,Y,,,2,0,0,19x44,Nuttapong Laplumwanich
B,11x46150,Mazda Powertrain Manufacturing Thailand,,UT99,N,,,0,0.00,0,Y,,,1,0,0,19x51,Benjamas Tanjit
D,11x46247,B.Grim,,UT00,N,,,0,0.00,0,Y,,,2,1,732,19x65,
D,11x46373,"SUBSERVICE AND SUPPLY (2010) LTD., PART",,CH14,N,,,0,0.00,0,Y,,,1,0,0,19x43,Katewadee Pratipagorn
U,11x46381,"ITP Co.,LTD",,SV04,N,,,0,0.00,0,Y,,,4,0,0,19x27,Nattawut Junkong
B,11x46455,Thai Plastic Chemical (SCG-DOW),,CH42,N,,,0,0.00,0,Y,,,11,0,0,19x51,Benjamas Tanjit
U,11x46464,บริษัท โตโยอิ๊งค์ ( ประเทศไทย )  จำกัด,กรุงเทพมหานคร,????,Y,2026-04-21,171,1,0.01,0,Y,116.0,0,0,0,0,19x18,Nomjit Suktawee
U,11x46498,ฮุนได เอ็นจิเนียริ่ง คัมปะนี ลิมิเต็ด,,????,N,,,0,0.00,0,Y,,,1,0,0,19x18,Nomjit Suktawee
U,11x46653,ห้างหุ้นส่วนจํากัด เอส โอ เอส รับเบอร์ แอนด์ โมลด์,,SV04,N,,,0,0.00,0,Y,,,2,0,0,19x45,Pattamaporn Chadkurupin
U,11x46715,Northeatern Maintenance Pool Service,,SV01,N,,,0,0.00,0,Y,,,2,0,0,19x27,Nattawut Junkong
A,11x46718,CP Vietnam-Binh Phuoc,,FD05,N,,,0,0.00,0,Y,,,2,0,0,19x27,Nattawut Junkong
B,11x46778,SIAM POLYSTYRENE (SCG-DOW),,CH42,N,,,0,0.00,0,Y,,,2,0,0,19x51,Benjamas Tanjit
U,11x46831,Ensys,,SV04,N,,,0,0.00,0,Y,,,1,0,0,19x27,Nattawut Junkong
U,11x47115,บริษัท อิตัลไทยวิศวกรรม จำกัด,,????,N,,,0,0.00,0,Y,,,2,0,0,19x18,Nomjit Suktawee
R,11x47117,บริษัท เซอร์คูลาร์ พลาส จำกัด,ระยอง,????,N,,,0,0.00,0,Y,0.0,0,1,0,0,19x18,Nomjit Suktawee
U,11x47148,บริษัท เมคคานิก โพรวายเดอร์ แอนด์ เดเวลอปเม้นต์ จำกัด ...,,SV01,N,,,0,0.00,0,Y,,,2,0,0,19x44,Nuttapong Laplumwanich
A,11x47152,บริษัท บางกอกแคน แมนนูแฟคเจอริ่ง จำกัด,ปทุมธานี,MT02,Y,,,0,0.00,4,Y,1613.992,13979.51,2,0,0,19x70,Kornthanat Suksalee
U,11x47219,บริษัท เพอร์ฟอร์แม็ก เทรดดิ้ง จำกัด,,SV04,N,,,0,0.00,0,Y,,,1,0,0,19x19,Saovaluck Jangjai
D,11x47274,ซีพีเอฟ โรงงานอาหารสำเร็จรูปหนองจอก,,FD01,N,,,0,0.00,0,Y,,,2,0,0,19x44,Nuttapong Laplumwanich
U,11x47283,บริษัท เอฟสแควร์ อินเตอร์เนชั่นแนล กรุ๊ป จำกัด,,SV01,N,,,0,0.00,0,Y,,,1,0,0,19x21,Chuanhathai Eakwongsupasarn
U,11x47299,Trouw Nutrition,,SV01,N,,,0,0.00,0,Y,,,1,0,0,19x27,Nattawut Junkong
U,11x47334,บมจ. สยามซินดิเคทเทคโนโลยี,,SV01,N,,,0,0.00,0,Y,,,3,0,0,19x44,Nuttapong Laplumwanich
U,11x47360,"T.M.K. SERVIVE SUPPLY CO., LTD.",,SV01,N,,,0,0.00,0,Y,,,1,0,0,19x45,Pattamaporn Chadkurupin
U,11x47383,GPSC,,UT01,N,,,0,0.00,0,Y,,,19,1,231,19x65,
U,11x47397,ห้างหุ้นส่วนจำกัด เบ๊ชัยแสง,,SV04,N,,,0,0.00,0,Y,,,3,0,0,19x36,
U,11x47436,GULF YALA GREEN,,UT01,N,,,0,0.00,0,Y,,,3,0,0,19x45,Pattamaporn Chadkurupin
C,11x47471,โรงควบคุมคุณภาพน้ำช่องนนทรี,,UT03,N,,,0,0.00,0,Y,,,1,0,0,19x35,
U,11x47528,"MEGEX Co.,Ltd.",,SV04,N,,,0,0.00,0,Y,,,1,0,0,19x43,Katewadee Pratipagorn
U,11x47614,ITT FLUID,,SV05,N,,,0,0.00,0,Y,,,15,6,513,19x53,
U,11x47630,โรงไฟฟ้าบ้านเลน,,UT01,N,,,0,0.00,0,Y,,,2,0,0,19x45,Pattamaporn Chadkurupin
U,11x47678,บริษัท อินเตอร์ อินสตรูเม้นท์ จำกัด,,SV05,N,,,0,0.00,0,Y,,,1,0,0,19x31,Panisa Wongrung
U,11x47748,"NSI DESIGN CONSTRUCTION CO.,LTD",,????,N,,,0,0.00,0,Y,,,1,0,0,19x18,Nomjit Suktawee
U,11x47807,บริษัท อัลฟ่า เอ็นจิเนียริ่ง แอนด์ ซัพพายด์ จำกัด,,SV04,N,,,0,0.00,0,Y,,,1,0,0,19x27,Nattawut Junkong
U,11x47876,บริษัท เทคเนท จํากัด,,SV01,N,,,0,0.00,0,Y,,,1,0,0,19x68,
A,11x47890,Synthomer (Thailand) Company Limited,,CH03,N,,,0,0.00,0,Y,,,3,0,0,19x64,
B,11x47967,GULF SRC,,UT99,N,,,0,0.00,0,Y,,,4,0,0,19x45,Pattamaporn Chadkurupin
U,11x48023,"FUTURE TECHNOLOGY SUPPLY CO., LT.D",,SV04,N,,,0,0.00,0,Y,,,1,0,0,19x45,Pattamaporn Chadkurupin
U,11x48080,บริษัท นิธิ ธัญ คอมเมอร์เชียล จำกัด,,SV04,N,,,0,0.00,0,Y,,,1,0,0,19x31,Panisa Wongrung
D,11x48223,SEA FISH INDUSTRY COMPANY,,FD01,N,,,0,0.00,0,Y,,,1,0,0,19x62,Nattawut Hirunlalit
B,11x48226,บริษัท วีเค เอคเซคคิวทีฟ จำกัด,,UT99,N,,,0,0.00,0,Y,,,1,0,0,19x68,
U,11x48247,บริษัท ดีแอนด์เอ เจเนอรัล ซัพพลาย จำกัด,,SV04,Y,2026-04-27,165,3,0.15,0,Y,,,14,3,653,19x77,Thitima Plaibua
U,11x48333,บริษัท ไทยวิศว์ ออโตเมชั่น จำกัด,,SV04,N,,,0,0.00,0,Y,,,1,0,0,19x31,Panisa Wongrung
U,11x48337,บริษัท 9 สยาม ดีไซน์ แอนด์ เ็นจิเนียริ่ง จำกัด,,SV04,N,,,0,0.00,0,Y,,,1,0,0,19x45,Pattamaporn Chadkurupin
B,11x48342,บริษัท เวิลด์นิตติ้ง เท็กซ์ไทล์ จำกัด,สมุทรสาคร,TT01,N,,,0,0.00,0,Y,482.0,8802.7999999999993,1,0,0,19x31,Panisa Wongrung
U,11x48349,ARTIT ENGINEERING,,SV01,N,,,0,0.00,0,Y,,,1,0,0,19x65,
U,11x48385,CONSTANTINE LIMITED PARTNERSHIP,,SV04,N,,,0,0.00,0,Y,,,1,0,0,19x45,Pattamaporn Chadkurupin
U,11x48398,เอ็กเซล เอ็นเทค,ราชบุรี,SV01,N,,,0,0.00,0,Y,8.0,249.1,4,0,0,19x27,Nattawut Junkong
U,11x48400,ห้างหุ้นส่วนจำกัด นานาซัพพลาย 2020,,SV01,N,,,0,0.00,0,Y,,,2,0,0,19x36,
U,11x48440,MP รุ่งเรือง,,SV01,N,,,0,0.00,0,Y,,,2,0,0,19x62,Nattawut Hirunlalit
A,11x48497,"NS-SIAM UNITED STEEL CO., LTD. (NS-SUS)",,MT01,N,,,0,0.00,0,Y,,,8,4,555,19x65,
B,11x48501,อาคาร ไทยวา ทาวเวอร์,,UT99,N,,,0,0.00,0,Y,,,15,2,536,19x44,Nuttapong Laplumwanich
U,11x48557,ห้างหุ้นส่วนจำกัด อิเล็กทรอนิก วิชั่น,,SV04,N,,,0,0.00,0,Y,,,1,0,0,19x36,
U,11x48580,บริษัท สยามราช จำกัด (มหาชน),,SV01,N,,,0,0.00,0,Y,,,3,0,0,19x34,Kanittha Cheryhom
D,11x48679,บจก.เค.เอ.เอ.เอ็นจิเนียริ่ง,,FD01,N,,,0,0.00,0,Y,,,1,0,0,19x43,Katewadee Pratipagorn
B,11x48837,บริษัท เอ็นเอส อินเตอร์ซัพพลาย จำกัด,,CH01,N,,,0,0.00,0,Y,,,1,0,0,19x31,Panisa Wongrung
C,11x48887,Tri-Wall Packaging (Thai) Ltd.,,PP00,N,,,0,0.00,0,Y,,,1,0,0,19x64,
U,11x48890,บริษัท เอ็มซี แมชชีน เอ็นจิเนียริ่ง แอนด์ เซอร์วิส จำกัด,,SV04,N,,,0,0.00,0,Y,,,1,0,0,19x37,Piyanuch Janthanarak
C,11x48893,"SOKEN CHEMICAL CO.,LTD",,CH06,Y,,,0,0.00,4,Y,,,2,1,166,19x69,
U,11x48951,บริษัท สยามนาธานอินเตอร์เนชั่นแนล จำกัด,,SV04,N,,,0,0.00,0,Y,,,1,0,0,19x34,Kanittha Cheryhom
U,11x49025,ห้างหุ้นส่วนจำกัด นานาซัพพลาย2020,,????,N,,,0,0.00,0,Y,,,1,0,0,19x18,Nomjit Suktawee
U,11x49029,บริษัท จีซีพี แอพพลายด์ เทคโนโลยีส์ โฮลดิ้งส์,,????,Y,2026-09-04,35,2,0.18,0,Y,,,11,3,576,19x77,Thitima Plaibua
R,11x49045,บริษัท เอ็มซีแอลเอส เอเชีย จำกัด,ระยอง,CH43,N,,,0,0.00,0,Y,0.0,19442.37,1,0,0,19x21,Chuanhathai Eakwongsupasarn
C,11x49086,Utility Business Alliance Company Limited,,UT03,N,,,0,0.00,0,Y,,,1,0,0,19x35,
U,11x49088,บริษัท พีเอสที อิควิพเม้นท์ แอนด์ ซัพพลาย จำกัด,,SV04,N,,,0,0.00,0,Y,,,1,0,0,19x19,Saovaluck Jangjai
D,11x49090,กรมพลังงานทหาร อ.ฝาง,,CH14,N,,,0,0.00,0,Y,,,2,0,0,19x44,Nuttapong Laplumwanich
U,11x49110,Cogorno,,SV04,N,,,0,0.00,0,Y,,,1,0,0,19x70,Kornthanat Suksalee
A,11x49200,บริษัท บางกอก บอยเลอร์ อินดัสเตรียล จำกัด,กรุงเทพ,SV02,N,,,0,0.00,0,Y,,,2,0,0,19x70,Kornthanat Suksalee
U,11x49206,บริษัท นครพัฒน์ คอนสตัลชั่น,,SV01,N,,,0,0.00,0,Y,,,1,0,0,19x45,Pattamaporn Chadkurupin
C,11x49220,"TANIOBIS Co., Ltd.",,FD08,N,,,0,0.00,0,Y,,,1,0,0,19x51,Benjamas Tanjit
A,11x49245,เอแอนด์พี อะกริ โปรดักท์,,FD05,N,,,0,0.00,0,Y,,,1,0,0,19x27,Nattawut Junkong
U,11x49434,บริษัท ลาบิกซ์ จำกัด,ชลบุรี,????,N,,,0,0.00,0,Y,6572.0,21507.46,1,0,0,19x18,Nomjit Suktawee
C,11x49614,บริษัท พอล แอนด โค (ประเทศไทย) จำกัด :	คุณ ธนิน :,,PP00,N,,,0,0.00,0,Y,,,1,0,0,19x34,Kanittha Cheryhom
U,11x49673,บริษัท ธัมบ์อัพ เอ็นจิเนียริ่ง จำกัด,,SV04,N,,,0,0.00,0,Y,,,1,0,0,19x66,Preeyathip Janthanarak
R,11x49706,บริษัท สยามอีสต์ โซลูชั่น จำกัด (มหาชน),ระยอง,SV01,N,,,0,0.00,0,Y,230.4,369.25,12,1,260,19x45,Pattamaporn Chadkurupin
U,11x49731,"MITR PROJECT SERVICES CO., LTD.",,EL01,N,,,0,0.00,0,Y,,,14,3,310,19x53,
D,11x49797,บริษัทสยามกัลฟ์ ปิโตรเคมีคัล จำกัด,เพชรบุรี,CH14,N,,,0,0.00,0,Y,1617.0,13818.42,4,0,0,19x62,Nattawut Hirunlalit
U,11x49831,บริษัท เอ็น แอนด์ เอ็น อินเตอร์เทรดดิ้ง จำกัด,,SV04,N,,,0,0.00,0,Y,,,1,0,0,19x31,Panisa Wongrung
A,11x49847,คาร์กิลล์สยาม-โคราช,,FD05,Y,,,0,0.00,4,Y,,,8,2,580,19x27,Nattawut Junkong
U,11x49849,บริษัท ไทย นิปปอน แพล้นท์ จำกัด,กรุงเทพมหานคร,SV01,N,,,0,0.00,0,Y,6.0,,2,0,0,19x21,Chuanhathai Eakwongsupasarn
U,11x50159,บริษัท ชูไลท์ เอนจิเนียริ่ง จำกัด,กรุงเทพ,SV01,N,,,0,0.00,0,Y,,,1,0,0,19x43,Katewadee Pratipagorn
D,11x50175,ห้างหุ้นส่วนจำกัด โมทะนี เซอร์วิสแอนด์ซัพพลาย,,CH14,N,,,0,0.00,0,Y,,,1,0,0,19x43,Katewadee Pratipagorn
U,11x50196,บจ.เดอมาสท์,,SV01,N,,,0,0.00,0,Y,,,2,1,2,19x62,Nattawut Hirunlalit
U,11x50235,Black & Veatch,,SV01,N,,,0,0.00,0,Y,,,1,0,0,19x45,Pattamaporn Chadkurupin
U,11x50241,SumiRiko Eastern Rubber (Thailand) Ltd.,,AT00,N,,,0,0.00,0,Y,,,1,0,0,19x64,
U,11x50269,SMA POWER SERVICE,,SV04,N,,,0,0.00,0,Y,,,1,0,0,19x45,Pattamaporn Chadkurupin
U,11x50316,บริษัท กัลฟ์ บีพี จำกัด,พระนครศรีอยุธยา,????,N,,,0,0.00,0,Y,5331.13,184558.31,2,0,0,19x18,Nomjit Suktawee
U,11x50318,บริษัท กัลฟ์ เอ็นพีเอ็ม จำกัด,สระบุรี,????,N,,,0,0.00,0,Y,6130.0,202300.78,1,0,0,19x18,Nomjit Suktawee
R,11x50320,บริษัท กัลฟ์ เอ็นแอลแอล2 จำกัด,ระยอง,????,N,,,0,0.00,0,Y,12800.0,183452.81,2,0,0,19x18,Nomjit Suktawee
U,11x50364,บริษัท พูราโต๊ส (ประเทศไทย) จำกัด,ฉะเชิงเทรา,SV04,N,,,0,0.00,0,Y,165.884,1482.41,1,0,0,19x70,Kornthanat Suksalee
U,11x50418,RC SUPPLY,,SV04,N,,,0,0.00,0,Y,,,4,1,696,19x45,Pattamaporn Chadkurupin
B,11x50482,"Ampacet (Thailand) Co., Ltd.",,CH01,N,,,0,0.00,0,Y,,,6,0,0,19x64,
D,11x50500,บริษัท ทาคูนิ กรุ๊ป จำกัด (มหาชน),พิจิตร,CH02,N,,,0,0.00,0,Y,0.0,147,3,0,0,19x44,Nuttapong Laplumwanich
U,11x50505,เอพีที ไฮ-เทคนิค,,SV01,N,,,0,0.00,0,Y,,,1,0,0,19x27,Nattawut Junkong
U,11x50554,บริษัท วีทรีพี เอ็นจิเนียริ่ง จำกัด,,SV04,Y,2026-09-04,35,1,0.01,1,Y,,,14,1,21,19x70,Kornthanat Suksalee
A,11x50562,บริษัท หนองบัว ฟีด มิลล์ จำกัด,ราชบุรี,FD05,N,,,0,0.00,0,Y,156.476,14604.22,5,0,0,19x70,Kornthanat Suksalee
U,11x50869,"M.C.O.CO.,LTD.",,XX00,N,,,0,0.00,0,Y,,,1,0,0,19x64,
D,11x50874,เบทาโกร-บีฟู๊ด,,FD01,N,,,0,0.00,0,Y,,,2,0,0,19x44,Nuttapong Laplumwanich
U,11x50878,บริษัท ไอคอน  เซอร์วิส จำกัด,,SV04,N,,,0,0.00,0,Y,,,1,0,0,19x45,Pattamaporn Chadkurupin
C,11x50886,"Siam Bioscience Co., Ltd.",,CH05,N,,,0,0.00,0,Y,,,3,0,0,19x37,Piyanuch Janthanarak
D,11x50948,AAD Enterprise,,CH14,N,,,0,0.00,0,Y,,,2,0,0,19x23,Vipoo Srisawadi
U,11x50951,"UNION 4 CONCEPT CO.,LTD",,SV04,N,,,0,0.00,0,Y,,,3,0,0,19x37,Piyanuch Janthanarak
U,11x51042,TE Industrial,,SV01,N,,,0,0.00,0,Y,,,1,0,0,19x27,Nattawut Junkong
U,11x51151,ห้างหุ้นส่วนจำกัด เจเอสเอส ซัพพลาย แอนด์ เซอร์วิส,,????,Y,2026-03-30,193,1,0.03,0,Y,,,7,1,533,19x23,Vipoo Srisawadi
U,11x51202,บริษัท โฟร์ เฟรนด์ เซ็นทรัล กรุ๊ป จำกัด,,SV04,N,,,0,0.00,0,Y,,,3,0,0,19x21,Chuanhathai Eakwongsupasarn
A,11x51274,บริษัท เอ็กเซล เเมททีเรียลส์ จำกัด,,CH03,N,,,0,0.00,0,Y,,,13,3,687,19x70,Kornthanat Suksalee
U,11x51406,"S.S.B SIAM CO.,LTD",,SV04,N,,,0,0.00,0,Y,,,4,0,0,19x51,Benjamas Tanjit
U,11x51449,บริษัท พีที ชยพัทธ์ จำกัด,,SV04,N,,,0,0.00,0,Y,,,1,0,0,19x19,Saovaluck Jangjai
C,11x51601,บริษัท สยามคอมเพล็คซ์ เทคโนโลยี จำกัด,,CH05,N,,,0,0.00,0,Y,,,1,0,0,19x34,Kanittha Cheryhom
U,11x51662,บริษัท แอลเอ็นเค ซิสเต็ม จำกัด,,SV01,N,,,0,0.00,0,Y,,,1,0,0,19x62,Nattawut Hirunlalit
U,11x51812,บริษัท ซูม่า ซัพพลาย เซ็นเตอร์ จำกัด,,SV01,N,,,0,0.00,0,Y,,,4,0,0,19x19,Saovaluck Jangjai
U,11x52281,PK W COMPANY LIMITED,,SV01,N,,,0,0.00,0,Y,,,1,0,0,19x69,
C,11x52285,"KH Multi Supply Co., Ltd",,CH07,N,,,0,0.00,0,Y,,,1,0,0,19x37,Piyanuch Janthanarak
B,11x52305,บริษัท ปากอ่าว จำกัด,,UT99,N,,,0,0.00,0,Y,,,2,0,0,19x45,Pattamaporn Chadkurupin
U,11x52309,พีเอ็นเอ็ม ซัพพลาย,,SV04,N,,,0,0.00,0,Y,,,2,0,0,19x27,Nattawut Junkong
U,11x52410,จอร์ด อินเตอร์เนชั่นเเนล,,SV01,N,,,0,0.00,0,Y,,,3,0,0,19x44,Nuttapong Laplumwanich
C,11x52417,ห้างหุ้นส่วนจำกัด แต้น่ำย้ง,กรุงเทพมหานคร,CH43,N,,,0,0.00,0,Y,3.75,464.27,1,0,0,19x68,
U,11x52469,บริษัท เคยูวี จำกัด,,SV01,N,,,0,0.00,0,Y,,,1,0,0,19x68,
U,11x52486,ห้างหุ้นส่วนจำกัดดินคนไทย,,SV04,N,,,0,0.00,0,Y,,,3,0,0,19x45,Pattamaporn Chadkurupin
U,11x52489,บริษัท เอสอาร์พี เมนทิแนนซ์ แอนด์ เซอร์วิส จำกัด,,SV04,N,,,0,0.00,0,Y,,,2,0,0,19x45,Pattamaporn Chadkurupin
U,11x52510,บริษัท สยามไบโอไซเอนซ์ จำกัด,นนทบุรี,????,N,,,0,0.00,0,Y,844.25,2537.94,1,0,0,19x18,Nomjit Suktawee
U,11x52601,SPENCO LIMITED,,SV01,N,,,0,0.00,0,Y,,,1,0,0,19x27,Nattawut Junkong
C,11x52607,บริษัท ที.ซี. ฟาร์มาซูติคอล อุตสาหกรรม จำกัด,กรุงเทพมหานคร,FD02,N,,,0,0.00,0,Y,83.0,24771.26,2,0,0,19x34,Kanittha Cheryhom
U,11x53008,DURMART,,SV04,N,,,0,0.00,0,Y,,,18,7,711,19x45,Pattamaporn Chadkurupin
C,11x53012,บริษัท สยามวินอินดัสทรี จำกัด,สมุทรปราการ,CH43,N,,,0,0.00,0,Y,9.1,1012.5,1,0,0,19x68,
U,11x53198,water field,,SV01,N,,,0,0.00,0,Y,,,3,0,0,19x65,
U,11x53397,บจก. กรีนโปรเกรส จำกัด,,SV01,N,,,0,0.00,0,Y,,,3,1,140,19x43,Katewadee Pratipagorn
U,11x53457,ห้างหุ้นส่วนจำกัด ดินคนไทย,,????,N,,,0,0.00,0,Y,,,5,0,0,19x18,Nomjit Suktawee
B,11x53473,บริษัท อุตสาหกรรมไทยบรรจุภัณท์ จำกัด (มหาชน),,MN05,N,,,0,0.00,0,Y,,,1,0,0,19x68,
U,11x53486,หจก. ทรัพย์ศิริมอเตอร์ซัพพลาย,สมุทรสาคร,SV01,N,,,0,0.00,0,Y,,,1,0,0,19x43,Katewadee Pratipagorn
B,11x53490,GC POLYOL,,CH99,N,,,0,0.00,0,Y,,,17,2,45,19x65,
U,11x53515,บริษัท โตนานอินเตอร์เนชั่นแนล จำกัด,,SV01,N,,,0,0.00,0,Y,,,2,0,0,19x44,Nuttapong Laplumwanich
B,11x53531,VINYLTHAI,,CH99,N,,,0,0.00,0,Y,,,3,0,0,19x24,
U,11x53728,"Real Soluplus Co.,Ltd.",,SV01,N,,,0,0.00,0,Y,,,1,0,0,19x37,Piyanuch Janthanarak
U,11x53842,คุณบุญเลิศ,,SV04,N,,,0,0.00,0,Y,,,1,0,0,19x22,
U,11x53870,ห้างหุ้นส่วนจำกัด มุฑิตา คอนสตรัคชั่น,,SV01,N,,,0,0.00,0,Y,,,2,0,0,19x68,
B,11x53872,ห้างหุ้นส่วนจำกัด เอ็มพีพียูนิตี้โปรดักส์,สมุทรสาคร,CH42,N,,,0,0.00,0,Y,93.5,128.82,1,0,0,19x68,
B,11x53958,บริษัท ไทยซูซูกิ มอเตอร์ จำกัด,ปทุมธานี,UT99,N,,,0,0.00,0,Y,0.2,14648,9,0,0,19x77,Thitima Plaibua
U,11x53966,บริษัท เลอ ครูเซ แมนูแฟคเจอริ่ง (ประเทศไทย) จำกัด,ลำพูน,????,Y,2026-08-07,63,4,0.54,0,Y,2423.0,4055.3,20,6,730,19x19,Saovaluck Jangjai
U,11x53983,บริษัท ซิงค์ อีเล็คทริค ซิสเต็ม จำกัด,,SV04,N,,,0,0.00,0,Y,,,1,0,0,19x31,Panisa Wongrung
B,11x54107,บริษัท ดีไวน์ เทคโนโลยี โซลูชั่นส์ จำกัด,,UT99,Y,,,0,0.00,1,Y,,,21,11,730,19x68,
A,11x54117,Ball Beverage Packaging,,MT02,N,,,0,0.00,0,Y,,,3,0,0,19x70,Kornthanat Suksalee
U,11x54140,บริษัท ยัวส์ ซัพพลาย จำกัด,,SV04,N,,,0,0.00,0,Y,,,1,0,0,19x34,Kanittha Cheryhom
C,11x54217,"Thai Glycerine Co.,Ltd.",,CH07,Y,,,0,0.00,1,Y,,,4,0,0,19x36,
C,11x54264,Solvay (Bangpoo) Specialty Chemicals Ltd.,,CH07,N,,,0,0.00,0,Y,,,5,0,0,19x36,
A,11x54338,S&D ENGINEERING,,OM00,N,,,0,0.00,0,Y,,,1,0,0,19x45,Pattamaporn Chadkurupin
D,11x54825,"Wide Faith Foods Co.,Ltd. - Chonburi",,FD01,N,,,0,0.00,0,Y,,,1,0,0,19x64,
U,11x54880,บริษัท สยามเดคคอเรทีฟเซอร์เฟซ จำกัด,ฉะเชิงเทรา,SV04,N,,,0,0.00,0,Y,25.0,1141.4000000000001,1,0,0,19x68,
U,11x55050,บริษัท เจ.ไอ.ที. อีควิปเม้นท์,,SV01,N,,,0,0.00,0,Y,,,12,7,674,19x44,Nuttapong Laplumwanich
U,11x55141,บริษัท 8 เศรษฐี จำกัด,,SV04,N,,,0,0.00,0,Y,,,2,0,0,19x37,Piyanuch Janthanarak
D,11x55205,Lucifer supply,,FD03,N,,,0,0.00,0,Y,,,1,0,0,19x23,Vipoo Srisawadi
U,11x55225,ห้างหุ้นส่วนจำกัด ซันไลท์ เอ็นจิเนีย,,SV04,N,,,0,0.00,0,Y,,,3,0,0,19x19,Saovaluck Jangjai
U,11x55347,Thai Tank Terminal Limited,,SV01,N,,,0,0.00,0,Y,,,11,1,518,19x83,
U,11x55393,บริษัท เจริญถาวร เทรดดิ้งส์ แอนด์ ซัพพลาย จำกัด,,SV04,N,,,0,0.00,0,Y,,,1,0,0,19x19,Saovaluck Jangjai
U,11x55846,SARAWIN MAINTENANCE CO.LTD.,,SV01,N,,,0,0.00,0,Y,,,1,0,0,19x65,
A,11x55996,"Thai Yoshimoto Coating Co.,Ltd.",,MT01,N,,,0,0.00,0,Y,,,1,0,0,19x64,
B,11x56020,OPTIDUR,,CH99,N,,,0,0.00,0,Y,,,2,0,0,19x64,
U,11x56231,บริษัท จ.เจริญเทคนิคอล จำกัด,,SV01,N,,,0,0.00,0,Y,,,1,0,0,19x27,Nattawut Junkong
U,11x56358,"Automatech Engineering Co., Ltd.",,SV01,N,,,0,0.00,0,Y,,,1,0,0,19x54,
A,11x56360,"Kyoei (Thailand) Co., Ltd.",,MT01,N,,,0,0.00,0,Y,,,1,0,0,19x64,
U,11x56412,บริษัท กราเฟล็ก จำกัด,,SV04,N,,,0,0.00,0,Y,,,1,0,0,19x70,Kornthanat Suksalee
U,11x56426,"INTELLIGENCE ENGINEERING & SUPPLY CO.,LTD.",,SV04,N,,,0,0.00,0,Y,,,1,0,0,19x64,
U,11x56521,"ENERGICA CO., LTD.",,SV01,N,,,0,0.00,0,Y,,,1,0,0,19x22,
U,11x56620,บริษัท เอ็ม แอนด์ เอ็ช แมนูแฟคเจอริ่ง จำกัด,สมุทรปราการ,SV01,N,,,0,0.00,0,Y,68.0,2367.56,2,0,0,19x35,
C,11x56625,บริษัท เมดดิซาย อินเตอร์เนชั่นแนล จำกัด,กรุงเทพมหานคร,CH05,N,,,0,0.00,0,Y,35.0,52.954000000000001,1,0,0,19x35,
U,11x56633,บริษัท ริโก้ส เซอร์วิส  จำกัด,,SV04,N,,,0,0.00,0,Y,,,1,0,0,19x27,Nattawut Junkong
U,11x56815,ห้างหุ้นส่วนจำกัด ทีซี ทูลส์ แอนด์ เคมีคอล,,SV04,N,,,0,0.00,0,Y,,,1,0,0,19x34,Kanittha Cheryhom
U,11x57197,บริษัท เมคคานิก้า จำกัด,,SV04,N,,,0,0.00,0,Y,,,95,32,653,19x19,Saovaluck Jangjai
D,11x57205,บริษัท เอเชี่ยนแอสฟัลท์ จำกัด,ลำปาง,CH15,N,,,0,0.00,0,Y,68.0,8428.5,2,0,0,19x45,Pattamaporn Chadkurupin
U,11x57218,บริษัท แอดวานซ์เทอร์โมโซลูชั่น จำกัด,,SV01,N,,,0,0.00,0,Y,,,1,0,0,19x34,Kanittha Cheryhom
U,11x57423,บริษัท เอสเอ็มเทค อินเตอร์เทรด (ประเทศไทย) จำกัด,,SV04,N,,,0,0.00,0,Y,,,2,0,0,19x68,
C,11x57442,ส.รุ่งเรืองซัพพลาย,,CH06,N,,,0,0.00,0,Y,,,1,0,0,19x35,
B,11x57450,"Netware Co.,Ltd",,CH01,N,,,0,0.00,0,Y,,,1,0,0,19x45,Pattamaporn Chadkurupin
U,11x57542,S T T Printing Inter Supply Limited Partnership.,,SV04,N,,,0,0.00,0,Y,,,2,0,0,19x64,
U,11x57679,บริษัท เรฟ พาวเวอร์ จำกัด,,SV04,N,,,0,0.00,0,Y,,,1,0,0,19x68,
D,11x57682,cardinal health,,FD01,N,,,0,0.00,0,Y,,,4,0,0,19x64,
D,11x57710,บจก. ธนนธรรณ์,,CH14,N,,,0,0.00,0,Y,,,1,0,0,19x43,Katewadee Pratipagorn
U,11x57796,Industrial Factory Hub Co.Ltd.,,SV05,N,,,0,0.00,0,Y,,,1,0,0,19x51,Benjamas Tanjit
U,11x57808,บจก. แอล แอนด์ วี คอนสตรัคชั่น (2014),,SV01,N,,,0,0.00,0,Y,,,1,0,0,19x43,Katewadee Pratipagorn
C,11x57894,หจก. ไทยรุ่ง สแตนเลส เวอร์ค,ปทุมธานี,CH07,N,,,0,0.00,0,Y,28.5,327,6,0,0,19x36,
U,11x57902,ห้างหุ้นส่วนจำกัด เอควา เด็กซ์,,SV04,N,,,0,0.00,0,Y,,,1,0,0,19x34,Kanittha Cheryhom
U,11x57925,บริษัท อีเทอนอล ซากาตะ อิ้งซ์ จำกัด,กรุงเทพมหานคร,????,Y,2026-09-04,35,1,0.03,7,Y,109.531518,1055.75,25,4,687,19x18,Nomjit Suktawee
U,11x57969,บริษัท 304 อินดัสเตรียล ปาร์ค จำกัด,ปราจีนบุรี,????,N,,,0,0.00,0,Y,173.145544,1998,2,0,0,19x34,Kanittha Cheryhom
U,11x57992,บริษัท ริโก้ส เซอร์วิส จำกัด,,????,N,,,0,0.00,0,Y,,,3,0,0,19x18,Nomjit Suktawee
C,11x58088,"S. Team Envirotech CO., LTD.",,UT03,N,,,0,0.00,0,Y,,,1,0,0,19x35,
U,11x58090,Geo Technology,,SV01,N,,,0,0.00,0,Y,,,1,0,0,19x44,Nuttapong Laplumwanich
U,11x58092,คอปส์เทคส์ คอร์ปอเรชั่น,,SV01,N,,,0,0.00,0,Y,,,1,0,0,19x44,Nuttapong Laplumwanich
B,11x58195,"Mitsubishi Chemical (Thailand) Co.,Ltd",,CH01,Y,,,0,0.00,5,Y,,,4,2,46,19x64,
C,11x58209,บริษัท เอสซี. เซอร์วิส โซลูชั่น จำกัด,,UT03,N,,,0,0.00,0,Y,,,1,0,0,19x36,
C,11x58211,บริษัท สยาม-วีเค กรุ๊ป จำกัด,,CH07,N,,,0,0.00,0,Y,,,1,0,0,19x36,
D,11x58332,การรถไฟแห่งประเทศไทย,,GV00,N,,,0,0.00,0,Y,,,1,0,0,19x43,Katewadee Pratipagorn
U,11x58340,"Boonprasit Engineering Co.,Ltd.",,SV01,N,,,0,0.00,0,Y,,,1,0,0,19x22,
A,11x58396,บริษัท ไทยเม็ททอล อลูมิเนียม จำกัด,สมุทรปราการ,MT01,N,,,0,0.00,0,Y,220.0,15520,1,0,0,19x27,Nattawut Junkong
U,11x58406,"Paques (Thailand) Co., Ltd.",,SV01,N,,,0,0.00,0,Y,,,9,5,634,19x21,Chuanhathai Eakwongsupasarn
A,11x58571,ซีพีเอฟ-รัสเซีย,,FD05,N,,,0,0.00,0,Y,,,1,0,0,19x27,Nattawut Junkong
U,11x58878,บริษัท ซันเด้น เอ็นจิเนียริ่ง ซิสเต็ม (ประเทศไทย) จำกัด,,SV01,N,,,0,0.00,0,Y,,,1,0,0,19x21,Chuanhathai Eakwongsupasarn
U,11x59081,บริษัท บี.บี.ซี.เบลท์เท็ค จำกัด,,SV04,N,,,0,0.00,0,Y,,,1,0,0,19x31,Panisa Wongrung
U,11x59086,"Ahawa Ventures Co., Ltd",,SV04,N,,,0,0.00,0,Y,,,1,0,0,19x45,Pattamaporn Chadkurupin
U,11x59102,บริษัท ไทยนิปปอน สตีล เอ็นจิเนียริ่ง แอนด์ คอนสตรัคชั่น คอร์ปอเรชั่น จำกัด,สมุทรปราการ,SV01,Y,,,0,0.00,5,Y,0.0,8974.27,17,2,560,19x34,Kanittha Cheryhom
U,11x59113,หจก. ส.สมพงค์ แมชชินเนอรี,,SV01,N,,,0,0.00,0,Y,,,1,0,0,19x27,Nattawut Junkong
C,11x59126,YOKOHAMA RUBBER,,AG02,N,,,0,0.00,0,Y,,,2,0,0,19x64,
U,11x59157,ซี.ที.บี.เอ็นจิเนียริ่ง,,SV04,N,,,0,0.00,0,Y,,,1,0,0,19x27,Nattawut Junkong
U,11x59206,บริษัท ณวรา เอ็นจิเนียริ่ง จำกัด,,SV04,N,,,0,0.00,0,Y,,,1,0,0,19x68,
U,11x59375,"PPMH Trading Co.,Ltd",,SV04,N,,,0,0.00,0,Y,,,1,0,0,19x70,Kornthanat Suksalee
U,11x59380,FLOW FUSION,,SV04,N,,,0,0.00,0,Y,,,3,0,0,19x61,Peeraya Peeploy
D,11x59450,บริษัท ทุ่งหลวงเชื้อเพลิง จำกัด (สาขา 3),,CH02,N,,,0,0.00,0,Y,,,1,0,0,19x45,Pattamaporn Chadkurupin
A,11x59528,พีเอพี โซลูชั่น,,CH03,N,,,0,0.00,0,Y,,,1,0,0,19x44,Nuttapong Laplumwanich
C,11x59530,บริษัท เคพี.กิจเจริญ เอ็นจิเนียริ่ง จำกัด,,CH07,N,,,0,0.00,0,Y,,,9,2,548,19x34,Kanittha Cheryhom
A,11x59532,ซีพีเอฟ-สัตว์น้ำบ้านบึง,,FD05,N,,,0,0.00,0,Y,,,1,0,0,19x27,Nattawut Junkong
A,11x59757,บริษัท อินดัสทรี-อีซี่ จำกัด,,SV07,N,,,0,0.00,0,Y,,,2,0,0,19x19,Saovaluck Jangjai
U,11x59806,บริษัท มาเยคาว่า (ประเทศไทย) จำกัด,,SV01,N,,,0,0.00,0,Y,,,7,0,0,19x54,
D,11x59874,บจก. มหาสุคน อินเตอร์ฟู้ดส์,สมุทรสาคร,FD01,N,,,0,0.00,0,Y,37.0,497,1,0,0,19x43,Katewadee Pratipagorn
U,11x59877,บริษัท ธรรมสรณ์ จำกัด,สระบุรี,SV04,N,,,0,0.00,0,Y,37.0,194.25,4,0,0,19x19,Saovaluck Jangjai
C,11x59976,ACG Archetype Thailand,,AG01,N,,,0,0.00,0,Y,,,1,0,0,19x65,
U,11x59977,บริษัท ผาทอง 24  จำกัด,นครศรีธรรมราช,????,N,,,0,0.00,0,Y,52.0,142.19999999999999,9,0,0,19x45,Pattamaporn Chadkurupin
U,11x60053,บริษัทที.ซี.ฟาร์มาซูติคอล อุตสาหกรรม จำกัด,กรุงเทพมหานคร,????,N,,,0,0.00,0,Y,83.0,24771.26,3,0,0,19x18,Nomjit Suktawee
U,11x60058,บริษัท ไทยซูซูกิมอเตอร์ จำกัด,ปทุมธานี,????,N,,,0,0.00,0,Y,0.2,14648,3,1,623,19x18,Nomjit Suktawee
U,11x60063,บริษัท แอลแอนด์วี คอนสตรัคชั่น(2014) จำกัด,,????,N,,,0,0.00,0,Y,,,4,0,0,19x18,Nomjit Suktawee
U,11x60074,บริษัท แอล.ไอ.เอส. อินเตอร์เทรด แอนด์ ซัพพลายส์ จำกัด,,????,N,,,0,0.00,0,Y,,,4,0,0,19x18,Nomjit Suktawee
U,11x60185,บจก. โบลค์แฮนด์แดลิ่ง,,SV01,N,,,0,0.00,0,Y,,,1,0,0,19x43,Katewadee Pratipagorn
C,11x60461,"A.I Technology Co.,Ltd.",,EI00,N,,,0,0.00,0,Y,,,2,1,518,19x36,
U,11x60481,บริษัท ซีพีเอฟ (ประเทศไทย) จำกัด   (มหาชน),กรุงเทพมหานคร,????,Y,2026-07-30,71,3,0.37,0,Y,41.5,9220.49,0,0,0,19x18,Nomjit Suktawee
U,11x60486,บริษัท สยามซินดิเคทเทคโนโลยี จำกัด (มหาชน),,????,N,,,0,0.00,0,Y,,,4,0,0,19x18,Nomjit Suktawee
C,11x60490,"Modern Cass International Cosmetics Co., Ltd.",,CH05,N,,,0,0.00,0,Y,,,3,1,225,19x37,Piyanuch Janthanarak
A,11x60494,BEST METAL WORKS,,OM00,N,,,0,0.00,0,Y,,,3,0,0,19x45,Pattamaporn Chadkurupin
U,11x60509,"U SOURCE CO., LTD.",,SV04,N,,,0,0.00,0,Y,,,1,0,0,19x36,
U,11x60743,"Phakanun Engineering Co.,Ltd",,SV04,N,,,0,0.00,0,Y,,,1,0,0,19x64,
C,11x60755,"P.S.C. STARCH PRODUCTS CO.,LTD",,FD08,N,,,0,0.00,0,Y,,,1,0,0,19x37,Piyanuch Janthanarak
U,11x60813,"AS.FIRST CO., LTD.",,SV01,N,,,0,0.00,0,Y,,,1,0,0,19x51,Benjamas Tanjit
U,11x61089,บริษัท ไทยเบส (ประเทศไทย) จำกัด,สมุทรปราการ,SV04,N,,,0,0.00,0,Y,28.0,164,1,0,0,19x36,
A,11x61266,C.P. Laos,,FD05,N,,,0,0.00,0,Y,,,1,0,0,19x27,Nattawut Junkong
U,11x61313,Maro Worldtech Limited,,SV04,N,,,0,0.00,0,Y,,,1,0,0,19x64,
D,11x61359,Smart Auto and engineering,,FD01,N,,,0,0.00,0,Y,,,8,0,0,19x64,
D,11x61387,บริษัท อนุสรณ์มหาชัยซูริมิ จำกัด,สมุทรสาคร,FD99,N,,,0,0.00,0,Y,218.026,6829.9,1,0,0,19x45,Pattamaporn Chadkurupin
U,11x61602,SIAM SYNDICATE TECHNOLOGY,,SV04,N,,,0,0.00,0,Y,,,1,0,0,19x61,Peeraya Peeploy
U,11x61758,"Italthai Engineering Co.,Ltd.",,SV01,N,,,0,0.00,0,Y,,,5,0,0,19x48,Udomlak Panya-Apiban
B,11x61913,บริษัท เซ็นโต้ เทคโนโลยี จำกัด,,CH42,N,,,0,0.00,0,Y,,,1,0,0,19x31,Panisa Wongrung
U,11x61932,บริษัท เซอร์วิสยัวร์บิสสิเนส  จำกัด,,SV04,N,,,0,0.00,0,Y,,,1,0,0,19x37,Piyanuch Janthanarak
U,11x62030,บริษัท ราช โคเจนเนอเรชั่น จำกัด,ปทุมธานี,UT01,N,,,0,0.00,0,Y,1650.0,,1,0,0,19x45,Pattamaporn Chadkurupin
U,11x62484,คุณนิพนท์-3N,,SV04,N,,,0,0.00,0,Y,,,1,0,0,19x45,Pattamaporn Chadkurupin
B,11x62486,บริษัท ฟินไฮกอล์ฟ,,OT99,N,,,0,0.00,0,Y,,,1,0,0,19x44,Nuttapong Laplumwanich
U,11x62634,บริษัท มหาสุคน อินเตอร์ฟู้ดส์ จำกัด,สมุทรสาคร,????,N,,,0,0.00,0,Y,37.0,497,1,0,0,19x18,Nomjit Suktawee
U,11x62684,ไชน่า เวลเลย์ นัมเบอร์10,,SV01,N,,,0,0.00,0,Y,,,1,0,0,19x64,
U,11x62689,บริษัท แอลแอนด์วี คอนสตรัคชั่น(2014),,SV01,N,,,0,0.00,0,Y,,,1,0,0,19x44,Nuttapong Laplumwanich
U,11x62709,"SP. Pro Service Ltd.,",,SV01,N,,,0,0.00,0,Y,,,2,0,0,19x51,Benjamas Tanjit
U,11x62774,บริษัท ดับบลิว.อี.เอ็นจิเนียริ่ง แอนด์ คอนซัลแตนท์ จำกัด,,SV01,N,,,0,0.00,0,Y,,,6,1,287,19x37,Piyanuch Janthanarak
C,11x62819,"PharmaDesign Co., Ltd",,CH05,N,,,0,0.00,0,Y,,,1,0,0,19x37,Piyanuch Janthanarak
U,11x62823,NOVOTEL STAR,,SV01,N,,,0,0.00,0,Y,,,1,0,0,19x51,Benjamas Tanjit
D,11x62971,เพียวฟู้ดส์,สุพรรณบุรี,FD01,N,,,0,0.00,0,Y,10.0,489,1,0,0,19x44,Nuttapong Laplumwanich
U,11x63096,บจก. ไทยทากาซาโก,,SV01,N,,,0,0.00,0,Y,,,4,4,492,19x43,Katewadee Pratipagorn
A,11x63156,บริษัท เฟอร์โร คอนสตรัคชั่น โปรดักส์ จำกัด,สุพรรณบุรี,MN99,N,,,0,0.00,0,Y,42.0,307,1,0,0,19x21,Chuanhathai Eakwongsupasarn
C,11x63179,K&H (CAMBODIA) LIMITED,,CH04,N,,,0,0.00,0,Y,,,1,0,0,19x66,Preeyathip Janthanarak
B,11x63181,SOUTH CITY PETROCHEM CO LTD.,,CH01,N,,,0,0.00,0,Y,,,7,3,577,19x51,Benjamas Tanjit
U,11x63185,PPSC,,SV01,N,,,0,0.00,0,Y,,,2,0,0,19x65,
U,11x63554,A.I.T. & SERVICES,,SV01,N,,,0,0.00,0,Y,,,1,0,0,19x65,
U,11x64081,บริษัท แมทเคม ซิสเทมซัพพลาย แอนด์ เอ็นจิเนียริ่ง จำกัด,,????,N,,,0,0.00,0,Y,,,6,0,0,19x70,Kornthanat Suksalee
A,11x64116,บริษัท มิตซูยะ จำกัด,,CH03,N,,,0,0.00,0,Y,,,1,0,0,19x70,Kornthanat Suksalee
U,11x64136,บริษัท พรีซิชั่น ทูลส์ เซอร์วิส (ประเทศไทย) จำกัด,กรุงเทพมหานคร,SV04,N,,,0,0.00,0,Y,150.0,,4,0,0,19x78,Sarawut Viseshasiri
U,11x64181,บริษัท พลูโตเทค จำกัด,สระบุรี,SV04,N,,,0,0.00,0,Y,45.0,935.11,1,0,0,19x45,Pattamaporn Chadkurupin
B,11x64284,"Rayong Maintenance Corporation Co,.Ltd",,CH01,N,,,0,0.00,0,Y,,,2,0,0,19x53,
U,11x64313,Medco Energi Thailand,,SV01,N,,,0,0.00,0,Y,,,3,0,0,19x43,Katewadee Pratipagorn
A,11x64413,บริษัท เมทัลลิค สตีล เซนเตอร์ จำกัด,,MT01,N,,,0,0.00,0,Y,,,1,0,0,19x70,Kornthanat Suksalee
B,11x64420,thai takasago,,UT99,N,,,0,0.00,0,Y,,,2,0,0,19x23,Vipoo Srisawadi
U,11x64588,Madnie Wang Diesel Part Machinery,,SV01,N,,,0,0.00,0,Y,,,1,0,0,19x43,Katewadee Pratipagorn
B,11x65339,Thai Rotary Engineering Public Co Ltd (a Rotary Company),,CH01,N,,,0,0.00,0,Y,,,2,0,0,19x54,
A,11x65616,บริษัท เอแอนด์พี อะกริ โปรดักท์ กรุ๊ป จํากัด,,FD05,N,,,0,0.00,0,Y,,,1,0,0,19x70,Kornthanat Suksalee
C,11x65709,บริษัท ธารานิมิต จำกัด,,UT03,N,,,0,0.00,0,Y,,,1,0,0,19x36,
B,11x65713,"KPN Green Energy Solution co., ltd.",,UT99,Y,,,0,0.00,1,Y,,,1,0,0,19x45,Pattamaporn Chadkurupin
U,11x65846,"Fairtech Co., Ltd",,SV04,N,,,0,0.00,0,Y,,,14,6,549,19x64,
B,11x65890,SKjitchai Enterprise PCL,,CH01,N,,,0,0.00,0,Y,,,1,0,0,19x53,
U,11x65914,"C.I.Engineering Co.,Ltd.",,SV04,N,,,0,0.00,0,Y,,,1,0,0,19x19,Saovaluck Jangjai
U,11x65977,บริษัท เคมเมกเกอร์ จำกัด,,SV01,N,,,0,0.00,0,Y,,,1,0,0,19x22,
U,11x66124,Worley,,SV01,N,,,0,0.00,0,Y,,,11,0,0,19x43,Katewadee Pratipagorn
U,11x66163,"Thaipoint Global Technology Co., Ltd",,SV04,N,,,0,0.00,0,Y,,,3,0,0,19x64,
U,11x66282,หจก. แมนิโฟร์ เอ็นจิเนียริ่ง แอนด์ ซัพพลาย,,SV04,N,,,0,0.00,0,Y,,,4,0,0,19x45,Pattamaporn Chadkurupin
U,11x66351,ห้างหุ้นส่วนจำกัด วชิรญากุล ออยล์ เอ็นเนอร์จี,,SV01,N,,,0,0.00,0,Y,,,1,0,0,19x23,Vipoo Srisawadi
U,11x66382,เมดโค เอนเนอร์จี ไทยแลนด์ (บัวหลวง) ลิมิเต็ด,,????,N,,,0,0.00,0,Y,,,5,0,0,19x29,Samantha Tanittha Nilsandhi
U,11x66414,INSTRUMECH,,SV01,N,,,0,0.00,0,Y,,,1,0,0,19x65,
U,11x66543,บริษัท ที เค พี 789 อินดัสเทรียล เซอร์วิส จำกัด,,SV01,N,,,0,0.00,0,Y,,,3,0,0,19x37,Piyanuch Janthanarak
U,11x66563,บริษัท อาจีกาว่า แอนด์ เอสซีไอ เมทัลเทค จำกัด,ชลบุรี,SV04,N,,,0,0.00,0,Y,80.0,1436.12,2,0,0,19x70,Kornthanat Suksalee
D,11x66567,"ASIANA OFFSHORE CO., LTD.",,CH14,N,,,0,0.00,0,Y,,,5,2,625,19x45,Pattamaporn Chadkurupin
U,11x66597,RMC,,SV01,N,,,0,0.00,0,Y,,,22,0,0,19x24,
U,11x66852,บริษัทเอฟทีอี ไทยแลนด์ จำกัด,,SV01,N,,,0,0.00,0,Y,,,1,0,0,19x45,Pattamaporn Chadkurupin
U,11x67137,"R V Connex Co., Ltd.",,SV01,N,,,0,0.00,0,Y,,,1,0,0,19x23,Vipoo Srisawadi
U,11x67818,บริษัท ไอทีเอส (ไทย) ซัพพลาย จำกัด,,SV04,N,,,0,0.00,0,Y,,,3,2,31,19x34,Kanittha Cheryhom
U,11x67844,บริษัท เจ.ที.เอ.เอ็นจิเนียริ่ง จำกัด,,SV04,N,,,0,0.00,0,Y,,,4,0,0,19x19,Saovaluck Jangjai
U,11x68014,บริษัท มั่งคง ซัพพลาย แอนด์ เซอร์วิส จำกัด,,SV04,N,,,0,0.00,0,Y,,,1,0,0,19x45,Pattamaporn Chadkurupin
U,11x68031,บริษัท เอสทูพี เซลส์ แอนด์ เซอร์วิส จำกัด,,SV01,N,,,0,0.00,0,Y,,,2,0,0,19x45,Pattamaporn Chadkurupin
U,11x68047,"C.E.S Group Co.,Ltd.",,SV01,N,,,0,0.00,0,Y,,,1,0,0,19x70,Kornthanat Suksalee
B,11x68102,"SNB ENGINEERING LTD.,",,CH01,N,,,0,0.00,0,Y,,,1,0,0,19x53,
U,11x68166,บริษัท ทีทีเอ็มเค เอ็นจิเนียริ่ง ซัพพอร์ท แอนด์ เซอร์วิส จำกัด,,SV04,N,,,0,0.00,0,Y,,,1,0,0,19x21,Chuanhathai Eakwongsupasarn
U,11x68198,NTPT,,SV01,N,,,0,0.00,0,Y,,,1,0,0,19x64,
A,11x68295,เอเชีย แพ็คเกจจิ้ง แมนูแฟคเจอริ่ง,ฉะเชิงเทรา,MT02,N,,,0,0.00,0,Y,359.0,4762.8999999999996,3,0,0,19x27,Nattawut Junkong
U,11x68308,บจ.ไฮโดร แอนด์ เพาเวอร์ ซีสเท็ม (ประเทศไทย),,SV04,N,,,0,0.00,0,Y,,,5,0,0,19x37,Piyanuch Janthanarak
U,11x68311,GREEN TECHNOLOGY RESEARCH,,UT01,N,,,0,0.00,0,Y,,,4,0,0,19x51,Benjamas Tanjit
B,11x68386,บริษัท เคมแฟค จำกัด,สมุทรปราการ,CH01,N,,,0,0.00,0,Y,0.0,455.5,2,0,0,19x31,Panisa Wongrung
U,11x68555,บริษัท พีพี สตีล คอร์ปอเรชั่น จำกัด,,SV01,N,,,0,0.00,0,Y,,,4,0,0,19x43,Katewadee Pratipagorn
U,11x68583,"T.PATTANAKIT MACHINE TOOL CO.,LTD",,SV01,N,,,0,0.00,0,Y,,,1,0,0,19x19,Saovaluck Jangjai
U,11x68718,บริษัท เอ็ม.ซี.ซัพพลายส์ จำกัด,กรุงเทพ,SV01,N,,,0,0.00,0,Y,,,2,1,730,19x43,Katewadee Pratipagorn
U,11x68871,บริษัท น้ำแพงเอ็นจิเนียริ่ง จำกัด,นครราชสีมา,SV01,N,,,0,0.00,0,Y,23.5,96.5,1,0,0,19x37,Piyanuch Janthanarak
U,11x69102,บริษัท กัลฟ์  บีแอล  จำกัด,พระนครศรีอยุธยา,UT01,N,,,0,0.00,0,Y,6350.0,184558.26,1,0,0,19x45,Pattamaporn Chadkurupin
U,11x69223,บริษัท นิว เด็ก แมชชีนเนอรี่ จำกัด,,SV04,N,,,0,0.00,0,Y,,,1,0,0,19x31,Panisa Wongrung
U,11x69356,บริษัทเอ็มเคเค เอเซีย จำกัด,กรุงเทพมหานคร,SV04,N,,,0,0.00,0,Y,15.0,,1,0,0,19x70,Kornthanat Suksalee
U,11x69368,บริษัท เอสเอสแอลแมนูแฟคเจอริ่ง (ประเทศไทย) จำกัด,ฉะเชิงเทรา,SV04,N,,,0,0.00,0,Y,415.687453,6596.28,1,0,0,19x21,Chuanhathai Eakwongsupasarn
U,11x69396,"Perfect  Solutions Co., Ltd.",,SV04,N,,,0,0.00,0,Y,,,3,1,137,19x45,Pattamaporn Chadkurupin
B,11x69398,"Covestro (Thailand) Co., Ltd.",,CH01,N,,,0,0.00,0,Y,,,15,0,0,19x64,
U,11x69502,บริษัท น้ำแพง เอ็นจิเนียริ่ง จำกัด,นครราชสีมา,SV01,N,,,0,0.00,0,Y,23.5,96.5,2,0,0,19x36,
U,11x69511,บริษัท พรีซิชั่น พาวเวอร์ เซอร์วิส,ชลบุรี,SV01,N,,,0,0.00,0,Y,17.0,106.2,1,0,0,19x44,Nuttapong Laplumwanich
U,11x69521,บริษัท เอส.เอส.บี สยาม จำกัด,,SV04,N,,,0,0.00,0,Y,,,2,0,0,19x31,Panisa Wongrung
B,11x69542,G Steel Public Company Limited,,CH01,N,,,0,0.00,0,Y,,,9,2,634,19x78,Sarawut Viseshasiri
U,11x69547,CPM Engineering Center,,SV01,N,,,0,0.00,0,Y,,,1,0,0,19x27,Nattawut Junkong
U,11x69575,ห้างหุ้นส่วนจำกัด รัตทวีกรณ์,,????,N,,,0,0.00,0,Y,,,6,0,0,19x27,Nattawut Junkong
U,11x69597,บริษัท ไอบีซี อินดัสเตรียล จำกัด,,????,N,,,0,0.00,0,Y,,,1,0,0,19x18,Nomjit Suktawee
U,11x69606,บริษัท เอแอนด์พี อะกริ โปรดักท์ กรุ๊ป จำกัด,,????,Y,,,0,0.00,1,Y,,,1,0,0,19x18,Nomjit Suktawee
U,11x69742,บริษัท ประจงกิจการช่าง จำกัด,สมุทรปราการ,SV01,N,,,0,0.00,0,Y,1.1,732.25,1,0,0,19x36,
U,11x69762,บริษัท เดอะ วอเตอร์ ซิตี้ กรุ๊ป จำกัด,,SV04,N,,,0,0.00,0,Y,,,1,0,0,19x45,Pattamaporn Chadkurupin
A,11x69894,คุณชัยวัฒน์_โมลาสอาหารสัตว์,,FD05,N,,,0,0.00,0,Y,,,4,2,662,19x27,Nattawut Junkong
B,11x70060,บริษัท เคมเทรด จำกัด,สมุทรปราการ,CH11,N,,,0,0.00,0,Y,131.087,771.4,1,0,0,19x31,Panisa Wongrung
B,11x70068,HV FILA,,UT99,N,,,0,0.00,0,Y,,,1,0,0,19x23,Vipoo Srisawadi
D,11x70076,บริษัท เอสเอสแอล แมนูแฟคเจอริ่ง ประเทศไทย จำกัด,ฉะเชิงเทรา,CH02,N,,,0,0.00,0,Y,415.687453,6596.28,1,0,0,19x21,Chuanhathai Eakwongsupasarn
U,11x70106,PRANNANAPAN,,SV04,N,,,0,0.00,0,Y,,,1,0,0,19x45,Pattamaporn Chadkurupin
B,11x70468,"Bridgestone Tire Manufacturing (Thailand) Co., Ltd.",,UT99,N,,,0,0.00,0,Y,,,1,0,0,19x64,
C,11x70598,"INOAC (Thailand) Co., Ltd",,CH43,N,,,0,0.00,0,Y,,,8,2,578,19x64,
U,11x70663,บริษัท โอวัล (ไทยแลนด์) จำกัด,,SV04,N,,,0,0.00,0,Y,,,1,0,0,19x31,Panisa Wongrung
U,11x70763,"KITTIKAWIN CONSTRUCTION LTD.,",,SV01,N,,,0,0.00,0,Y,,,1,0,0,19x51,Benjamas Tanjit
U,11x71122,บริษัท บีเอพี 888 เอ็นจิเนียริ่ง จำกัด,,SV04,N,,,0,0.00,0,Y,,,1,0,0,19x34,Kanittha Cheryhom
U,11x71518,บริษัท เอเชีย แพ็คเกจจิ้ง แมนูแฟคเจอริ่ง จำกัด,ฉะเชิงเทรา,????,Y,2026-02-20,231,1,0.03,4,Y,359.0,4762.8999999999996,22,1,549,19x27,Nattawut Junkong
R,11x71540,บริษัท จีซี โพลีออลส์ จำกัด,ระยอง,????,Y,2026-01-15,267,1,0.00,0,Y,0.0,0,3,0,0,19x18,Nomjit Suktawee
U,11x71576,บริษัท อากิแบม ออยล์ จำกัด,,????,N,,,0,0.00,0,Y,,,3,0,0,19x44,Nuttapong Laplumwanich
U,11x71734,บริษัท ฟลูอิด เอ็นจิเนียริ่ง ซิสเต็ม จำกัด,,SV01,N,,,0,0.00,0,Y,,,1,0,0,19x27,Nattawut Junkong
U,11x71822,อินดี้ ซัพพลาย แอนด์ เอ็นจิเนียริ่ง,,SV01,N,,,0,0.00,0,Y,,,1,0,0,19x27,Nattawut Junkong
D,11x72256,บริษัท พี เอ เอส พืชผลส่งออกและไซโล จำกัด,สุโขทัย,FD04,N,,,0,0.00,0,Y,231.0,599.75,3,0,0,19x19,Saovaluck Jangjai
C,11x72263,San Tech Center Co Ltd.,,UT03,N,,,0,0.00,0,Y,,,1,0,0,19x36,
D,11x72296,Khun Pongthep Noihuahard,,FD01,N,,,0,0.00,0,Y,,,1,0,0,19x43,Katewadee Pratipagorn
C,11x72424,"Bridgestone Carbon Black (Thailand)Co.,Ltd.",,AG02,N,,,0,0.00,0,Y,,,9,1,284,19x51,Benjamas Tanjit
C,11x72430,บริษัท ไอเดน ออโตเมชั่น (ไทยแลนด์) จำกัด,,AG02,N,,,0,0.00,0,Y,,,1,0,0,19x34,Kanittha Cheryhom
C,11x72731,บริษัท บลูเวฟ เอ็นเนอยี่ จำกัด,ลพบุรี,FD08,N,,,0,0.00,0,Y,112.0,5656,1,0,0,19x37,Piyanuch Janthanarak
U,11x72785,บริษัท ทีเอสเค เอ็นจิเนียริ่ง (ไทยแลนด์) จำกัด,กรุงเทพมหานคร,SV01,Y,,,0,0.00,14,Y,20.0,,51,16,599,19x68,
D,11x72799,"General Candy Co.,Ltd",,FD01,N,,,0,0.00,0,Y,,,1,0,0,19x48,Udomlak Panya-Apiban
U,11x72822,บริษัท เคพีเอส เอ็นจิเนียริ่ง ซัพพราย แอนด์ เซอร์วิส จำกัด,,SV01,N,,,0,0.00,0,Y,,,1,0,0,19x36,
B,11x72866,KPS Engineering,,CH01,N,,,0,0.00,0,Y,,,1,0,0,19x53,
U,11x72958,บริษัท เทคโนโลยี อินสตรูเมนท์ จำกัด,,SV04,N,,,0,0.00,0,Y,,,3,2,339,19x21,Chuanhathai Eakwongsupasarn
U,11x73029,สุนทรีนาฏ,,SV01,N,,,0,0.00,0,Y,,,1,0,0,19x44,Nuttapong Laplumwanich
U,11x73234,FUTURETECH ELECTRIC,,SV04,N,,,0,0.00,0,Y,,,1,0,0,19x45,Pattamaporn Chadkurupin
A,11x73238,แพตดิ้ง(ไทยแลน) จำกัด,,FD05,N,,,0,0.00,0,Y,,,1,0,0,19x70,Kornthanat Suksalee
U,11x73243,บริษัท พาร์ท แฟคตอรี่ โทเทิ้ล กรุ๊ป จำกัด,,SV04,N,,,0,0.00,0,Y,,,1,0,0,19x34,Kanittha Cheryhom
U,11x73333,บริษัท โทโดโรกิ เอเชีย จำกัด,,SV04,N,,,0,0.00,0,Y,,,6,2,473,19x19,Saovaluck Jangjai
U,11x73489,"Expert Interproducts Co.,Ltd.",,SV01,N,,,0,0.00,0,Y,,,1,0,0,19x51,Benjamas Tanjit
U,11x73545,HYDRAULICPOWER,,SV04,N,,,0,0.00,0,Y,,,1,0,0,19x45,Pattamaporn Chadkurupin
B,11x73580,TPT Petrochemicals Public Company Limited.,,CH99,N,,,0,0.00,0,Y,,,7,1,332,19x64,
D,11x74501,บริษัท พี.เอส.เอส.พืชผลส่งออกและไซไล จำกัด,,FD03,N,,,0,0.00,0,Y,,,1,0,0,19x45,Pattamaporn Chadkurupin
U,11x74639,XF International Industrial Co. Ltd.,,SV01,N,,,0,0.00,0,Y,,,1,0,0,19x37,Piyanuch Janthanarak
U,11x74751,บริษัท ซับโทรนิค จำกัด,,SV04,N,,,0,0.00,0,Y,1.0,,5,0,0,19x31,Panisa Wongrung
U,11x75013,บริษัท ที.เอ็น. เมตัลเวิร์ค จำกัด,สมุทรสาคร,SV04,N,,,0,0.00,0,Y,57.0,402,1,0,0,19x70,Kornthanat Suksalee
C,11x75117,บริษัท รวมใจโปรดักส์ จำกัด,สมุทรสาคร,CH05,N,,,0,0.00,0,Y,45.0,167.01,1,0,0,19x22,
U,11x75199,บริษัท ส.พันธนเดช วิศวกรรม จำกัด,พระนครศรีอยุธยา,SV04,N,,,0,0.00,0,Y,31.0,497,2,0,0,19x34,Kanittha Cheryhom
A,11x75253,ซีพีเอฟ-ศรีสะเกษ,,FD05,Y,,,0,0.00,1,Y,,,15,6,245,19x27,Nattawut Junkong
U,11x75704,บจก. เทอร์มโฟลว์,,SV04,N,,,0,0.00,0,Y,,,1,0,0,19x43,Katewadee Pratipagorn
U,11x75903,บริษัท  อินโนไดร์ฟ  จำกัด,,SV01,N,,,0,0.00,0,Y,,,1,0,0,19x70,Kornthanat Suksalee
U,11x76029,บจก. เบทเทอร์ เอ็น,สมุทรปราการ,SV01,N,,,0,0.00,0,Y,,,2,0,0,19x43,Katewadee Pratipagorn
U,11x76054,บริษัท พีเอพี แก๊ส วัน จำกัด,,????,Y,2026-02-06,245,2,0.04,5,Y,,,7,1,658,19x45,Pattamaporn Chadkurupin
U,11x76105,บริษัท เดอมาสท์ จำกัด,,????,Y,2026-07-27,74,2,2.00,9,Y,,,17,4,394,19x43,Katewadee Pratipagorn
U,11x76155,Petrolimex Construction,,SV01,N,,,0,0.00,0,Y,,,1,0,0,19x43,Katewadee Pratipagorn
U,11x76259,พลัส พร็อพเพอร์ตี้,,SV01,N,,,0,0.00,0,Y,,,1,0,0,19x44,Nuttapong Laplumwanich
U,11x76265,ฮ.พัฒนารุ่งเรือง,สมุทรสาคร,SV01,N,,,0,0.00,0,Y,47.5,458.6,1,0,0,19x44,Nuttapong Laplumwanich
U,11x76438,บริษัท แอกรอนอินดัสตรีส์ จำกัด,กาญจนบุรี,XX00,N,,,0,0.00,0,Y,20.0,877.57,1,1,100,19x22,
C,11x76648,บริษัท เอฟพี อะโกรเคมิคอล จำกัด,,AG99,N,,,0,0.00,0,Y,,,14,1,156,19x34,Kanittha Cheryhom
U,11x76805,บริษัท ท็อป ดีเวลลอปเมนท์ จำกัด,,SV01,N,,,0,0.00,0,Y,,,1,0,0,19x45,Pattamaporn Chadkurupin
U,11x77298,บริษัท ที.ที.เค.เมนเทนแนนซ์ แอนด์ เซอร์วิส จำกัด,,SV01,N,,,0,0.00,0,Y,,,1,0,0,19x70,Kornthanat Suksalee
U,11x77317,"MAXINE AOTUMATION CO.,LTD",,SV01,N,,,0,0.00,0,Y,,,1,0,0,19x70,Kornthanat Suksalee
U,11x77751,ห้างหุ้นส่วนจำกัด แอล.ซัพพลาย,,SV04,N,,,0,0.00,0,Y,,,1,0,0,19x37,Piyanuch Janthanarak
U,11x77758,บริษัท พาวเวอร์ออน จำกัด,,SV04,N,,,0,0.00,0,Y,,,1,0,0,19x31,Panisa Wongrung
U,11x77782,"RD (THAILAND) CO.,LTD.",,SV01,N,,,0,0.00,0,Y,,,1,0,0,19x64,
U,11x77797,"PNEU AND HYD CO.,LTD",,SV01,N,,,0,0.00,0,Y,,,1,0,0,19x19,Saovaluck Jangjai
U,11x77802,"Asahi Sho-Ko-Sha (Thailand) Co., Ltd.",,SV04,N,,,0,0.00,0,Y,,,2,0,0,19x64,
U,11x77846,บริษัท ไทยทากาซาโก จำกัด,,????,Y,2026-07-27,74,3,5.79,243,Y,,,14,2,114,19x43,Katewadee Pratipagorn
U,11x77859,บริษัท ทาทา สตีล การผลิต (ประเทศไทย) จำกัด (มหาชน),สระบุรี,????,N,,,0,0.00,0,Y,701.0,82399.33,18,5,618,19x27,Nattawut Junkong
U,11x78103,Wellpro System Solution,,SV01,N,,,0,0.00,0,Y,,,1,0,0,19x43,Katewadee Pratipagorn
A,11x78331,บริษัท เคที สตีมเทค จำกัด,,SV02,Y,2026-02-06,245,1,0.01,0,Y,,,9,7,652,19x19,Saovaluck Jangjai
U,11x78405,บริษัท ฟินิกซ์ ปั๊มแอนด์เอ็นจิเนียริ่ง จำกัด,,SV04,N,,,0,0.00,0,Y,,,5,4,730,19x31,Panisa Wongrung
B,11x78847,บริษัท ดีเอสจี แอดวานซ์ แมททีเรียล,,OT99,N,,,0,0.00,0,Y,,,1,0,0,19x44,Nuttapong Laplumwanich
U,11x78907,บริษัท พีพีเอ ควอลิตี้ โปรดักส์ จำกัด,,SV04,N,,,0,0.00,0,Y,,,1,0,0,19x31,Panisa Wongrung
U,11x78930,บริษัท บุญศิริ ซัพพลาย แอนด์ เซอร์วิส จำกัด,,SV01,N,,,0,0.00,0,Y,,,3,0,0,19x70,Kornthanat Suksalee
U,11x78943,Ruhrpumpen,,SV01,N,,,0,0.00,0,Y,,,1,0,0,19x23,Vipoo Srisawadi
U,11x79034,MIT NIRAN ENGINEERING COMPANY LIMITED,,SV04,N,,,0,0.00,0,Y,,,1,0,0,19x37,Piyanuch Janthanarak
A,11x79212,บริษัท ไทยเมโทรอุตสาหกรรม (1973) จำกัด,,MT01,N,,,0,0.00,0,Y,,,1,0,0,19x70,Kornthanat Suksalee
D,11x79226,Nestlé Purina PetCare,,FD99,N,,,0,0.00,0,Y,,,23,14,611,19x64,
B,11x79228,"SMg General Co., Ltd",,CH01,N,,,0,0.00,0,Y,,,2,0,0,19x53,
B,11x79230,เขาเขียว คันทรี คลับ,,UT99,N,,,0,0.00,0,Y,,,1,0,0,19x44,Nuttapong Laplumwanich
U,11x79315,SERMCHAI,,SV01,N,,,0,0.00,0,Y,,,1,0,0,19x65,
U,11x79340,บริษัท พนัส อิเล็คทริค จำกัด (สำนักงานใหญ่),,SV04,N,,,0,0.00,0,Y,,,1,0,0,19x45,Pattamaporn Chadkurupin
U,11x79343,บริษัท โกลเด้น โกล คอนสตรัคชั่น จำกัด,,SV01,N,,,0,0.00,0,Y,,,13,3,451,19x23,Vipoo Srisawadi
A,11x79649,บริษัท เหล็กทรัพย์ จำกัด,ลพบุรี,MT99,N,,,0,0.00,0,Y,3000.0,114157.61,3,0,0,19x70,Kornthanat Suksalee
A,11x79661,สวนสมบูรณ์,,FD05,N,,,0,0.00,0,Y,,,1,0,0,19x27,Nattawut Junkong
U,11x79882,บริษัท โซล่า แอสฟัลท์  จำกัด,ขอนแก่น,????,Y,,,0,0.00,2,Y,243.0,5314.22,4,0,0,19x18,Nomjit Suktawee
U,11x79909,NETWARE COMPANY LIMITED,,????,N,,,0,0.00,0,Y,,,1,0,0,19x18,Nomjit Suktawee
A,11x80039,บริษัท ไอ เอ็กซ์ แอล จำกัด,กรุงเทพมหานคร,SV07,N,,,0,0.00,0,Y,5.0,,2,0,0,19x19,Saovaluck Jangjai
U,11x80478,บริษัท รวมทรัพย์ไพบูลย์ (1997) จำกัด,,SV01,N,,,0,0.00,0,Y,,,7,2,360,19x77,Thitima Plaibua
D,11x80564,บริษัท เอเชี่ยน เบสท์ ชิคเก้น จำกัด,สระบุรี,FD01,N,,,0,0.00,0,Y,1580.88,17176.349999999999,1,0,0,19x44,Nuttapong Laplumwanich
U,11x80575,บริษัท ดี.เอส.ดี เอ็นจิเนียริ่ง 1999 จำกัด,,SV01,Y,2026-06-15,116,1,0.01,0,Y,,,6,2,459,19x45,Pattamaporn Chadkurupin
U,11x80671,บริษัท สุธี ยูไนเต็ด คาร์บอน จำกัด,กรุงเทพมหานคร,SV04,N,,,0,0.00,0,Y,155.0,600.02,1,0,0,19x37,Piyanuch Janthanarak
U,11x80688,"Deline Engineering Co.,Ltd",,SV01,N,,,0,0.00,0,Y,,,1,0,0,19x19,Saovaluck Jangjai
U,11x80698,Gulf NRV1,,UT01,N,,,0,0.00,0,Y,,,1,0,0,19x45,Pattamaporn Chadkurupin
A,11x80773,เบทาโกร-นครปฐม,,FD05,N,,,0,0.00,0,Y,,,5,1,270,19x27,Nattawut Junkong
U,11x80784,"TP partner supply Co,.Ltd.",,SV04,N,,,0,0.00,0,Y,,,5,0,0,19x37,Piyanuch Janthanarak
D,11x80964,บจก. ฮิตาชิ เอ็นเนอร์ยี (ประเทศไทย),,CH14,N,,,0,0.00,0,Y,,,4,0,0,19x43,Katewadee Pratipagorn
U,11x80984,GULF NRV2,,UT01,N,,,0,0.00,0,Y,,,1,0,0,19x45,Pattamaporn Chadkurupin
A,11x81009,บริษัท วี.ซี.เอฟ. กรุ๊ป จำกัด,พิจิตร,FD05,Y,,,0,0.00,2,Y,12.8,157.63,1,0,0,19x70,Kornthanat Suksalee
U,11x81013,บริษัท บีดีเอส เทอร์มินอล จำกัด,สมุทรปราการ,SV01,N,,,0,0.00,0,Y,16.7,379,1,0,0,19x23,Vipoo Srisawadi
U,11x81019,บริษัท เอ็กซ์เซลเลนซ์ โฟลว์ เทคโนโลยี จำกัด,,SV04,N,,,0,0.00,0,Y,,,2,0,0,19x45,Pattamaporn Chadkurupin
U,11x81039,Siemens Limited,,SV04,N,,,0,0.00,0,Y,,,1,0,0,19x45,Pattamaporn Chadkurupin
U,11x81106,บริษัท เอบีบี ออโตเมชั่น (ประเทศไทย) จำกัด,,????,N,,,0,0.00,0,Y,,,1,0,0,19x18,Nomjit Suktawee
D,11x81127,บริษัท ท่อส่งปิโตรเลียมไทย จำกัด,ปทุมธานี,CH14,Y,2026-09-28,11,5,0.49,0,Y,62.19232,4465.95,91,5,378,19x23,Vipoo Srisawadi
U,11x81356,บริษัท ทีพีดี เอ็นจิเนียริ่ง (1983) กรุ๊ป จำกัด,,SV04,N,,,0,0.00,0,Y,,,1,0,0,19x45,Pattamaporn Chadkurupin
B,11x81679,GGC TOL,,CH01,N,,,0,0.00,0,Y,,,4,0,0,19x65,
U,11x82025,ห้างหุ้นส่วนจำกัด เอส ที ที ปริ้นติ้ง อินเตอร์ ซัพพลาย,,SV04,N,,,0,0.00,0,Y,,,3,2,263,19x34,Kanittha Cheryhom
U,11x82045,บริษัท พาวเวอร์ ออน,,SV01,N,,,0,0.00,0,Y,,,1,0,0,19x44,Nuttapong Laplumwanich
U,11x82099,บริษัท อีซิโอ้ ซัพพลาย จำกัด,,SV01,N,,,0,0.00,0,Y,,,3,0,0,19x23,Vipoo Srisawadi
A,11x82607,บริษัท ทีพีดี เอ็นจิเนียริ่ง (1983) กรุ๊ป จำกัด,กรุงเทพมหานคร,OM00,N,,,0,0.00,0,Y,2.9,355,1,0,0,19x45,Pattamaporn Chadkurupin
C,11x82736,"NB Nakaneya (Thailand).Co.,Ltd.",,FD08,N,,,0,0.00,0,Y,,,2,0,0,19x37,Piyanuch Janthanarak
B,11x82750,นิคมอุตสาหกรรม เอเพ็กซ์กรีน,,UT99,N,,,0,0.00,0,Y,,,1,0,0,19x44,Nuttapong Laplumwanich
U,11x82946,บริษัท พรีเมียร์ ไดนามิค จำกัด,,SV04,N,,,0,0.00,0,Y,,,2,0,0,19x31,Panisa Wongrung
D,11x82976,บริษัท อาหารสากล จำกัด (มหาชน),ลำปาง,FD01,N,,,0,0.00,0,Y,32.97,5367,1,0,0,19x45,Pattamaporn Chadkurupin
D,11x82985,pro-en technologies,,CH14,N,,,0,0.00,0,Y,,,3,0,0,19x23,Vipoo Srisawadi
U,11x83089,บริษัท คอปส์เทคส์ คอร์ปอเรชั่น จำกัด,,SV04,N,,,0,0.00,0,Y,,,2,1,570,19x45,Pattamaporn Chadkurupin
U,11x83253,บริษัท ดีไลน์ เอ็นจิเนียริ่ง จำกัด,,SV04,N,,,0,0.00,0,Y,,,4,1,360,19x19,Saovaluck Jangjai
B,11x83392,"Kuraray GC Advanced Materials Co.,Ltd (KGC)",,CH99,N,,,0,0.00,0,Y,,,15,0,0,19x65,
U,11x83407,บริษัท ชาตรี วิศวกรรม แอนด์ ซัพพลาย จำกัด,,SV04,N,,,0,0.00,0,Y,,,1,0,0,19x45,Pattamaporn Chadkurupin
B,11x83559,"ABG Intermediates (Thailand) Co., Ltd.",,CH99,N,,,0,0.00,0,Y,,,1,0,0,19x51,Benjamas Tanjit
C,11x84032,ศูนย์ผลิตผลิตภัณฑ์จากพลาสมา สภากาชาดไทย,,CH05,Y,,,0,0.00,2,Y,,,11,4,732,19x96,Itsaripharat Kamthong
U,11x84127,บริษัท กรีนเวิลด์ โซลูชั่น เทคโนโลยี จํากัด,,SV01,N,,,0,0.00,0,Y,,,15,0,0,19x37,Piyanuch Janthanarak
U,11x84597,"KMI ENGINEERING (THAILAND) CO., LTD.",,SV04,N,,,0,0.00,0,Y,,,1,0,0,19x45,Pattamaporn Chadkurupin
U,11x84599,"PRO-EN TECHNOLOGIES, LTD.",,SV01,N,,,0,0.00,0,Y,,,2,1,520,19x43,Katewadee Pratipagorn
U,11x84634,บริษัท ฟิวเจอร์ เทคโนโลยี ซัพพลาย จำกัด,,SV01,N,,,0,0.00,0,Y,,,4,0,0,19x21,Chuanhathai Eakwongsupasarn
U,11x84734,ห้างหุ้นส่วนจำกัด คม เอ็นจิเนียริ่ง,สระบุรี,SV04,N,,,0,0.00,0,Y,2.7668,155,1,0,0,19x19,Saovaluck Jangjai
U,11x84812,บริษัท บอมแบร์ จำกัด,,SV01,N,,,0,0.00,0,Y,,,1,0,0,19x21,Chuanhathai Eakwongsupasarn
U,11x84815,บริษัท บิสแทน จำกัด,,SV04,N,,,0,0.00,0,Y,,,1,0,0,19x34,Kanittha Cheryhom
U,11x84885,"Gulf BP CO.,LTD",,UT01,N,,,0,0.00,0,Y,,,2,1,582,19x45,Pattamaporn Chadkurupin
U,11x85181,บริษัท เอส เอส บี สยาม จำกัด,,SV01,N,,,0,0.00,0,Y,,,7,0,0,19x31,Panisa Wongrung
D,11x85189,บริษัท อีมาส เอ็นเนอร์ยี่ เซอร์วิสเซส (ไทยแลนด์) จำกัด,ชลบุรี,CH14,N,,,0,0.00,0,Y,1758.0,589.79999999999995,1,0,0,19x45,Pattamaporn Chadkurupin
U,11x85286,บีบี ซัพพลาย เชียงใหม่,,SV01,N,,,0,0.00,0,Y,,,16,2,611,19x44,Nuttapong Laplumwanich
U,11x85295,หจก.สรรค์วินิต,,SV04,N,,,0,0.00,0,Y,,,1,0,0,19x70,Kornthanat Suksalee
U,11x85470,บริษัท ซับโทรนิค จำกัด,,????,N,,,0,0.00,0,Y,1.0,,1,0,0,19x18,Nomjit Suktawee
U,11x85510,ห้างหุ้นส่วนจำกัด บีบี ซัพพลาย เชียงใหม่,,????,N,,,0,0.00,0,Y,,,4,0,0,19x44,Nuttapong Laplumwanich
U,11x85557,บริษัท ฮิตาชิ เอนเนอร์ยี่ (ประเทศไทย) จำกัด,สมุทรปราการ,????,N,,,0,0.00,0,Y,3537.56,3955.84,3,0,0,19x43,Katewadee Pratipagorn
B,11x85570,"The Auto-Info Co., Ltd.",,CH01,N,,,0,0.00,0,Y,,,2,0,0,19x53,
U,11x85582,คุณณรงค์,,SV04,N,,,0,0.00,0,Y,,,1,0,0,19x43,Katewadee Pratipagorn
B,11x85823,GC-M PTA,,CH99,N,,,0,0.00,0,Y,,,2,0,0,19x65,
B,11x85833,หจก ทรัพย์สมบูรณ์,กรุงเทพมหานคร,UT99,N,,,0,0.00,0,Y,7.0,424.39,1,0,0,19x23,Vipoo Srisawadi
U,11x85891,บริษัท เคนวา เอ็นจิเนียริ่ง จำกัด,,SV01,Y,2026-07-27,74,2,0.02,1,Y,,,17,3,618,19x88,Thanaaran Sirawattanamongkol
B,11x85895,บริษัท แอสเสท เวิรด์ คอร์ป จำกัด,,OT99,N,,,0,0.00,0,Y,,,11,0,0,19x44,Nuttapong Laplumwanich
U,11x85957,"STC Diecasting (Thailand) Co., Ltd",,SV04,N,,,0,0.00,0,Y,,,1,0,0,19x64,
U,11x86001,"Tokyo Enesys (Thailand) Co., Ltd.",,SV01,N,,,0,0.00,0,Y,,,1,0,0,19x34,Kanittha Cheryhom
B,11x86233,RAYONG OLEFIN (SCG-ROC),,CH99,N,,,0,0.00,0,Y,,,8,5,631,19x51,Benjamas Tanjit
U,11x86239,บริษัท พินนาเคิล คอร์ปอเรชั่น จำกัด,,????,N,,,0,0.00,0,Y,,,1,1,252,19x18,Nomjit Suktawee
B,11x86298,Cv. Damarindo Abadi,,CH42,N,,,0,0.00,0,Y,,,1,0,0,19x31,Panisa Wongrung
U,11x86437,PKS,,SV04,N,,,0,0.00,0,Y,,,1,0,0,19x45,Pattamaporn Chadkurupin
U,11x86528,บริษัท ซีที โปรดักส์ จำกัด,,SV04,N,,,0,0.00,0,Y,,,1,0,0,19x19,Saovaluck Jangjai
U,11x86602,บริษัท สยามพีพีเอ อินดัสเตรียล จำกัด,,SV01,N,,,0,0.00,0,Y,,,3,0,0,19x23,Vipoo Srisawadi
U,11x86623,เอ็น.พี.เอ็นจิเนียะริ่ง,,SV01,N,,,0,0.00,0,Y,,,1,0,0,19x44,Nuttapong Laplumwanich
D,11x86725,ไทย ล็อตเต้,,FD01,N,,,0,0.00,0,Y,,,3,0,0,19x44,Nuttapong Laplumwanich
U,11x86756,บริษัท เพอร์เฟ็คท์ เพาเวอร์ไลน์ จำกัด,,SV04,N,,,0,0.00,0,Y,,,2,0,0,19x45,Pattamaporn Chadkurupin
U,11x86848,บริษัท กรีน เวิลด์ โซลูชั่น เทคโนโลยี่ จำกัด,,????,N,,,0,0.00,0,Y,,,5,0,0,19x77,Thitima Plaibua
U,11x86872,บริษัท เอเชียน ฟลูอิด อินโนเวชันส์ จำกัด,,????,N,,,0,0.00,0,Y,,,2,0,0,19x18,Nomjit Suktawee
U,11x86901,"TAP Part Engineering Co., Ltd.",,SV04,N,,,0,0.00,0,Y,,,1,0,0,19x45,Pattamaporn Chadkurupin
A,11x86911,บริษัท โพลีเมอร์ อะไบดิ้ง จำกัด,สมุทรสาคร,CH03,Y,,,0,0.00,1,Y,32.0,214,6,0,0,19x70,Kornthanat Suksalee
U,11x87086,"PHOP AUTOMATION CO., LTD.",,SV04,N,,,0,0.00,0,Y,,,1,0,0,19x45,Pattamaporn Chadkurupin
U,11x87090,บริษัท เอส-เวิร์ค เทค จำกัด,,SV04,N,,,0,0.00,0,Y,,,1,0,0,19x19,Saovaluck Jangjai
A,11x87150,บริษัท เมฆคีรี (2545) จำกัด,สมุทรปราการ,CH41,N,,,0,0.00,0,Y,93.5,398.4,1,0,0,19x70,Kornthanat Suksalee
U,11x87878,บริษัท ไฮเออร์ อีเล็คทริค (ประเทศไทย) จำกัด (มหาชน),ปราจีนบุรี,EL01,N,,,0,0.00,0,Y,440.0,14293.78,1,0,0,19x37,Piyanuch Janthanarak
U,11x87953,บริษัท บีพี ฮาร์ดแวร์ จำกัด,,SV01,N,,,0,0.00,0,Y,,,1,0,0,19x45,Pattamaporn Chadkurupin
A,11x88300,บริษัท ห้างกระจกตังน้ำ จำกัด,กรุงเทพมหานคร,MN04,N,,,0,0.00,0,Y,14.0,570.03,4,0,0,19x19,Saovaluck Jangjai
U,11x88306,บริษัท เกียร์ อินเตอร์ วิสชั่น เอ็นจิเนียริ่ง จำกัด,,SV04,N,,,0,0.00,0,Y,,,1,0,0,19x34,Kanittha Cheryhom
U,11x88401,Steelmark,,SV04,N,,,0,0.00,0,Y,,,1,0,0,19x65,
A,11x88430,บริษัท ไทยฟู้ดส์ อาหารสัตว์ จำกัด,ปราจีนบุรี,FD05,N,,,0,0.00,0,Y,539.0,54129.57,14,2,463,19x70,Kornthanat Suksalee
C,11x88473,Shin-Etsu New Materials (Thailand) Limited,,AG02,N,,,0,0.00,0,Y,,,2,0,0,19x64,
A,11x88539,THAI SUMMIT CABLE & PARTS COMPANY LIMITED,,MN99,N,,,0,0.00,0,Y,,,2,0,0,19x45,Pattamaporn Chadkurupin
U,11x88556,"Kuipline Interengineering co.,ltd",,SV04,N,,,0,0.00,0,Y,,,1,0,0,19x43,Katewadee Pratipagorn
C,11x88560,"VEGA Natural Co.,Ltd.",,CH05,N,,,0,0.00,0,Y,,,1,0,0,19x37,Piyanuch Janthanarak
B,11x88562,เอเพ็กซ์ กรีน อินดัสเตรียล,,UT99,N,,,0,0.00,0,Y,,,1,0,0,19x44,Nuttapong Laplumwanich
U,11x88589,"Maxens Co.,Ltd",,SV01,N,,,0,0.00,0,Y,,,1,0,0,19x43,Katewadee Pratipagorn
A,11x89191,Oriental Copper,,MT02,N,,,0,0.00,0,Y,,,3,0,0,19x27,Nattawut Junkong
C,11x89280,ห้างหุ่นส่วนจำกัด ศิลากำแพงเพชร,,CH04,N,,,0,0.00,0,Y,,,1,0,0,19x19,Saovaluck Jangjai
U,11x89542,"88 INFINITY SOLUTION CO., LTD.",,SV01,N,,,0,0.00,0,Y,,,5,2,352,19x45,Pattamaporn Chadkurupin
C,11x89660,"BETTER WASTE CARE CO., LTD.",,UT03,N,,,0,0.00,0,Y,,,1,0,0,19x36,
U,11x89751,CPPC PUBLIC COMPANY LIMITED,,PP02,N,,,0,0.00,0,Y,,,3,2,665,19x64,
U,11x89932,"ACA Industrial Tools Co., Ltd.",,SV04,N,,,0,0.00,0,Y,,,2,0,0,19x64,
U,11x90081,บริษัท เอเอ็มพี ออโตเมชั่น จำกัด,,SV04,N,,,0,0.00,0,Y,,,1,0,0,19x19,Saovaluck Jangjai
A,11x90177,บริษัท โบทานี เพ็ทแคร์ จำกัด,,FD05,N,,,0,0.00,0,Y,,,8,2,612,19x70,Kornthanat Suksalee
U,11x90205,"CAS Paper Mill Co., Ltd.",,PP01,N,,,0,0.00,0,Y,,,2,0,0,19x37,Piyanuch Janthanarak
B,11x90410,Italian Thai development,,UT99,N,,,0,0.00,0,Y,,,2,0,0,19x23,Vipoo Srisawadi
U,11x90442,แอลซี เทคโนโลยี่,,SV01,N,,,0,0.00,0,Y,,,1,0,0,19x44,Nuttapong Laplumwanich
D,11x90553,WR Supply and service,,CH14,N,,,0,0.00,0,Y,,,1,0,0,19x23,Vipoo Srisawadi
C,11x90681,บริษัท เบตเตอร์ เวสท์ แคร์ จำกัด,พระนครศรีอยุธยา,UT03,N,,,0,0.00,0,Y,0.0,0,1,0,0,19x37,Piyanuch Janthanarak
U,11x90690,"ROVULA (THAILAND) Co., LTD.",,SV04,N,,,0,0.00,0,Y,,,1,0,0,19x51,Benjamas Tanjit
A,11x90703,บริษัท พรีซีสชั่น เอนยีเนียริ่ง จำกัด,นนทบุรี,CH03,N,,,0,0.00,0,Y,22.412985,107.25,5,0,0,19x70,Kornthanat Suksalee
U,11x90706,บริษัท แอลเอเอฟ เทรดดิ้ง จำกัด,,SV04,N,,,0,0.00,0,Y,,,1,0,0,19x19,Saovaluck Jangjai
B,11x90708,Gulf GNLL2,,CH01,N,,,0,0.00,0,Y,,,3,0,0,19x65,
U,11x90835,GULF NLL2,,UT01,N,,,0,0.00,0,Y,,,4,0,0,19x65,
U,11x90891,บริษัท ยูเนี่ยน อินดัสทรี เซอร์วิส จำกัด,,SV04,N,,,0,0.00,0,Y,,,3,0,0,19x34,Kanittha Cheryhom
B,11x90965,ฟินิกซ์บอกซ์,,OT99,N,,,0,0.00,0,Y,,,1,0,0,19x44,Nuttapong Laplumwanich
U,11x91213,บริษัท ซีเคเอส ซัพพลาย แอนด์ เอ็นจิเนียริ่ง จำกัด,,SV01,N,,,0,0.00,0,Y,,,2,0,0,19x45,Pattamaporn Chadkurupin
U,11x91218,บริษัท เอส.ดี.ซี มอเตอร์ แอนด์ เซอร์วิส จํากัด,,SV01,N,,,0,0.00,0,Y,,,4,0,0,19x70,Kornthanat Suksalee
D,11x91781,บริษัท เฮอริเทจ สแน็ค แอนด์ ฟู้ด จำกัด,นครปฐม,FD01,N,,,0,0.00,0,Y,0.0,474.47,1,0,0,19x45,Pattamaporn Chadkurupin
U,11x92123,"NKP PARTS SUPPLY CO.,LTD.",,SV04,N,,,0,0.00,0,Y,,,1,0,0,19x64,
U,11x92257,บจก. เอ็นเดรส แอนด์ เฮาเซอร์ (ไทยแลนด์),,SV01,N,,,0,0.00,0,Y,,,8,3,689,19x43,Katewadee Pratipagorn
U,11x92726,เอส.พี.เอฟ.เอ็นจิเนียริ่ง แอนด์ โวลูชั่น จำกัด,,SV01,N,,,0,0.00,0,Y,,,1,0,0,19x27,Nattawut Junkong
U,11x92729,บริษัท ชิโยดะ โคฮาน เอเชีย จำกัด,,SV01,Y,2026-02-06,245,1,0.04,0,Y,,,4,1,217,19x74,Sujittra Tungprakobjaroen
U,11x92976,บริษัท พานา-ทากูชิ (ประเทศไทย) จำกัด,สมุทรปราการ,SV04,N,,,0,0.00,0,Y,100.0,3860,4,2,592,19x70,Kornthanat Suksalee
U,11x92978,ห้างหุ้นส่วนจำกัด บุญรักษา เอ็นจิเนียริ่ง ซัพพลาย,,SV04,N,,,0,0.00,0,Y,,,5,1,484,19x45,Pattamaporn Chadkurupin
B,11x93032,หจก ป รัตนะรุ่งเรือง,,UT99,N,,,0,0.00,0,Y,,,1,0,0,19x23,Vipoo Srisawadi
U,11x93162,บริษัท เอ็ม พี พาวเวอร์เทค จำกัด,,SV01,N,,,0,0.00,0,Y,,,1,0,0,19x70,Kornthanat Suksalee
D,11x93403,PKK Siam,,CH14,N,,,0,0.00,0,Y,,,3,1,150,19x23,Vipoo Srisawadi
U,11x93812,บริษัท โอเรียนเต็ลคอปเปอร์ จำกัด,ชลบุรี,????,Y,,,0,0.00,1,Y,1341.0,22204.799999999999,3,0,0,19x18,Nomjit Suktawee
U,11x93859,บริษัท เบทเทอร์ เอ็น จำกัด,,????,N,,,0,0.00,0,Y,,,2,0,0,19x43,Katewadee Pratipagorn
U,11x93867,บริษัท เอ็กเซล เอ็นเทค จำกัด,ราชบุรี,????,N,,,0,0.00,0,Y,8.0,249.1,29,6,660,19x27,Nattawut Junkong
U,11x93869,บริษัท สุภาพรคอนสตรัคชั่น แอนด์ เซอร์วิส จำกัด,,????,N,,,0,0.00,0,Y,,,1,0,0,19x18,Nomjit Suktawee
R,11x93899,บริษัท ไออาร์พีซี  จำกัด  (มหาชน),ระยอง,????,Y,2026-08-07,63,5,0.44,0,Y,100.0,334.56,0,0,0,19x18,Nomjit Suktawee
R,11x93922,บริษัท ชิน-เอทซุ นิวแมททีเรียลส์ (ประเทศไทย) จำกัด,ระยอง,????,Y,2026-03-30,193,1,0.06,0,Y,490.0,0,1,0,0,19x51,Benjamas Tanjit
B,11x93997,บริษัท แก๊พอินดัสตรีย์ จำกัด,,CH11,N,,,0,0.00,0,Y,,,1,0,0,19x21,Chuanhathai Eakwongsupasarn
B,11x94115,"Thai Polycarbonate Co., Ltd.",,CH99,N,,,0,0.00,0,Y,,,1,0,0,19x64,
C,11x94124,บริษัท เทพอรุโณทัย จำกัด,หนองคาย,FD07,N,,,0,0.00,0,Y,206.0,12629.5,10,0,0,19x74,Sujittra Tungprakobjaroen
U,11x94142,"CST INTERGROUP CO.,LTD.",กรุงเทพ,SV04,N,,,0,0.00,0,Y,,,1,0,0,19x43,Katewadee Pratipagorn
B,11x94198,TECHPART,,CH01,N,,,0,0.00,0,Y,,,1,0,0,19x53,
D,11x94229,Tyson Foods Thailand,,FD01,N,,,0,0.00,0,Y,,,1,0,0,19x43,Katewadee Pratipagorn
B,11x94321,Hydrozone,,CH01,N,,,0,0.00,0,Y,,,13,2,400,19x53,
U,11x94592,บริษัท อาเคอร์ เทค จำกัด,,SV04,N,,,0,0.00,0,Y,,,1,0,0,19x23,Vipoo Srisawadi
U,11x94601,บริษัท ซีเอสพี ซัพพลาย แอนด์ โซลูชั่นส์ จำกัด,,SV04,N,,,0,0.00,0,Y,,,1,0,0,19x21,Chuanhathai Eakwongsupasarn
U,11x94639,"TIP TECH Engineering Co., Ltd.",,SV01,N,,,0,0.00,0,Y,,,8,6,395,19x64,
U,11x94666,บริษัท นอร์ท เทค ออโตเมชั่น จำกัด,,SV04,N,,,0,0.00,0,Y,,,2,0,0,19x21,Chuanhathai Eakwongsupasarn
U,11x94683,บริษัท ทีดิก เซาท์ จำกัด,สงขลา,????,Y,2026-01-15,267,1,0.01,0,Y,0.0,0,25,4,695,19x77,Thitima Plaibua
U,11x94686,บริษัท ดับบลิว.อี. เอ็นจิเนี่ยริ่ง แอนด์ คอนซัลแตนท์ จำกัด,,????,N,,,0,0.00,0,Y,,,2,0,0,19x18,Nomjit Suktawee
U,11x94691,บริษัท ฟินิกซ์บอกซ์ จำกัด,,????,N,,,0,0.00,0,Y,,,1,1,170,19x18,Nomjit Suktawee
B,11x95039,บริษัท อู่เรือ มารีน แอ็คมี ไทย จำกัด,สมุทรปราการ,UT99,N,,,0,0.00,0,Y,85.0,4618,1,0,0,19x45,Pattamaporn Chadkurupin
U,11x95142,Uawithya,,SV01,N,,,0,0.00,0,Y,,,1,0,0,19x27,Nattawut Junkong
C,11x95726,บริษัท สิริเคมิคอล จำกัด,,CH05,N,,,0,0.00,0,Y,,,3,0,0,19x37,Piyanuch Janthanarak
U,11x95894,"Rayong Industrial Solutions Co., Ltd.",,SV04,N,,,0,0.00,0,Y,,,1,0,0,19x64,
B,11x96178,GC 7,,CH01,N,,,0,0.00,0,Y,,,1,0,0,19x65,
U,11x96593,"Tontine Environment Engineering Co., Ltd.",,SV01,N,,,0,0.00,0,Y,,,1,0,0,19x37,Piyanuch Janthanarak
R,11x96787,บริษัท อินโนเว็ค เอเซีย จำกัด,ระยอง,????,N,,,0,0.00,0,Y,30.0,454.25,1,1,695,19x18,Nomjit Suktawee
U,11x96794,บริษัท ไซม์ ดาร์บี้ ออยส์ นนทบุรี จำกัด,นนทบุรี,????,N,,,0,0.00,0,Y,2402.557453,32188.62,1,0,0,19x45,Pattamaporn Chadkurupin
U,11x96893,ไทยพัฒนสิน (จิ้นเส็ง2000) จำกัด*,,SV01,N,,,0,0.00,0,Y,,,1,0,0,19x53,
U,11x96961,บริษัท เอ็น.เจ.เจ.โปรดักส์ จำกัด,,SV04,N,,,0,0.00,0,Y,,,1,0,0,19x66,Preeyathip Janthanarak
D,11x96982,fastweld engineering,,CH14,N,,,0,0.00,0,Y,,,1,0,0,19x23,Vipoo Srisawadi
U,11x97038,บริษัท ปัญญา แอนด์ ซัน กรุ๊ป จำกัด,,SV04,N,,,0,0.00,0,Y,,,1,0,0,19x45,Pattamaporn Chadkurupin
U,11x97468,"Technical Thai Service Co., Ltd.",,SV04,N,,,0,0.00,0,Y,,,1,0,0,19x64,
B,11x97679,"Thai GCI Resitop Co., Ltd",,CH99,N,,,0,0.00,0,Y,,,2,1,368,19x51,Benjamas Tanjit
U,11x97724,บริษัท เพลย์ออน มาร์เก็ตติ้ง จำกัด,,SV04,N,,,0,0.00,0,Y,,,2,0,0,19x21,Chuanhathai Eakwongsupasarn
U,11x97852,"P.W. Engineering and Service Co.,Ltd.",,SV01,N,,,0,0.00,0,Y,,,1,0,0,19x36,
U,11x97917,แวร์ลูเอต เอนเทอไพรส์,,SV01,N,,,0,0.00,0,Y,,,1,0,0,19x27,Nattawut Junkong
U,11x98161,บริษัท ทาร์เก็ท โปรไวด์เดอร์ จำกัด,,SV01,N,,,0,0.00,0,Y,,,2,0,0,19x22,
U,11x98227,"BST ENEOS Elastomer Co., Ltd. (BEE)",,SV01,N,,,0,0.00,0,Y,,,24,5,611,19x78,Sarawut Viseshasiri
U,11x98235,บริษัท โปร ทรี ปั๊ม แอนด์ เซอร์วิส จำกัด,,SV04,N,,,0,0.00,0,Y,,,6,2,478,19x37,Piyanuch Janthanarak
U,11x98307,todoroki (thailand) co. ltd,,SV01,N,,,0,0.00,0,Y,,,1,0,0,19x70,Kornthanat Suksalee
U,11x98410,บริษัท วินโนเทค จำกัด,,SV04,N,,,0,0.00,0,Y,,,1,0,0,19x45,Pattamaporn Chadkurupin
U,11x98440,บริษัท​ พีที​ ชยพัทธ์​ จำกัด,,SV04,N,,,0,0.00,0,Y,,,1,0,0,19x70,Kornthanat Suksalee
U,11x99430,บริษัท สิริ เคมิคอล อินดัสตรี้ จำกัด,ชลบุรี,????,N,,,0,0.00,0,Y,28.0,399.9,2,0,0,19x18,Nomjit Suktawee
U,11x99482,บริษัท สีไดโน   จำกัด,สมุทรปราการ,????,Y,2026-05-29,133,1,0.02,1,Y,14.38,587,0,0,0,19x18,Nomjit Suktawee
U,11x99490,บริษัท พี.เอส.ซี.สตีลดรัมส์ จำกัด,สมุทรปราการ,????,N,,,0,0.00,0,Y,38.0,0,1,0,0,19x18,Nomjit Suktawee
U,11x99744,บริษัท โปรวอลไทยแลนด์ จำกัด,,SV01,N,,,0,0.00,0,Y,,,1,0,0,19x19,Saovaluck Jangjai
C,11x99881,บริษัท อินเตอร์ไฟเบอร์ คอนเทนเนอร์ จำกัด,กรุงเทพมหานคร,PP00,N,,,0,0.00,0,Y,37.2,6863.58,1,0,0,19x34,Kanittha Cheryhom
U,11x100269,บริษัท เค ที บี แมชชีนเนอรี่ แอนด์ พาร์ท จำกัด,,SV04,N,,,0,0.00,0,Y,,,2,0,0,19x19,Saovaluck Jangjai
C,11x100287,บริษัท บูรณิน อินดัสทรี จำกัด,นครปฐม,EI00,N,,,0,0.00,0,Y,18.0,75,4,0,0,19x74,Sujittra Tungprakobjaroen
U,11x100294,Long Win Thai,,SV01,N,,,0,0.00,0,Y,,,1,0,0,19x53,
U,11x100328,3ศ วัสดุก่อสร้าง,,SV04,N,,,0,0.00,0,Y,,,1,0,0,19x23,Vipoo Srisawadi
U,11x100330,Astec Industries,,SV01,N,,,0,0.00,0,Y,,,1,0,0,19x19,Saovaluck Jangjai
A,11x100424,ห้างหุ้นส่วนจำกัด บุญศริริ สตีล,,MT99,N,,,0,0.00,0,Y,,,1,0,0,19x27,Nattawut Junkong
B,11x100687,บมจ. ทีทีดับบลิว,,UT99,N,,,0,0.00,0,Y,,,1,0,0,19x44,Nuttapong Laplumwanich
U,11x100694,LONGWIN THAI COMPANY LIMITED,,SV01,N,,,0,0.00,0,Y,,,2,0,0,19x51,Benjamas Tanjit
U,11x100698,บริษัท บีซีเอ็ม บลิส จำกัด,,SV04,N,,,0,0.00,0,Y,,,3,0,0,19x21,Chuanhathai Eakwongsupasarn
U,11x100825,WOG TECHNOLOGIES,,SV01,N,,,0,0.00,0,Y,,,1,0,0,19x22,
U,11x101176,บริษัท อีโค เทอร์มิค เทคโนโลยี ซัพพลาย จำกัด,,SV04,N,,,0,0.00,0,Y,,,2,0,0,19x45,Pattamaporn Chadkurupin
U,11x101253,บริษัท อี แอนด์ แอล อินเตอร์เนชั่นแนล จำกัด,,SV04,N,,,0,0.00,0,Y,,,1,0,0,19x45,Pattamaporn Chadkurupin
U,11x101414,บริษัท พี.ดับบลิว.เอ็นจิเนียริ่งแอนด์เซอร์วิส จำกัด,,????,Y,2026-09-23,16,1,0.11,0,Y,,,0,0,0,19x18,Nomjit Suktawee
U,11x101430,บริษัท เออีซี อินดัสเตรียล เซอร์วิส จำกัด,,????,N,,,0,0.00,0,Y,,,2,2,135,19x78,Sarawut Viseshasiri
U,11x101589,SPPM Engineering and Supply,,SV04,N,,,0,0.00,0,Y,,,3,0,0,19x45,Pattamaporn Chadkurupin
U,11x101707,บริษัท ครีเอทีฟเวย์เอ็นจิเนียริ่ง จำกัด,,SV04,N,,,0,0.00,0,Y,,,1,0,0,19x31,Panisa Wongrung
U,11x101709,บริษัท สหมิตร(2014)เอ็นจิเนียริ่งเซอร์วิส จำกัด,,SV01,Y,,,0,0.00,2,Y,,,13,3,641,19x45,Pattamaporn Chadkurupin
U,11x101712,บริษัท อินดัสเตรียล พลัส จำกัด,,SV04,N,,,0,0.00,0,Y,,,3,0,0,19x77,Thitima Plaibua
U,11x101792,บริษัท คอนเทค เทรดดิ้ง จำกัด,,SV01,N,,,0,0.00,0,Y,,,1,0,0,19x45,Pattamaporn Chadkurupin
C,11x101798,P.S.C. STARCH PRODUCTS PCL.,,FD08,N,,,0,0.00,0,Y,,,2,0,0,19x22,
D,11x101810,ห้างหุ้นส่วนจำกัด ฉัตรเพรชแลนด์แอนด์เฮาส์,,CH15,N,,,0,0.00,0,Y,,,1,0,0,19x45,Pattamaporn Chadkurupin
U,11x102168,บริษัท ซันโคคิโค (ประเทศไทย) จำกัด,,SV04,Y,2026-04-21,171,1,0.14,0,Y,,,7,0,0,19x88,Thanaaran Sirawattanamongkol
U,11x102372,บริษัท หกขา จํากัด,,SV04,N,,,0,0.00,0,Y,,,1,0,0,19x70,Kornthanat Suksalee
U,11x102803,ห้างหุ้นส่วนจำกัด ไออี ซัพพลาย,,SV04,N,,,0,0.00,0,Y,,,1,0,0,19x21,Chuanhathai Eakwongsupasarn
U,11x102997,บริษัท พี.เอส.ซี. สตาร์ช โปรดักส์ จำกัด (มหาชน),ชลบุรี,????,N,,,0,0.00,0,Y,150.0,68907,1,0,0,19x34,Kanittha Cheryhom
U,11x103138,บริษัท 666 ทีมวิศวกรรม จำกัด,,SV04,N,,,0,0.00,0,Y,,,1,0,0,19x21,Chuanhathai Eakwongsupasarn
C,11x103148,บริษัท เฮลท์ วอเตอร์ จำกัด,นครปฐม,FD02,N,,,0,0.00,0,Y,120.0,86.44,1,0,0,19x37,Piyanuch Janthanarak
U,11x103417,บจก. ทัสพาว,,SV01,N,,,0,0.00,0,Y,,,1,0,0,19x43,Katewadee Pratipagorn
U,11x103573,บริษัท สตาร์ ไอโอที แอนด์ ออโตเมชั่น จำกัด,,SV04,N,,,0,0.00,0,Y,,,3,0,0,19x45,Pattamaporn Chadkurupin
U,11x103609,บริษัท ซิสเต็มปั๊ม จำกัด,,SV04,N,,,0,0.00,0,Y,,,1,0,0,19x45,Pattamaporn Chadkurupin
U,11x104111,แม็ค มอเตอร์ เซอร์วิส,,SV01,N,,,0,0.00,0,Y,,,3,0,0,19x44,Nuttapong Laplumwanich
B,11x104145,คอมโพสิท ครีเอชั่น,นนทบุรี,CH42,N,,,0,0.00,0,Y,46.0,195.17,1,0,0,19x21,Chuanhathai Eakwongsupasarn
B,11x104197,Chip Mong Insee Cement,,MN05,N,,,0,0.00,0,Y,,,1,0,0,19x21,Chuanhathai Eakwongsupasarn
U,11x104477,"Myanmar Lighting (IPP) Co., Ltd.",,UT01,N,,,0,0.00,0,Y,,,1,0,0,19x45,Pattamaporn Chadkurupin
U,11x104585,Terminal Line,,SV01,N,,,0,0.00,0,Y,,,3,0,0,19x43,Katewadee Pratipagorn
D,11x104587,"Technical Solution Co., Ltd",,UT00,N,,,0,0.00,0,Y,,,20,19,723,19x89,Tanaporn Chanchanaroj
U,11x104621,บริษัท พี.เอส.พี. สเปเชียลตี้ส์ จำกัด (มหาชน),สมุทรสาคร,????,Y,2026-02-20,231,2,0.24,0,Y,128.0,3788.25,7,0,0,19x45,Pattamaporn Chadkurupin
U,11x105134,"China State Construction Engineering (Thailand) Co.,Ltd.",,SV01,N,,,0,0.00,0,Y,,,1,0,0,19x43,Katewadee Pratipagorn
U,11x105529,บริษัท พีค1997 อินดัสเทรียล จำกัด,,SV04,N,,,0,0.00,0,Y,,,1,0,0,19x43,Katewadee Pratipagorn
C,11x105544,บริษัท โมเดิร์น คาส อินเตอร์เนชั่นแนล คอสเมติคส์ จำกัด,,CH05,N,,,0,0.00,0,Y,,,4,2,606,19x37,Piyanuch Janthanarak
B,11x105558,บัคแมน แลบอราทอรี่ส์ (เอเชีย),,CH01,N,,,0,0.00,0,Y,,,2,0,0,19x21,Chuanhathai Eakwongsupasarn
B,11x105760,บริษัท เคทีซีเคมีคอล จำกัด,กรุงเทพมหานคร,CH01,N,,,0,0.00,0,Y,55.0,71,2,0,0,19x21,Chuanhathai Eakwongsupasarn
B,11x105766,บริษัท เอจีซี วีนิไทย จำกัด (มหาชน),สมุทรปราการ,CH01,N,,,0,0.00,0,Y,64.4,59.5,110,10,627,19x89,Tanaporn Chanchanaroj
A,11x105782,เบทาโกร-พระประแดง,,FD05,Y,,,0,0.00,3,Y,,,6,3,443,19x27,Nattawut Junkong
U,11x105941,บริษัท เดอะซิสเตอร์กรุ๊ป จำกัด,,SV04,N,,,0,0.00,0,Y,,,1,0,0,19x70,Kornthanat Suksalee
U,11x106104,บริษัท นิวโมชั่น จำกัด,,SV04,N,,,0,0.00,0,Y,,,1,0,0,19x19,Saovaluck Jangjai
B,11x106122,บริษัท สินฑร (1994) จำกัด,,CH01,N,,,0,0.00,0,Y,,,2,0,0,19x21,Chuanhathai Eakwongsupasarn
D,11x106229,บริษัท  นิปปุ่น (ประเทศไทย) จำกัด,ปทุมธานี,FD99,N,,,0,0.00,0,Y,398.992439,1714.42,1,0,0,19x45,Pattamaporn Chadkurupin
U,11x106233,บริษัท โปรเจค ฟอร์ส(ประเทศไทย) จำกัด,,SV04,N,,,0,0.00,0,Y,,,1,0,0,19x70,Kornthanat Suksalee
D,11x106249,บริษัท ยูไนเต็ดฟู้ดส์ จำกัด (มหาชน),สมุทรปราการ,FD01,N,,,0,0.00,0,Y,350.0,4826.18,1,0,0,19x45,Pattamaporn Chadkurupin
U,11x106319,SSB SIAM,,SV04,N,,,0,0.00,0,Y,,,1,0,0,19x51,Benjamas Tanjit
U,11x106324,Hongsa Power Company Limited,,UT01,Y,2026-08-07,63,1,0.32,0,Y,,,6,0,0,19x45,Pattamaporn Chadkurupin
U,11x106908,INSUM INTERTRADE,,SV04,N,,,0,0.00,0,Y,,,1,0,0,19x51,Benjamas Tanjit
D,11x107542,PVEX,,CH14,N,,,0,0.00,0,Y,,,1,0,0,19x23,Vipoo Srisawadi
D,11x107559,Thai Union Group Public Company Limited,,FD99,N,,,0,0.00,0,Y,,,2,1,352,19x45,Pattamaporn Chadkurupin
U,11x107615,บริษัท ศรีศรัณย์ เอ็นจิเนียริ่ง จำกัด,กรุงเทพมหานคร,????,Y,2026-08-20,50,3,0.19,0,Y,2.0,,4,0,0,19x23,Vipoo Srisawadi
U,11x107668,Noi Global Supply,,SV01,N,,,0,0.00,0,Y,,,1,0,0,19x43,Katewadee Pratipagorn
C,11x107682,บริษัท อีซึ่น แอนด์ โค จำกัด (มหาชน),กรุงเทพมหานคร,CH04,N,,,0,0.00,0,Y,85.0,77.790000000000006,2,0,0,19x70,Kornthanat Suksalee
U,11x107698,Polaris Technical Equipment Trading Service,,SV04,N,,,0,0.00,0,Y,,,2,0,0,19x27,Nattawut Junkong
D,11x107701,GKBI,,CH14,N,,,0,0.00,0,Y,,,1,0,0,19x43,Katewadee Pratipagorn
C,11x107738,บริษัท บีบีจีไอ ไบโอเอทานอล จำกัด (มหาชน),ขอนแก่น,CH16,N,,,0,0.00,0,Y,1100.0,7636.95,19,12,442,19x29,Samantha Tanittha Nilsandhi
U,11x108074,บริษัท ดี-คลาส (ประเทศไทย) จำกัด,สมุทรสาคร,SV04,N,,,0,0.00,0,Y,41.0,155.6,1,0,0,19x45,Pattamaporn Chadkurupin
U,11x108077,บริษัท ไทยคอนเทนเนอร์ขอนแก่น จำกัด บริษัท ไทยคอนเทนเนอร์ขอนแก่น จำกัด,,PP03,N,,,0,0.00,0,Y,,,1,0,0,19x21,Chuanhathai Eakwongsupasarn
B,11x108111,BASF,,CH01,N,,,0,0.00,0,Y,,,7,4,696,19x65,
U,11x108223,ห้างหุ้นส่วนจำกัด เอสเอ็ม อินเตอร์เทคแอนด์เซอร์วิส,,SV01,N,,,0,0.00,0,Y,,,1,0,0,19x45,Pattamaporn Chadkurupin
U,11x108812,บริษัท สไตล์ เอฟ เอ็นจิเนียริ่ง จำกัด,,SV01,Y,2026-09-04,35,1,0.28,0,Y,,,3,1,42,19x70,Kornthanat Suksalee
U,11x108831,ห้างหุ้นส่วนจำกัด แสงอภัย ปั๊ม แอนด์ วาล์ว,,SV04,N,,,0,0.00,0,Y,,,4,0,0,19x70,Kornthanat Suksalee
U,11x108843,"D And B Quality Store Co., Ltd.",,SV01,N,,,0,0.00,0,Y,,,12,2,700,19x34,Kanittha Cheryhom
U,11x109044,บริษัท เบอร์แทรม (1958) จำกัด,ปทุมธานี,SV01,N,,,0,0.00,0,Y,260.0,5581.9211999999998,1,0,0,19x37,Piyanuch Janthanarak
B,11x109711,"Thai Plastic and Chemicals Public Co.,Ltd.",,CH42,N,,,0,0.00,0,Y,,,7,0,0,19x51,Benjamas Tanjit
U,11x109779,บริษัท สุรพลซูพรีมฟู้ดส์ จำกัด,ปราจีนบุรี,????,N,,,0,0.00,0,Y,423.0,10934.91,4,3,514,19x45,Pattamaporn Chadkurupin
U,11x109783,บริษัท พัฒน์กล ไอซ์ โซลูชั่นส์ จำกัด,เพชรบุรี,????,N,,,0,0.00,0,Y,300.0,1854.5,10,2,213,19x19,Saovaluck Jangjai
U,11x109802,บริษัท ลองวิน ไทย จำกัด,,????,Y,2026-06-30,101,1,0.13,0,Y,,,1,0,0,19x51,Benjamas Tanjit
U,11x109851,D.N.Conveyor,,SV01,N,,,0,0.00,0,Y,,,1,0,0,19x19,Saovaluck Jangjai
B,11x109999,Cytec Industries (Thailand) Co Ltd,,CH99,N,,,0,0.00,0,Y,,,1,0,0,19x51,Benjamas Tanjit
U,11x110324,บริษัท แฟรงคลิน (เอเซีย) จำกัด,สมุทรปราการ,SV04,N,,,0,0.00,0,Y,13.5,294,3,1,77,19x70,Kornthanat Suksalee
U,11x110329,Netzsch Thailand Limited,,SV04,N,,,0,0.00,0,Y,,,4,0,0,19x43,Katewadee Pratipagorn
R,11x110483,บริษัท บีเอสที เอเนออส อิลาสโตเมอร์ จำกัด,ระยอง,????,Y,2026-04-21,171,2,0.04,0,Y,9674.62,82813.3,20,0,0,19x90,Patthamanan Pudgajang
U,11x110795,DG Engineer,,SV01,N,,,0,0.00,0,Y,,,3,2,497,19x23,Vipoo Srisawadi
U,11x110949,บริษัท ทรัพย์สกุล จำกัด,สมุทรปราการ,SV04,N,,,0,0.00,0,Y,10.0,8613.07,1,0,0,19x70,Kornthanat Suksalee
U,11x111166,บริษัท ยูนิมิกส์ สตีลเวอร์ค จำกัด,,SV04,N,,,0,0.00,0,Y,,,1,0,0,19x70,Kornthanat Suksalee
U,11x111919,บริษัท เด็มโก้ เพาเวอร์ จำกัด,ลพบุรี,UT01,N,,,0,0.00,0,Y,20.20255,554.04,2,0,0,19x45,Pattamaporn Chadkurupin
A,11x112572,"Thai Union Fasteners Co.,Ltd",,MN99,N,,,0,0.00,0,Y,,,2,0,0,19x45,Pattamaporn Chadkurupin
U,11x112775,บริษัท เคอร์รี่ แอนด์ บราวน์ (ประเทศไทย) จำกัด,,SV01,N,,,0,0.00,0,Y,,,1,0,0,19x21,Chuanhathai Eakwongsupasarn
B,11x112778,"THAI MMA Co., Ltd.",,CH99,N,,,0,0.00,0,Y,,,3,2,599,19x51,Benjamas Tanjit
U,11x112978,บริษัท ลิคิโทมิ  (ประเทศไทย) จำกัด,ฉะเชิงเทรา,SV04,N,,,0,0.00,0,Y,358.0,818,1,0,0,19x45,Pattamaporn Chadkurupin
U,11x113084,บริษัท อีโค วอลล์ จำกัด,,SV01,N,,,0,0.00,0,Y,,,3,2,583,19x21,Chuanhathai Eakwongsupasarn
U,11x113094,ห้างหุ้นส่วนจำกัด ที เอส พี โปรซัพพลาย แอนด์ เซอร์วิส,,SV04,N,,,0,0.00,0,Y,,,1,0,0,19x45,Pattamaporn Chadkurupin
U,11x113170,บริษัท เอเชี่ยน คอร์ปอเรชั่น จำกัด,,PP01,N,,,0,0.00,0,Y,,,1,0,0,19x37,Piyanuch Janthanarak
C,11x113303,บริษัท อีโคเพนท์ จำกัด,สมุทรสาคร,CH04,N,,,0,0.00,0,Y,38.5,498.75,2,1,36,19x70,Kornthanat Suksalee
C,11x113308,บริษัท พรีม่า โพลีเทค จำกัด,สมุทรปราการ,CH09,N,,,0,0.00,0,Y,15.0,0,1,0,0,19x37,Piyanuch Janthanarak
U,11x113643,ดีแอนด์เอ เจเนอรัล ซัพพลาย จำกัด,,SV01,N,,,0,0.00,0,Y,,,5,2,718,19x21,Chuanhathai Eakwongsupasarn
U,11x113815,"DEEKO PROJECT SERVICE CO.,LTD.",,SV01,N,,,0,0.00,0,Y,,,1,0,0,19x51,Benjamas Tanjit
U,11x113871,Currie & Brown,,SV01,N,,,0,0.00,0,Y,,,1,0,0,19x43,Katewadee Pratipagorn
U,11x113906,บริษัท ดี แอนด์ บี ควอลิตี้ สโตร์ จำกัด,,SV01,N,,,0,0.00,0,Y,,,1,0,0,19x37,Piyanuch Janthanarak
D,11x113930,CADBURY ADAMS (THAILAND) LTD,,FD99,N,,,0,0.00,0,Y,,,2,0,0,19x45,Pattamaporn Chadkurupin
U,11x114062,Group Progress Engineering,,SV04,N,,,0,0.00,0,Y,,,1,0,0,19x64,
A,11x114393,บริษัท เอ็นจิเนียริ่ง เอ็กซ์เพิร์ท อินเตอร์เนชั่นแนบ จำกัด (สำนักงานใหญ่),,CH41,N,,,0,0.00,0,Y,,,1,0,0,19x19,Saovaluck Jangjai
U,11x114405,อินโนเวล โฟล์,,SV01,N,,,0,0.00,0,Y,,,2,0,0,19x27,Nattawut Junkong
B,11x114425,UBE CHEMICALS (ASIA) PUBLIC COMPANY LIMITED,,CH99,N,,,0,0.00,0,Y,,,5,1,613,19x51,Benjamas Tanjit
U,11x114429,บริษัท ไทย คีพ จำกัด,,SV04,N,,,0,0.00,0,Y,,,1,0,0,19x31,Panisa Wongrung
U,11x114432,บริษัท เค.เอ็นเออาร์ เอ็นจิเนียริ่ง จำกัด,,SV01,N,,,0,0.00,0,Y,,,1,0,0,19x61,Peeraya Peeploy
B,11x114481,"VANACHAI CHEMICAL INDUSTRIES CO.,LTD.",,CH99,N,,,0,0.00,0,Y,,,6,1,697,19x51,Benjamas Tanjit
U,11x115992,"ASIA NISSIN (THAILAND) CO.,LTD.",,SV01,N,,,0,0.00,0,Y,,,1,0,0,19x51,Benjamas Tanjit
U,11x116007,"Thai Ethoxylate Co., Ltd. (TEX)",,SV01,N,,,0,0.00,0,Y,,,4,0,0,19x55,
U,11x116174,"M&E Technology Co.,Ltd.",,SV04,N,,,0,0.00,0,Y,,,1,0,0,19x45,Pattamaporn Chadkurupin
C,11x116185,บริษัท ไทย สพิริท อินดัสทรี จำกัด,ฉะเชิงเทรา,FD02,Y,2026-01-21,261,1,0.09,0,Y,300.0,4643.9399999999996,3,0,0,19x34,Kanittha Cheryhom
D,11x116186,Borr Drilling,,CH14,N,,,0,0.00,0,Y,,,1,0,0,19x43,Katewadee Pratipagorn
U,11x116347,"PEPSI-COLA (THAI) TRASING CO.,LTD",,????,N,,,0,0.00,0,Y,,,11,1,696,19x18,Nomjit Suktawee
U,11x116354,บริษัท ยูเนี่ยน โฟร์ คอนเซ็ปต์ จำกัด,,????,N,,,0,0.00,0,Y,,,2,0,0,19x18,Nomjit Suktawee
U,11x116390,บริษัท อินโนเวล โฟล์ จำกัด,,????,Y,2026-07-30,71,3,0.32,2,Y,,,9,0,0,19x27,Nattawut Junkong
U,11x116457,Kemin Industries Thailand,,SV01,N,,,0,0.00,0,Y,,,1,0,0,19x27,Nattawut Junkong
U,11x116708,ห้างหุ้นส่วนจำกัด เอสพีพีเอ็ม เอ็นจิเนียริ่งแอนด์ซัพพลาย,,SV04,N,,,0,0.00,0,Y,,,1,0,0,19x45,Pattamaporn Chadkurupin
D,11x117205,เอส.ซี.กรุ๊ป,,CH02,N,,,0,0.00,0,Y,,,2,0,0,19x44,Nuttapong Laplumwanich
U,11x117363,ห้างหุ่นส่วนจำกัด ขุนประสุข สระบุรี มอเตอร์ แอนด์ เซอรืวิส,,SV04,N,,,0,0.00,0,Y,,,2,0,0,19x19,Saovaluck Jangjai
U,11x117667,บริษัท เอทีพี อินโนเวชั่นส์ จำกัด,,UT01,Y,,,0,0.00,12,Y,,,13,11,385,19x92,Napadol Peoksangthip
D,11x117808,อภิชาติไดนาโม,,CH02,N,,,0,0.00,0,Y,,,1,0,0,19x45,Pattamaporn Chadkurupin
U,11x117879,บจก.พรีม่า เจเนซิซ,,SV04,N,,,0,0.00,0,Y,,,1,0,0,19x27,Nattawut Junkong
U,11x119119,บริษัท เด็มโก้ จำกัด (มหาชน),,SV01,N,,,0,0.00,0,Y,,,1,0,0,19x62,Nattawut Hirunlalit
D,11x119254,บริษัท บีบีจีไอ ไบโอดีเซล จำกัด,พระนครศรีอยุธยา,CH14,Y,2026-07-27,74,5,2.13,0,Y,1143.0,51501.69,75,15,732,19x23,Vipoo Srisawadi
U,11x119271,บริษัท เคมิน อินดัสตรีส์ (ประเทศไทย) จำกัด,,????,Y,,,0,0.00,3,Y,,,3,1,631,19x27,Nattawut Junkong
U,11x119769,บริษัท ซับโก้ จำกัด,,SV04,N,,,0,0.00,0,Y,,,1,0,0,19x19,Saovaluck Jangjai
U,11x119771,"Thyssenkrupp Industrial Solutions (Thailand) Ltd.,",,SV04,N,,,0,0.00,0,Y,,,9,3,630,19x51,Benjamas Tanjit
A,11x120337,บริษัท โกรเบสท์คอร์โพเรชั่น จํากัด,,FD05,N,,,0,0.00,0,Y,,,2,0,0,19x70,Kornthanat Suksalee
B,11x120701,SOLVAY (THAILAND) LIMITED,,CH99,N,,,0,0.00,0,Y,,,2,1,632,19x51,Benjamas Tanjit
B,11x120735,"Circular Plas Co., Ltd.",,CH42,N,,,0,0.00,0,Y,,,4,0,0,19x51,Benjamas Tanjit
U,11x120833,"MCLA Asia Co.,Ltd",,SV01,N,,,0,0.00,0,Y,,,1,0,0,19x55,
B,11x120889,TPC PASTE RESIN COMPANY LIMITED,,CH42,N,,,0,0.00,0,Y,,,17,2,365,19x51,Benjamas Tanjit
D,11x120944,บริษัท ไทยเมทัลโปรดักส์อินดัสตรีย์ จำกัด,นนทบุรี,CH02,Y,2026-03-30,193,1,0.59,4,Y,43.0,481.5,11,3,519,19x45,Pattamaporn Chadkurupin
B,11x121135,บริษัท โปร ดีซีเอ็ม จำกัด,,UT99,N,,,0,0.00,0,Y,,,3,0,0,19x21,Chuanhathai Eakwongsupasarn
U,11x121297,เอ็ม.เจ.พี.เค. มอเตอร์,,SV01,N,,,0,0.00,0,Y,,,1,0,0,19x44,Nuttapong Laplumwanich
U,11x121413,"GRD TECH CO., LTD",,SV01,N,,,0,0.00,0,Y,,,1,0,0,19x43,Katewadee Pratipagorn
U,11x121553,ห้างหุ้นส่วนจำกัด ขุนประสุข สระบุรี มอเตอร์ แอนด์ เซอร์วิส,,????,N,,,0,0.00,0,Y,,,1,0,0,19x18,Nomjit Suktawee
U,11x121579,"PEPSI-COLA (THAI) TRADING CO.,LTD",กรุงเทพมหานคร,????,Y,2026-03-30,193,1,0.14,0,Y,455.05,,55,4,618,19x45,Pattamaporn Chadkurupin
U,11x121584,บริษัท เพียวริเทค เอ็นจิเนียริ่ง จํากัด,,SV01,N,,,0,0.00,0,Y,,,2,0,0,19x70,Kornthanat Suksalee
D,11x121599,"Sartorius (Thailand) Co.,Ltd",,FD01,N,,,0,0.00,0,Y,,,1,0,0,19x43,Katewadee Pratipagorn
C,11x121602,บริษัท นทีชัย จำกัด,สุราษฎร์ธานี,FD07,N,,,0,0.00,0,Y,323.1,13155.45,10,4,344,19x74,Sujittra Tungprakobjaroen
U,11x121643,ห้างหุ้นส่วนจำกัด เสรีซัพพลายแอนด์เอ็นจิเนียริ่ง,,SV04,N,,,0,0.00,0,Y,,,1,0,0,19x19,Saovaluck Jangjai
U,11x121818,โรงไฟฟ้าวังน้อย,พระนครศรีอยุธยา,UT01,N,,,0,0.00,0,Y,15984.892,2337150.52,2,0,0,19x45,Pattamaporn Chadkurupin
A,11x121878,บริษัท อาร์ที อะกริเทค จำกัด,พิษณุโลก,FD05,N,,,0,0.00,0,Y,129.0,400.71,2,0,0,19x70,Kornthanat Suksalee
U,11x122310,บริษัท ทีเคเอส เวนเชอร์ จํากัด,,SV04,N,,,0,0.00,0,Y,,,5,0,0,19x70,Kornthanat Suksalee
U,11x122830,บริษัท เอ.เอ็ม.เอ็นจิเนียริ่ง แอนด์ ซัพพลายส์ จำกัด,,SV01,N,,,0,0.00,0,Y,,,1,0,0,19x44,Nuttapong Laplumwanich
U,11x123246,บริษัท เมทัลลิค สตีล เซ็นเตอร์ จำกัด,สมุทรปราการ,SV01,N,,,0,0.00,0,Y,534.0,1764,2,0,0,19x70,Kornthanat Suksalee
B,11x123312,บริษัท บุญช่วยอุตสาหกรรม จำกัด,นครปฐม,CH01,Y,,,0,0.00,1,Y,35.0,46651.12,2,0,0,19x21,Chuanhathai Eakwongsupasarn
B,11x123597,บริษัท เอ.อี. โปรเกรสชั่น จำกัด,,UT99,N,,,0,0.00,0,Y,,,2,0,0,19x31,Panisa Wongrung
B,11x123876,Sastech,,CH01,N,,,0,0.00,0,Y,,,2,0,0,19x65,
U,11x123892,ห้างหุ้นส่วนจำกัด ออลนิว ซิสเต็ม,,SV04,N,,,0,0.00,0,Y,,,1,0,0,19x19,Saovaluck Jangjai
U,11x124291,บริษัท มิตรโพรเจคท์เซอร์วิสเซส จำกัด,,SV01,N,,,0,0.00,0,Y,,,3,0,0,19x31,Panisa Wongrung
U,11x124447,บริษัท พีพีพี กรีน คอมเพล็กซ์ จำกัด (มหาชน),ประจวบคีรีขันธ์,????,Y,2026-05-29,133,1,0.04,0,Y,3375.0,79629.850000000006,15,3,133,19x45,Pattamaporn Chadkurupin
U,11x124486,บริษัท ปตท.สผ.เอนเนอร์ยี่ ดีเวลลอปเมนท์ จำกัด,,????,Y,2026-02-06,245,2,0.29,0,Y,,,6,0,0,19x43,Katewadee Pratipagorn
U,11x125613,บริษัท พรีม่า เจเนซิซ จำกัด,,????,N,,,0,0.00,0,Y,,,2,0,0,19x18,Nomjit Suktawee
D,11x125641,ห้างหุ้นส่วนจำกัดแสงตะเคียน,,CH02,N,,,0,0.00,0,Y,,,1,0,0,19x45,Pattamaporn Chadkurupin
B,11x125696,บริษัท แมส ออโตเมชั่น จำกัด,,UT99,N,,,0,0.00,0,Y,,,4,0,0,19x78,Sarawut Viseshasiri
U,11x125703,หจก.บุญรักษา เอ็นจิเนียริ่ง ซัพพลาย,,SV01,N,,,0,0.00,0,Y,,,1,0,0,19x37,Piyanuch Janthanarak
U,11x125739,คุณสุทัศน์ บุญศรี,,SV04,N,,,0,0.00,0,Y,,,1,0,0,19x45,Pattamaporn Chadkurupin
U,11x125994,บริษัท เพียวริเทค เอ็นจิเนียริ่ง จำกัด,กรุงเทพมหานคร,SV01,N,,,0,0.00,0,Y,0.0,277,3,0,0,19x19,Saovaluck Jangjai
U,11x126116,คุณราเชน,,SV04,N,,,0,0.00,0,Y,,,2,0,0,19x43,Katewadee Pratipagorn
U,11x126268,บริษัท เอ็นไวรอนเม็นท์พัลพ์ แอนด์ แพคเกจจิ้ง จำกัด,นครสวรรค์,PP01,N,,,0,0.00,0,Y,1270.0,34670.01,2,0,0,19x34,Kanittha Cheryhom
B,11x126466,บริษัท เอส.คิว.ไอ.ปิโตรเคม อินดัสตรี้ส์ จำกัด,,CH01,N,,,0,0.00,0,Y,,,1,0,0,19x21,Chuanhathai Eakwongsupasarn
U,11x127381,"Front Wheel Industry Co., Ltd",,SV01,N,,,0,0.00,0,Y,,,1,0,0,19x43,Katewadee Pratipagorn
U,11x127433,บริษัท เอส. จี. ซัพพลาย จำกัด,,????,N,,,0,0.00,0,Y,,,1,0,0,19x18,Nomjit Suktawee
C,11x127903,"Rich Prosper Co.,Ltd",,CH06,N,,,0,0.00,0,Y,,,1,0,0,19x74,Sujittra Tungprakobjaroen
B,11x128066,โรงแรมโกลเดน ทิวลิป ซอฟเฟอริน พระราม 9,กรุงเทพ,UT99,N,,,0,0.00,0,Y,,,2,0,0,19x43,Katewadee Pratipagorn
B,11x128482,บริษัท โตโยต้า ทูโช เอ็ม แอนด์ อี (ประเทศไทย) จำกัด,,UT99,Y,2026-05-29,133,1,0.15,8,Y,,,7,3,400,19x77,Thitima Plaibua
U,11x128599,พิรญาณ์ ซัพพลาย แอนด์ เอ็นจิเนียริง,,SV04,N,,,0,0.00,0,Y,,,1,0,0,19x27,Nattawut Junkong
U,11x128786,Rayong wire industries Public company Limited,,SV01,N,,,0,0.00,0,Y,,,1,0,0,19x55,
A,11x128789,คาร์กิลล์สยาม-เพชรบุรี,,FD05,Y,,,0,0.00,1,Y,,,3,0,0,19x27,Nattawut Junkong
U,11x128814,บริษัท ริกค์ เทคโนโลยี (ประเทศไทย) จำกัด,,SV04,N,,,0,0.00,0,Y,,,12,8,710,19x34,Kanittha Cheryhom
B,11x128880,บริษัท พีค อินโนวาเทค จำกัด,,UT99,N,,,0,0.00,0,Y,,,3,2,220,19x31,Panisa Wongrung
U,11x128896,E.S.I. (THAILAND) COMPANY LIMITED,,SV04,N,,,0,0.00,0,Y,,,1,0,0,19x51,Benjamas Tanjit
U,11x128906,"WIN INNOTECH CO.,LTD.",,SV04,N,,,0,0.00,0,Y,,,1,0,0,19x51,Benjamas Tanjit
U,11x129341,SPO AGRO,,SV01,N,,,0,0.00,0,Y,,,1,0,0,19x23,Vipoo Srisawadi
U,11x129425,บริษัท เอส.ไอ.พี.สยามอินเตอร์แปซิฟิค จำกัด,กรุงเทพมหานคร,SV01,N,,,0,0.00,0,Y,96.0,2436,1,0,0,19x70,Kornthanat Suksalee
D,11x129429,MBK,,UT00,N,,,0,0.00,0,Y,,,1,0,0,19x43,Katewadee Pratipagorn
D,11x129444,บริษัท น้ำมันอพอลโล (ไทย) จำกัด,ปทุมธานี,CH14,N,,,0,0.00,0,Y,11.0,47.26,2,0,0,19x44,Nuttapong Laplumwanich
U,11x129615,บริษัท โพรเม่ เทรดดิ้ง จำกัด,,SV04,N,,,0,0.00,0,Y,,,2,0,0,19x70,Kornthanat Suksalee
A,11x129630,บริษัท แอ็กซอลตา โค้ทติ้ง ซิสเต็มส์ (ประเทศไทย) จำกัด,สมุทรปราการ,CH03,N,,,0,0.00,0,Y,216.535858,160,2,0,0,19x70,Kornthanat Suksalee
C,11x129696,"Bridgestone Specialty Tire Manufacturing(Thailand) Co.,Ltd.",,AG02,N,,,0,0.00,0,Y,,,11,4,149,19x51,Benjamas Tanjit
D,11x129757,ASIAN INSULATORS,,FD03,N,,,0,0.00,0,Y,,,1,0,0,19x45,Pattamaporn Chadkurupin
A,11x129923,บริษัท เอส พี เอ็ม อาหารสัตว์ จำกัด,ราชบุรี,FD05,Y,,,0,0.00,1,Y,216.0,3869.2,2,0,0,19x70,Kornthanat Suksalee
U,11x129925,บริษัท ดิโอลอจิก จำกัด,,SV04,N,,,0,0.00,0,Y,,,1,0,0,19x31,Panisa Wongrung
U,11x130517,"Volutech Machinery Co.,Ltd",,SV01,N,,,0,0.00,0,Y,,,2,2,420,19x55,
B,11x131299,สนามกอร์ฟ อัลไพน์,,OT99,N,,,0,0.00,0,Y,,,1,0,0,19x44,Nuttapong Laplumwanich
B,11x131314,บริษัท แพลนท์ อีควิปเม้นท์,,UT99,N,,,0,0.00,0,Y,,,1,0,0,19x75,
U,11x131424,"SFLOW TECHNOLOGY TRADING CO., LTD.",,SV01,N,,,0,0.00,0,Y,,,9,0,0,19x70,Kornthanat Suksalee
D,11x131435,บริษัท ง่วนเชียงอุตสาหกรรมอาหาร จำกัด,สมุทรปราการ,FD01,N,,,0,0.00,0,Y,694.082242,5598.4,1,0,0,19x45,Pattamaporn Chadkurupin
U,11x131488,บริษัท เพอร์เฟคโซลูชั่น แอนด์ คอนเซาส์แตนท์ จำกัด,,SV01,N,,,0,0.00,0,Y,,,1,0,0,19x44,Nuttapong Laplumwanich
U,11x131531,บริษัท พีดับบลิวเค เซอร์วิส จำกัด,,SV01,N,,,0,0.00,0,Y,,,3,0,0,19x37,Piyanuch Janthanarak
U,11x132107,POWER  LINE  ENGINEERING  PUBLIC  COMPANY  LIMITED.,กรุงเทพ,SV01,N,,,0,0.00,0,Y,,,3,1,318,19x43,Katewadee Pratipagorn
U,11x132483,บริษัท บาส-รีลีฟ จำกัด,พระนครศรีอยุธยา,SV01,N,,,0,0.00,0,Y,33.0,359.01,5,2,367,19x70,Kornthanat Suksalee
D,11x132485,บริษัท เอ ไอ พอร์ตส์ แอนด์ เทอร์มินัลส์ จำกัด,,FD03,N,,,0,0.00,0,Y,,,2,0,0,19x45,Pattamaporn Chadkurupin
D,11x132487,siamsubmanee,,FD99,N,,,0,0.00,0,Y,,,1,0,0,19x23,Vipoo Srisawadi
B,11x132498,บริษัท ฉัตรพร ช็อป (2005) จำกัด,สมุทรปราการ,UT99,N,,,0,0.00,0,Y,0.0,463.5,1,0,0,19x31,Panisa Wongrung
U,11x132549,"VR BETZ CO., LTD.",,SV04,N,,,0,0.00,0,Y,,,1,0,0,19x45,Pattamaporn Chadkurupin
C,11x132623,บริษัท สมบูรณ์ แพ็คเกจจิ้ง (888) จำกัด,สมุทรสาคร,CH43,N,,,0,0.00,0,Y,127.0,25309.93,1,0,0,19x21,Chuanhathai Eakwongsupasarn
U,11x132675,"GOODTEAM CONSTRUCTION CO.,LTD.",,SV04,N,,,0,0.00,0,Y,,,1,0,0,19x37,Piyanuch Janthanarak
D,11x132703,ยะลาสหพันธ์แก๊ส,,CH02,N,,,0,0.00,0,Y,,,2,0,0,19x44,Nuttapong Laplumwanich
C,11x132778,บริษัท เยนเนอร์ราลดรั๊กส์เฮ้าส์ จำกัด,ปทุมธานี,CH05,N,,,0,0.00,0,Y,440.0,3519.2,1,0,0,19x34,Kanittha Cheryhom
U,11x132786,บริษัท พีเอสที เอ็นจิเนียริ่ง แอนด์ ซัพพลาย จำกัด,,SV01,N,,,0,0.00,0,Y,,,3,2,389,19x70,Kornthanat Suksalee
B,11x132798,บริษัท เลนโซ่ เทอร์มินอล จำกัด,สมุทรปราการ,CH01,N,,,0,0.00,0,Y,165.0,1002,1,0,0,19x31,Panisa Wongrung
U,11x132813,บริษัท เอ็นพีเอ็น ซัพพลาย กรุ๊ป จำกัด,,SV04,N,,,0,0.00,0,Y,,,1,0,0,19x45,Pattamaporn Chadkurupin
U,11x132876,Sanpya Engineering,,SV04,N,,,0,0.00,0,Y,,,3,2,413,19x43,Katewadee Pratipagorn
U,11x132880,"SUPREME ENGINEERING & SUPPLY CO.,LTD.",,SV04,N,,,0,0.00,0,Y,,,1,0,0,19x61,Peeraya Peeploy
U,11x132965,"NPNSUPPLYGROUP CO.,LTD",,SV01,N,,,0,0.00,0,Y,,,1,0,0,19x23,Vipoo Srisawadi
A,11x133024,บริษัท บิ๊กเบน (เพนท์) จำกัด,สมุทรสาคร,CH03,N,,,0,0.00,0,Y,1.0,146.69999999999999,3,0,0,19x70,Kornthanat Suksalee
U,11x133039,บริษัท บาส - รีลีฟ จำกัด,พระนครศรีอยุธยา,????,N,,,0,0.00,0,Y,33.0,359.01,1,1,366,19x18,Nomjit Suktawee
U,11x133264,บริษัท เอต้า คอร์ปอเรชั่น จำกัด,,SV01,N,,,0,0.00,0,Y,,,2,0,0,19x37,Piyanuch Janthanarak
U,11x133443,Srifah Progress,,SV04,N,,,0,0.00,0,Y,,,1,0,0,19x43,Katewadee Pratipagorn
B,11x133590,modern distaff,,UT99,N,,,0,0.00,0,Y,,,1,0,0,19x23,Vipoo Srisawadi
B,11x133593,บริษัท สยาม ดาเทค อินดัสตรี,สมุทรปราการ,CH42,N,,,0,0.00,0,Y,152.010495,2995.09,1,0,0,19x21,Chuanhathai Eakwongsupasarn
B,11x133636,บริษัท ทีเอชซี อะโกรไซแอนส์ จำกัด,สมุทรปราการ,CH01,N,,,0,0.00,0,Y,54.6,277.57,2,1,548,19x77,Thitima Plaibua
U,11x133759,"HiCOP Energy Co.,Ltd.",,SV01,N,,,0,0.00,0,Y,,,1,0,0,19x51,Benjamas Tanjit
U,11x133811,บริษัท เอ เอส ที อินโนเวชั่น เทคโนโลยี จำกัด,,SV04,N,,,0,0.00,0,Y,,,1,0,0,19x43,Katewadee Pratipagorn
U,11x133824,SFLOW ENGINEERING TRADING COMPANY,,????,N,,,0,0.00,0,Y,,,3,0,0,19x70,Kornthanat Suksalee
U,11x133924,Thai Nippon Steel,,XX00,N,,,0,0.00,0,Y,,,2,2,400,19x47,Patipan Suksangiam
U,11x133930,Siam Modified Starch,,XX00,N,,,0,0.00,0,Y,,,2,0,0,19x47,Patipan Suksangiam
U,11x133941,Mitsubishi Heavy Industry,,XX00,N,,,0,0.00,0,Y,,,1,1,407,19x47,Patipan Suksangiam
C,11x135149,บริษัท ไทยยัง เคมีคอล จำกัด,สมุทรปราการ,CH09,N,,,0,0.00,0,Y,312.92,197,3,1,9,19x34,Kanittha Cheryhom
U,11x135546,"ASIA POWER ENGINEERING SYSTEM CO., LTD.",,SV04,N,,,0,0.00,0,Y,,,1,0,0,19x45,Pattamaporn Chadkurupin
U,11x135558,ห้างหุ้นส่วนจำกัด อุดมทรัพย์ มอเตอร์ เซอร์วิส แอนด์ ซัพพลาย,,SV04,N,,,0,0.00,0,Y,,,4,1,731,19x19,Saovaluck Jangjai
U,11x135560,LPN,,SV01,N,,,0,0.00,0,Y,,,1,0,0,19x43,Katewadee Pratipagorn
B,11x135601,คุณมีน,,OT99,N,,,0,0.00,0,Y,,,1,0,0,19x31,Panisa Wongrung
D,11x135982,บริษัท เอฟแอนด์เอ็น แดรี่ส์ (ประเทศไทย),พระนครศรีอยุธยา,FD01,N,,,0,0.00,0,Y,859.0,39144.620000000003,2,0,0,19x44,Nuttapong Laplumwanich
U,11x136127,DMS Dexon Mechanical Solution,,SV01,N,,,0,0.00,0,Y,,,1,0,0,19x55,
U,11x136259,บริษัท ฟาสเทค ทูลส์ จำกัด,,SV04,N,,,0,0.00,0,Y,,,1,0,0,19x19,Saovaluck Jangjai
U,11x136336,SES INTERNATIONAL BV,,????,Y,2026-05-05,157,1,0.17,0,Y,,,7,1,701,19x90,Patthamanan Pudgajang
D,11x136376,เซอร์คูล่า เอ็นเนอร์ยี,ปทุมธานี,CH14,N,,,0,0.00,0,Y,800.0,7587.44,4,0,0,19x44,Nuttapong Laplumwanich
U,11x136383,endress & Hauser,,SV01,N,,,0,0.00,0,Y,,,3,1,266,19x43,Katewadee Pratipagorn
U,11x136386,บริษัท ทีเค เอ็นจิเนียริ่ง แอนด์ พาร์ท จำกัด,,SV01,N,,,0,0.00,0,Y,,,2,1,634,19x43,Katewadee Pratipagorn
U,11x136678,"Hilco Asia Co., Ltd.",,SV01,N,,,0,0.00,0,Y,,,2,0,0,19x21,Chuanhathai Eakwongsupasarn
U,11x136684,บริษัท เอ็น เค ห้าเจ็ดเจ็ด จำกัด,,SV04,N,,,0,0.00,0,Y,,,1,0,0,19x19,Saovaluck Jangjai
U,11x136805,บริษัท เอสเอ็ม พาวเวอร์ เอ็นจิเนียริ่ง จำกัด,,SV01,N,,,0,0.00,0,Y,,,2,0,0,19x34,Kanittha Cheryhom
U,11x136959,บริษัท วอเตอร์ เทค ซิสเต็ม จำกัด,,SV04,N,,,0,0.00,0,Y,,,1,0,0,19x21,Chuanhathai Eakwongsupasarn
D,11x136962,ห้างหุ้นส่วนจำกัด แอสเซนด์ กราวด์เซอรวิส,,CH02,N,,,0,0.00,0,Y,,,1,0,0,19x45,Pattamaporn Chadkurupin
U,11x137114,"TOSPLANT ENGINEERING (THAILAND) CO., LTD.",,SV01,N,,,0,0.00,0,Y,,,2,0,0,19x51,Benjamas Tanjit
U,11x137408,"PANA 888 CO., LTD.",,SV01,N,,,0,0.00,0,Y,,,1,0,0,19x43,Katewadee Pratipagorn
U,11x137457,GC Maintenance and Engineering Company Limited,,SV01,N,,,0,0.00,0,Y,,,14,8,394,19x51,Benjamas Tanjit
B,11x137492,บริษัท ทูล แอนด์ เทคโนโลยี จำกัด,,UT99,N,,,0,0.00,0,Y,,,1,0,0,19x31,Panisa Wongrung
B,11x137571,บริษัท ไสว วิศวการ จำกัด,,UT99,N,,,0,0.00,0,Y,,,1,0,0,19x75,
U,11x137581,บริษัท นิธิณัฐกร เอ็นจิเนียริ่ง จํากัด,,SV01,N,,,0,0.00,0,Y,,,1,0,0,19x23,Vipoo Srisawadi
U,11x137672,บริษัท เคไนน์ เอนจิเนียริ่ง แอนด์ เซอร์วิส จำกัด,,SV04,N,,,0,0.00,0,Y,,,2,0,0,19x31,Panisa Wongrung
U,11x137674,บริษัท ซีลโปร จำกัด,,SV01,N,,,0,0.00,0,Y,,,1,0,0,19x37,Piyanuch Janthanarak
U,11x137681,ห้างหุ้นส่วนจำกัด แอสเซนด์ กราวด์ เซอร์วิส,,????,N,,,0,0.00,0,Y,,,1,0,0,19x45,Pattamaporn Chadkurupin
U,11x137734,บริษัท ไฟโก จำกัด,,SV01,N,,,0,0.00,0,Y,,,1,0,0,19x45,Pattamaporn Chadkurupin
U,11x138034,บริษัท เอ็กซ์เพิร์ท เมนเทนแนนซ์ แอนด์ เซอร์วิส จำกัด,,SV04,N,,,0,0.00,0,Y,,,3,0,0,19x34,Kanittha Cheryhom
U,11x138135,GULF NC COMPANY LIMITED,,UT01,N,,,0,0.00,0,Y,,,1,0,0,19x45,Pattamaporn Chadkurupin
U,11x138236,บริษัท ดี วินเนอร์ กรุ๊ป จำกัด,,SV04,N,,,0,0.00,0,Y,,,1,0,0,19x19,Saovaluck Jangjai
U,11x138364,"PK POWERTECH CO., LTD.",,SV04,N,,,0,0.00,0,Y,,,3,0,0,19x45,Pattamaporn Chadkurupin
D,11x138386,บริษัท แอ๊บโซลูท โปรดักส์ จำกัด,สกลนคร,FD03,N,,,0,0.00,0,Y,300.0,40651.599999999999,8,1,606,19x45,Pattamaporn Chadkurupin
U,11x138426,"Ultimate Commercial Co., Ltd;",,SV01,N,,,0,0.00,0,Y,,,2,1,305,19x23,Vipoo Srisawadi
U,11x138453,บริษัท อินดี้ เทค โซลูชั่น จำกัด,,SV01,N,,,0,0.00,0,Y,,,1,0,0,19x70,Kornthanat Suksalee
B,11x138549,บริษัท ดับ บลิว เอช เอ คอร์ปอเรชั่น จำกัด,สมุทรปราการ,UT99,N,,,0,0.00,0,Y,838.0,2723.5,1,0,0,19x44,Nuttapong Laplumwanich
U,11x138855,Endress+Hauser (Thailand) Ltd,,SV01,N,,,0,0.00,0,Y,,,2,0,0,19x43,Katewadee Pratipagorn
A,11x139405,บริษัท พีเอชเอ ออโตเมชั่น จำกัด,,SV07,N,,,0,0.00,0,Y,,,1,0,0,19x70,Kornthanat Suksalee
B,11x139407,นิธิณัฐกร เอ็นจิเนี่ยริ่ง,,UT99,N,,,0,0.00,0,Y,,,1,0,0,19x23,Vipoo Srisawadi
U,11x139602,บริษัท อูเอโน่ (ประเทศไทย) จำกัด,,SV04,N,,,0,0.00,0,Y,,,2,0,0,19x70,Kornthanat Suksalee
U,11x140004,บริษัท ศรีสุข เอ็นจิเนียริ่ง จำกัด,,SV04,N,,,0,0.00,0,Y,,,1,0,0,19x45,Pattamaporn Chadkurupin
U,11x140171,บริษัท เอชอาร์ดี (ประเทศไทย) จำกัด,,SV04,N,,,0,0.00,0,Y,,,1,0,0,19x70,Kornthanat Suksalee
D,11x140205,GGC KTIS BIOINDUSTRIAL COMPANY LIMITED.,,CH14,N,,,0,0.00,0,Y,,,2,2,617,19x43,Katewadee Pratipagorn
U,11x140398,"Asian Tech & Engineering Co., Ltd.",,SV04,N,,,0,0.00,0,Y,,,1,0,0,19x36,
B,11x140925,"JS TECH CO.,LTD.",,UT99,N,,,0,0.00,0,Y,,,1,0,0,19x54,
D,11x141436,rurh pumpen,,CH14,N,,,0,0.00,0,Y,,,1,0,0,19x23,Vipoo Srisawadi
B,11x142188,เสรีภู่พิสิฐ,เชียงใหม่,CH01,N,,,0,0.00,0,Y,4.4,86,1,0,0,19x75,
U,11x142634,"HRD (Thailand) Co., Ltd.",,XX00,N,,,0,0.00,0,Y,,,1,0,0,19x24,
U,11x143381,บริษัท โชคสุวรรณเอ็นจิเนียริ่ง จำกัด,,SV04,N,,,0,0.00,0,Y,,,2,0,0,19x45,Pattamaporn Chadkurupin
B,11x143769,"CUMMINS DKSH (THAILAND) CO., LTD.",,UT99,N,,,0,0.00,0,Y,,,1,0,0,19x45,Pattamaporn Chadkurupin
U,11x143848,WTM TECHNICAL & SUPPLY LIMITED PARTNERSHIP,,SV04,N,,,0,0.00,0,Y,,,3,1,669,19x37,Piyanuch Janthanarak
C,11x143900,บริษัท สตาร์ทีม โกลบอล (ประเทศไทย) จํากัด,,EI00,N,,,0,0.00,0,Y,,,1,0,0,19x37,Piyanuch Janthanarak
B,11x143991,เออีซี เทรดเซ็นเตอร์ บางปะอิน โฮเซล,,OT99,N,,,0,0.00,0,Y,,,1,0,0,19x44,Nuttapong Laplumwanich
U,11x144025,บริษัท พลอยภัค จำกัด,,SV04,N,,,0,0.00,0,Y,,,1,0,0,19x37,Piyanuch Janthanarak
B,11x144072,ซิโนบริต,,OT99,N,,,0,0.00,0,Y,,,1,0,0,19x44,Nuttapong Laplumwanich
D,11x144074,ดาลอง แก็ส แอนด์ ปิโตรเคมิคัล,,CH02,N,,,0,0.00,0,Y,,,1,0,0,19x44,Nuttapong Laplumwanich
U,11x144150,Oil Tech,,SV01,N,,,0,0.00,0,Y,,,1,0,0,19x24,
C,11x144161,บริษัท จีจีซี เคทิส ไบโออินดัสเทรียล จำกัด,นครสวรรค์,CH16,N,,,0,0.00,0,Y,5800.0,407886,21,13,724,19x34,Kanittha Cheryhom
B,11x144207,บริษัท เออี แอนด์ ดี (ไทยแลนด์) จำกัด,,UT99,N,,,0,0.00,0,Y,,,1,0,0,19x31,Panisa Wongrung
D,11x144295,BBGI Biodiesel,,CH14,N,,,0,0.00,0,Y,,,1,0,0,19x23,Vipoo Srisawadi
U,11x144302,บริษัท คิงส์ ออฟ วาล์ว (ปราจีนบุรี) จำกัด,,SV01,N,,,0,0.00,0,Y,,,1,0,0,19x19,Saovaluck Jangjai
R,11x144347,บริษัท ซีอาร์3 (ประเทศไทย) จำกัด,ระยอง,SV01,N,,,0,0.00,0,Y,66.0,171.31,6,2,470,19x44,Nuttapong Laplumwanich
C,11x144644,CITY EQUIPMENTS MC,,FD07,N,,,0,0.00,0,Y,,,1,0,0,19x37,Piyanuch Janthanarak
D,11x144672,บริษัท ราชาแดรี่ โปรดักส์ จำกัด,ลพบุรี,FD99,N,,,0,0.00,0,Y,111.0,291.2,1,0,0,19x45,Pattamaporn Chadkurupin
U,11x144734,อีสเทริน์ ซี ออยล์ แอนด์ คอนสตรัคชั่น,,SV04,N,,,0,0.00,0,Y,,,1,0,0,19x19,Saovaluck Jangjai
U,11x144764,World pump,,SV01,N,,,0,0.00,0,Y,,,1,0,0,19x45,Pattamaporn Chadkurupin
D,11x144852,บริษัท โปร ฟิตติ้ง จำกัด,,FD99,N,,,0,0.00,0,Y,,,1,0,0,19x45,Pattamaporn Chadkurupin
U,11x144897,บริษัท บีที ซัพพอร์ทพาร์ท แอนด์ เซอร์วิส จำกัด,,SV01,N,,,0,0.00,0,Y,,,2,0,0,19x70,Kornthanat Suksalee
U,11x144992,บริษัท ไอ- คอนส์ เอเชีย  จำกัด,ขอนแก่น,????,Y,2026-10-03,6,3,0.12,0,Y,1.8,178.7,0,0,0,19x18,Nomjit Suktawee
U,11x145080,"Vertex Engineering Co.,Ltd",,XX00,N,,,0,0.00,0,Y,,,1,0,0,19x51,Benjamas Tanjit
U,11x145573,บริษัท เอเทค โปรดักชั่น จำกัด,,SV04,N,,,0,0.00,0,Y,,,5,0,0,19x45,Pattamaporn Chadkurupin
U,11x145619,Honda Tsusho (Thailand),,EL01,N,,,0,0.00,0,Y,,,1,0,0,19x36,
U,11x145799,ASKO Equipment Company Limited,,XX00,N,,,0,0.00,0,Y,,,1,0,0,19x22,
U,11x146048,U pro chem,,EL01,N,,,0,0.00,0,Y,,,2,1,680,19x55,
U,11x146092,"TNBT TECH & ENGINEERING CO., LTD.",,SV01,N,,,0,0.00,0,Y,,,1,0,0,19x51,Benjamas Tanjit
U,11x146102,ห้างหุ้นส่วนจำกัด เวิร์ค เซอร์วิส เอ็นจิเนียริ่ง ซิสเท็มส์,,SV04,N,,,0,0.00,0,Y,,,1,0,0,19x19,Saovaluck Jangjai
U,11x146145,ห้างหุ้นส่วนจำกัด สุราษฎร์ แมคคานิค ซัพพลาย,,SV04,N,,,0,0.00,0,Y,,,1,0,0,19x45,Pattamaporn Chadkurupin
U,11x146470,"AQUASYSTEM CO., LTD.",,SV04,N,,,0,0.00,0,Y,,,6,3,536,19x31,Panisa Wongrung
U,11x146472,อะควาซิซเท็ม (ประเทศไทย) จำกัด,,SV04,N,,,0,0.00,0,Y,,,1,0,0,19x31,Panisa Wongrung
D,11x147537,spie oil and service,,CH14,N,,,0,0.00,0,Y,,,4,1,641,19x23,Vipoo Srisawadi
U,11x147540,FPT,,SV01,N,,,0,0.00,0,Y,,,2,0,0,19x23,Vipoo Srisawadi
A,11x147550,CP Laos,,FD05,N,,,0,0.00,0,Y,,,1,0,0,19x27,Nattawut Junkong
B,11x147553,ห้างหุ้นส่วนจำกัด พีพี คอนแนคชั่น แอนด์ เซอร์วิส,,UT99,N,,,0,0.00,0,Y,,,1,0,0,19x1,Administrator
U,11x147556,บริษัท กรีน เวิลด์ อควา เทคโนโลยี่ จำกัด,,SV01,N,,,0,0.00,0,Y,,,1,0,0,19x74,Sujittra Tungprakobjaroen
U,11x147825,บริษัท เช้นค์ โปรเซส (ประเทศไทย) จำกัด,,SV04,N,,,0,0.00,0,Y,,,1,0,0,19x70,Kornthanat Suksalee
A,11x148058,เซนทาโก-หนองแค,,FD05,Y,,,0,0.00,2,Y,,,1,0,0,19x27,Nattawut Junkong
U,11x148133,บริษัท สยามเครื่องชั่งและวิศวกรรม จำกัด,สมุทรปราการ,SV01,Y,,,0,0.00,1,Y,129.818666,545.58000000000004,3,0,0,19x19,Saovaluck Jangjai
U,11x148139,บริษัท โรจนพัฒน์ เอ็นจิเนียริ่ง จำกัด,,SV01,N,,,0,0.00,0,Y,,,1,0,0,19x70,Kornthanat Suksalee
U,11x148257,บริษัท ทริปเปิ้ล พี แมชชีนเนอรี่ (ประเทศไทย) จำกัด,,SV01,N,,,0,0.00,0,Y,,,2,1,2,19x70,Kornthanat Suksalee
D,11x148344,บริษัท โอท๊อป-มาดเท่ จำกัด,ชุมพร,FD99,N,,,0,0.00,0,Y,11.5,64,1,0,0,19x45,Pattamaporn Chadkurupin
U,11x148399,บริษัท เอ็นเดรส แอนด์ เฮาเซอร์ (ไทยแลนด์)  จำกัด,,????,N,,,0,0.00,0,Y,,,4,1,382,19x23,Vipoo Srisawadi
U,11x148485,"TME Co.,LTD",,SV04,N,,,0,0.00,0,Y,,,1,0,0,19x45,Pattamaporn Chadkurupin
U,11x148678,บริษัท เอชเคซี โซลูชั่น จำกัด,,SV04,N,,,0,0.00,0,Y,,,1,0,0,19x43,Katewadee Pratipagorn
C,11x148706,บริษัท มูซาชิ เพ้นท์ แมนูเฟคเจอริ่ง ( ประเทศไทย ) จำกัด,,CH04,N,,,0,0.00,0,Y,,,1,0,0,19x70,Kornthanat Suksalee
U,11x148758,บริษัท สยามอินดัสเตรียลปั๊ม แอนด์ เซอร์วิส จำกัด,,SV01,N,,,0,0.00,0,Y,,,1,0,0,19x37,Piyanuch Janthanarak
C,11x148781,บริษัท ไอกะ ไทยเคมีภัณฑ์ จำกัด,สมุทรปราการ,AG03,Y,2026-09-23,16,2,0.56,0,Y,17.8,19651.7,46,8,247,19x34,Kanittha Cheryhom
C,11x148856,บริษัท บูรณ์ออริจินส์ จำกัด,กรุงเทพมหานคร,CH04,Y,,,0,0.00,1,Y,4.75,293.75,4,0,0,19x70,Kornthanat Suksalee
U,11x148869,MEGA INTERRADE AND SERVICE,,XX00,N,,,0,0.00,0,Y,,,1,0,0,19x22,
U,11x149187,Thai tank,,SV01,N,,,0,0.00,0,Y,,,1,0,0,19x55,
B,11x149371,บริษัท เอ็นเอสอาร์ พริซิชั่น จำกัด,,UT99,N,,,0,0.00,0,Y,,,1,0,0,19x1,Administrator
A,11x150554,บริษัท สยามซานิทารีแวร์อินดัสทรี จำกัด (โรงงานหินกอง),,MN03,N,,,0,0.00,0,Y,,,1,0,0,19x19,Saovaluck Jangjai
U,11x151054,บริษัท มิสซิเบิล เทคโนโลยี จำกัด,,SV04,Y,2026-02-20,231,1,0.40,4,Y,,,8,4,701,19x88,Thanaaran Sirawattanamongkol
B,11x152038,อุตสาหกรรมจารบีไทย,กรุงเทพมหานคร,CH99,N,,,0,0.00,0,Y,6.0,93,1,0,0,19x45,Pattamaporn Chadkurupin
U,11x152154,บริษัท ไทยสยาม เอ็นจิเนียริ่ง แอนด์ เซอร์วิส จำกัด,,SV04,N,,,0,0.00,0,Y,,,6,3,477,19x23,Vipoo Srisawadi
U,11x152490,"YONG TRADING & SERVICE CO., LTD.",,XX00,N,,,0,0.00,0,Y,,,1,0,0,19x22,
A,11x152531,บริษัท อาร์ พี เอส ซี เคมิคอล จำกัด,นครปฐม,CH03,N,,,0,0.00,0,Y,99.0,350,4,0,0,19x70,Kornthanat Suksalee
B,11x152612,ARTELIA ENGINEERING Limited,,UT99,N,,,0,0.00,0,Y,,,3,2,667,19x23,Vipoo Srisawadi
U,11x152629,บริษัท เอจีซี วีนิไทย  จำกัด  (มหาชน),สมุทรปราการ,????,N,,,0,0.00,0,Y,64.4,59.5,1,0,0,19x18,Nomjit Suktawee
U,11x152690,บริษัท สังข์อ่องเทรดดิ้ง แอนด์ เอ็นจิเนียริ่ง จำกัด,,SV04,N,,,0,0.00,0,Y,,,1,0,0,19x45,Pattamaporn Chadkurupin
U,11x152760,"THAI TOKO ENGINEERING CO., LTD.",,SV01,N,,,0,0.00,0,Y,,,4,0,0,19x43,Katewadee Pratipagorn
U,11x152792,Floyd Public,,SV01,N,,,0,0.00,0,Y,,,1,0,0,19x27,Nattawut Junkong
U,11x152821,บริษัท ไมนฮาร์ท (ประเทศไทย) จำกัด,,SV04,N,,,0,0.00,0,Y,,,2,0,0,19x45,Pattamaporn Chadkurupin
B,11x153001,บริษัท โตโยต้า มอเตอร์ ประเทศไทย จำกัด (โรงงานเกตเวย์),,UT99,Y,,,0,0.00,2,Y,,,1,0,0,19x1,Administrator
B,11x153477,เออีซี เทรด์ เซนต์เทอร์,,OT99,N,,,0,0.00,0,Y,,,3,0,0,19x44,Nuttapong Laplumwanich
U,11x153629,บริษัท มาโร เวิลด์ เทค จำกัด,,SV04,N,,,0,0.00,0,Y,,,1,0,0,19x78,Sarawut Viseshasiri
U,11x154359,บริษัท เพาเวอร์ อินเตอร์เทรด จำกั,,SV04,N,,,0,0.00,0,Y,,,1,0,0,19x21,Chuanhathai Eakwongsupasarn
D,11x154726,เชียงใหม่ บลูเฟลม,,CH02,N,,,0,0.00,0,Y,,,1,0,0,19x44,Nuttapong Laplumwanich
C,11x154739,บริษัท พรีฟอร์มด์ ไลน์ โปรดัคส์ (ประเทศไทย) จำกัด,กรุงเทพมหานคร,CH09,N,,,0,0.00,0,Y,122234.0,1689.39,1,0,0,19x34,Kanittha Cheryhom
U,11x155066,บริษัท บลูแกส จำกัด,,????,N,,,0,0.00,0,Y,,,3,2,400,19x45,Pattamaporn Chadkurupin
U,11x155074,บริษัท เอ็นเดรส แอนด์ เฮาเซอร์(ไทยแลนด์)  จำกัด,,????,Y,2026-02-06,245,1,0.06,0,Y,,,3,0,0,19x18,Nomjit Suktawee
R,11x155109,บริษัท บริดจสโตน สเปเชียลตี้ ไทร์ แมนูแฟคเจอริ่ง (ประเทศไทย) จำกัด,ระยอง,????,N,,,0,0.00,0,Y,0.0,32997.64,1,1,387,19x18,Nomjit Suktawee
U,11x155575,บริษัท ไท คอนโซลิเดเต็ด เมนเทนแนนซ์ จำกัด,,SV04,N,,,0,0.00,0,Y,,,1,0,0,19x23,Vipoo Srisawadi
D,11x155602,บริษัท อุสาหกรรมจารบีไทย จำกัด,,CH14,N,,,0,0.00,0,Y,,,1,0,0,19x45,Pattamaporn Chadkurupin
U,11x155605,บริษัท ฟาสเทน ออยล์ จำกัด,กรุงเทพ,SV01,Y,2026-07-27,74,2,0.10,15,Y,,,4,0,0,19x43,Katewadee Pratipagorn
U,11x156212,บริษัท บี บี เอส กรุ๊ป จำกัด,,SV04,N,,,0,0.00,0,Y,,,1,0,0,19x78,Sarawut Viseshasiri
U,11x156644,บริษัท เบสท์เมทัลเวอร์ค จำกัด,ชลบุรี,SV01,N,,,0,0.00,0,Y,21.0,297,1,0,0,19x43,Katewadee Pratipagorn
U,11x156664,บริษัท ไอทีอี-แอ๊คมี่ จอยท์ เวนเจอร์ จำกัด,,????,N,,,0,0.00,0,Y,,,2,0,0,19x43,Katewadee Pratipagorn
U,11x156674,บริษัท ไทยเบฟเวอเรจ  เอ็นเนอร์ยี่   จำกัด,ปทุมธานี,????,N,,,0,0.00,0,Y,304.28,4108.51,1,1,589,19x18,Nomjit Suktawee
A,11x156711,บริษัท เซอาห์ พรีซิชั่น เมทัล (ประเทศไทย) จำกัด,ชลบุรี,MT02,N,,,0,0.00,0,Y,0.0,5301.1,1,0,0,19x70,Kornthanat Suksalee
U,11x156994,"Acteus (Thailand) Co., Ltd",,SV04,N,,,0,0.00,0,Y,,,2,1,220,19x45,Pattamaporn Chadkurupin
U,11x157075,บริษัท เอสทีพี คอร์ปอเรชั่น จำกัด,,SV01,N,,,0,0.00,0,Y,,,1,0,0,19x37,Piyanuch Janthanarak
C,11x157452,บริษัท เกษตรไทย อินเตอร์เนชั่นแนล ชูการ์ คอร์ปอเรชั่น จำกัด,นครสวรรค์,FD09,N,,,0,0.00,0,Y,695.0,144324.1,2,1,273,19x37,Piyanuch Janthanarak
A,11x157499,เบทาโกร-รัตภูมิ,,FD05,N,,,0,0.00,0,Y,,,7,5,557,19x27,Nattawut Junkong
A,11x157534,บริษัท แมนูแฟคเจอร์ โอเวอร์ฮอล ราพิด แอนด์ ออพติมอล จำกัด,,FD05,N,,,0,0.00,0,Y,,,1,0,0,19x19,Saovaluck Jangjai
U,11x157560,Celestica (Thailand) Limited,,UT01,N,,,0,0.00,0,Y,,,2,0,0,19x51,Benjamas Tanjit
B,11x157682,บริษัท ทีเอ็นดี สตีล จำกัด,,MN01,N,,,0,0.00,0,Y,,,1,0,0,19x70,Kornthanat Suksalee
U,11x157691,บริษัท เซาท์เมคานิกส์ จำกัด,,SV01,N,,,0,0.00,0,Y,,,1,0,0,19x37,Piyanuch Janthanarak
U,11x157809,ห้างหุ้นส่วนจำกัด หาดใหญ่ พี.เอ็ม.คอนโทรล,,SV04,N,,,0,0.00,0,Y,,,1,0,0,19x37,Piyanuch Janthanarak
C,11x157867,บริษัท เอส.เอส.การสุรา จำกัด,อุบลราชธานี,FD06,Y,2026-02-06,245,1,0.40,0,Y,284.7,12920.22,7,3,645,19x74,Sujittra Tungprakobjaroen
B,11x157983,บริษัท พิริยะคอนโทรล จำกัด,,UT99,N,,,0,0.00,0,Y,,,1,0,0,19x1,Administrator
U,11x158206,"Nishiyama Corporation (Thailand) Co., Ltd.",,SV01,N,,,0,0.00,0,Y,,,2,0,0,19x51,Benjamas Tanjit
U,11x158420,บริษัท โนวาเท็ค จำกัด,ปทุมธานี,????,N,,,0,0.00,0,Y,16.65,409.2,3,2,578,19x18,Nomjit Suktawee
R,11x158445,บริษัท จีซี เมนเทนแนนซ์ แอนด์ เอนจิเนียริง จำกัด,ระยอง,????,N,,,0,0.00,0,Y,1493.992708,428.15199999999999,5,3,305,19x18,Nomjit Suktawee
U,11x158454,บริษัท บริดจสโตน สเปเชียลตี้ ไทร์,,????,N,,,0,0.00,0,Y,,,1,0,0,19x51,Benjamas Tanjit
D,11x158912,five star mechanic,,FD99,N,,,0,0.00,0,Y,,,1,0,0,19x23,Vipoo Srisawadi
U,11x158972,บริษัท เอส เจ ที เอ็นจิเนียริ่ง แอนด์ ซัพพลาย จำกัด,,SV01,N,,,0,0.00,0,Y,,,1,0,0,19x70,Kornthanat Suksalee
U,11x159519,บริษัท พีเอ็นพี ซีลลิ่ง จำกัด,,SV04,N,,,0,0.00,0,Y,,,6,5,221,19x70,Kornthanat Suksalee
U,11x159545,บริษัท ไฮเพรส เทคโนโลยี จำกัด,,SV01,N,,,0,0.00,0,Y,,,2,0,0,19x37,Piyanuch Janthanarak
U,11x159708,ห้างหุ้นส่วนจำกัด ส.ธรรมวงษ์ษา,,SV04,N,,,0,0.00,0,Y,,,1,0,0,19x45,Pattamaporn Chadkurupin
C,11x159945,บริษัท อุตสาหกรรมโคราช จำกัด,นครราชสีมา,FD09,N,,,0,0.00,0,Y,294.45,484.02,6,1,659,19x74,Sujittra Tungprakobjaroen
U,11x159954,Multiphase,,XX00,N,,,0,0.00,0,Y,,,1,0,0,19x22,
U,11x159962,"ESS Engineering Solution and Service Co., Ltd",ชลบุรี,SV01,N,,,0,0.00,0,Y,,,2,0,0,19x43,Katewadee Pratipagorn
R,11x160136,บริษัท ซีอาร์ 3 (ประเทศไทย) จำกัด,ระยอง,????,N,,,0,0.00,0,Y,66.0,171.31,7,5,508,19x18,Nomjit Suktawee
U,11x160197,"FLOWLAB & SERVICE CO.,LTD.",,SV04,N,,,0,0.00,0,Y,,,2,0,0,19x45,Pattamaporn Chadkurupin
U,11x160272,"Tooling Service Centre Co.,Ltd.",,SV01,N,,,0,0.00,0,Y,,,1,0,0,19x74,Sujittra Tungprakobjaroen
C,11x160306,TANNING INDUSTRIAL ZONE K.M. 30 COMPANY LIMITED,,UT03,N,,,0,0.00,0,Y,,,2,0,0,19x77,Thitima Plaibua
U,11x160324,"J.P.S Civil & Engineering Co.,Ltd.",,SV01,N,,,0,0.00,0,Y,,,1,0,0,19x22,
U,11x160347,the architects & turnkey limited,,SV04,N,,,0,0.00,0,Y,,,1,0,0,19x23,Vipoo Srisawadi
C,11x160811,บริษัท สยามวัฒนา เมนเทนแนนซ์ เซอร์วิส จำกัด,,AG99,N,,,0,0.00,0,Y,,,2,0,0,19x51,Benjamas Tanjit
A,11x160888,ซีพีเอฟ-โชคชัย,,FD05,N,,,0,0.00,0,Y,,,1,0,0,19x27,Nattawut Junkong
U,11x160963,ENVICCO,,XX00,N,,,0,0.00,0,Y,,,4,1,123,19x65,
U,11x161235,บริษัท มิสเตอร์ ซิสเท็ม จำกัด,,SV04,N,,,0,0.00,0,Y,,,1,0,0,19x23,Vipoo Srisawadi
U,11x161334,บริษัท เคพีซี โฮลดิ้ง จำกัด,,SV01,N,,,0,0.00,0,Y,,,3,2,415,19x70,Kornthanat Suksalee
B,11x162808,"OIZURU (THAILAND) CO., LTD.",,CH42,N,,,0,0.00,0,Y,,,1,0,0,19x77,Thitima Plaibua
U,11x163096,บริษัท โรจน์ชวนนท์ จำกัด,ฉะเชิงเทรา,SV04,N,,,0,0.00,0,Y,6.9,496.5,1,0,0,19x45,Pattamaporn Chadkurupin
A,11x163098,"A.K.S Service and Supply co.,ltd",,OM00,N,,,0,0.00,0,Y,,,1,0,0,19x79,
U,11x163104,"Sennics (Thailand) Co., Ltd.",,XX00,N,,,0,0.00,0,Y,,,1,0,0,19x51,Benjamas Tanjit
U,11x163258,ลี้บุ้นเซ็งการไฟฟ้า,,SV01,N,,,0,0.00,0,Y,,,3,0,0,19x19,Saovaluck Jangjai
U,11x163299,บริษัท เดวา เวลส์ พลัส จำกัด,,SV04,N,,,0,0.00,0,Y,,,2,0,0,19x29,Samantha Tanittha Nilsandhi
B,11x163394,siam city cement,,MN05,N,,,0,0.00,0,Y,,,11,8,470,19x23,Vipoo Srisawadi
U,11x163480,บริษัท ทูลลิ่ง เซอร์วิส เซ็นเตอร์ จำกัด,,SV01,N,,,0,0.00,0,Y,,,1,0,0,19x37,Piyanuch Janthanarak
U,11x163484,บริษัท ทีเอ็นที โปร เอ็นจิเนียริ่ง จำกัด,,SV04,N,,,0,0.00,0,Y,,,3,0,0,19x77,Thitima Plaibua
U,11x163544,"PIE SOLUTION CO., LTD",,SV01,N,,,0,0.00,0,Y,,,4,3,660,19x22,
D,11x163575,Kellogg (Thailand) Company Limited,,FD01,N,,,0,0.00,0,Y,,,3,0,0,19x51,Benjamas Tanjit
U,11x163847,บริษัท แอลเคซี เอ็นจิเนียร์ริ่ง ซัพพลาย แอนด์ พาร์ท จำกัด,,SV04,N,,,0,0.00,0,Y,,,1,0,0,19x19,Saovaluck Jangjai
U,11x163902,บริษัทแสงเจริญ ฟาวน์ดรี (1987) จำกัด,สมุทรปราการ,SV01,N,,,0,0.00,0,Y,35.0,12530.7,2,0,0,19x70,Kornthanat Suksalee
B,11x163908,Neo Corporate Public Company Limited,,CH01,N,,,0,0.00,0,Y,,,1,0,0,19x80,Jidapa Sriwattanakulkij
U,11x164354,บริษัท แมคโดเวล ดัคลาส จำกัด,,SV01,N,,,0,0.00,0,Y,,,1,0,0,19x19,Saovaluck Jangjai
U,11x164537,บริษัท เค คิไค แมชีนเนอรี่ จำกัด,,SV01,N,,,0,0.00,0,Y,,,1,0,0,19x19,Saovaluck Jangjai
D,11x164788,PAP Gas,,CH02,N,,,0,0.00,0,Y,,,3,1,137,19x44,Nuttapong Laplumwanich
D,11x164964,Bangkok Expressway and Metro Public Company Limited,,TP00,N,,,0,0.00,0,Y,,,3,0,0,19x45,Pattamaporn Chadkurupin
U,11x166001,บริษัท ยูนิเทค จำกัด,,SV04,N,,,0,0.00,0,Y,,,1,0,0,19x29,Samantha Tanittha Nilsandhi
A,11x166042,ไทยเม็ททอล,,MT02,N,,,0,0.00,0,Y,,,1,0,0,19x27,Nattawut Junkong
B,11x166068,SCG packaging PLC,,CH42,Y,,,0,0.00,3,Y,,,1,0,0,19x77,Thitima Plaibua
A,11x166397,เบทาโกร-ฉะเชิงเทรา,,FD05,Y,,,0,0.00,4,Y,,,3,1,345,19x27,Nattawut Junkong
U,11x166610,นพดล ซอและ,,SV04,N,,,0,0.00,0,Y,,,1,0,0,19x45,Pattamaporn Chadkurupin
U,11x166688,Northern Gulf Petroleum PTE Ltd.,,SV01,N,,,0,0.00,0,Y,,,1,0,0,19x23,Vipoo Srisawadi
B,11x166710,บริษัท ซับเทอร่า จำกัด,,CH42,N,,,0,0.00,0,Y,,,1,0,0,19x80,Jidapa Sriwattanakulkij
C,11x166712,บจก. เมโทรพลาย,,AG01,N,,,0,0.00,0,Y,,,1,0,0,19x37,Piyanuch Janthanarak
B,11x166759,"THC AGROSCIENCE CO., LTD.",,CH11,Y,,,0,0.00,7,Y,,,3,0,0,19x77,Thitima Plaibua
B,11x166798,บริษัท ไอโบ จำกัด,,UT99,N,,,0,0.00,0,Y,,,1,0,0,19x79,
U,11x166882,BORN INTERTRADE LIMITED,,SV01,N,,,0,0.00,0,Y,,,1,0,0,19x45,Pattamaporn Chadkurupin
U,11x166981,บริษัท สแตค เอส เอช เค (ประเทศไทย) จำกัด,สมุทรปราการ,SV01,N,,,0,0.00,0,Y,2.0,205.64,2,1,729,19x37,Piyanuch Janthanarak
U,11x167003,นิติบุคคลอาคารชุด เคนชิงตัน สุขุมวิท-เทพารักษ์,,SV04,N,,,0,0.00,0,Y,,,1,0,0,19x70,Kornthanat Suksalee
D,11x167007,โรงปรับปรุงคุณภาพน้ำประชานิเวศน์ 3 นนทบุรี,,UT00,N,,,0,0.00,0,Y,,,5,1,296,19x37,Piyanuch Janthanarak
B,11x167050,wanhua chemical,,CH01,N,,,0,0.00,0,Y,,,1,0,0,19x79,
U,11x167089,ห้างหุ้นส่วนจำกัด เบ๊ ชัย แสง,,SV04,N,,,0,0.00,0,Y,,,1,0,0,19x34,Kanittha Cheryhom
U,11x167193,ห้างหุ้นส่วนจำกัด พี แอนด์ ที ทีม,,SV01,N,,,0,0.00,0,Y,,,1,0,0,19x70,Kornthanat Suksalee
A,11x167814,ดีเซล พาร์ท แมชชีนเนอรี่ จำกัด,,MN99,N,,,0,0.00,0,Y,,,1,0,0,19x80,Jidapa Sriwattanakulkij
D,11x169316,FGV Biotechnologies Sdn Bhd,,FD01,N,,,0,0.00,0,Y,,,1,0,0,19x23,Vipoo Srisawadi
U,11x169454,ข้อมูล บริษัท เฟิร์ส เลน อินเตอร์เนชั่นแนล จำกัด,,SV01,N,,,0,0.00,0,Y,,,1,0,0,19x23,Vipoo Srisawadi
D,11x169461,บริษัท ตนุภัท จำกัด,,CH14,N,,,0,0.00,0,Y,,,1,0,0,19x45,Pattamaporn Chadkurupin
C,11x169528,บริษัท กันยงอีเลคทริก จำกัด (มหาชน),สมุทรปราการ,EI00,N,,,0,0.00,0,Y,0.0,10049.69,3,0,0,19x29,Samantha Tanittha Nilsandhi
D,11x169541,ไร่เทียมพืชผล,,FD99,N,,,0,0.00,0,Y,,,1,0,0,19x45,Pattamaporn Chadkurupin
U,11x169561,บริษัท เอ็นโวเท็ค เอ็นจิเนียริ่ง จำกัด,,SV01,N,,,0,0.00,0,Y,,,1,0,0,19x19,Saovaluck Jangjai
U,11x169801,บริษัท อินดัสทรี้โปร จำกัด,,SV04,N,,,0,0.00,0,Y,,,3,0,0,19x19,Saovaluck Jangjai
U,11x169877,บริษัท ปากส์ (ไทยแลนด์) จำกัด,,????,N,,,0,0.00,0,Y,,,2,0,0,19x18,Nomjit Suktawee
U,11x169998,SPECIAL PART CENTER,,SV01,N,,,0,0.00,0,Y,,,1,0,0,19x22,
U,11x170004,Daika,,SV01,N,,,0,0.00,0,Y,,,1,0,0,19x27,Nattawut Junkong
A,11x170021,บริษัท เอเชียเวิลด์เทค อินดัสตรี้ จำกัด,สมุทรสาคร,CH03,N,,,0,0.00,0,Y,140.0,3189,1,0,0,19x70,Kornthanat Suksalee
U,11x170070,บริษัท สตาร์ ฟูเอลส์ มาร์เก็ตติ้ง จำกัด,,????,Y,2026-05-29,133,7,0.76,0,Y,,,19,3,270,19x23,Vipoo Srisawadi
A,11x170088,บริษัท พีพีจี โคทติ้งส์ (มาเลเซีย) จำกัด,,CH03,N,,,0,0.00,0,Y,,,1,0,0,19x70,Kornthanat Suksalee
U,11x170092,อะเดกะไฟน์ เคมีคัล,,SV01,N,,,0,0.00,0,Y,,,1,0,0,19x51,Benjamas Tanjit
U,11x170777,บริษัท สยามคิตแมชชีน จำกัด,,SV04,N,,,0,0.00,0,Y,,,2,0,0,19x29,Samantha Tanittha Nilsandhi
U,11x170785,บริษัท เอทีเอ เอ็นจิเนียริ่ง เซอร์วิส จำกัด,,SV04,N,,,0,0.00,0,Y,,,1,0,0,19x29,Samantha Tanittha Nilsandhi
B,11x171511,ADEKA FINE CHEMICAL (THAILAND),,CH99,N,,,0,0.00,0,Y,,,2,1,372,19x51,Benjamas Tanjit
D,11x171537,Archetype Thailand,,CH14,N,,,0,0.00,0,Y,,,5,2,324,19x23,Vipoo Srisawadi
U,11x171543,โปรแมน ปั้มแอนด์ซีล เซอร์วิส,,SV01,N,,,0,0.00,0,Y,,,1,0,0,19x78,Sarawut Viseshasiri
U,11x171666,บริษัท แพนด้า ยูเอสเอ จำกัด,,SV01,N,,,0,0.00,0,Y,,,1,0,0,19x37,Piyanuch Janthanarak
U,11x171750,"Terkis Co.,ltd",,SV04,N,,,0,0.00,0,Y,,,2,0,0,19x44,Nuttapong Laplumwanich
U,11x171834,บริษัท อินส์แมนเทค จำกัด,,SV01,N,,,0,0.00,0,Y,,,1,0,0,19x70,Kornthanat Suksalee
U,11x171979,Best Pump Engineering 247,,SV01,N,,,0,0.00,0,Y,,,1,0,0,19x43,Katewadee Pratipagorn
C,11x172234,"JTC Technical & Engineering Co,.ltd",,AG99,N,,,0,0.00,0,Y,,,1,0,0,19x51,Benjamas Tanjit
U,11x172500,บริษัท โปสิตรอน เอ็นจิเนียริ่ง จำกัด,ปทุมธานี,SV01,N,,,0,0.00,0,Y,1.5,70.45,1,0,0,19x70,Kornthanat Suksalee
U,11x172553,บริษัท ทีเอสพี ซัพพลาย จำกัด,,SV01,N,,,0,0.00,0,Y,,,2,1,337,19x80,Jidapa Sriwattanakulkij
U,11x172564,ห้างหุ้นส่วนจำกัด ซีเอทูเอส เอ็นจิเนียริ่ง,,SV04,N,,,0,0.00,0,Y,,,4,1,136,19x29,Samantha Tanittha Nilsandhi
A,11x172623,บริษัท อินเตอร์ อิ๊งค์ จำกัด,,CH03,Y,,,0,0.00,1,Y,,,1,0,0,19x70,Kornthanat Suksalee
U,11x172630,บจก. สมิทธ์ เทคโนโลยี,สมุทรสาคร,SV04,N,,,0,0.00,0,Y,21.0,104.41,4,1,364,19x27,Nattawut Junkong
U,11x172664,บริษัท เบสท์ ปั๊ม เอ็นจิเนียริ่ง 2547 จำกัด,,SV04,N,,,0,0.00,0,Y,,,1,0,0,19x80,Jidapa Sriwattanakulkij
U,11x172669,พร.ทรัพย์สุนทร,,SV04,N,,,0,0.00,0,Y,,,1,0,0,19x80,Jidapa Sriwattanakulkij
A,11x172677,ซีพี รีเทลลิงค์,กรุงเทพมหานคร,FD05,N,,,0,0.00,0,Y,163.0,532.21,2,0,0,19x27,Nattawut Junkong
U,11x172743,บริษัท พีเอสซีทู เอ็นจิเนียร์ริ่ง แอน ซัพพลาย จำกัด,,SV04,N,,,0,0.00,0,Y,,,2,0,0,19x45,Pattamaporn Chadkurupin
U,11x172781,CPP,,SV01,N,,,0,0.00,0,Y,,,1,0,0,19x43,Katewadee Pratipagorn
U,11x172787,ห้างหุ้นส่วนจำกัด ไชยถาวร เอ็นจิเนียริ่ง,,SV01,N,,,0,0.00,0,Y,,,2,0,0,19x70,Kornthanat Suksalee
A,11x172789,ซีพีเอฟ-จัดซื้อส่วนกลาง,,FD05,Y,,,0,0.00,1,Y,,,9,7,620,19x27,Nattawut Junkong
B,11x172886,maihug engineering,,UT99,N,,,0,0.00,0,Y,,,1,0,0,19x23,Vipoo Srisawadi
U,11x172890,Howden (Thailand),,XX00,N,,,0,0.00,0,Y,,,1,0,0,19x47,Patipan Suksangiam
U,11x172974,KKV engineering,,SV01,N,,,0,0.00,0,Y,,,1,0,0,19x19,Saovaluck Jangjai
U,11x173027,Bangpa-In Cogeneration Ltd.,,UT01,N,,,0,0.00,0,Y,,,1,0,0,19x45,Pattamaporn Chadkurupin
U,11x173063,บริษัท พี. บี. เอ็ม เอ็นจิเนียริ่ง จำกัด,,SV04,N,,,0,0.00,0,Y,,,6,0,0,19x19,Saovaluck Jangjai
U,11x173065,"DH TRADING CORPORATION CO., LTD.",,SV04,N,,,0,0.00,0,Y,,,1,0,0,19x77,Thitima Plaibua
A,11x173082,เบทาโกร-ลาว,,FD05,N,,,0,0.00,0,Y,,,1,0,0,19x27,Nattawut Junkong
B,11x173134,บริษัท คอนวูด จำกัด,สระบุรี,MN05,N,,,0,0.00,0,Y,38.0,12524.3,1,0,0,19x77,Thitima Plaibua
U,11x173315,บริษัท เอเชี่ยน นิวทริชั่น จำกัด,เพชรบุรี,????,Y,2026-09-04,35,2,0.09,3,Y,145.1,18904.53,20,12,564,19x88,Thanaaran Sirawattanamongkol
U,11x173374,บริษัท สยามแก๊ส แอนด์ ปิโตรเคมีคัลส์ จำกัด   (มหาชน),ขอนแก่น,????,N,,,0,0.00,0,Y,61.1,426.5,1,1,658,19x18,Nomjit Suktawee
U,11x173376,บริษัท อินเตอร์อิงค์ จำกัด,,????,Y,2026-06-25,106,1,0.02,1,Y,,,2,0,0,19x88,Thanaaran Sirawattanamongkol
U,11x173869,บริษัท บียูพีเอส จำกัด,,SV01,Y,2026-02-13,238,1,0.05,0,Y,,,7,3,709,19x19,Saovaluck Jangjai
U,11x174010,บริษัท ยูเรกาออโตเมชั่น จำกัด,ปทุมธานี,SV01,N,,,0,0.00,0,Y,167.0,415.76,1,0,0,19x45,Pattamaporn Chadkurupin
U,11x174169,"P.S.WELL 859 GROUP CO., LTD.",,SV04,N,,,0,0.00,0,Y,,,1,0,0,19x45,Pattamaporn Chadkurupin
D,11x174459,OPS Oilfield Equipment and Services Ltd.,,CH14,N,,,0,0.00,0,Y,,,1,0,0,19x43,Katewadee Pratipagorn
U,11x175057,บริษัท พูลวัฒน์ 999 จำกัด,,SV01,N,,,0,0.00,0,Y,,,2,0,0,19x70,Kornthanat Suksalee
D,11x175183,บริษัท สยาม ลูป ออยล์ จำกัด,ปทุมธานี,CH15,N,,,0,0.00,0,Y,14.0,75,2,0,0,19x45,Pattamaporn Chadkurupin
B,11x175224,kmatech,,OT99,N,,,0,0.00,0,Y,,,1,1,29,19x23,Vipoo Srisawadi
U,11x175715,บริษัท ยู ซอร์ส จำกัด,,SV01,N,,,0,0.00,0,Y,,,1,0,0,19x37,Piyanuch Janthanarak
B,11x175779,EEC,,UT99,N,,,0,0.00,0,Y,,,2,0,0,19x23,Vipoo Srisawadi
D,11x175832,รุ่งอรุณแก๊ส,,CH02,N,,,0,0.00,0,Y,,,1,0,0,19x23,Vipoo Srisawadi
U,11x175848,ห้างหุ้นส่วนจำกัด เอ.พี.อุตสาหกรรม,,SV04,N,,,0,0.00,0,Y,,,1,0,0,19x34,Kanittha Cheryhom
U,11x175915,"SANPYA ENGINEERING ALLIANCE CO., LTD.",,????,N,,,0,0.00,0,Y,,,11,6,723,19x19,Saovaluck Jangjai
U,11x175944,บริษัท เค-มาเทค ซัพพลาย จำกัด,,????,Y,2026-01-15,267,1,0.03,0,Y,,,8,4,315,19x23,Vipoo Srisawadi
U,11x176019,หจก. 39 เจริญการช่าง,นครราชสีมา,SV01,N,,,0,0.00,0,Y,8.0,473,1,0,0,19x27,Nattawut Junkong
U,11x176041,"Y.O. General Supply (1983) Co., Ltd.",,SV04,N,,,0,0.00,0,Y,,,2,1,690,19x27,Nattawut Junkong
U,11x176050,"ULTIMATE ENGINEERING AND SERVICE CO.,LTD.",,SV01,N,,,0,0.00,0,Y,,,2,0,0,19x51,Benjamas Tanjit
U,11x176144,บริษัท โอเอสอี จำกัด,,SV04,N,,,0,0.00,0,Y,,,1,0,0,19x77,Thitima Plaibua
A,11x176175,บริษัท ดูราโฟม จำกัด,,CH41,Y,2026-08-07,63,3,0.18,5,Y,,,8,4,325,19x88,Thanaaran Sirawattanamongkol
U,11x176266,บริษัท พีซี พาร์ท เทค จำกัด,,SV04,N,,,0,0.00,0,Y,,,1,0,0,19x45,Pattamaporn Chadkurupin
B,11x176313,La Serene Escape Samui,,OT99,N,,,0,0.00,0,Y,,,1,0,0,19x23,Vipoo Srisawadi
A,11x176471,บริษัท ทรีวอลล์ จำกัด,,SV07,N,,,0,0.00,0,Y,,,2,0,0,19x70,Kornthanat Suksalee
U,11x176632,บริษัท พรีเมียร์ กรีนเพาเวอร์ จำกัด,,????,Y,,,0,0.00,15,Y,,,2,1,15,19x43,Katewadee Pratipagorn
U,11x176829,บริษัท ซีลเทค(ประเทศไทย) จำกัด,,SV04,N,,,0,0.00,0,Y,,,2,0,0,19x34,Kanittha Cheryhom
U,11x177226,"Arrow Energy Co., Ltd.",,SV04,N,,,0,0.00,0,Y,,,1,0,0,19x45,Pattamaporn Chadkurupin
U,11x177232,บริษัท สยามนาคราช จำกัด,,SV01,N,,,0,0.00,0,Y,,,6,5,497,19x78,Sarawut Viseshasiri
U,11x177791,บริษัท ที.เอส.ซัพพลาย แอนด์ ริชเชช จำกัด,,SV04,N,,,0,0.00,0,Y,,,1,0,0,19x34,Kanittha Cheryhom
U,11x178167,หจก.ศิริยนต์ หาดใหญ่,,SV01,N,,,0,0.00,0,Y,,,1,0,0,19x43,Katewadee Pratipagorn
B,11x178170,Total Energies Corbion Ltd.,,CH99,N,,,0,0.00,0,Y,,,1,0,0,19x83,
U,11x178171,FOSTER WHEELER (THAILAND) LIMITED,,SV04,N,,,0,0.00,0,Y,,,1,0,0,19x78,Sarawut Viseshasiri
B,11x178174,"Thai Nitrate Co.,Ltd (TNC)",,CH99,N,,,0,0.00,0,Y,,,6,2,324,19x51,Benjamas Tanjit
B,11x178180,NEUMAN & ESSER South-East Asia Ltd,,CH99,N,,,0,0.00,0,Y,,,21,14,709,19x51,Benjamas Tanjit
U,11x178240,หจก.เอสดับบลิวพี อีควิปเม้นท์,,SV04,N,,,0,0.00,0,Y,,,1,0,0,19x37,Piyanuch Janthanarak
U,11x178385,บริษัท ฮาคารุ พลัส (ประเทศไทย) จำกัด,,SV01,N,,,0,0.00,0,Y,,,1,0,0,19x19,Saovaluck Jangjai
D,11x178749,สยามสุขสวัสดิ์,,CH02,N,,,0,0.00,0,Y,,,1,0,0,19x44,Nuttapong Laplumwanich
U,11x178827,บริษัท กรีนโปรดักส์แอนด์ซิสเต็มส์ จำกัด,,SV04,N,,,0,0.00,0,Y,,,1,0,0,19x19,Saovaluck Jangjai
U,11x178839,บริษัท เพอร์เฟ็คท์เพาเวอร์ไลน์ จำกัด,,SV04,N,,,0,0.00,0,Y,,,1,0,0,19x29,Samantha Tanittha Nilsandhi
U,11x178856,Industrial Plus,,SV04,N,,,0,0.00,0,Y,,,1,0,0,19x80,Jidapa Sriwattanakulkij
U,11x178900,"LV DEVELOPMENT GROUP CO., LTD.",,SV04,N,,,0,0.00,0,Y,,,1,0,0,19x29,Samantha Tanittha Nilsandhi
U,11x178919,"NA Caltechnologies Co.,Ltd.",,SV01,N,,,0,0.00,0,Y,,,1,0,0,19x23,Vipoo Srisawadi
U,11x179002,ส.ปณชัย,,SV04,N,,,0,0.00,0,Y,,,1,0,0,19x70,Kornthanat Suksalee
U,11x179077,บริษัท วีอาร์พี เทค จำกัด,,SV04,N,,,0,0.00,0,Y,,,1,0,0,19x29,Samantha Tanittha Nilsandhi
U,11x179124,บริษัท เพาเวอร์ เอ็นจิเนียริ่ง โปรดัก จำกัด,,SV01,N,,,0,0.00,0,Y,,,1,0,0,19x23,Vipoo Srisawadi
U,11x179197,บริษัท พรีซิชั่น พาวเวอร์ เซอร์วิส จำกัด,ชลบุรี,????,N,,,0,0.00,0,Y,17.0,106.2,1,1,239,19x78,Sarawut Viseshasiri
U,11x179221,ที.เอส.ซัพพลาย แอนด์ ริชเชช จำกัด,,SV04,N,,,0,0.00,0,Y,,,1,0,0,19x34,Kanittha Cheryhom
U,11x179347,บริษัท รีฟริเทค จํากัด,,SV01,N,,,0,0.00,0,Y,,,1,0,0,19x19,Saovaluck Jangjai
A,11x179349,บริษัท สหมิตรถังแก๊ส จำกัด (มหาชน),กรุงเทพมหานคร,MT02,N,,,0,0.00,0,Y,52.03705,16719.810000000001,1,0,0,19x70,Kornthanat Suksalee
C,11x179357,บริษัท เอ แอล เค อิมปอร์ต แอนด์ เอกซ์ปอร์ต จำกัด,,CH06,N,,,0,0.00,0,Y,,,1,0,0,19x37,Piyanuch Janthanarak
U,11x179443,หจก.บุญรักษา เอ้นจิเนียริ่ง ซัพพลาย,,SV04,N,,,0,0.00,0,Y,,,1,0,0,19x29,Samantha Tanittha Nilsandhi
C,11x179497,บริษัท กิฟฟารีน สกายไลน์ แลบบอราทอรี่ แอนด์ เฮลท์แคร์ จำกัด,ปทุมธานี,CH05,N,,,0,0.00,0,Y,11.260885,1057.8399999999999,1,0,0,19x34,Kanittha Cheryhom
D,11x179704,บีบีจีไอ เฟิร์มบ็อกซ์ ไบโอ,,CH14,N,,,0,0.00,0,Y,,,1,0,0,19x44,Nuttapong Laplumwanich
B,11x179984,OPTICHEM POLYMERS (THAILAND) CO LTD,,CH01,N,,,0,0.00,0,Y,,,1,0,0,19x43,Katewadee Pratipagorn
U,11x180137,KAS ENGINEERING & SOLUTION CO.M LTD,,SV04,N,,,0,0.00,0,Y,,,7,3,168,19x45,Pattamaporn Chadkurupin
U,11x180214,บริษัท สุนิเทค จำกัด,,SV01,N,,,0,0.00,0,Y,,,1,0,0,19x70,Kornthanat Suksalee
D,11x180430,บริษัท สยามอุตสาหกรรมเกษตรอาหาร จำกัด (มหาชน),ประจวบคีรีขันธ์,FD01,N,,,0,0.00,0,Y,120.0,31600.23,1,0,0,19x78,Sarawut Viseshasiri
U,11x181146,"K Power Engineering co.,ltd",,SV01,N,,,0,0.00,0,Y,,,5,1,662,19x70,Kornthanat Suksalee
D,11x181218,"THAI PETROLEUM SUPPORT CO.,LTD. (TXP)",,PE00,N,,,0,0.00,0,Y,,,2,0,0,19x45,Pattamaporn Chadkurupin
U,11x181283,GULF TS4 COMPANY LIMITED,,UT01,N,,,0,0.00,0,Y,,,1,0,0,19x45,Pattamaporn Chadkurupin
B,11x181544,Akara Resources Public Company Limited,,MN01,N,,,0,0.00,0,Y,,,19,16,359,19x89,Tanaporn Chanchanaroj
U,11x181565,"LUSIFER SUPPLY CO., LTD.",,SV04,N,,,0,0.00,0,Y,,,1,0,0,19x45,Pattamaporn Chadkurupin
U,11x181852,"TODOROKI (THAILAND) CO.,LTD.",,SV04,N,,,0,0.00,0,Y,,,1,0,0,19x80,Jidapa Sriwattanakulkij
B,11x181854,Green Gas,,CH01,N,,,0,0.00,0,Y,,,2,0,0,19x23,Vipoo Srisawadi
U,11x181953,บริษัท นิคคะคิ (ประเทศไทย) จำกัด,,SV04,N,,,0,0.00,0,Y,,,1,0,0,19x70,Kornthanat Suksalee
C,11x182048,บริษัท เมอร์ค จำกัด,สมุทรปราการ,CH05,N,,,0,0.00,0,Y,56.95,0,3,1,301,19x74,Sujittra Tungprakobjaroen
B,11x182097,max motor service center,,UT99,N,,,0,0.00,0,Y,,,1,0,0,19x23,Vipoo Srisawadi
U,11x182175,บริษัท แก้วปราการ จำกัด,สมุทรปราการ,SV04,N,,,0,0.00,0,Y,184.296945,6768.05,1,0,0,19x19,Saovaluck Jangjai
U,11x182471,CHATHEEPAT,,SV01,N,,,0,0.00,0,Y,,,1,0,0,19x23,Vipoo Srisawadi
U,11x182530,บริษัท ไทย เบเวอร์เรจ แคน จำกัด,สระบุรี,????,Y,2026-09-28,11,4,0.64,0,Y,5237.000002,8382.23,14,2,654,19x18,Nomjit Suktawee
U,11x182574,"US1 ENGINEERING CO., LTD.",,SV01,N,,,0,0.00,0,Y,,,1,0,0,19x45,Pattamaporn Chadkurupin
U,11x182579,บริษัท เอ็ม-เทค ไทย เอ็นจิเนียริ่ง จำกัด,,SV04,N,,,0,0.00,0,Y,,,2,1,162,19x77,Thitima Plaibua
A,11x182621,บริษัท นิปปอนเพนต์ เดคโคเรทีฟ โคทติ้ง (ประเทศไทย) จำกัด,สมุทรปราการ,CH03,Y,,,0,0.00,2,Y,415.0,1941.26,2,1,551,19x70,Kornthanat Suksalee
U,11x182645,K'Narong,,SV01,N,,,0,0.00,0,Y,,,1,0,0,19x37,Piyanuch Janthanarak
U,11x183493,ห้างหุ้นส่วนจำกัด นีโอ ฮาร์ดแวร์,,SV04,N,,,0,0.00,0,Y,,,2,0,0,19x45,Pattamaporn Chadkurupin
U,11x183964,บริษัท นิปปอนเพนต์ เดคโคเรทีฟ,,????,Y,2026-06-15,116,1,0.04,0,Y,,,3,0,0,19x88,Thanaaran Sirawattanamongkol
U,11x183976,บริษัท สมิทธ์ เทคโนโลยี จำกัด,สมุทรสาคร,????,N,,,0,0.00,0,Y,21.0,104.41,8,3,665,19x23,Vipoo Srisawadi
D,11x184629,techno sol,,FD99,N,,,0,0.00,0,Y,,,1,0,0,19x23,Vipoo Srisawadi
U,11x184643,"KMC Solutions Co., Ltd.",,SV04,N,,,0,0.00,0,Y,,,1,0,0,19x45,Pattamaporn Chadkurupin
U,11x184733,ATEC PRODUCTION,,SV04,N,,,0,0.00,0,Y,,,2,1,620,19x45,Pattamaporn Chadkurupin
U,11x184783,"THAI P.S.MACHINERY CO.,LTD.",,SV04,N,,,0,0.00,0,Y,,,1,0,0,19x80,Jidapa Sriwattanakulkij
C,11x184834,บริษัท มิตซูบิชิ เคมิคอล (ประเทศไทย) จำกัด,ชลบุรี,EI00,Y,,,0,0.00,19,Y,246.0,3470.66,10,5,221,19x74,Sujittra Tungprakobjaroen
B,11x184916,บริษัท บีอาร์เอ็ม เพ้นท์ (ประเทศไทย) จำกัด,,CH01,N,,,0,0.00,0,Y,,,1,0,0,19x77,Thitima Plaibua
U,11x184958,"PNP Sealing Co., Ltd.",,SV04,N,,,0,0.00,0,Y,,,2,1,304,19x45,Pattamaporn Chadkurupin
U,11x184974,"MCLS Asia Co.,Ltd",,SV01,N,,,0,0.00,0,Y,,,7,6,704,19x21,Chuanhathai Eakwongsupasarn
U,11x185052,บริษัท  โชคประชา  อิมพอร์ต แอนด์ เอ็กซ์พอร์ต จำกัด,,SV01,N,,,0,0.00,0,Y,,,2,1,203,19x37,Piyanuch Janthanarak
U,11x185071,บริษัท โฮคุโตะ แมชชีน จำกัด,,SV01,N,,,0,0.00,0,Y,,,1,0,0,19x37,Piyanuch Janthanarak
U,11x185084,บจก. พี.แอนด์ พี.ซี.เอ็นจิเนียริ่ง,,SV01,N,,,0,0.00,0,Y,,,1,0,0,19x37,Piyanuch Janthanarak
U,11x185156,บริษัท ธนสินธิ เอ็นจีเนียริ่ง เซอร์วิส จำกัด,,SV01,N,,,0,0.00,0,Y,,,2,1,511,19x37,Piyanuch Janthanarak
U,11x185160,"PLUSMAX PO CO., LTD.",,SV04,N,,,0,0.00,0,Y,,,1,0,0,19x51,Benjamas Tanjit
A,11x185228,Knauf Gypsum (Thailand) Limited,,MN99,Y,,,0,0.00,2,Y,,,1,0,0,19x77,Thitima Plaibua
U,11x185234,บริษัท คีย์ ซัคเซส ซัพพลาย จำกัด,,SV04,N,,,0,0.00,0,Y,,,1,0,0,19x77,Thitima Plaibua
D,11x185329,บริษัท ลิเดีย ออยล์ (ประเทศไทย) จำกัด,ชลบุรี,CH14,N,,,0,0.00,0,Y,5.0,155,1,0,0,19x45,Pattamaporn Chadkurupin
C,11x185332,electrolux,,EI00,N,,,0,0.00,0,Y,,,5,4,729,19x21,Chuanhathai Eakwongsupasarn
U,11x185349,บริษัท ไทยรุ่งเรืองฟิตติ้ง แอนด์ วาล์ว จำกัด,,SV01,N,,,0,0.00,0,Y,,,1,0,0,19x37,Piyanuch Janthanarak
U,11x185363,บริษัท เบเยอร์ จำกัด,สมุทรปราการ,????,Y,,,0,0.00,9,Y,9.5,3310.5,25,4,665,19x88,Thanaaran Sirawattanamongkol
C,11x185461,บริษัท ไทยไอโซนอล จำกัด,สมุทรสาคร,CH16,N,,,0,0.00,0,Y,1.0,,2,0,0,19x92,Napadol Peoksangthip
U,11x185506,เขตประกอบการอุตสาหกรรมฟอกหนัง กม.30,สมุทรปราการ,SV04,N,,,0,0.00,0,Y,33.0,1493,1,0,0,19x80,Jidapa Sriwattanakulkij
D,11x185532,ฺโบทรี เอ็นจิเนี่ยริ่ง,,CH14,N,,,0,0.00,0,Y,,,6,3,599,19x23,Vipoo Srisawadi
U,11x185908,"Tietex Asia, Ltd",,SV01,Y,,,0,0.00,1,Y,,,1,0,0,19x78,Sarawut Viseshasiri
D,11x185925,บริษัท พัฒนาโฟรเซ่นฟู้ด จำกัด,สมุทรสาคร,FD99,N,,,0,0.00,0,Y,50.0,5923.33,1,0,0,19x45,Pattamaporn Chadkurupin
U,11x185965,บริษัท โฟคอล ทีเอส (ประเทศไทย) จำกัด,,SV04,N,,,0,0.00,0,Y,,,1,0,0,19x19,Saovaluck Jangjai
A,11x186055,บริษัท เดลต้า เมคคานิคส์ จำกัด,,CH03,N,,,0,0.00,0,Y,,,1,0,0,19x70,Kornthanat Suksalee
U,11x186157,บริษัท บีอาร์เอ็ม เพ้นท์ จำกัด,ปทุมธานี,????,N,,,0,0.00,0,Y,13.0,276.95999999999998,1,0,0,19x77,Thitima Plaibua
U,11x186186,บริษัท บางจาก ศรีราชา จำกัด (มหาชน),กรุงเทพมหานคร,????,Y,2026-02-06,245,1,0.36,0,Y,17110.01,,77,1,371,19x23,Vipoo Srisawadi
C,11x186438,Poly plex,,CH04,N,,,0,0.00,0,Y,,,10,7,637,19x43,Katewadee Pratipagorn
U,11x187731,บริษัท แมทเทล กรุงเทพ จำกัด,สมุทรปราการ,SV01,N,,,0,0.00,0,Y,792.07,0,4,0,0,19x19,Saovaluck Jangjai
U,11x187891,บริษัท เจเค ดีไซน์ แอนด์ ซัพพลาย จำกัด,,SV01,N,,,0,0.00,0,Y,,,1,0,0,19x70,Kornthanat Suksalee
U,11x187898,แสงฟ้าก่อสร้าง,,SV01,N,,,0,0.00,0,Y,,,1,0,0,19x23,Vipoo Srisawadi
U,11x187904,WSN Thailand,,SV01,N,,,0,0.00,0,Y,,,1,0,0,19x45,Pattamaporn Chadkurupin
U,11x188105,RIX TECHNOLOGY,,SV01,N,,,0,0.00,0,Y,,,2,1,508,19x78,Sarawut Viseshasiri
U,11x188137,Rangooners,,SV01,N,,,0,0.00,0,Y,,,1,0,0,19x45,Pattamaporn Chadkurupin
U,11x188190,SECT COMPANY LIMITED,,SV01,N,,,0,0.00,0,Y,,,1,0,0,19x55,
A,11x188208,บริษัท เวท ซุปพีเรีย คอนซัลแตนท์ จำกัด,สมุทรสาคร,FD05,N,,,0,0.00,0,Y,105.0,1590,1,0,0,19x70,Kornthanat Suksalee
A,11x188241,บริษัท โกรว์ สเตป จำกัด,,CH03,N,,,0,0.00,0,Y,,,1,0,0,19x70,Kornthanat Suksalee
B,11x188541,"MATSUI (ASIA) CO., LTD.",,CH42,N,,,0,0.00,0,Y,,,1,0,0,19x77,Thitima Plaibua
D,11x188698,หจก.สิงห์อำนวย,จันทบุรี,FD01,N,,,0,0.00,0,Y,65.0,3597.35,1,0,0,19x43,Katewadee Pratipagorn
U,11x188726,"S.A. Petrotech co., Ltd",,SV04,N,,,0,0.00,0,Y,,,1,0,0,19x43,Katewadee Pratipagorn
U,11x188852,บริษัท ฟินิกส์ แมชชีนเนอรี่  จำกัด,,????,N,,,0,0.00,0,Y,,,1,0,0,19x18,Nomjit Suktawee
U,11x188934,หจก. วี.พี. วัฒนา วิศวกรรม,,SV01,N,,,0,0.00,0,Y,,,1,0,0,19x27,Nattawut Junkong
C,11x188980,บริษัท แพลนเตอร์ ยูไนเต็ด จำกัด,,CH06,N,,,0,0.00,0,Y,,,1,0,0,19x74,Sujittra Tungprakobjaroen
U,11x189210,SYSCO Engineering and Supply,,SV01,N,,,0,0.00,0,Y,,,1,0,0,19x78,Sarawut Viseshasiri
U,11x189398,CHRISTIANI & NIELSEN,,SV01,N,,,0,0.00,0,Y,,,1,0,0,19x45,Pattamaporn Chadkurupin
U,11x189540,"Insum Co., Ltd.",,SV01,N,,,0,0.00,0,Y,,,1,0,0,19x78,Sarawut Viseshasiri
A,11x189610,บริษัท คราวน์ เบ็บแคน แอนด์ โคลสเชอร์ส (ประเทศไทย) จำกัด,สระบุรี,MT02,N,,,0,0.00,0,Y,1227.0,7956,3,2,172,19x70,Kornthanat Suksalee
U,11x189654,Curry & Brown,,UT01,N,,,0,0.00,0,Y,,,1,0,0,19x43,Katewadee Pratipagorn
B,11x189900,สยามยิปซัม,,CH13,N,,,0,0.00,0,Y,,,1,0,0,19x85,Katewadee Pratipagorn (B)
A,11x189903,Thai Thamdee,,FD05,N,,,0,0.00,0,Y,,,2,0,0,19x27,Nattawut Junkong
U,11x189906,บริษัท ณ อินเตอร์คูล65 จำกัด,,SV04,N,,,0,0.00,0,Y,,,1,0,0,19x19,Saovaluck Jangjai
U,11x189908,"Rotating Engineering Co.,Ltd.",,SV01,N,,,0,0.00,0,Y,,,2,1,3,19x1,Administrator
D,11x190045,petrofac,,CH14,N,,,0,0.00,0,Y,,,1,0,0,19x23,Vipoo Srisawadi
U,11x190083,บริษัท สมาร์ท ออโตเมชั่น แอนด์ เอ็นจิเนียริ่ง จำกัด,,????,N,,,0,0.00,0,Y,,,1,0,0,19x78,Sarawut Viseshasiri
U,11x190954,บริษัท คิงส์ ออฟ วาล์ว (ชลบุรี) จำกัด,,SV04,N,,,0,0.00,0,Y,,,3,2,379,19x45,Pattamaporn Chadkurupin
U,11x191648,บริษัท พาร์ท โพรไวเดอร์ แอนด์ ซอร์สซิ่ง จำกัด,,SV04,N,,,0,0.00,0,Y,,,4,1,567,19x19,Saovaluck Jangjai
U,11x191815,"THAI CONSOLIDATED MAINTENANCE CO., LTD.",,SV04,N,,,0,0.00,0,Y,,,1,0,0,19x45,Pattamaporn Chadkurupin
C,11x191868,บริษัท นีโอคอสเมด จำกัด,ปทุมธานี,CH05,N,,,0,0.00,0,Y,612.626745,1543.59,3,1,122,19x37,Piyanuch Janthanarak
D,11x191878,บริษัท เอ็น.วี. เนวารา จำกัด,ปทุมธานี,CH14,N,,,0,0.00,0,Y,43.8,295,1,0,0,19x45,Pattamaporn Chadkurupin
U,11x191882,RANKINE ENERGY ENGINEERING AND MAINTENANCE,,SV01,N,,,0,0.00,0,Y,,,1,0,0,19x61,Peeraya Peeploy
U,11x192019,บริษัท เค. ไอ. เอ็ม. เอ็นจิเนียริ่ง จำกัด,กรุงเทพมหานคร,SV04,N,,,0,0.00,0,Y,1.0,,1,0,0,19x45,Pattamaporn Chadkurupin
R,11x192021,บจก. เอสทีซี ไดคาสติ้ง (ไทยแลนด์),ระยอง,UT01,N,,,0,0.00,0,Y,90.0,,1,0,0,19x78,Sarawut Viseshasiri
U,11x192125,Axeall,,SV01,N,,,0,0.00,0,Y,,,3,3,718,19x23,Vipoo Srisawadi
A,11x192150,Ball Beverage Packaging Yangon,,MT02,N,,,0,0.00,0,Y,,,1,0,0,19x70,Kornthanat Suksalee
D,11x192184,build bis k,,CH14,N,,,0,0.00,0,Y,,,1,0,0,19x23,Vipoo Srisawadi
D,11x192186,บริษัท ซี แวลู จำกัด (มหาชน),,FD99,N,,,0,0.00,0,Y,,,1,0,0,19x45,Pattamaporn Chadkurupin
U,11x192229,บริษัท มายด์เซ็ท เบสท์ เพอร์ฟอร์แมนซ์ จำกัด,,SV04,N,,,0,0.00,0,Y,,,1,0,0,19x45,Pattamaporn Chadkurupin
U,11x192295,SB Engineering and Service Company Limited,,SV04,N,,,0,0.00,0,Y,,,1,0,0,19x37,Piyanuch Janthanarak
D,11x192321,ริษัท พี.เอส.พี.สเปเชียลตี้ส์ จำกัด (มหาชน),,CH14,Y,,,0,0.00,1,Y,,,1,1,162,19x45,Pattamaporn Chadkurupin
C,11x192430,Sika (Thailand) Ltd.,,CH09,Y,,,0,0.00,3,Y,,,2,1,239,19x51,Benjamas Tanjit
U,11x192547,NS.91 TRADING COMPANY LIMITED,,SV04,N,,,0,0.00,0,Y,,,1,0,0,19x80,Jidapa Sriwattanakulkij
U,11x192569,The rayal golf and country club,,SV01,N,,,0,0.00,0,Y,,,6,1,333,19x23,Vipoo Srisawadi
U,11x192675,คิงส์ ออฟ วาล์ว (ราชบุรี),,SV01,N,,,0,0.00,0,Y,,,2,1,239,19x27,Nattawut Junkong
U,11x193001,ห้างหุ้นส่วนจำกัด พี เอ เอส อิเลคตริคอล เอ็นจิเนียริ่ง,,SV01,N,,,0,0.00,0,Y,,,1,0,0,19x23,Vipoo Srisawadi
B,11x193008,siam bangna land,,UT99,N,,,0,0.00,0,Y,,,1,0,0,19x23,Vipoo Srisawadi
B,11x193210,บริษัท โตโยต้า มอเตอร์ เอเชีย (ประเทศไทย) จำกัด,ฉะเชิงเทรา,UT99,Y,2026-09-15,24,3,0.33,3,Y,8677.724674,2824.15,64,4,666,19x77,Thitima Plaibua
U,11x193407,"Lusifer Supply Co.,Ltd.",,SV04,N,,,0,0.00,0,Y,,,1,0,0,19x45,Pattamaporn Chadkurupin
U,11x194907,บริษัท ไฮโดรโซน จำกัด,,????,N,,,0,0.00,0,Y,,,1,1,92,19x23,Vipoo Srisawadi
U,11x194916,บริษัท สยาม บางนาแลนด์ จำกัด,,????,N,,,0,0.00,0,Y,,,10,7,731,19x23,Vipoo Srisawadi
U,11x194971,ฮักช้าง,,SV01,N,,,0,0.00,0,Y,,,1,0,0,19x44,Nuttapong Laplumwanich
C,11x195013,บริษัท ลิคิโทมิ (ประเทศไทย) จำกัด,ฉะเชิงเทรา,PP00,N,,,0,0.00,0,Y,358.0,818,1,0,0,19x37,Piyanuch Janthanarak
C,11x195115,Narongdate,,FD07,N,,,0,0.00,0,Y,,,1,0,0,19x74,Sujittra Tungprakobjaroen
C,11x195153,บริษัท อุตสาหกรรมแป้งไทย จำกัด,นครปฐม,FD08,N,,,0,0.00,0,Y,225.0,6723.6,1,0,0,19x37,Piyanuch Janthanarak
D,11x195169,คุณสุรเดช,,UT00,N,,,0,0.00,0,Y,,,1,0,0,19x45,Pattamaporn Chadkurupin
U,11x195182,"Best Supply Tech Co.,Ltd.",,SV04,N,,,0,0.00,0,Y,,,1,0,0,19x45,Pattamaporn Chadkurupin
U,11x195215,บริษัท เค.เอ. อินดัสเทรียล 888 จำกัด,,SV01,N,,,0,0.00,0,Y,,,2,0,0,19x45,Pattamaporn Chadkurupin
U,11x195421,mhi power project thailand co. ltd,,SV01,N,,,0,0.00,0,Y,,,2,0,0,19x84,
U,11x195743,บริษัท เทค โซลูชั่น จำกัด,,SV04,N,,,0,0.00,0,Y,,,1,0,0,19x37,Piyanuch Janthanarak
A,11x196265,Coperion (Thailand) Ltd,,OM00,N,,,0,0.00,0,Y,,,3,2,325,19x45,Pattamaporn Chadkurupin
U,11x196463,บริษัท พีโอเอส ไพร์ด จำกัด,,SV04,Y,,,0,0.00,1,Y,,,1,0,0,19x45,Pattamaporn Chadkurupin
U,11x196637,Thai SY,,SV04,N,,,0,0.00,0,Y,,,1,0,0,19x19,Saovaluck Jangjai
R,11x196937,บริษัท อินกริดิออน (ประเทศไทย) จำกัด,ระยอง,FD08,N,,,0,0.00,0,Y,506.0,22454.48,19,0,0,19x34,Kanittha Cheryhom
A,11x197445,ฮวา หลิน สเตนเลสส์ สตีล อินดัสตรี,เพชรบุรี,MT02,N,,,0,0.00,0,Y,61.886049,590.32000000000005,1,0,0,19x27,Nattawut Junkong
U,11x197662,บริษัท ทีเอ็น แปซิฟิก จำกัด,,SV04,N,,,0,0.00,0,Y,,,1,0,0,19x80,Jidapa Sriwattanakulkij
U,11x197666,STANDARD HYDRAULIC,,SV01,N,,,0,0.00,0,Y,,,1,0,0,19x61,Peeraya Peeploy
B,11x197689,Purac (Thailand) Ltd.,,CH99,N,,,0,0.00,0,Y,,,2,0,0,19x51,Benjamas Tanjit
U,11x197700,"CITY POWER Co.,Ltd",,SV04,N,,,0,0.00,0,Y,,,2,1,625,19x45,Pattamaporn Chadkurupin
U,11x197744,บริษัท ธนเมธา ซัพพลาย จำกัด,,SV04,N,,,0,0.00,0,Y,,,1,0,0,19x37,Piyanuch Janthanarak
D,11x197776,บริษัท น้ำมันบริโภคไทย จำกัด,สมุทรปราการ,FD03,N,,,0,0.00,0,Y,187.889062,5017.8500000000004,5,4,681,19x45,Pattamaporn Chadkurupin
U,11x197786,บริษัท กม.199 ซัพพลาย จำกัด,,SV04,N,,,0,0.00,0,Y,,,2,1,609,19x81,
U,11x197849,M-FORCE,,SV01,N,,,0,0.00,0,Y,,,1,0,0,19x23,Vipoo Srisawadi
U,11x197877,"Flow automech co.,ltd.",,SV04,N,,,0,0.00,0,Y,,,1,0,0,19x80,Jidapa Sriwattanakulkij
U,11x197982,บริษัท ข้าว ซี.พี. จำกัด,พระนครศรีอยุธยา,SV01,N,,,0,0.00,0,Y,106.0,2635.5,3,1,437,19x19,Saovaluck Jangjai
U,11x198019,U-Services Thailand,,SV04,N,,,0,0.00,0,Y,,,4,3,578,19x51,Benjamas Tanjit
U,11x198022,บจก. ไท คอนแทรดติ้ง เมเนจเมนท์,,SV01,N,,,0,0.00,0,Y,,,1,0,0,19x23,Vipoo Srisawadi
A,11x198040,"Perfect Companion Group Co., Ltd.",,FD05,N,,,0,0.00,0,Y,,,24,13,627,19x51,Benjamas Tanjit
U,11x198042,C.U.K.ENGINEERING SUPPLY,,SV04,N,,,0,0.00,0,Y,,,1,0,0,19x51,Benjamas Tanjit
U,11x198044,THAI MEIDENSHA COMPANY LIMITED,,SV01,N,,,0,0.00,0,Y,,,1,0,0,19x80,Jidapa Sriwattanakulkij
U,11x198055,หจก.ธนพงษ์ อุปกรณ์ก่อสร้าง,กรุงเทพมหานคร,SV04,N,,,0,0.00,0,Y,1.8,,3,2,569,19x27,Nattawut Junkong
U,11x198081,"ITALTHAI ENGINEERING CO., LTD.",,SV01,N,,,0,0.00,0,Y,,,1,0,0,19x45,Pattamaporn Chadkurupin
U,11x198084,บริษัท ไซแพค จำกัด,,SV01,N,,,0,0.00,0,Y,,,1,0,0,19x37,Piyanuch Janthanarak
D,11x198168,ESP group Asia,,CH14,N,,,0,0.00,0,Y,,,1,0,0,19x23,Vipoo Srisawadi
U,11x198191,"FIGO Robotic Co.,Ltd",,SV01,N,,,0,0.00,0,Y,,,3,0,0,19x78,Sarawut Viseshasiri
A,11x198347,เบทาโกร-จัดซื้อส่วนกลาง,,FD05,N,,,0,0.00,0,Y,,,1,1,4,19x27,Nattawut Junkong
U,11x198410,ห้างหุ้นส่วนจำกัด ที.ซัน.เทรดดิ้ง,,SV04,N,,,0,0.00,0,Y,,,2,1,331,19x27,Nattawut Junkong
U,11x198435,บริษัท เวริเซฟ จำกัด,,SV01,N,,,0,0.00,0,Y,,,1,0,0,19x23,Vipoo Srisawadi
U,11x198461,Bright Automation,,SV04,N,,,0,0.00,0,Y,,,4,3,703,19x51,Benjamas Tanjit
U,11x198472,บริษัท เจ.เค. อินเตอร์ซัพพลาย จำกัด,,SV04,N,,,0,0.00,0,Y,,,1,0,0,19x77,Thitima Plaibua
U,11x198486,ข้อมูล บริษัท พีเจ เอ็นเนอจี เซอร์วิส จำกัด,,SV01,N,,,0,0.00,0,Y,,,1,0,0,19x23,Vipoo Srisawadi
U,11x198488,บริษัท เคที. เพาเวอร์ เอ็นจิเนียริ่ง จำกัด,,SV01,N,,,0,0.00,0,Y,,,1,0,0,19x37,Piyanuch Janthanarak
A,11x198677,"Siam Tank Terminals Co., Ltd.",,OM00,N,,,0,0.00,0,Y,,,3,2,652,19x89,Tanaporn Chanchanaroj
B,11x198695,THE SIAM CEMENT PUBLIC COMPANY LIMITED,,MN05,N,,,0,0.00,0,Y,,,14,12,555,19x89,Tanaporn Chanchanaroj
U,11x198786,บริษัท สยามแก๊ส แอนด์ ปิโตรเคมีคัลส์  จำกัด  (มหาชน),ขอนแก่น,????,Y,2026-03-30,193,2,0.14,10,Y,61.1,426.5,1,1,268,19x18,Nomjit Suktawee
U,11x198798,MR.LYTHAY  SOEUR,,????,N,,,0,0.00,0,Y,,,1,1,708,19x19,Saovaluck Jangjai
U,11x198832,บริษัท เอ็นเอ แคลเทคโนโลยี จำกัด,,????,N,,,0,0.00,0,Y,,,4,1,352,19x23,Vipoo Srisawadi
U,11x198879,บริษัท คราวน์ เบ็บแคน แอนด์ โคลสเซอร์ส (ประเทศไทย) จำกัด,,????,Y,2026-06-25,106,1,0.03,0,Y,,,2,0,0,19x19,Saovaluck Jangjai
C,11x198887,บริษัท บีบีจีไอ ไบโอเอทานอล จำกัด  (มหาชน),ขอนแก่น,CH16,N,,,0,0.00,0,Y,1100.0,7636.95,1,1,436,19x23,Vipoo Srisawadi
U,11x199656,ห้างหุ้นส่วนจำกัด ศิริยนต์ หาดใหญ่่,,SV04,N,,,0,0.00,0,Y,,,1,0,0,19x45,Pattamaporn Chadkurupin
U,11x200510,MILLIBAR AND SERVICE,,SV04,N,,,0,0.00,0,Y,,,1,1,732,19x45,Pattamaporn Chadkurupin
U,11x200533,บริษัท สิทธิพัชร์ เอ็นจิเนียริ่ง จำกัด,,SV04,N,,,0,0.00,0,Y,,,1,1,731,19x45,Pattamaporn Chadkurupin
D,11x200580,NV5 Mission Critical,,UT00,N,,,0,0.00,0,Y,,,2,2,730,19x62,Nattawut Hirunlalit
A,11x200633,Frayabadi,,CH03,N,,,0,0.00,0,Y,,,1,1,729,19x21,Chuanhathai Eakwongsupasarn
U,11x200635,Asplus engineering and service,,SV04,N,,,0,0.00,0,Y,,,1,1,729,19x21,Chuanhathai Eakwongsupasarn
A,11x200642,Thai Sekisui Foam,,SV07,N,,,0,0.00,0,Y,,,1,1,729,19x27,Nattawut Junkong
U,11x200659,AC Marine,,SV01,N,,,0,0.00,0,Y,,,1,1,728,19x23,Vipoo Srisawadi
U,11x200798,บริษัท เอสซีจี เซรามิกส์ จำกัด  (มหาชน),สระบุรี,????,Y,2026-03-30,193,1,0.01,83,Y,73.4,42887.06,0,0,0,19x18,Nomjit Suktawee
U,11x200825,บริษัท สุรากระทิงแดง (1988)  จำกัด,กำแพงเพชร,????,N,,,0,0.00,0,Y,2999.0,13872.25,4,4,567,19x18,Nomjit Suktawee
U,11x200972,"Rayong Engineering Solution Co., Ltd",,SV04,N,,,0,0.00,0,Y,,,1,1,721,19x51,Benjamas Tanjit
U,11x201000,ข้อมูล บริษัท อีส วัน เอ็นจิเนียริ่ง จำกัด,,SV01,N,,,0,0.00,0,Y,,,1,1,721,19x23,Vipoo Srisawadi
U,11x201047,"Mayekawa (Thailand) Co., Ltd.",,SV04,N,,,0,0.00,0,Y,,,6,5,718,19x45,Pattamaporn Chadkurupin
D,11x201081,BANGKOK INDUSTRIAL GAS COMPANY LIMITED,,CH02,N,,,0,0.00,0,Y,,,7,7,717,19x51,Benjamas Tanjit
U,11x201183,บริษัท เอ็นอาร์ดี อินเตอร์เทค จำกัด,,SV04,N,,,0,0.00,0,Y,,,2,2,714,19x19,Saovaluck Jangjai
U,11x201408,บริษัท โปรปั๊มส์ เกรท คอนฟีเกอร์ จำกัด,,SV04,N,,,0,0.00,0,Y,,,1,1,714,19x77,Thitima Plaibua
U,11x201679,บริษัท ไอทีเอ็ม ซัพพลาย จำกัด,,SV04,N,,,0,0.00,0,Y,,,1,1,710,19x34,Kanittha Cheryhom
U,11x201960,SC Group of Companies,,SV04,N,,,0,0.00,0,Y,,,2,1,637,19x45,Pattamaporn Chadkurupin
U,11x202138,"TN MAKER CO., LTD.",,SV04,N,,,0,0.00,0,Y,,,1,1,708,19x45,Pattamaporn Chadkurupin
U,11x203593,บริษัท เอ็นเวอร์เทค จำกัด,,SV01,N,,,0,0.00,0,Y,,,2,2,702,19x37,Piyanuch Janthanarak
C,11x203595,Thailand Bamboo Factory,,AG02,N,,,0,0.00,0,Y,,,1,1,702,19x34,Kanittha Cheryhom
U,11x203602,เค.แอล.พี. จักรกล,,SV04,N,,,0,0.00,0,Y,,,1,1,702,19x34,Kanittha Cheryhom
U,11x203838,"Unity Engineering and Consultancy Services Co., Ltd.",,SV01,N,,,0,0.00,0,Y,,,1,1,697,19x37,Piyanuch Janthanarak
U,11x203847,บริษัท  พี.ที. แบริ่ง ทูล แอนด์ ซัพพลาย จำกัด,,SV04,N,,,0,0.00,0,Y,,,1,1,697,19x45,Pattamaporn Chadkurupin
U,11x203849,Yutawut,,SV01,N,,,0,0.00,0,Y,,,1,1,696,19x23,Vipoo Srisawadi
U,11x203870,FMC,,SV04,N,,,0,0.00,0,Y,,,1,0,0,19x23,Vipoo Srisawadi
D,11x204049,Surapon Supreme Foods Company,,FD99,N,,,0,0.00,0,Y,,,1,0,0,19x45,Pattamaporn Chadkurupin
U,11x204153,พี.เค.ฟิวเจอร์ เอ็นจิเนียริ่ง,,SV01,N,,,0,0.00,0,Y,,,1,1,689,19x27,Nattawut Junkong
U,11x204220,ห้างหุ้นส่วนจำกัด วี.พี. วัฒนา วิศวกรรม,,????,N,,,0,0.00,0,Y,,,1,1,218,19x27,Nattawut Junkong
U,11x204235,Osaki Trading,,SV01,N,,,0,0.00,0,Y,,,1,1,688,19x45,Pattamaporn Chadkurupin
U,11x204752,บริษัท อินทิเกรทเต็ด ควอลิตี้ เซอร์วิสเซส จำกัด,,SV04,N,,,0,0.00,0,Y,,,1,1,682,19x45,Pattamaporn Chadkurupin
C,11x204771,บริษัท เชอร์วู้ด คอร์ปอเรชั่น (ประเทศไทย) จำกัด (มหาชน),ฉะเชิงเทรา,CH06,N,,,0,0.00,0,Y,345.0,947.17,4,3,682,19x34,Kanittha Cheryhom
U,11x204775,"Chaiwatthana Engineering Co., Ltd.",,SV01,N,,,0,0.00,0,Y,,,2,2,682,19x21,Chuanhathai Eakwongsupasarn
U,11x204787,บริษัท มานาม เอ็นจิเนียริ่ง จำกัด,,SV04,N,,,0,0.00,0,Y,,,1,1,682,19x29,Samantha Tanittha Nilsandhi
U,11x204826,บริษัท โรเททติ้ง เอ็นจิเนียริ่ง จำกัด,,SV04,N,,,0,0.00,0,Y,,,6,6,682,19x45,Pattamaporn Chadkurupin
U,11x205258,บริษัท โปรเฟนเทค จำกัด,,SV01,N,,,0,0.00,0,Y,,,3,2,681,19x27,Nattawut Junkong
U,11x205829,ปันเด อินโนเวชั่น,,SV01,N,,,0,0.00,0,Y,,,1,1,674,19x44,Nuttapong Laplumwanich
U,11x206186,บริษัท โคพีเรียน (ประเทศไทย) จำกัด,สมุทรปราการ,????,Y,2026-07-07,94,3,0.09,13,Y,189.413816,581,10,5,253,19x45,Pattamaporn Chadkurupin
U,11x206652,ห้างหุ้นส่วนจำกัด ซีทีที เทรดดิ้ง,,SV01,N,,,0,0.00,0,Y,,,1,1,672,19x37,Piyanuch Janthanarak
U,11x206706,บริษัท แอดวานซ์เทคโนโลยี จำกัด,,SV04,N,,,0,0.00,0,Y,,,1,1,672,19x88,Thanaaran Sirawattanamongkol
A,11x206902,บริษัท คิงสแปน อินซูเลท พาแนลส์ (ประเทศไทย) จำกัด,พระนครศรีอยุธยา,SV07,Y,2026-10-03,6,5,0.13,9,Y,204.85,1263.4100000000001,17,6,667,19x88,Thanaaran Sirawattanamongkol
B,11x206960,Megachem (Thailand) PCL,,CH01,N,,,0,0.00,0,Y,,,1,1,666,19x89,Tanaporn Chanchanaroj
U,11x207096,ห้างหุ้นส่วนจำกัด เวอค อินเตอร์เทรด (สำนักงานใหญ่),,SV04,N,,,0,0.00,0,Y,,,1,1,662,19x45,Pattamaporn Chadkurupin
U,11x207190,บริษัท ฟอร์เวิร์ด แมชชีนเนอรี่ จำกัด,สมุทรปราการ,????,N,,,0,0.00,0,Y,5.5,188.93,1,1,640,19x23,Vipoo Srisawadi
U,11x207382,"Scan  Inter Public Co.,Ltd",,SV01,N,,,0,0.00,0,Y,,,1,1,658,19x45,Pattamaporn Chadkurupin
U,11x207384,LK Boiler Industry,,SV01,N,,,0,0.00,0,Y,,,2,2,655,19x89,Tanaporn Chanchanaroj
U,11x207387,"THAI BURNER INDUSTRIAL HEAT CO.,LTD.",,SV01,N,,,0,0.00,0,Y,,,3,3,655,19x89,Tanaporn Chanchanaroj
B,11x207436,"EEC Engineering Network Co.,Ltd",,UT99,N,,,0,0.00,0,Y,,,5,5,655,19x23,Vipoo Srisawadi
U,11x207956,"STRR ENGINEERING CO.,LTD.",,SV01,N,,,0,0.00,0,Y,,,1,1,653,19x78,Sarawut Viseshasiri
C,11x208071,Premier Products Public Company Limited,,UT03,Y,,,0,0.00,5,Y,,,2,2,652,19x80,Jidapa Sriwattanakulkij
U,11x208074,"Yuwaatech Co.,Ltd.",,SV04,N,,,0,0.00,0,Y,,,2,2,652,19x89,Tanaporn Chanchanaroj
R,11x208750,บริษัท ซีพีพีซี จำกัด (มหาชน),ระยอง,????,N,,,0,0.00,0,Y,51.0,874.32,2,2,470,19x78,Sarawut Viseshasiri
U,11x209524,ยู.เอส.เอ็ม,,SV01,N,,,0,0.00,0,Y,,,1,1,637,19x44,Nuttapong Laplumwanich
U,11x210044,อนุสรณ์,,SV04,N,,,0,0.00,0,Y,,,1,1,632,19x34,Kanittha Cheryhom
U,11x210108,STEPWISE,,SV01,N,,,0,0.00,0,Y,,,1,1,631,19x23,Vipoo Srisawadi
U,11x210142,"First Supply Engineering Co.,Ltd.",,SV04,N,,,0,0.00,0,Y,,,1,1,631,19x89,Tanaporn Chanchanaroj
A,11x210254,บริษัท เคนไซ ซีรามิคส์ อินดัสตรี้ จำกัด,สระบุรี,MN03,N,,,0,0.00,0,Y,23.522,597.79999999999995,2,2,627,19x19,Saovaluck Jangjai
U,11x210270,MEAS VIBOL,,SV04,N,,,0,0.00,0,Y,,,1,1,627,19x23,Vipoo Srisawadi
U,11x210284,บริษัท โกลพลัสเทคโนโลยี ซิสเตม จำกัด,,SV01,N,,,0,0.00,0,Y,,,3,3,626,19x37,Piyanuch Janthanarak
U,11x210295,บริษัท ดี สไมล์ เซอร์วิสเซส จำกัด,,SV01,N,,,0,0.00,0,Y,,,1,1,626,19x37,Piyanuch Janthanarak
U,11x210343,บริษัท เท็กซ์แมค เน็กซ์ จำกัด,,SV04,N,,,0,0.00,0,Y,,,2,2,625,19x80,Jidapa Sriwattanakulkij
U,11x210421,บริษัท อั๊คโซ่ โนเบล เพ้นท์ส (ประเทศไทย)  จำกัด,ชลบุรี,????,Y,2026-01-15,267,1,0.06,0,Y,0.0,0,0,0,0,19x18,Nomjit Suktawee
U,11x210484,"Shinwa kogyo (Thailand) Co.,Ltd",,SV03,N,,,0,0.00,0,Y,,,1,1,624,19x51,Benjamas Tanjit
U,11x210546,บริษัท ไอเซนเซอร์ จำกัด,,SV04,N,,,0,0.00,0,Y,,,1,1,623,19x19,Saovaluck Jangjai
U,11x210601,PROVEN ALTERNATIVE COMPANY LIMITED,,SV04,N,,,0,0.00,0,Y,,,5,5,619,19x80,Jidapa Sriwattanakulkij
U,11x210635,บริษัท โฟลว์-เมติก คอนโทรล จำกัด,,SV04,N,,,0,0.00,0,Y,,,1,1,620,19x19,Saovaluck Jangjai
U,11x210643,MECHANIKA COMPANY LIMITED,,SV04,N,,,0,0.00,0,Y,,,2,2,619,19x51,Benjamas Tanjit
A,11x210760,บริษัท นิปปอนเพนต์ (ประเทศไทย) จำกัด (PTP : เฟต 8),,CH03,Y,,,0,0.00,6,Y,,,2,2,365,19x88,Thanaaran Sirawattanamongkol
U,11x210783,บริษัทเวย์ฟิต (ประเทศไทย) จํากัด,,SV01,N,,,0,0.00,0,Y,,,1,1,619,19x80,Jidapa Sriwattanakulkij
U,11x210946,หจก. สุทธินันท์ โฮลดิ้ง,,SV04,N,,,0,0.00,0,Y,,,5,5,618,19x27,Nattawut Junkong
C,11x211197,อภิสิทธิ์,,FD07,Y,,,0,0.00,10,Y,,,0,0,0,19x74,Sujittra Tungprakobjaroen
C,11x211372,บริษัท แคเรียร์ แอร์ คอนดิชั่นนิ่ง (ประเทศไทย) จำกัด,ปทุมธานี,EI00,N,,,0,0.00,0,Y,1071.04,4458.45,3,1,613,19x29,Samantha Tanittha Nilsandhi
U,11x211422,บริษัท พี.เอส.เอ็น. เคมีเคิล จำกัด,,????,N,,,0,0.00,0,Y,,,1,1,612,19x88,Thanaaran Sirawattanamongkol
U,11x211439,บริษัท มิตซูบิชิ เคมิคอล (ประเทศไทย)  จำกัด,ชลบุรี,????,Y,2026-02-06,245,1,0.72,0,Y,246.0,3470.66,1,1,30,19x18,Nomjit Suktawee
U,11x211653,บริษัท เซ้งเจริญเมือง จำกัด,,SV04,N,,,0,0.00,0,Y,,,1,1,616,19x27,Nattawut Junkong
U,11x212695,"PSR (2017) Co.,Ltd.",,SV04,N,,,0,0.00,0,Y,,,3,3,611,19x89,Tanaporn Chanchanaroj
D,11x212917,บริษัท เจพี เอ็นจิเนียริ่ง ดีไซน์ จำกัด,,CH14,N,,,0,0.00,0,Y,,,1,1,610,19x43,Katewadee Pratipagorn
U,11x212982,บริษัท ด็อกเตอร์ปั๊ม แอนด์ เอ็นจิเนียริ่ง จำกัด,,SV04,N,,,0,0.00,0,Y,,,1,1,609,19x77,Thitima Plaibua
U,11x213166,ECO BLUE,,XX00,N,,,0,0.00,0,Y,,,6,5,562,19x47,Patipan Suksangiam
C,11x213187,บริษัท เวล บอนดิ้ง จำกัด,,AG01,Y,2026-02-13,238,1,0.03,0,Y,,,6,4,598,19x34,Kanittha Cheryhom
U,11x213214,บริษัท สหบูรพากรุ๊ป จำกัด,,SV04,N,,,0,0.00,0,Y,,,1,1,606,19x88,Thanaaran Sirawattanamongkol
U,11x213462,KASETPHAND PHILS. CORP.,,SV01,N,,,0,0.00,0,Y,,,3,2,554,19x27,Nattawut Junkong
U,11x213562,บริษัท วิค วอเตอร์ จำกัด,ปทุมธานี,SV01,N,,,0,0.00,0,Y,59.9,415.47699999999998,1,1,598,19x37,Piyanuch Janthanarak
B,11x213602,Styrenix Performance Materials (Thailand) Ltd.,,CH99,N,,,0,0.00,0,Y,,,2,2,598,19x51,Benjamas Tanjit
U,11x213616,NGV เขาหินซ้อน,,XX00,N,,,0,0.00,0,Y,,,1,1,597,19x47,Patipan Suksangiam
U,11x213796,"PN Engineering and Contactor Co.,Ltd",,SV04,N,,,0,0.00,0,Y,,,2,2,595,19x74,Sujittra Tungprakobjaroen
U,11x214043,"VR Engineering Co,Ltd",,SV01,N,,,0,0.00,0,Y,,,1,1,592,19x43,Katewadee Pratipagorn
U,11x214050,บริษัท กู๊ดวาล์ว จำกัด,,SV04,N,,,0,0.00,0,Y,,,1,1,592,19x88,Thanaaran Sirawattanamongkol
U,11x214059,บริษัท อควา เอ็นจิเนี่ยริ่งแคร์ จำกัด,,SV04,N,,,0,0.00,0,Y,,,2,2,592,19x29,Samantha Tanittha Nilsandhi
U,11x214064,"Polyolefins Engineering Engineer (Mechanical), Repco Co., Ltd.",,SV04,N,,,0,0.00,0,Y,,,2,2,591,19x78,Sarawut Viseshasiri
A,11x214069,"Daminu Engineering Co.,Ltd.",,OM00,N,,,0,0.00,0,Y,,,2,2,591,19x91,
U,11x214251,CK Technology,,SV04,N,,,0,0.00,0,Y,,,1,1,589,19x43,Katewadee Pratipagorn
U,11x215160,บริษัท วนชัย พาเนล อินดัสทรี่ส์  จำกัด,สุราษฎร์ธานี,????,Y,2026-02-13,238,1,0.02,0,Y,2900.0,509783.88,0,0,0,19x18,Nomjit Suktawee
U,11x215442,บริษัท กัญจน์ธนรัตน์ จำกัด,,SV01,N,,,0,0.00,0,Y,,,1,1,585,19x37,Piyanuch Janthanarak
U,11x216667,RB ASIA,,SV04,N,,,0,0.00,0,Y,,,1,1,582,19x45,Pattamaporn Chadkurupin
U,11x216685,บริษัท เอ็นเนอยี่ เทคโนโลยี่ จำกัด,,SV01,N,,,0,0.00,0,Y,,,1,1,582,19x37,Piyanuch Janthanarak
U,11x216700,"THAI OBAYASHI CORP.,LTD.",,SV01,Y,,,0,0.00,1,Y,,,1,0,0,19x43,Katewadee Pratipagorn
C,11x216847,บริษัท เอเวอร์กรีนพลัส จำกัด,ลพบุรี,PP00,N,,,0,0.00,0,Y,461.0,5662,2,2,578,19x34,Kanittha Cheryhom
U,11x216866,บริษัท กรีน ไลท์ แอนนิฟริกซ์ จำกัด,,SV04,N,,,0,0.00,0,Y,,,1,1,578,19x66,Preeyathip Janthanarak
U,11x216922,บริษัท พี. แอนด์ พี.ซี. เอ็นจิเนียริ่ง จำกัด,,????,N,,,0,0.00,0,Y,,,1,0,0,19x74,Sujittra Tungprakobjaroen
B,11x216995,บริษัท จงสถิตย์ จำกัด,กรุงเทพมหานคร,TT01,N,,,0,0.00,0,Y,0.0,17629.29,2,2,575,19x80,Jidapa Sriwattanakulkij
U,11x217000,เอส.เอ.อี.เทค จำกัด,,SV01,N,,,0,0.00,0,Y,,,1,1,576,19x43,Katewadee Pratipagorn
U,11x217069,บริษัท เมอริท อินเตอร์ซัพพลาย จำกัด,,SV04,N,,,0,0.00,0,Y,,,4,4,577,19x77,Thitima Plaibua
C,11x217281,บริษัท เบล็สสท์ อินโนเวชั่น 9959 จำกัด,,CH05,N,,,0,0.00,0,Y,,,1,1,570,19x37,Piyanuch Janthanarak
U,11x217294,"MULTIPHASE OIL & GAS CO.,LTD",,SV01,N,,,0,0.00,0,Y,,,3,3,570,19x43,Katewadee Pratipagorn
U,11x217393,บริษัท อีเล็คโทรเซรามิคส์ (ไทยแลนด์) จำกัด,ลำพูน,????,N,,,0,0.00,0,Y,767.0,3689.29,2,0,0,19x23,Vipoo Srisawadi
U,11x217630,"TOYO THAI POWER MYANMAR CO., LTD.",,UT01,N,,,0,0.00,0,Y,,,1,1,563,19x45,Pattamaporn Chadkurupin
A,11x217652,ซีพีเอฟ-หนองจอก,,FD05,N,,,0,0.00,0,Y,,,1,1,563,19x27,Nattawut Junkong
U,11x217779,พี แอนด์ พีซี เอ็นจิเนียริ่ง จำกัด,,SV01,N,,,0,0.00,0,Y,,,1,1,562,19x74,Sujittra Tungprakobjaroen
U,11x217785,Proven Alternative,,SV01,N,,,0,0.00,0,Y,,,1,1,562,19x74,Sujittra Tungprakobjaroen
B,11x217808,บริษัท กลุ่มสยามบรรจุภัณฑ์ จำกัด (โรงงานปราจีนบุรี),,CH42,N,,,0,0.00,0,Y,,,1,0,0,19x92,Napadol Peoksangthip
D,11x217847,Global Green Chemicals,,CH14,Y,,,0,0.00,2,Y,,,9,4,513,19x84,
U,11x217886,คุณบุญเจือ,,SV01,N,,,0,0.00,0,Y,,,1,1,561,19x37,Piyanuch Janthanarak
U,11x218307,Oliver Oil Tools Company Limited,,SV01,N,,,0,0.00,0,Y,,,1,1,557,19x23,Vipoo Srisawadi
U,11x219185,Asian Fluid Innovations Company Limited,,SV01,N,,,0,0.00,0,Y,,,1,1,556,19x43,Katewadee Pratipagorn
U,11x219687,M.E.P. CONTROL LIMITED PARTNERSHIP,,SV01,N,,,0,0.00,0,Y,,,1,1,554,19x43,Katewadee Pratipagorn
D,11x220543,PROACTIVE MANAGEMENT COMPANY LIMITED,กรุงเทพ,UT00,N,,,0,0.00,0,Y,,,1,1,549,19x43,Katewadee Pratipagorn
U,11x220585,"First Technology Co.,Ltd",,SV01,N,,,0,0.00,0,Y,,,1,1,548,19x43,Katewadee Pratipagorn
U,11x220662,"CTCI (Thailand) Co., Ltd.",,SV01,N,,,0,0.00,0,Y,,,8,1,547,19x90,Patthamanan Pudgajang
B,11x220857,thai enger,,UT99,N,,,0,0.00,0,Y,,,3,3,539,19x23,Vipoo Srisawadi
B,11x220968,บริษัท โทเร เท็กซ์ไทล์ (ประเทศไทย) จำกัด (มหาชน),กรุงเทพมหานคร,TT01,N,,,0,0.00,0,Y,241.6,17506.09,2,2,532,19x80,Jidapa Sriwattanakulkij
U,11x220973,พี.พี. เพาเวอร์ เซอร์วิส แอนด์ เอ็นจิเนียริ่ง,,SV04,N,,,0,0.00,0,Y,,,1,1,536,19x27,Nattawut Junkong
U,11x221100,Thai Anger,,SV01,N,,,0,0.00,0,Y,,,1,1,535,19x23,Vipoo Srisawadi
U,11x221102,บริษัท ซี.อาร์.เอนจิเนียริ่ง แอนด์ เทคโนโลยี จำกัด,,SV04,N,,,0,0.00,0,Y,,,1,1,535,19x27,Nattawut Junkong
B,11x221135,"Siam PVS Chemical Co.,Ltd.",,CH01,N,,,0,0.00,0,Y,,,9,8,532,19x89,Tanaporn Chanchanaroj
U,11x221171,"BEJST BIOENERGY CO., LTD",,SV01,N,,,0,0.00,0,Y,,,1,1,534,19x23,Vipoo Srisawadi
B,11x221280,บริษัท เอ.ไอ.เทคโนโลยี จำกัด,ปทุมธานี,UT99,N,,,0,0.00,0,Y,112.731787,552.89,1,1,533,19x80,Jidapa Sriwattanakulkij
U,11x221629,ห้างหุ้นส่วนจำกัด เดอะ ริชเชอร์,,SV04,N,,,0,0.00,0,Y,,,1,1,529,19x34,Kanittha Cheryhom
U,11x221636,บริษัท เมจิ (ประเทศไทย) จำกัด,,SV04,N,,,0,0.00,0,Y,,,1,1,529,19x77,Thitima Plaibua
U,11x222733,"Pro-En Technologies, Ltd",,SV01,N,,,0,0.00,0,Y,,,1,1,524,19x43,Katewadee Pratipagorn
U,11x223480,บริษัท เพชรสถิตย์ จำกัด,,SV04,N,,,0,0.00,0,Y,,,1,1,520,19x80,Jidapa Sriwattanakulkij
C,11x223522,"ICT MANUFACTURING CO.,LTD.",,CH05,N,,,0,0.00,0,Y,,,2,2,520,19x74,Sujittra Tungprakobjaroen
C,11x223774,บริษัท มูซาชิ เพ้นท์ แมนูแฟคเจอริ่ง (ประเทศไทย) จำกัด,ชลบุรี,CH04,Y,,,0,0.00,5,Y,0.0,269.08,1,1,519,19x88,Thanaaran Sirawattanamongkol
U,11x223791,บริษัท ฟินิกซ์ ปั๊ม แอนด์ เอ็นจิเนียริ่ง จำกัด,,SV04,N,,,0,0.00,0,Y,,,4,4,518,19x19,Saovaluck Jangjai
U,11x223793,Thai ability,,SV01,N,,,0,0.00,0,Y,,,1,1,518,19x44,Nuttapong Laplumwanich
U,11x223812,SCS supply and service Limited,,SV01,N,,,0,0.00,0,Y,,,1,1,518,19x43,Katewadee Pratipagorn
U,11x223917,บริษัท ทริปเปิ้ล อี เทรดดิ้ง จํากัด,,SV04,N,,,0,0.00,0,Y,,,2,2,514,19x80,Jidapa Sriwattanakulkij
B,11x223931,"M&P World Polymer CO., LTD.",,CH42,N,,,0,0.00,0,Y,,,2,2,514,19x80,Jidapa Sriwattanakulkij
U,11x223941,Premnath Rail,,SV04,N,,,0,0.00,0,Y,,,1,1,514,19x19,Saovaluck Jangjai
U,11x223991,Sahathai,,XX00,N,,,0,0.00,0,Y,,,1,1,513,19x78,Sarawut Viseshasiri
U,11x224133,AT PETROLTECH AND ENGINEERING,,SV01,N,,,0,0.00,0,Y,,,1,1,511,19x90,Patthamanan Pudgajang
B,11x224358,Henkel (Thailand) Ltd.,,CH99,Y,,,0,0.00,85,Y,,,2,2,504,19x92,Napadol Peoksangthip
U,11x224414,บริษัท ปัญจพล พัลพ์ อินดัสตรี้  จำกัด  (มหาชน),พระนครศรีอยุธยา,????,N,,,0,0.00,0,Y,285.0,47003.65,2,2,53,19x18,Nomjit Suktawee
U,11x224430,บริษัท เอสซีจี ซิเมนต์ จำกัด,พระนครศรีอยุธยา,????,Y,2026-03-30,193,2,0.04,0,Y,3.0,271.35000000000002,4,0,0,19x89,Tanaporn Chanchanaroj
U,11x224528,บริษัท ชาญกิจเทรดดิ้ง จำกัด,กรุงเทพมหานคร,SV01,N,,,0,0.00,0,Y,108.0,298.7,1,1,504,19x37,Piyanuch Janthanarak
U,11x224998,"M-TECH INDUSTRIAL CO.,LTD.",,SV01,N,,,0,0.00,0,Y,,,2,2,499,19x89,Tanaporn Chanchanaroj
B,11x225077,บริษัท ศรีไทยซุปเปอร์แวร์ จำกัด,กรุงเทพมหานคร,CH42,Y,,,0,0.00,1,Y,94.027,590,0,0,0,19x92,Napadol Peoksangthip
B,11x225086,Indorama Polymers and AsiaPet (Thailand),,TT01,Y,,,0,0.00,3,Y,,,2,2,470,19x92,Napadol Peoksangthip
B,11x225094,"SCG CEMENT CO.,LTD.",,MN05,N,,,0,0.00,0,Y,,,1,1,498,19x89,Tanaporn Chanchanaroj
U,11x225127,บริษัท สุขสมเกียรติขนส่ง (2004) จำกัด,สระบุรี,XX00,N,,,0,0.00,0,Y,46.5,240,1,1,498,19x47,Patipan Suksangiam
U,11x226152,"U.A.E. Power Co.,Ltd.",,SV01,N,,,0,0.00,0,Y,,,8,7,409,19x89,Tanaporn Chanchanaroj
B,11x226797,บริษัท เครเนอร์ อินเตอร์เนชั่นแนล (ไทยแลนด์) จำกัด,ชลบุรี,CH42,N,,,0,0.00,0,Y,212.527359,118.74,2,2,490,19x80,Jidapa Sriwattanakulkij
U,11x226922,"FLUID ALL CO.,LTD.",,SV04,N,,,0,0.00,0,Y,,,2,2,332,19x89,Tanaporn Chanchanaroj
A,11x226929,เบทาโกร-รง.2,,FD05,Y,,,0,0.00,1,Y,,,1,1,489,19x27,Nattawut Junkong
U,11x227250,ห้างหุ้นส่วนจำกัด วงศ์ทอง เซอร์วิส,,SV04,N,,,0,0.00,0,Y,,,2,2,486,19x88,Thanaaran Sirawattanamongkol
U,11x227317,VALEURA ENERGY,,SV01,N,,,0,0.00,0,Y,,,2,2,135,19x61,Peeraya Peeploy
B,11x227359,One Asia,,UT99,N,,,0,0.00,0,Y,,,1,1,485,19x43,Katewadee Pratipagorn
U,11x227363,"Liang Chi Industry (Thailand) Co., Ltd.",,SV01,N,,,0,0.00,0,Y,,,1,1,485,19x89,Tanaporn Chanchanaroj
D,11x227683,thaipipeline network,,CH14,Y,,,0,0.00,20,Y,,,1,1,478,19x43,Katewadee Pratipagorn
U,11x227710,"SAPCON Engineering Co.,Ltd.",,SV01,N,,,0,0.00,0,Y,,,3,3,477,19x89,Tanaporn Chanchanaroj
U,11x227761,"DELTA SEAL ALLIANCE CO.,LTD.",,XX00,N,,,0,0.00,0,Y,,,1,1,476,19x78,Sarawut Viseshasiri
U,11x227768,Enerflex,,SV01,N,,,0,0.00,0,Y,,,3,3,476,19x43,Katewadee Pratipagorn
U,11x227983,"ATOM-MIC POWER CO., LTD.",,SV01,N,,,0,0.00,0,Y,,,1,1,473,19x89,Tanaporn Chanchanaroj
U,11x228034,บริษัท ยู.เอ.อี. เพาเวอร์ จำกัด,,????,Y,2026-07-27,74,4,2.79,0,Y,,,6,0,0,19x89,Tanaporn Chanchanaroj
D,11x228062,บริษัท พีทีจี โลจิสติกส์ จำกัด,,TP00,N,,,0,0.00,0,Y,,,3,2,470,19x45,Pattamaporn Chadkurupin
U,11x228302,"Meir D-Tech Co.,Ltd.",,SV01,N,,,0,0.00,0,Y,,,1,1,470,19x23,Vipoo Srisawadi
U,11x228346,WORLEY (THAILAND) LIMITED,,SV01,N,,,0,0.00,0,Y,,,1,0,0,19x51,Benjamas Tanjit
U,11x228496,บริษัท ไอทีอาร์ เทรดดิ้ง จำกัด,,SV04,N,,,0,0.00,0,Y,,,1,1,470,19x80,Jidapa Sriwattanakulkij
U,11x228842,PBR ENGINEERING AND SUPPLY COMPANY LIMITED,,SV04,N,,,0,0.00,0,Y,,,1,1,466,19x89,Tanaporn Chanchanaroj
U,11x229159,บริษัท สามเอ็นพัฒนา,,SV04,N,,,0,0.00,0,Y,,,1,1,465,19x45,Pattamaporn Chadkurupin
D,11x229311,Flowco,,CH14,N,,,0,0.00,0,Y,,,1,1,464,19x43,Katewadee Pratipagorn
C,11x229662,บริษัท สยามเดลมองเต้ จำกัด,ตราด,FD08,N,,,0,0.00,0,Y,547.0,1654.28,1,1,463,19x37,Piyanuch Janthanarak
U,11x229881,บริษัท สไตรีนิกซ์ เพอร์ฟอร์แมนซ์ แมททีเรียล,,????,N,,,0,0.00,0,Y,,,6,0,0,19x51,Benjamas Tanjit
D,11x230311,"RENTDIRECTASIA CO., LTD.",,TP00,N,,,0,0.00,0,Y,,,1,1,0,19x91,
B,11x230326,ท่อเกษตรไทย,,UT99,N,,,0,0.00,0,Y,,,1,1,459,19x23,Vipoo Srisawadi
U,11x230364,บริษัท ดีเอ็กซ์เอ็น เอ็นจิเนียริ่ง แอนด์ ซัพพลาย จำกัด,,SV01,N,,,0,0.00,0,Y,,,7,0,0,19x34,Kanittha Cheryhom
U,11x230401,M-TECH THAI ENGINEERING,,SV01,N,,,0,0.00,0,Y,,,1,1,457,19x89,Tanaporn Chanchanaroj
C,11x230430,บริษัท ฟิวเจอร์ รีซอร์ส เทคโนโลยี จำกัด,ฉะเชิงเทรา,PP00,N,,,0,0.00,0,Y,150.0,549.29999999999995,4,4,456,19x37,Piyanuch Janthanarak
U,11x230602,บริษัท เอทู เทคโนโลยี จำกัด,,SV01,N,,,0,0.00,0,Y,,,1,1,451,19x80,Jidapa Sriwattanakulkij
U,11x230626,บริษัท ไทย เคมีคอล สโตเรจ จำกัด,นนทบุรี,SV01,N,,,0,0.00,0,Y,57.4,245.33,1,1,451,19x34,Kanittha Cheryhom
U,11x230755,Metro Machinery,,SV01,N,,,0,0.00,0,Y,,,1,1,450,19x23,Vipoo Srisawadi
B,11x230883,บริษัท เอเชีย อินดัสเทรียล เท็กซ์ไทล์ จำกัด,นครปฐม,TT01,N,,,0,0.00,0,Y,160.0,16928.12,1,0,0,19x92,Napadol Peoksangthip
U,11x231023,บริษัท เวิร์ค สมาร์ท เอ็นจิเนียริ่ง จำกัด,,SV04,N,,,0,0.00,0,Y,,,1,1,444,19x34,Kanittha Cheryhom
U,11x231031,Nitto Matex (Thailand) Company Limited.,,XX00,N,,,0,0.00,0,Y,,,1,0,0,19x91,
U,11x231055,บริษัท ริเวอร์ เอนจิเนียริ่ง จำกัด,ปทุมธานี,SV04,N,,,0,0.00,0,Y,111.6,468.1,1,1,443,19x34,Kanittha Cheryhom
U,11x231066,TNTT SERVICE,,SV01,N,,,0,0.00,0,Y,,,1,1,443,19x45,Pattamaporn Chadkurupin
U,11x231071,บริษัท ซีซีพี ฮาร์ดแวร์ แอนด์ ซัพพลายส์ จํากัด,,SV04,N,,,0,0.00,0,Y,,,1,1,443,19x77,Thitima Plaibua
U,11x231275,บริษัท วัฒนาอะไหล่แอนด์ฮาร์ดแวร์ จำกัด,,SV04,N,,,0,0.00,0,Y,,,2,2,437,19x80,Jidapa Sriwattanakulkij
C,11x231352,อาร์เอสซี สวีทเทนเนอร์ส จำกัด,,FD09,N,,,0,0.00,0,Y,,,1,1,436,19x74,Sujittra Tungprakobjaroen
U,11x231362,"SP ENGINEERING AND SUPPLY CO., LTD.",,SV01,N,,,0,0.00,0,Y,,,1,1,436,19x43,Katewadee Pratipagorn
U,11x231569,"STAUBLI THAILAND CO., LTD.",,SV04,N,,,0,0.00,0,Y,,,1,1,435,19x91,
C,11x231750,KI Sugar,,CH16,N,,,0,0.00,0,Y,,,4,4,435,19x74,Sujittra Tungprakobjaroen
C,11x232469,พร,,FD07,Y,,,0,0.00,6,Y,,,0,0,0,19x74,Sujittra Tungprakobjaroen
U,11x233296,บริษัท บุญไทยแมชชีนเนอรี่ คอมเพล็กซ์ จำกัด,,SV04,N,,,0,0.00,0,Y,,,1,1,430,19x19,Saovaluck Jangjai
U,11x233443,"Currie & Brown (Thailand) Co., Ltd.",,SV01,N,,,0,0.00,0,Y,,,4,4,309,19x43,Katewadee Pratipagorn
U,11x233606,Solution & Supply,,SV01,N,,,0,0.00,0,Y,,,1,1,429,19x43,Katewadee Pratipagorn
U,11x233616,บริษัท เดล เจเนอเรชั่น จำกัด,,SV04,N,,,0,0.00,0,Y,,,1,1,429,19x34,Kanittha Cheryhom
A,11x233621,บริษัท ต่ออนันต์ จำกัด,,FD05,N,,,0,0.00,0,Y,,,1,1,428,19x27,Nattawut Junkong
U,11x233716,หจก.พรนรินทร์ พี เอ็น เซอร์วิส,,????,N,,,0,0.00,0,Y,,,1,0,0,19x45,Pattamaporn Chadkurupin
D,11x233826,wealth working,,CH14,N,,,0,0.00,0,Y,,,2,1,422,19x23,Vipoo Srisawadi
U,11x233838,บริษัท พี แอนด์ อี อินโนเวชั่น จำกัด,,????,N,,,0,0.00,0,Y,,,2,1,378,19x23,Vipoo Srisawadi
U,11x233850,บจก. โชติทิวัตถ์,,SV01,N,,,0,0.00,0,Y,,,1,1,422,19x43,Katewadee Pratipagorn
U,11x234039,บริษัท ไพโรจน์สมพงษ์พาณิชย์ จำกัด,,SV04,N,,,0,0.00,0,Y,,,1,1,417,19x80,Jidapa Sriwattanakulkij
U,11x234071,Clover Tech,,SV01,N,,,0,0.00,0,Y,,,1,1,416,19x27,Nattawut Junkong
U,11x234083,บริษัท เอ็นพีเค กู๊ดส์ เซอร์วิส จำกัด,,SV04,N,,,0,0.00,0,Y,,,1,1,416,19x45,Pattamaporn Chadkurupin
C,11x234086,บริษัท เมกก้าคลีน โปรดักส์ จำกัด,นครปฐม,CH06,N,,,0,0.00,0,Y,121.5,61,2,2,416,19x37,Piyanuch Janthanarak
U,11x234095,บริษัท ลูชา เทค จำกัด,,SV04,N,,,0,0.00,0,Y,,,2,1,444,19x27,Nattawut Junkong
U,11x234120,ห้างหุ้นส่วนจำกัด พี.เค ซัพพลาย อุตสาหกรรม,,SV01,N,,,0,0.00,0,Y,,,4,4,416,19x37,Piyanuch Janthanarak
U,11x234371,บริษัท ลัคกี้สตาร์ มารีนซัพพลาย จำกัด,,SV04,N,,,0,0.00,0,Y,,,1,1,410,19x91,
U,11x234527,บริษัท ฟีนิกซ์ คอร์ปเอเซีย จำกัด,,????,Y,2026-05-29,133,1,0.24,0,Y,,,5,3,199,19x23,Vipoo Srisawadi
U,11x234580,บริษัท คุริฮาระ (ประเทศไทย) จำกัด,,SV01,N,,,0,0.00,0,Y,,,1,1,409,19x43,Katewadee Pratipagorn
A,11x234621,บริษัท คิง โกลบอล อินคอร์ปอเรท จำกัด,ชลบุรี,CH41,Y,,,0,0.00,5,Y,1536.91,4451,2,2,407,19x88,Thanaaran Sirawattanamongkol
B,11x235130,บริษัท เทอราโกร เฟอร์ติไลเซอร์ จำกัด (สำนักงาน),,CH11,Y,,,0,0.00,7,Y,,,3,3,106,19x92,Napadol Peoksangthip
U,11x235167,"Han Sein Thant Co., Ltd.",,SV01,N,,,0,0.00,0,Y,,,1,1,406,19x45,Pattamaporn Chadkurupin
C,11x235191,สากล อินดัสเตรียล เซอร์วิส,,CH07,N,,,0,0.00,0,Y,,,2,2,406,19x74,Sujittra Tungprakobjaroen
U,11x235550,NKD MOTOR,,SV04,N,,,0,0.00,0,Y,,,1,1,403,19x23,Vipoo Srisawadi
U,11x235561,บริษัทมุ่งเจริญกรีนเพาเวอร์ จำกัด,สุรินทร์,SV04,N,,,0,0.00,0,Y,564.182,63285,1,1,403,19x45,Pattamaporn Chadkurupin
U,11x235693,kerry,,SV04,N,,,0,0.00,0,Y,,,1,1,403,19x23,Vipoo Srisawadi
U,11x235894,บริษัท แคส เอ็นจิเนียริ่ง แอนด์ โซลูชั่น จำกัด,,SV01,Y,2026-09-04,35,4,0.03,6,Y,,,4,1,401,19x45,Pattamaporn Chadkurupin
U,11x236005,บริษัท เอเคพี ไฟฟ้า และวิศวกรรม จำกัด,,SV04,N,,,0,0.00,0,Y,,,1,1,401,19x91,
U,11x236176,บริษัท โปรดัคทีฟ แวคคั่ม เทคโนโลยี จำกัด,,SV04,N,,,0,0.00,0,Y,,,1,1,400,19x19,Saovaluck Jangjai
U,11x236190,บริษัท ทีทีเอ็นที ดีเวลลอปเม้นท์ จำกัด,,SV04,Y,,,0,0.00,2,Y,,,0,0,0,19x45,Pattamaporn Chadkurupin
C,11x236593,บริษัท โปรเกรส เทคโนโลยี ยูทิลิตีส์ จำกัด,,UT03,Y,2026-09-28,11,5,0.37,10,Y,,,14,6,676,19x92,Napadol Peoksangthip
U,11x237036,"BYM TRADING CO., LTD.",,SV04,N,,,0,0.00,0,Y,,,1,1,396,19x45,Pattamaporn Chadkurupin
U,11x237080,บริษัท ขุนช้าง เอ็นจิเนียริ่ง คอนสตรัคชั่น,,????,N,,,0,0.00,0,Y,,,1,0,0,19x43,Katewadee Pratipagorn
U,11x237122,"BEATECH-THAI ENGINEERING Co.,Ltd.",,SV04,N,,,0,0.00,0,Y,,,1,1,396,19x43,Katewadee Pratipagorn
U,11x237148,M.Presco,,SV04,N,,,0,0.00,0,Y,,,1,1,396,19x19,Saovaluck Jangjai
D,11x237158,PK Gas compression,,CH02,N,,,0,0.00,0,Y,,,1,1,395,19x23,Vipoo Srisawadi
U,11x237181,"Thai Shimizu Co., Ltd.",,SV01,N,,,0,0.00,0,Y,,,1,1,395,19x43,Katewadee Pratipagorn
A,11x237198,ยูไนเต็ด เมคคานิคอล เทคโนโลยี (ไทยแลนด์) จำกัด,,OM00,N,,,0,0.00,0,Y,,,1,1,394,19x90,Patthamanan Pudgajang
U,11x237219,บมจ. พูนทรัพย์ ซัพพลาย 1977,,SV04,N,,,0,0.00,0,Y,,,1,1,394,19x19,Saovaluck Jangjai
C,11x237233,บริษัท ไอซีที แมนูแฟคเจอริ่ง จํากัด,,CH05,N,,,0,0.00,0,Y,,,2,2,393,19x37,Piyanuch Janthanarak
U,11x237327,"International Procurement Co.,Ltd.",,SV04,N,,,0,0.00,0,Y,,,1,1,65,19x43,Katewadee Pratipagorn
U,11x237332,"Daisei (Thailand) Co.,Ltd.",,SV04,N,,,0,0.00,0,Y,,,1,1,392,19x89,Tanaporn Chanchanaroj
U,11x237533,UNISUS GREEN ENERGY LIMITED,,SV01,N,,,0,0.00,0,Y,,,1,1,389,19x43,Katewadee Pratipagorn
U,11x237546,"Technology & Engineering Square Corp.,Ltd",,SV01,N,,,0,0.00,0,Y,,,1,0,0,19x43,Katewadee Pratipagorn
U,11x237551,บริษัท พันธ์โสภาค ออโตเมชั่น จำกัด,,SV04,N,,,0,0.00,0,Y,,,1,0,0,19x51,Benjamas Tanjit
C,11x237570,บริษัท คูโบต้า วอเตอร์ แอนด์ เอ็นไวรอนเม้นท์ (ประเทศไทย) จำกัด,,UT03,Y,,,0,0.00,8,Y,,,5,5,157,19x80,Jidapa Sriwattanakulkij
C,11x237623,บริษัท ดิ เคน เอ็กซ์เชนจ์ จำกัด (สำนักงานใหญ่),,CH04,N,,,0,0.00,0,Y,,,3,3,387,19x96,Itsaripharat Kamthong
U,11x237627,Tonpai Engineering,,SV04,N,,,0,0.00,0,Y,,,1,1,387,19x89,Tanaporn Chanchanaroj
U,11x237766,บริษัท เพาเวอร์แม็กซ์ พลัส จำกัด,,SV04,N,,,0,0.00,0,Y,,,3,2,315,19x88,Thanaaran Sirawattanamongkol
A,11x237782,Lucta (Thailand),,FD05,N,,,0,0.00,0,Y,,,1,1,385,19x27,Nattawut Junkong
U,11x237791,"Progress Intertech Co., Ltd.",,SV04,Y,,,0,0.00,8,Y,,,0,0,0,19x43,Katewadee Pratipagorn
U,11x237893,"TIP TECH Engineering Co.,Ltd.",,SV04,N,,,0,0.00,0,Y,,,2,2,381,19x88,Thanaaran Sirawattanamongkol
U,11x237925,บริษัท เศรษฐีศิลป์ จำกัด,,SV04,N,,,0,0.00,0,Y,,,1,1,380,19x45,Pattamaporn Chadkurupin
C,11x237990,บริษัท เทอร์โบ ซัพพลาย เอ็นจิเนียริ่ง จำกัด,,UT03,N,,,0,0.00,0,Y,,,6,5,312,19x92,Napadol Peoksangthip
U,11x238011,บริษัท เมคโทรนิค จำกัด,,SV04,N,,,0,0.00,0,Y,,,3,3,379,19x19,Saovaluck Jangjai
U,11x238039,Thaworn Poonsup Electric,,SV04,N,,,0,0.00,0,Y,,,1,1,378,19x89,Tanaporn Chanchanaroj
U,11x238044,บริษัท พี.เค. เมนเทนแนนซ์ เซอร์วิส จำกัด,,SV04,N,,,0,0.00,0,Y,,,1,1,379,19x91,
C,11x238046,"KCE Technology Co., Ltd.",,EI00,N,,,0,0.00,0,Y,,,7,1,302,19x96,Itsaripharat Kamthong
U,11x238092,บริษท นาลโก อินดัสเทรียล เซอร์วิส (ประเทศไทย) จำกัด,,XX00,N,,,0,0.00,0,Y,,,5,5,378,19x90,Patthamanan Pudgajang
U,11x238140,บริษัท แอสซ่า อินเตอร์เนชั่นแนล จำกัด,,SV04,N,,,0,0.00,0,Y,,,2,2,378,19x19,Saovaluck Jangjai
A,11x238179,บริษัท ไอโซเทค พาเนล ซิสเท็มส์ จำกัด,,SV07,N,,,0,0.00,0,Y,,,1,1,375,19x88,Thanaaran Sirawattanamongkol
C,11x238316,DVK HEALTHCARE,,CH09,Y,,,0,0.00,7,Y,,,2,2,374,19x92,Napadol Peoksangthip
C,11x238468,"NAMCHIAO CO.,LTD.",,UT03,N,,,0,0.00,0,Y,,,1,1,374,19x89,Tanaporn Chanchanaroj
C,11x238901,บริษัท เอี่ยมเฮง โมดิฟาย สตาร์ช จำกัด,นครราชสีมา,FD08,N,,,0,0.00,0,Y,90.0,9286.07,1,0,0,19x34,Kanittha Cheryhom
U,11x239030,"GOLDPLUSTECHNOLOGY SYSTEM CO., LTD.",,SV04,N,,,0,0.00,0,Y,,,1,1,372,19x89,Tanaporn Chanchanaroj
R,11x239119,"Lucky Star Marine Supply Co., Ltd.",ระยอง,SV04,N,,,0,0.00,0,Y,,,1,1,372,19x21,Chuanhathai Eakwongsupasarn
C,11x239256,ยูนิเวอร์แซล ยูทีลิตี้ส์ จํากัด (มหาชน),,UT03,Y,,,0,0.00,1,Y,,,1,0,0,19x92,Napadol Peoksangthip
U,11x239417,Premium equipment,,SV04,N,,,0,0.00,0,Y,,,1,1,371,19x21,Chuanhathai Eakwongsupasarn
U,11x239422,บริษัท พิดิยี่สิบเอ็ด จำกัด,,XX00,N,,,0,0.00,0,Y,,,1,1,371,19x96,Itsaripharat Kamthong
B,11x240155,บริษัท เอ็นจิเนียร์คอร์ จำกัด,,CH42,N,,,0,0.00,0,Y,,,1,0,0,19x51,Benjamas Tanjit
U,11x240372,บริษัท วิน อินเตอร์เทค จำกัด,,SV04,N,,,0,0.00,0,Y,,,1,1,367,19x45,Pattamaporn Chadkurupin
U,11x240417,บริษัท รีเจน สมาร์ท ซิตี้ (ประเทศไทย) จำกัด,,SV04,N,,,0,0.00,0,Y,,,2,2,366,19x90,Patthamanan Pudgajang
B,11x240505,อินโดรามา โพลีเมอร์ส (Asia pat) จำกัด (มหาชน),,CH42,N,,,0,0.00,0,Y,,,2,2,365,19x80,Jidapa Sriwattanakulkij
U,11x240517,บริษัท อาร์.พี.เอส.2013 เอ็นจิเนียริ่ง แอนด์ เซอร์วิส จำกัด,,SV04,N,,,0,0.00,0,Y,,,2,2,365,19x77,Thitima Plaibua
U,11x240523,"FlUID POWER ENGINEERING CO.,LTD.",,SV04,N,,,0,0.00,0,Y,,,1,1,365,19x89,Tanaporn Chanchanaroj
B,11x240541,Nitro Chemical,,CH01,N,,,0,0.00,0,Y,,,2,2,340,19x89,Tanaporn Chanchanaroj
U,11x240727,"SURIYAPOWER CO.,LTD.",,SV04,N,,,0,0.00,0,Y,,,1,1,359,19x89,Tanaporn Chanchanaroj
R,11x240779,บริษัท วงษ์สยามก่อสร้าง จำกัด,ระยอง,SV01,N,,,0,0.00,0,Y,42.0,2278,1,1,357,19x78,Sarawut Viseshasiri
U,11x240802,บริษัท ราชบุรี-อีอีพี รีนิวเอเบิ้ล เอนเนอจี้ จำกัด,,UT01,N,,,0,0.00,0,Y,,,1,0,0,19x45,Pattamaporn Chadkurupin
U,11x240839,เจจีซี คอร์ปอเรชั่น,,????,N,,,0,0.00,0,Y,,,1,0,0,19x90,Patthamanan Pudgajang
U,11x240841,บริษัท ฟลูอิด ออล จำกัด,,????,N,,,0,0.00,0,Y,,,2,0,0,19x89,Tanaporn Chanchanaroj
U,11x240857,บริษัท แอ็พพลาย ดีบี จำกัด (มหาชน),สมุทรปราการ,????,N,,,0,0.00,0,Y,574.33,1925.51,2,0,0,19x92,Napadol Peoksangthip
U,11x240908,บริษัท ซิก-ไนน์ (ไทยแลนด์) จำกัด,,????,N,,,0,0.00,0,Y,,,1,0,0,19x23,Vipoo Srisawadi
R,11x240943,บริษัท ยูนิเวอร์แซล ยูทีลิตี้ส์ จำกัด (มหาชน),ระยอง,????,Y,2026-06-15,116,1,0.01,0,Y,65.0,2710,2,0,0,19x92,Napadol Peoksangthip
U,11x240953,บริษัท สมาร์ท โปร อินเตอร์เทรด จำกัด,,????,N,,,0,0.00,0,Y,,,3,2,57,19x43,Katewadee Pratipagorn
U,11x240956,บริษัท ทีอาร์อาร์ ฟู้ดโปรดักส์ จำกัด,สมุทรสาคร,????,Y,2026-01-21,261,1,0.00,0,Y,35.0,,25,0,0,19x43,Katewadee Pratipagorn
U,11x240959,บริษัท คูโบต้า วอเตอร์ แอนด์ เอ็นไวรอนเม้นท์,,????,N,,,0,0.00,0,Y,,,1,0,0,19x92,Napadol Peoksangthip
U,11x241112,"MECS Engineering Co., Ltd",,SV01,N,,,0,0.00,0,Y,,,1,1,352,19x43,Katewadee Pratipagorn
U,11x241149,Premium first tank,,SV01,N,,,0,0.00,0,Y,,,2,1,352,19x23,Vipoo Srisawadi
U,11x241255,D2D ENGINEERING SERVICE AND SUPPLY,,SV04,N,,,0,0.00,0,Y,,,1,1,350,19x61,Peeraya Peeploy
U,11x242111,บริษัท ทริปเปิ้ล อี เทรดดิ้ง จำกัด,,????,N,,,0,0.00,0,Y,,,1,0,0,19x45,Pattamaporn Chadkurupin
U,11x242139,บริษัท ไทยเมเดนชา จำกัด,,????,N,,,0,0.00,0,Y,,,1,0,0,19x19,Saovaluck Jangjai
D,11x242155,บริษัท น้ำตาลและอ้อยตะวันออก จำกัด(มหาชน),สระแก้ว,FD04,Y,2026-02-06,245,1,0.07,1,Y,1668.61,383944.6,2,0,0,19x96,Itsaripharat Kamthong
U,11x242162,INNOVATION TECHNOLOGY,,SV01,N,,,0,0.00,0,Y,,,1,1,343,19x62,Nattawut Hirunlalit
U,11x242492,บริษัท เอส.โอ.พี.ซัพพลาย จำกัด,,SV04,N,,,0,0.00,0,Y,,,1,1,340,19x34,Kanittha Cheryhom
B,11x243429,"Iharanikkei Chemical (Thailand) Co., Ltd.",,CH01,N,,,0,0.00,0,Y,,,1,1,338,19x90,Patthamanan Pudgajang
C,11x243924,บริษัท ไทยเมจิ ฟาร์มาซิวติคัล จำกัด,กรุงเทพมหานคร,CH05,N,,,0,0.00,0,Y,871.1715,7482.62,1,1,336,19x37,Piyanuch Janthanarak
U,11x243971,บริษัท พิดิ ยี่สิบเอ็ด จำกัด,,????,N,,,0,0.00,0,Y,,,1,0,0,19x18,Nomjit Suktawee
U,11x243981,บริษัท เอสซีที สหภัณฑ์ จำกัด,,SV01,N,,,0,0.00,0,Y,,,1,1,333,19x23,Vipoo Srisawadi
U,11x244007,Thai Nippon plant,,SV01,N,,,0,0.00,0,Y,,,9,9,333,19x89,Tanaporn Chanchanaroj
U,11x244161,บจก.อะนาไลติคอล ซิสเต็ม เอ็นจิเนียริ่ง,,SV04,N,,,0,0.00,0,Y,,,1,1,331,19x78,Sarawut Viseshasiri
U,11x244196,บริษัท บูรพา ออโต้เทค เอ็นจิเนียริ่ง จำกัด,,SV04,N,,,0,0.00,0,Y,,,1,0,0,19x77,Thitima Plaibua
U,11x244198,บริษัท ลภัสกร คอมเมอร์เชียล จำกัด,,SV04,N,,,0,0.00,0,Y,,,1,1,330,19x78,Sarawut Viseshasiri
U,11x244200,"POWERMAX PLUS CO.,LTD.",,SV04,N,,,0,0.00,0,Y,,,2,2,330,19x51,Benjamas Tanjit
U,11x244290,บริษัท แบริ่ง สเปเชียลลิส จำกัด,,????,N,,,0,0.00,0,Y,,,1,0,0,19x27,Nattawut Junkong
U,11x244310,"Proud Inter Products Co.,Ltd.",,SV04,N,,,0,0.00,0,Y,,,3,3,259,19x51,Benjamas Tanjit
B,11x244313,VS CHEM (1970) LTD.,,CH01,N,,,0,0.00,0,Y,,,2,2,326,19x89,Tanaporn Chanchanaroj
R,11x244380,บริษัท ดานิลี่ จำกัด,ระยอง,SV01,Y,2026-02-13,238,1,1.09,0,Y,1424.24,11566.16,2,1,249,19x78,Sarawut Viseshasiri
U,11x244516,บริษัท ที-เซอร์วิส 2024 จำกัด,,SV01,N,,,0,0.00,0,Y,,,1,1,323,19x37,Piyanuch Janthanarak
C,11x244610,บริษัท ตรีพล เทคโนโลยี จำกัด,,FD02,N,,,0,0.00,0,Y,,,1,1,319,19x37,Piyanuch Janthanarak
U,11x244622,บริษัท ออโต แมชชีน พาร์ท (ประเทศไทย) จำกัด,,SV04,N,,,0,0.00,0,Y,,,2,2,319,19x19,Saovaluck Jangjai
U,11x244625,บริษัท เจเคย์ เอ็นจิเนียริ่ง (2016) จำกัด,,SV04,N,,,0,0.00,0,Y,,,1,1,319,19x51,Benjamas Tanjit
U,11x244798,บจก. มาบุญครองศิริชัย,,SV01,N,,,0,0.00,0,Y,,,1,1,317,19x43,Katewadee Pratipagorn
U,11x244800,บริษัท อัลเทค เอเชีย แปซิฟิค จำกัด,,XX00,N,,,0,0.00,0,Y,,,2,2,721,19x96,Itsaripharat Kamthong
U,11x244830,บริษัท ฟิโก้ โรโบติก จำกัด,,SV04,N,,,0,0.00,0,Y,,,1,1,0,19x90,Patthamanan Pudgajang
U,11x244921,"NC Advanced Technology Co., Ltd.",,SV04,N,,,0,0.00,0,Y,,,1,1,317,19x77,Thitima Plaibua
C,11x244973,"Microchip Technology (Thailand) Co.,Ltd.",,EL00,Y,,,0,0.00,1,Y,,,0,0,0,19x96,Itsaripharat Kamthong
C,11x244975,บริษัท ไซเอ็นส์โค (บางปู) สเปเชียลตี้ เคมีคอลส์ จำกัด,สมุทรปราการ,CH07,Y,2026-03-30,193,1,0.19,0,Y,10.0,,22,2,317,19x74,Sujittra Tungprakobjaroen
U,11x245042,บริษัท โกรเกียร์ อินดัสเทรียล จำกัด,,SV04,N,,,0,0.00,0,Y,,,1,0,0,19x27,Nattawut Junkong
U,11x245239,บริษัท สกาย พาร์ทส์ เอ็นจิเนียริ่ง จำกัด,,SV04,N,,,0,0.00,0,Y,,,1,1,315,19x61,Peeraya Peeploy
B,11x245247,NIHON F.T.B. (THAILAND) COMPANY LIMITED,,CH42,Y,,,0,0.00,1,Y,,,0,0,0,19x92,Napadol Peoksangthip
B,11x245251,"STB Textiles Industry Co.,LTD",,TT01,Y,,,0,0.00,1,Y,,,0,0,0,19x92,Napadol Peoksangthip
U,11x245530,"THAI OBAYASHI CORP., LTD.",,SV01,Y,,,0,0.00,21,Y,,,0,0,0,19x43,Katewadee Pratipagorn
B,11x245713,บริษัท นวโลหะอุตสาหกรรม จำกัด,สระบุรี,UT99,N,,,0,0.00,0,Y,5491.0,108325.44,1,1,312,19x77,Thitima Plaibua
B,11x245925,"ARCHEM (THAILAND) CO., LTD.",,CH42,N,,,0,0.00,0,Y,,,3,2,309,19x51,Benjamas Tanjit
B,11x246717,บริษัท เคมีคอล บราเธอร์ส จำกัด,,CH01,N,,,0,0.00,0,Y,,,1,1,309,19x77,Thitima Plaibua
U,11x247333,ดี.เค. ศรีสุข เอ็นจิเนียริ่ง แอนด์ ซัพพลาย,,SV01,N,,,0,0.00,0,Y,,,1,1,301,19x43,Katewadee Pratipagorn
U,11x247389,บริษัท พราวด์ อินเตอร์ โปรดักส์ จำกัด,,????,Y,2026-03-30,193,1,0.01,0,Y,,,2,0,0,19x51,Benjamas Tanjit
U,11x247395,บริษัท ยูเซ็น โลจิสติกส์ (ประเทศไทย)  จำกัด,ชลบุรี,????,Y,2026-09-15,24,4,0.12,0,Y,146.949629,209.61,0,0,0,19x18,Nomjit Suktawee
U,11x247969,บริษัท แอบโซลูท นอร์ม จำกัด,,SV04,N,,,0,0.00,0,Y,,,1,1,290,19x43,Katewadee Pratipagorn
U,11x247978,บริษัท ราชบุรีเวอลด์ โคเจนเนอเรชั่น จำกัด,ราชบุรี,SV01,N,,,0,0.00,0,Y,9570.68,1829492.83,1,1,290,19x45,Pattamaporn Chadkurupin
U,11x248010,"Polytechnology co.,ltd",,SV01,Y,,,0,0.00,17,Y,,,1,1,183,19x43,Katewadee Pratipagorn
B,11x248025,บริษัท ไทยนิสเซ่แพ็คเกจจิ้ง จำกัด,ปราจีนบุรี,CH42,Y,,,0,0.00,2,Y,302.3154,493,0,0,0,19x92,Napadol Peoksangthip
U,11x248145,T.M.K. SERVICE SUPPLY,,SV01,N,,,0,0.00,0,Y,,,1,1,288,19x45,Pattamaporn Chadkurupin
U,11x249053,"SNU Solutions Provider Co., Ltd.",,SV01,Y,,,0,0.00,35,Y,,,1,1,144,19x43,Katewadee Pratipagorn
U,11x250208,บริษัท แสงธานีเอ็นจิเนียริ่ง จำกัด,,XX00,N,,,0,0.00,0,Y,,,1,1,276,19x96,Itsaripharat Kamthong
U,11x250210,บริษัท โปร พัฒนา ยุนิ กรุ๊ป จำกัด,,SV04,N,,,0,0.00,0,Y,,,1,1,275,19x45,Pattamaporn Chadkurupin
A,11x250241,TECHNICAL THAI SERVICE COMPANY LIMITED,,SV02,N,,,0,0.00,0,Y,,,6,6,275,19x51,Benjamas Tanjit
U,11x250294,Lucky Alpha Glow,,SV01,N,,,0,0.00,0,Y,,,1,0,0,19x45,Pattamaporn Chadkurupin
B,11x250299,IFS Facillity Service,,UT99,N,,,0,0.00,0,Y,,,1,1,274,19x23,Vipoo Srisawadi
U,11x250484,"FTE (Thailand) Co., Ltd.",,SV01,N,,,0,0.00,0,Y,,,2,2,268,19x43,Katewadee Pratipagorn
C,11x250488,E85,,CH16,N,,,0,0.00,0,Y,,,1,1,269,19x34,Kanittha Cheryhom
U,11x250491,บริษัท ทูเดย์ กู๊ดลัค อินเตอร์เทรด จำกัด,,SV01,N,,,0,0.00,0,Y,,,1,1,269,19x37,Piyanuch Janthanarak
U,11x250662,บริษัท เอสเอ็นยู โซลูชั่น โพรไวด์เดอร์ จำกัด,,????,Y,2026-06-15,116,4,3.68,0,Y,,,1,0,0,19x43,Katewadee Pratipagorn
U,11x250796,บริษัท เจ แอนด์ โกร ซอฟต์พาวเวอร์ ทูลส์ แอนด์ เซอร์วิส จำกัด,,SV01,N,,,0,0.00,0,Y,,,1,1,263,19x90,Patthamanan Pudgajang
U,11x250849,บริษัท ซาสติค อินเตอร์เนชั่นแนล จำกัด,,SV04,N,,,0,0.00,0,Y,,,1,1,262,19x80,Jidapa Sriwattanakulkij
C,11x250853,"TOKYO SANGYO (THAILAND) CO., LTD.",,UT03,N,,,0,0.00,0,Y,,,1,1,262,19x92,Napadol Peoksangthip
U,11x250912,บริษัท ท่าบ่อ เอ็นเนอร์ยี่ จำกัด,,????,Y,2026-01-21,261,1,0.10,0,Y,,,1,0,0,19x45,Pattamaporn Chadkurupin
U,11x250946,บริษัท เอ็ม พอร์ท ซัพพลายแอนด์เซอร์วิส จำกัด,,SV04,Y,2026-02-13,238,1,0.01,0,Y,,,1,0,0,19x77,Thitima Plaibua
U,11x250955,ห้างหุ้นส่วนจำกัด ก.อารยพาณิชย์,,SV04,N,,,0,0.00,0,Y,,,3,3,260,19x80,Jidapa Sriwattanakulkij
U,11x250957,บริษัท ธนกร เอ็นจิเนียริ่ง แอนด์ คอนสตรัคชั่น จำกัด,,SV01,N,,,0,0.00,0,Y,,,1,1,260,19x80,Jidapa Sriwattanakulkij
U,11x251059,บริษัท ฟลูอิด จำกัด,,SV01,N,,,0,0.00,0,Y,,,1,1,256,19x43,Katewadee Pratipagorn
U,11x251100,บริษัท เอสซีเอ็ม เอนเนอร์ยี่ เซอร์วิส จำกัด,,SV04,N,,,0,0.00,0,Y,,,1,1,255,19x80,Jidapa Sriwattanakulkij
U,11x251120,VNP Worldwide Trade,,SV04,N,,,0,0.00,0,Y,,,1,1,255,19x27,Nattawut Junkong
U,11x251230,บริษัท คออดี้ อินคอร์เปอเรชั่น (เอเชีย) จำกัด,,SV04,N,,,0,0.00,0,Y,,,1,1,254,19x80,Jidapa Sriwattanakulkij
U,11x251232,M.PLUS ENGINEERING COMPANY LIMITED.,,SV01,N,,,0,0.00,0,Y,,,1,1,254,19x43,Katewadee Pratipagorn
U,11x251237,บริษัท เวลเอ็นจิเนียริ่งเซอร์วิส จำกัด,สมุทรปราการ,SV01,N,,,0,0.00,0,Y,71.0,207,1,1,255,19x37,Piyanuch Janthanarak
U,11x251240,บริษัท เเอริคอมไซ (ประเทศไทย) จำกัด,,SV01,N,,,0,0.00,0,Y,,,2,2,252,19x37,Piyanuch Janthanarak
U,11x251275,บริษัท เอส.เอ.อี.เทค จำกัด,,SV04,N,,,0,0.00,0,Y,,,1,0,0,19x19,Saovaluck Jangjai
U,11x251704,"TODOROKI ASIA CO., LTD.",,SV04,N,,,0,0.00,0,Y,,,1,1,252,19x91,
U,11x252214,บริษัท ศิวกร เคเอสพี จำกัด,,SV04,N,,,0,0.00,0,Y,,,1,1,249,19x19,Saovaluck Jangjai
D,11x252242,ริษัท เจลลี เบลลี แคนดี้ คอมปานี (ประเทศไทย) จำกัด,,FD99,Y,,,0,0.00,1,Y,,,0,0,0,19x45,Pattamaporn Chadkurupin
D,11x252355,บริษัท สยามพรีเสิร์ฟฟู้ดส์ จำกัด,ราชบุรี,FD99,Y,2026-09-04,35,3,0.07,6,Y,61.7,4098.1499999999996,5,3,109,19x45,Pattamaporn Chadkurupin
U,11x252487,บริษัท เอฟ อี เอส ที เอ็นจิเนียริ่ง แอนด์ เซอร์วิสเซส (ไทยแลนด์) จำกัด,,SV01,N,,,0,0.00,0,Y,,,1,1,246,19x43,Katewadee Pratipagorn
U,11x253134,"Polytechnology co., ltd.",,SV01,Y,,,0,0.00,22,Y,,,1,1,77,19x43,Katewadee Pratipagorn
C,11x253386,"Taiwan Union Technology (Thailand) Co., Ltd.",,EL00,Y,,,0,0.00,1,Y,,,2,2,224,19x96,Itsaripharat Kamthong
U,11x253436,บริษัท แกมเมอร์เทค จำกัด,,SV04,N,,,0,0.00,0,Y,,,1,1,246,19x45,Pattamaporn Chadkurupin
U,11x253563,สงวน​วงษ์​1994​จำกัด,,SV01,N,,,0,0.00,0,Y,,,2,2,245,19x45,Pattamaporn Chadkurupin
U,11x253582,บริษัท เอเนอร์โฟล จำกัด,,SV01,Y,2026-09-15,24,1,0.32,0,Y,,,11,10,245,19x78,Sarawut Viseshasiri
U,11x253589,บริษัท อาร์.พี.เอ็ม. ฟาร์ม แอนด์ ฟีด จำกัด,เชียงใหม่,????,Y,2026-02-06,245,1,0.55,0,Y,58.0,485.5,1,0,0,19x27,Nattawut Junkong
U,11x253806,บริษัท วี.แอล.เอ็นจิเนียริ่ง แอนด์ ดีไซน์ จำกัด,,SV01,N,,,0,0.00,0,Y,,,1,1,240,19x78,Sarawut Viseshasiri
U,11x253812,"Tough Mechanic Co.,Ltd.",,SV01,N,,,0,0.00,0,Y,,,1,1,240,19x89,Tanaporn Chanchanaroj
U,11x253824,success engineering,,SV01,N,,,0,0.00,0,Y,,,1,1,239,19x23,Vipoo Srisawadi
U,11x254049,บริษัท อาร์.เอส.ซีวิลเอ็นจิเนียริ่ง จำกัด,ปัตตานี,SV04,N,,,0,0.00,0,Y,27.5,3666.98,1,1,234,19x45,Pattamaporn Chadkurupin
U,11x254056,บริษัท พี.เอ็น.วี อินโนเทค จำกัด,,SV04,N,,,0,0.00,0,Y,,,1,1,234,19x34,Kanittha Cheryhom
U,11x254177,"Meiji (Thailand) Co., Ltd.",,SV04,N,,,0,0.00,0,Y,,,2,2,232,19x51,Benjamas Tanjit
U,11x254221,บริษัท ชยพล อินเตอร์เนชั่นแนล จำกัด,,SV01,N,,,0,0.00,0,Y,,,1,0,0,19x23,Vipoo Srisawadi
C,11x254383,Sika ซิก้า สระบุรี,,CH09,Y,,,0,0.00,2,Y,,,0,0,0,19x92,Napadol Peoksangthip
C,11x254398,บริษัท ไอ-บอร์น ซัพพลาย แอนด์ เซอร์วิส จำกัด,,CH16,N,,,0,0.00,0,Y,,,1,1,228,19x96,Itsaripharat Kamthong
U,11x254536,"GLOBAL SEAL CO., LTD.",,SV04,N,,,0,0.00,0,Y,,,1,1,227,19x78,Sarawut Viseshasiri
A,11x254630,เบทาโกร-รง.1,,FD05,Y,,,0,0.00,2,Y,,,0,0,0,19x27,Nattawut Junkong
U,11x254777,โรงแรม สมุย 2 จำกัด,,SV01,N,,,0,0.00,0,Y,,,1,1,225,19x43,Katewadee Pratipagorn
D,11x254782,PAE (Thailand) Public Company Limited,,CH14,N,,,0,0.00,0,Y,,,1,1,225,19x43,Katewadee Pratipagorn
U,11x254819,"Cargo Electric Co., Ltd.",,SV04,N,,,0,0.00,0,Y,,,2,2,221,19x78,Sarawut Viseshasiri
U,11x254894,"AN Part and Service Co., Ltd.",,SV01,N,,,0,0.00,0,Y,,,1,1,224,19x89,Tanaporn Chanchanaroj
C,11x254906,บริษัท ไอคอน เทค อินสทรูเม้นท์ จำกัด,,FD09,N,,,0,0.00,0,Y,,,1,1,224,19x74,Sujittra Tungprakobjaroen
C,11x254911,บริษัท เจ พี เอ็ม เทรดดิ้ง จำกัด,,FD09,N,,,0,0.00,0,Y,,,1,1,224,19x74,Sujittra Tungprakobjaroen
C,11x254913,บริษัท สีมา เอ็นจิเนียริ่ง โปรดักส์  จำกัด,,FD09,N,,,0,0.00,0,Y,,,1,1,224,19x74,Sujittra Tungprakobjaroen
U,11x254920,tatsuno,,SV01,N,,,0,0.00,0,Y,,,1,1,223,19x43,Katewadee Pratipagorn
U,11x255490,บริษัท ราชพัฒนา เอ็นเนอร์ยี จำกัด (มหาชน),ชลบุรี,UT01,Y,2026-03-30,193,1,0.05,0,Y,4050.0,741889.34,1,0,0,19x45,Pattamaporn Chadkurupin
C,11x255548,บริษัท วีไทร์ แอนด์ รับเบอร์ จำกัด,สมุทรสาคร,AG01,N,,,0,0.00,0,Y,210.0,17328.77,1,1,220,19x34,Kanittha Cheryhom
D,11x255652,บริษัท เอ เอ แก๊ส จำกัด,,CH02,N,,,0,0.00,0,Y,,,1,1,220,19x45,Pattamaporn Chadkurupin
D,11x255654,MCKEY FOOD SERVICES (THIALAND) LIMITED,,FD01,N,,,0,0.00,0,Y,,,4,3,220,19x43,Katewadee Pratipagorn
U,11x256218,บริษัท ทีเอฟ เทค จำกัด,ปราจีนบุรี,XX00,N,,,0,0.00,0,Y,95.69,5109.68,1,0,0,19x18,Nomjit Suktawee
U,11x256270,"Siam Pro Relocations Co., Ltd.",,SV04,N,,,0,0.00,0,Y,,,1,1,218,19x89,Tanaporn Chanchanaroj
C,11x256272,บริษัท ณษิทา จำกัด,,UT03,N,,,0,0.00,0,Y,,,1,1,218,19x80,Jidapa Sriwattanakulkij
U,11x256580,บริษัท ฟาสเทค มอเตอร์ เซอร์วิส จำกัด,นครปฐม,SV01,Y,2026-06-05,126,4,0.13,0,Y,27.5,274,4,0,0,19x34,Kanittha Cheryhom
U,11x256776,บจก.มัลติโคเอ็นจิเนียริ่ง(ประเทศไทย),,SV01,N,,,0,0.00,0,Y,,,1,1,213,19x23,Vipoo Srisawadi
B,11x256892,บริษัท เนเชอร์เวิร์คส์ เอเชีย แปซิฟิก จำกัด,,CH01,N,,,0,0.00,0,Y,,,5,5,212,19x80,Jidapa Sriwattanakulkij
U,11x257064,"LEANTECH SYSTEMS CO.,LTD.",,SV04,N,,,0,0.00,0,Y,,,2,2,207,19x89,Tanaporn Chanchanaroj
U,11x257075,บริษัท เอ็นจิเนียริ่ง เทคโนโลยี เมนเทนเเนนซ์ เซอร์วิส จำกัด.,,SV04,N,,,0,0.00,0,Y,,,1,1,206,19x51,Benjamas Tanjit
U,11x257085,make fluid,,SV01,N,,,0,0.00,0,Y,,,1,1,206,19x23,Vipoo Srisawadi
D,11x257115,the global industry and engineering,,CH14,N,,,0,0.00,0,Y,,,1,1,205,19x23,Vipoo Srisawadi
U,11x257136,"PE Automation Co.,Ltd.",,SV04,N,,,0,0.00,0,Y,,,2,2,205,19x88,Thanaaran Sirawattanamongkol
U,11x257395,หจก.ธีรวิญญ์ เอ็นจิเนียริ่ง,,SV01,N,,,0,0.00,0,Y,,,2,2,199,19x37,Piyanuch Janthanarak
U,11x257416,บริษัท อีลิท เพาเวอร์ โซลูชั่น จำกัด,,SV01,N,,,0,0.00,0,Y,,,1,1,199,19x37,Piyanuch Janthanarak
R,11x257442,บริษัท โซลแมกซ์ จีโอซินเทติคส์ จำกัด,ระยอง,CH42,Y,2026-07-16,85,1,0.22,0,Y,327.12,17021.09,2,0,0,19x51,Benjamas Tanjit
U,11x257606,"CR3 (Thailand) Co., Ltd.",,SV01,N,,,0,0.00,0,Y,,,2,2,196,19x78,Sarawut Viseshasiri
U,11x257617,Piller Thailand,,SV01,N,,,0,0.00,0,Y,,,2,2,196,19x43,Katewadee Pratipagorn
C,11x257692,บริษัท จระเข้ คอร์ปอเรชั่น จำกัด,สระบุรี,CH09,Y,,,0,0.00,1,Y,81.0,693.25,0,0,0,19x92,Napadol Peoksangthip
U,11x257781,บริษัท เว็ลธ์ เวิร์คคิง มารีน จำกัด,สมุทรสาคร,????,Y,2026-03-30,193,1,0.07,0,Y,100.0,,1,0,0,19x23,Vipoo Srisawadi
C,11x257798,บริษัท ไทย ไปป์ไลน์ เน็ตเวิร์ค จำกัด,,EI00,Y,2026-03-30,193,1,0.10,1,Y,,,3,2,23,19x43,Katewadee Pratipagorn
U,11x257821,บริษัท เมคฟลูอิด จำกัด,,????,Y,2026-03-30,193,1,0.41,0,Y,,,1,0,0,19x23,Vipoo Srisawadi
R,11x257857,บริษัท ทีพีที ปิโตรเคมิคอลส์  จำกัด  (มหาชน),ระยอง,????,Y,2026-08-20,50,2,0.02,0,Y,8500.0,358255.45,0,0,0,19x18,Nomjit Suktawee
U,11x257859,บริษัท แมคคีย์ฟู้ดเซอร์วิสเซส (ประเทศไทย) จำกัด,สมุทรปราการ,????,Y,2026-03-30,193,1,0.18,0,Y,484.7781,12645.43,0,0,0,19x43,Katewadee Pratipagorn
U,11x257865,ห้างหุ้นส่วนจำกัด บุญศิริ สตีล,,????,Y,2026-03-30,193,1,0.02,0,Y,,,1,0,0,19x27,Nattawut Junkong
U,11x257869,บริษัท บีเอเอสเอฟ โคทติ้งส์ จํากัด,,????,Y,2026-09-15,24,2,0.28,0,Y,,,0,0,0,19x74,Sujittra Tungprakobjaroen
U,11x257884,บริษัท พีเอพี โซลูชั่น จำกัด,,????,Y,2026-03-30,193,1,0.23,0,Y,,,3,1,136,19x45,Pattamaporn Chadkurupin
C,11x258146,HANA SEMICONDUCTOR (AYUTTHAYA) COMPANY LIMITED,,EL00,Y,,,0,0.00,1,Y,,,0,0,0,19x96,Itsaripharat Kamthong
B,11x258159,oyota Parts Center Asia Pacific (TPCAP),,UT99,Y,,,0,0.00,2,Y,,,0,0,0,19x77,Thitima Plaibua
U,11x258549,DRIVEMAC INDUSTRIAL SERVICE COMPANY LIMITED,,SV04,N,,,0,0.00,0,Y,,,1,1,190,19x91,
U,11x259070,"Kurihara (Thailand) Co.,Ltd.",,SV01,N,,,0,0.00,0,Y,,,1,1,189,19x43,Katewadee Pratipagorn
U,11x260005,บริษัท เทคโน คูล (ประเทศไทย) จำกัด,,SV04,Y,2026-05-29,133,2,0.01,2,Y,,,4,2,165,19x88,Thanaaran Sirawattanamongkol
U,11x260038,บริษัท มัลติ เอ็นจิเนียริ่ง  แอนด์ ซัพพลาย จำกัด,,SV04,N,,,0,0.00,0,Y,,,2,2,148,19x19,Saovaluck Jangjai
U,11x260055,MITSUBISHI COMPANY (THAILAND) LTD.,,SV01,Y,,,0,0.00,1,Y,,,0,0,0,19x45,Pattamaporn Chadkurupin
U,11x260316,ห้างหุ้นส่วนจำกัดคม เอ็นจิเนียริ่ง,สระบุรี,????,Y,2026-04-21,171,1,0.04,0,Y,2.7668,155,1,0,0,19x18,Nomjit Suktawee
U,11x260371,บริษัท โกลด์ อีควิปเมนท์ จำกัด,,SV04,N,,,0,0.00,0,Y,,,1,1,170,19x45,Pattamaporn Chadkurupin
U,11x260476,"K P Tech All Co.,Ltd.",,SV04,N,,,0,0.00,0,Y,,,7,7,169,19x89,Tanaporn Chanchanaroj
U,11x260509,บริษัท สมทรัพย์ เซอร์วิส,,SV04,N,,,0,0.00,0,Y,,,1,1,169,19x19,Saovaluck Jangjai
U,11x260511,Beyond Borderless,,SV01,N,,,0,0.00,0,Y,,,1,1,169,19x43,Katewadee Pratipagorn
U,11x260513,บริษัท วินอิควิปเม้นท์ จำกัด,,SV04,N,,,0,0.00,0,Y,,,1,1,165,19x27,Nattawut Junkong
U,11x260557,"Experteam Co., Ltd.",,SV01,N,,,0,0.00,0,Y,,,1,0,0,19x43,Katewadee Pratipagorn
B,11x260698,บริษัท ซิกโนด (ประเทศไทย) จำกัด,ชลบุรี,CH42,Y,,,0,0.00,1,Y,521.38,0,0,0,0,19x92,Napadol Peoksangthip
B,11x260702,บริษัท ท้อปเทร็นด์ แมนูแฟคเจอริ่ง จำกัด,ชลบุรี,CH42,Y,,,0,0.00,1,Y,4.0,142,0,0,0,19x92,Napadol Peoksangthip
U,11x260718,FK International,,SV04,N,,,0,0.00,0,Y,,,1,1,165,19x76,
U,11x260720,สยามซัพพลาย แอนด์ ไฮดรอลิค จำกัด,สงขลา,SV04,N,,,0,0.00,0,Y,13.0,127.46,1,1,165,19x1,Administrator
R,11x260778,บริษัท เทคนิคคอล ไทย เซอร์วิส จำกัด,ระยอง,????,Y,2026-04-27,165,1,0.07,0,Y,44.492719,353.75,1,0,0,19x51,Benjamas Tanjit
U,11x260802,บริษัท มิตซูบิชิ (ประเทศไทย) จำกัด,,SV01,Y,,,0,0.00,1,Y,,,1,0,0,19x45,Pattamaporn Chadkurupin
U,11x260977,หจก.เวอค อินเตอร์เทรด,,SV04,N,,,0,0.00,0,Y,,,1,1,164,19x19,Saovaluck Jangjai
U,11x261000,บริษัทนี้ บริษัท ทิทโก้ กรุงเทพ จำกัด,,SV04,N,,,0,0.00,0,Y,,,1,1,163,19x45,Pattamaporn Chadkurupin
D,11x261138,บริษัท เอเชียลิงค์ เทอมินัล จำกัด,,CH14,Y,,,0,0.00,12,Y,,,0,0,0,19x43,Katewadee Pratipagorn
U,11x262348,บริษัท อิทธิฉัตร อินดัสเตรียล เวิร์คส์ จำกัด,,SV04,N,,,0,0.00,0,Y,,,2,2,157,19x19,Saovaluck Jangjai
B,11x262351,บริษัท อุบลเวลแพ็ค จำกัด,,CH42,N,,,0,0.00,0,Y,,,1,1,156,19x92,Napadol Peoksangthip
U,11x262353,ห้างหุ้นส่วนจำกัด แอล.ซัพพลาย (,,SV04,N,,,0,0.00,0,Y,,,1,1,157,19x19,Saovaluck Jangjai
B,11x262618,ทีพีที ปิโตรเคมิคอลส์ จํากัด (มหาชน),,TT01,N,,,0,0.00,0,Y,,,3,2,156,19x80,Jidapa Sriwattanakulkij
U,11x262636,Gennesaret Company Limited,,SV01,N,,,0,0.00,0,Y,,,2,2,155,19x45,Pattamaporn Chadkurupin
U,11x262640,"Pump Engineers Co., Ltd.",,SV01,N,,,0,0.00,0,Y,,,1,1,155,19x45,Pattamaporn Chadkurupin
U,11x262642,LINFOX LOGISTICS (THAILAND) LIMITED,,SV04,N,,,0,0.00,0,Y,,,1,1,156,19x89,Tanaporn Chanchanaroj
U,11x263029,บริษัท โฟร์ คอมบิเนชั่น จำกัด,,SV04,N,,,0,0.00,0,Y,,,1,1,151,19x91,
U,11x263031,บริษัท ซีลเทค อินดัสตรีส์ จำกัด,,SV04,N,,,0,0.00,0,Y,,,1,1,151,19x37,Piyanuch Janthanarak
U,11x263051,ISO Engineering,,SV01,N,,,0,0.00,0,Y,,,1,1,151,19x43,Katewadee Pratipagorn
U,11x263069,บริษัท แมนโปร เซอร์วิส จำกัด,,SV04,N,,,0,0.00,0,Y,,,1,1,151,19x91,
U,11x263118,M.O.P  CHINKOKU.CO.LTD,,SV04,N,,,0,0.00,0,Y,,,1,1,149,19x74,Sujittra Tungprakobjaroen
U,11x263193,KSBT Engineering,,SV01,N,,,0,0.00,0,Y,,,1,1,147,19x43,Katewadee Pratipagorn
U,11x263209,บริษัท ปั้มเซิร์ฟ ระยอง จำกัด,,SV04,N,,,0,0.00,0,Y,,,1,1,147,19x34,Kanittha Cheryhom
U,11x263211,บริษัท ซินเนอจี้ คิว (ประเทศไทย) จำกัด,,SV04,Y,,,0,0.00,3,Y,,,1,1,147,19x45,Pattamaporn Chadkurupin
U,11x263217,"Thai Contracting Management Co.,Ltd",,SV01,N,,,0,0.00,0,Y,,,2,2,146,19x43,Katewadee Pratipagorn
U,11x263229,A-INNOVATE ENGINEERING COMPANY LIMITED,,SV03,N,,,0,0.00,0,Y,,,1,1,144,19x92,Napadol Peoksangthip
C,11x263234,บริษัท เค ไอ ไบโอก๊าซ จำกัด,นครราชสีมา,CH16,Y,2026-05-29,133,1,0.18,0,Y,97.418,5820,1,0,0,19x74,Sujittra Tungprakobjaroen
U,11x263287,"AEC Industrial Services CO., LTD.",,SV01,N,,,0,0.00,0,Y,,,1,1,143,19x89,Tanaporn Chanchanaroj
U,11x263292,"TC Enstage Co.,Ltd.",,SV04,N,,,0,0.00,0,Y,,,2,2,143,19x90,Patthamanan Pudgajang
U,11x263341,บริษัท เค วี อีควิปเม้นท์ แอนด์ เซอร์วิส จำกัด,,SV04,N,,,0,0.00,0,Y,,,1,1,142,19x80,Jidapa Sriwattanakulkij
U,11x263381,บริษัท พีลาทัส มารีน จำกัด,,SV01,N,,,0,0.00,0,Y,,,1,1,141,19x23,Vipoo Srisawadi
C,11x263422,THE ENGINEER,,UT03,N,,,0,0.00,0,Y,,,2,2,140,19x92,Napadol Peoksangthip
U,11x263523,"LINEMAKER ENGINEERING CO., LTD.",,SV01,N,,,0,0.00,0,Y,,,1,1,137,19x45,Pattamaporn Chadkurupin
U,11x263558,Unithai,,SV01,N,,,0,0.00,0,Y,,,1,1,137,19x23,Vipoo Srisawadi
C,11x263570,บริษัท ลาเท็กซ์เอเชีย (ประเทศไทย)จำกัด,นนทบุรี,AG02,N,,,0,0.00,0,Y,49.0,295.95999999999998,2,2,137,19x34,Kanittha Cheryhom
U,11x263621,บริษัท สมาร์ท ซิสเต็ม แอนด์ ออโตเมชั่น เอ็นจิเนียริ่ง จำกัด,,SV04,N,,,0,0.00,0,Y,,,1,1,136,19x92,Napadol Peoksangthip
U,11x264280,SHERA BUILDING SOLUTION (PHILIPPINES) CORP.,,????,Y,2026-05-29,133,1,0.24,0,Y,,,1,0,0,19x19,Saovaluck Jangjai
U,11x264284,บริษัท สีไทยกันไซเพ้นท์  จำกัด,สมุทรปราการ,????,Y,2026-05-29,133,1,0.03,0,Y,13.29738,606.79999999999995,0,0,0,19x18,Nomjit Suktawee
U,11x264286,บริษัท ยู-เซอร์วิสเซส (ปราจีนบุรี) จำกัด,,????,Y,2026-05-29,133,1,0.12,0,Y,,,1,0,0,19x45,Pattamaporn Chadkurupin
U,11x264295,บริษัท ซัน เอ็นจิเนียริ่ง แอนด์ ไฟร์ เซอร์วิส จำกัด,,????,Y,2026-05-29,133,1,0.56,0,Y,,,1,0,0,19x89,Tanaporn Chanchanaroj
U,11x264299,บริษัท ไทยออยล์ จำกัด  (มหาชน),ชลบุรี,????,Y,2026-05-29,133,1,0.17,0,Y,21038.0,1146500.71,0,0,0,19x18,Nomjit Suktawee
U,11x264347,บริษัท โชคสุวรรณ เอ็นจิเนียริ่ง จำกัด,,????,Y,2026-05-29,133,1,0.00,0,Y,,,1,0,0,19x18,Nomjit Suktawee
U,11x264357,บริษัท อาร์เคม (ประเทศไทย) จำกีด,,????,Y,2026-05-29,133,1,0.09,0,Y,,,6,0,0,19x51,Benjamas Tanjit
U,11x264668,บริษัท เอ็นเอสอาร์ พริซิขั่น จำกัด,,SV01,N,,,0,0.00,0,Y,,,1,1,129,19x37,Piyanuch Janthanarak
A,11x264698,บริษัท บิ๊ค เคมิคอล จำกัด,นครปฐม,FD05,Y,,,0,0.00,1,Y,10.0,62.5,0,0,0,19x88,Thanaaran Sirawattanamongkol
C,11x264816,บริษัท อาควา นิชิฮาร่า คอร์ปอเรชั่น จำกัด,พระนครศรีอยุธยา,UT03,N,,,0,0.00,0,Y,124.574,577.70000000000005,3,3,127,19x92,Napadol Peoksangthip
U,11x265159,บริษัท เอ-เทค คอนโทรล ซิสเต็มส์ จำกัด,,SV04,N,,,0,0.00,0,Y,,,2,2,126,19x19,Saovaluck Jangjai
C,11x265458,DEFTSOL ULTIMATE COMPANY LIMITED,,UT03,N,,,0,0.00,0,Y,,,1,1,126,19x92,Napadol Peoksangthip
C,11x265778,บริษัท เมโทร เอ็ม.ดีเอฟ. จำกัด,ปราจีนบุรี,AG03,N,,,0,0.00,0,Y,320.0,12718.03,2,2,123,19x37,Piyanuch Janthanarak
U,11x266035,บริษัท วี.อาร์. โซลูชั่น แอนด์ เซอร์วิส จำกัด,,SV01,Y,2026-07-30,71,2,0.11,0,Y,,,2,0,0,19x34,Kanittha Cheryhom
B,11x266046,BAC engineering,,UT99,N,,,0,0.00,0,Y,,,1,1,120,19x23,Vipoo Srisawadi
U,11x266089,บริษัท ไทยเทคนิเชี่ยน โรลเลอร์ จำกัด,,SV04,Y,2026-06-15,116,1,0.00,0,Y,,,3,2,119,19x88,Thanaaran Sirawattanamongkol
U,11x266151,"Thai-Phill Services Co., Ltd",,SV01,N,,,0,0.00,0,Y,,,1,1,116,19x45,Pattamaporn Chadkurupin
U,11x266163,MG EMGINEERING,,SV01,N,,,0,0.00,0,Y,,,1,1,116,19x43,Katewadee Pratipagorn
U,11x266229,บจก.ไอทีที ฟลูอิด เทคโนโลยี่ อินเตอร์เนชั่นแนล (ประเทศไทย),,????,Y,2026-09-04,35,3,0.16,0,Y,,,13,1,108,19x51,Benjamas Tanjit
U,11x266283,K&T Trading Individual,,SV04,N,,,0,0.00,0,Y,,,1,1,115,19x89,Tanaporn Chanchanaroj
C,11x266304,บริษัทธัญญทิพย์เคมีเกษตร,,CH07,N,,,0,0.00,0,Y,,,1,1,479,19x74,Sujittra Tungprakobjaroen
U,11x266323,"TN Pacific Co.,Ltd.",,SV04,N,,,0,0.00,0,Y,,,1,1,114,19x89,Tanaporn Chanchanaroj
U,11x266516,บริษัท พูลกิจวัฒนา คอนสตรัคชั่น แอนด์ ดีเวลลอปเม้นท์ จำกัด,,SV01,N,,,0,0.00,0,Y,,,2,2,113,19x77,Thitima Plaibua
U,11x266531,บริษัท อัลฟ่ากรุ๊ป จำกัด,,SV01,N,,,0,0.00,0,Y,,,1,0,0,19x77,Thitima Plaibua
U,11x266534,บริษัท อาเบอร์เล่ ออโต้เมชั่น (ประเทศไทย) จำกัด,,SV01,N,,,0,0.00,0,Y,,,1,1,112,19x77,Thitima Plaibua
U,11x266552,บริษัท พีเอ็ม เซอร์วิสแอนด์ออโตเมชั่น จำกัด,,SV01,N,,,0,0.00,0,Y,,,1,1,112,19x37,Piyanuch Janthanarak
U,11x266612,"POLY PARTS SUPPLY CO.,LTD.",,SV04,N,,,0,0.00,0,Y,,,1,1,112,19x43,Katewadee Pratipagorn
U,11x266662,Nestlé Thailand (Nestle (Thai) Ltd.),,SV04,N,,,0,0.00,0,Y,,,1,1,108,19x91,
C,11x266675,บริษัท โปรเอ็นไวร์ จำกัด,,UT03,N,,,0,0.00,0,Y,,,2,2,108,19x92,Napadol Peoksangthip
U,11x266696,บริษัท เอ็มทีบี เพาเวอร์ จำกัด,,SV04,N,,,0,0.00,0,Y,,,1,1,108,19x91,
U,11x266731,C.E.Mech Engineering,,SV01,N,,,0,0.00,0,Y,,,1,1,107,19x89,Tanaporn Chanchanaroj
U,11x266768,บริษัท สยามราชธานี ออโตเมชัน จำกัด,สมุทรปราการ,SV01,N,,,0,0.00,0,Y,5.0,,1,1,106,19x19,Saovaluck Jangjai
U,11x266815,บริษัท เอ็กซ์เพิท ทีม จำกัด,สมุทรสาคร,????,Y,2026-06-25,106,1,0.40,0,Y,42.0,578.5,0,0,0,19x43,Katewadee Pratipagorn
U,11x266827,บริษัท มัลติโค เอ็นจิเนียริ่ง (ประเทศไทย) จำกัด,,????,Y,2026-06-25,106,1,0.36,0,Y,,,1,0,0,19x23,Vipoo Srisawadi
U,11x266835,ห้างหุ้นส่วนจำกัด นิติธรพัฒนา,,SV04,N,,,0,0.00,0,Y,,,1,1,106,19x45,Pattamaporn Chadkurupin
U,11x266856,Gulf Development Public Company Limited,,UT01,N,,,0,0.00,0,Y,,,1,1,94,19x45,Pattamaporn Chadkurupin
C,11x267032,"Thai Silicon Adhisive Chemical Co., Ltd.",,CH09,Y,,,0,0.00,1,Y,,,0,0,0,19x92,Napadol Peoksangthip
B,11x267036,Precision Plastic,,CH42,Y,,,0,0.00,1,Y,,,0,0,0,19x92,Napadol Peoksangthip
C,11x267041,"NICHIEI (THAILAND) CO.,LTD.",,CH09,Y,,,0,0.00,1,Y,,,0,0,0,19x92,Napadol Peoksangthip
B,11x267048,บริษัทงามดีอุตสาหกรรม,ราชบุรี,TT01,Y,,,0,0.00,3,Y,326.911887,3661.98,0,0,0,19x92,Napadol Peoksangthip
B,11x267054,JIULONGTHAI,,CH42,Y,,,0,0.00,1,Y,,,0,0,0,19x92,Napadol Peoksangthip
B,11x267057,บริษัท สุพรีม พลาสติก อินดัสตรี้,สมุทรปราการ,CH42,Y,,,0,0.00,1,Y,14.0,153.94,0,0,0,19x92,Napadol Peoksangthip
U,11x267120,Econotech,,SV01,N,,,0,0.00,0,Y,,,1,1,102,19x91,
U,11x267314,"Advance Siam Tech Co., Ltd",,SV04,N,,,0,0.00,0,Y,,,3,3,102,19x45,Pattamaporn Chadkurupin
A,11x267465,บริษัท เซนทาโก(ประเทศไทย) จำกัด,,FD05,Y,,,0,0.00,1,Y,,,0,0,0,19x88,Thanaaran Sirawattanamongkol
D,11x267549,"SD Guthrie International Morakot Public Co., Ltd.",,FD03,N,,,0,0.00,0,Y,,,1,1,101,19x45,Pattamaporn Chadkurupin
U,11x267577,PBP Global,,SV04,N,,,0,0.00,0,Y,,,1,1,101,19x89,Tanaporn Chanchanaroj
D,11x267763,บริษัท เอบี ฟู้ด แอนด์ เบฟเวอร์เรจส์ (ประเทศไทย) จำกัด,สมุทรปราการ,FD99,N,,,0,0.00,0,Y,309.650778,20888.09,1,1,100,19x45,Pattamaporn Chadkurupin
U,11x267791,"E.S.C. INNOVATION CO., LTD.",,SV04,N,,,0,0.00,0,Y,,,1,1,100,19x88,Thanaaran Sirawattanamongkol
A,11x267924,บริษัท รอแยลแคนอินดัสทรีส์ จำกัด,สมุทรสาคร,MT02,N,,,0,0.00,0,Y,230.0,3280.86,1,1,99,19x19,Saovaluck Jangjai
R,11x268407,บริษัท อี-โคทติ้งส์ เอเชีย จำกัด,ระยอง,CH43,Y,2026-07-27,74,1,0.01,0,Y,0.0,0,1,0,0,19x90,Patthamanan Pudgajang
B,11x269182,"Unique Plastic Industry Co.,LTD.",,CH42,N,,,0,0.00,0,Y,,,1,1,95,19x77,Thitima Plaibua
U,11x269218,"Sourcing 360 Co.,Ltd.",,SV04,N,,,0,0.00,0,Y,,,1,1,95,19x89,Tanaporn Chanchanaroj
A,11x269227,บริษัท เจ.บี.พี.อินเตอร์เนชั่นแนล เพ็นท์ จำกัด,กรุงเทพมหานคร,CH03,Y,,,0,0.00,4,Y,2.0,543.75,2,2,95,19x88,Thanaaran Sirawattanamongkol
B,11x269229,บริษัท ยูนิคพลาสติก อินดัสตรี จำกัด (มหาชน),สมุทรปราการ,CH42,N,,,0,0.00,0,Y,60.0,9953.44,1,1,88,19x80,Jidapa Sriwattanakulkij
U,11x269274,บริษัท เพอร์เฟค คอมพาเนียน  กรุ๊ป  จำกัด,สมุทรปราการ,????,Y,2026-09-28,11,2,0.23,0,Y,937.186,5310.58,0,0,0,19x18,Nomjit Suktawee
B,11x269308,บริษัท วีพีไอ อินดัสตรี จำกัด,นนทบุรี,CH42,Y,2026-09-23,16,1,0.28,1,Y,13.7,456.85,2,0,0,19x80,Jidapa Sriwattanakulkij
B,11x269317,บริษัท ไทยโตไกคาร์บอนโปรดักท์ จำกัด,ชลบุรี,CH42,N,,,0,0.00,0,Y,1700.0,833790.9,2,0,0,19x51,Benjamas Tanjit
U,11x269325,บริษัท ซิสเท็ม คอร์ป จำกัด,,SV04,N,,,0,0.00,0,Y,,,1,1,46,19x96,Itsaripharat Kamthong
U,11x269499,IBC INDUSTRIAL COMPANY LIMITED,,SV04,N,,,0,0.00,0,Y,,,2,2,92,19x91,
U,11x269508,ห้างหุ้นส่วนจำกัด พีเอสอาร์ซี,,SV04,N,,,0,0.00,0,Y,,,1,1,91,19x96,Itsaripharat Kamthong
A,11x269684,บริษัท แสตนดาร์ด แคน จำกัด,สมุทรปราการ,MT99,N,,,0,0.00,0,Y,300.0,2974.8,1,1,86,19x19,Saovaluck Jangjai
U,11x269703,บริษัท พี.ดับบลิว.เอ็นจิเนียริ่ง แอนด์ เซอร์วิส จำกัด,,SV01,N,,,0,0.00,0,Y,,,1,0,0,19x37,Piyanuch Janthanarak
C,11x269720,บจก.รวมเกษตรกรอุตสาหกรรม (ภูเขียว),,FD09,N,,,0,0.00,0,Y,,,1,1,85,19x96,Itsaripharat Kamthong
C,11x269740,บริษัท แซน เทค เซ็นเตอร์ จำกัด,,UT03,N,,,0,0.00,0,Y,,,3,3,80,19x80,Jidapa Sriwattanakulkij
R,11x269774,บริษัท บริดจสโตน คาร์บอน แบล็ค (ประเทศไทย) จำกัด,ระยอง,????,Y,2026-07-16,85,1,0.50,0,Y,1300.0,40954.51,32,0,0,19x51,Benjamas Tanjit
C,11x269792,Advance Water,,UT03,N,,,0,0.00,0,Y,,,2,2,84,19x92,Napadol Peoksangthip
U,11x269806,Family Myanmar,,SV04,N,,,0,0.00,0,Y,,,1,1,84,19x45,Pattamaporn Chadkurupin
A,11x269820,บริษัท ซัน โอเปอเรชั่น จำกัด,,FD05,Y,,,0,0.00,2,Y,,,1,1,84,19x88,Thanaaran Sirawattanamongkol
C,11x269961,บริษัท อี 85 จำกัด,ลพบุรี,CH16,N,,,0,0.00,0,Y,291.884175,4347.34,1,1,81,19x34,Kanittha Cheryhom
U,11x270162,Communication & System Solution PCL,,SV01,N,,,0,0.00,0,Y,,,1,1,65,19x23,Vipoo Srisawadi
U,11x270193,บริษัท พีที พาร์ท เทค จำกัด,,SV04,N,,,0,0.00,0,Y,,,2,2,78,19x45,Pattamaporn Chadkurupin
B,11x270834,Super Grip Company Limited,,CH42,Y,,,0,0.00,1,Y,,,0,0,0,19x92,Napadol Peoksangthip
B,11x270840,SANKO (PLASTICS) THAILAND,,CH42,Y,,,0,0.00,1,Y,,,0,0,0,19x92,Napadol Peoksangthip
U,11x271089,บริษัท เอเชี่ยน นิวทริชั่น  จำกัด,เพชรบุรี,????,Y,2026-07-30,71,1,0.22,0,Y,145.1,18904.53,0,0,0,19x18,Nomjit Suktawee
U,11x271227,บริษัท เทอร์ไบน์แอโร รีแพร์ จำกัด,ชลบุรี,SV01,N,,,0,0.00,0,Y,0.0,0,1,1,70,19x37,Piyanuch Janthanarak
U,11x271770,บริษัท บีอีเจเอสที ไบโอเอเนอร์จี จำกัด,,UT01,N,,,0,0.00,0,Y,,,1,1,67,19x45,Pattamaporn Chadkurupin
D,11x271772,บริษัท เชฟรอน (ไทย)  จำกัด,กรุงเทพ,CH14,Y,2026-09-23,16,7,0.29,0,Y,,,83,1,57,19x23,Vipoo Srisawadi
B,11x271889,บริษัท ราชราตัน ไทย ไวร์ จำกัด,ราชบุรี,UT99,N,,,0,0.00,0,Y,390.37,9772.5,2,1,67,19x77,Thitima Plaibua
C,11x271957,บริษัท กรีน โปรเกรส จำกัด,,UT03,N,,,0,0.00,0,Y,,,2,2,60,19x80,Jidapa Sriwattanakulkij
D,11x272321,บริษัท พรีเมีย ลูบริแค้นท์ จำกัด,ปทุมธานี,CH14,Y,,,0,0.00,2,Y,681.168015,3900,0,0,0,19x45,Pattamaporn Chadkurupin
A,11x272393,บริษัท แอสไพร์ พาวเวอร์ จำกัด,,SV07,Y,2026-08-07,63,1,0.02,0,Y,,,1,0,0,19x88,Thanaaran Sirawattanamongkol
U,11x272397,บริษัท เดอะซิสเตอร์กรุ๊ป จำกัด,,SV04,N,,,0,0.00,0,Y,,,1,1,64,19x88,Thanaaran Sirawattanamongkol
U,11x272551,บริษัท ไทย จีอาร์พี จำกัด,ปทุมธานี,SV04,N,,,0,0.00,0,Y,45.0,170,1,1,64,19x80,Jidapa Sriwattanakulkij
U,11x272708,"Genesis Engineering & Thermal Solutions Co.,Ltd",,SV04,N,,,0,0.00,0,Y,,,1,1,64,19x51,Benjamas Tanjit
U,11x273017,บริษัท บี วาย เอ็ม เทรดดิ้ง จำกัด,,SV04,N,,,0,0.00,0,Y,,,1,1,60,19x45,Pattamaporn Chadkurupin
B,11x273041,"TKPV CO., LTD",,MN01,N,,,0,0.00,0,Y,,,1,1,60,19x89,Tanaporn Chanchanaroj
U,11x273075,บริษัท เอส.พี. เอ็นจิเนียริ่ง แอนด์ ซัพพลาย จำกัด,,SV04,N,,,0,0.00,0,Y,,,1,0,0,19x51,Benjamas Tanjit
U,11x273121,บริษัท เอพี โซลูชั่น (1989) จำกัด,,SV04,N,,,0,0.00,0,Y,,,1,1,57,19x96,Itsaripharat Kamthong
U,11x273215,HeroMac Pte Ltd,,SV01,N,,,0,0.00,0,Y,,,1,1,56,19x23,Vipoo Srisawadi
U,11x273259,InspiringInnovative Water and Environmental Solutions,,SV04,N,,,0,0.00,0,Y,,,1,1,56,19x91,
U,11x273448,Yupeng Information Technology,,SV01,N,,,0,0.00,0,Y,,,1,1,51,19x89,Tanaporn Chanchanaroj
C,11x273486,บริษัท ออพติดูร์ โพลิเมอร์ส จำกัด,,AG01,N,,,0,0.00,0,Y,,,2,1,37,19x37,Piyanuch Janthanarak
D,11x273494,บริษัท เสริมสุข จำกัด (มหาชน),ปทุมธานี,FD04,N,,,0,0.00,0,Y,168.0,2377.9699999999998,1,1,51,19x37,Piyanuch Janthanarak
U,11x273532,บ. ไอยรา อินเตอร์เทรด จำกัด,,SV01,N,,,0,0.00,0,Y,,,1,1,50,19x23,Vipoo Srisawadi
U,11x273554,บริษัท เอสพี เอ็นจิเนียริ่ง แอนด์ ซัพพลาย จำกัด,,????,Y,2026-08-20,50,1,0.45,0,Y,,,0,0,0,19x18,Nomjit Suktawee
A,11x274494,บริษัท แฟรงคลิน ไบโอเทค จำกัด,,FD05,Y,,,0,0.00,1,Y,,,1,1,49,19x88,Thanaaran Sirawattanamongkol
U,11x274605,บริษัท ไทย เอ็มเอ็มไอ เซอร์วิสแอนด์ซัพพลาย จำกัด,,SV04,N,,,0,0.00,0,Y,,,1,1,46,19x34,Kanittha Cheryhom
C,11x274704,บริษัท เคนวิว (ประเทศไทย) จำกัด,,CH05,N,,,0,0.00,0,Y,,,1,1,44,19x37,Piyanuch Janthanarak
B,11x274736,Witcorp Product Ltd.,,OT99,N,,,0,0.00,0,Y,,,1,1,44,19x89,Tanaporn Chanchanaroj
U,11x274787,"Phoenix Progressive Technology (Thailand) Co., Ltd.",,SV04,N,,,0,0.00,0,Y,,,1,1,44,19x23,Vipoo Srisawadi
C,11x274806,บริษัท ไทยเอ็นเนอร์ยี่คอนเซอร์เวชั่น จำกัด,สุพรรณบุรี,UT03,N,,,0,0.00,0,Y,10.0,265.67,2,2,44,19x80,Jidapa Sriwattanakulkij
A,11x274831,"Thai Specialty Chemical Co., Ltd.",,OM00,N,,,0,0.00,0,Y,,,2,1,16,19x89,Tanaporn Chanchanaroj
D,11x275317,บริษัท เอสดี กัทธรี อินเตอร์เนชั่นแนล มรกต จำกัด (มหาชน),สมุทรปราการ,FD03,N,,,0,0.00,0,Y,630.784637,17729.689999999999,15,0,0,19x45,Pattamaporn Chadkurupin
B,11x275530,การประปาส่วนภูมิภาคสาขาพระนครศรีอยุธยา,,UT99,N,,,0,0.00,0,Y,,,1,0,0,20x7,Group D
C,11x294369,บริษัท เซาท์แลนด์รับเบอร์ จำกัด,สุราษฎร์ธานี,AG01,N,,,0,0.00,0,Y,33.0,1731.64,1,1,37,19x37,Piyanuch Janthanarak
A,11x294389,บริษัท อินโดไชน่า เอ็นจิเนียริ่ง ซิสเท็ม คีไล จำกัด,สมุทรปราการ,OM00,N,,,0,0.00,0,Y,100.0,379,9,0,0,20x7,Group D
A,11x294390,บริษัท ซีพีเอฟ ผลิตภัณฑ์อาหาร จำกัด,,FD05,N,,,0,0.00,0,Y,,,6,0,0,20x2,Group A
R,11x294391,บริษัท ปตท. เคมิคอล จำกัด (มหาชน),,CH99,N,,,0,0.00,0,Y,,,60,0,0,20x5,Group B
A,11x294392,บริษัท กรุงเทพผลิตภัณฑ์อาหาร จำกัด,,FD05,N,,,0,0.00,0,Y,,,26,0,0,20x2,Group A
A,11x294393,บริษัท เจริญโภคภัณฑ์อุตสาหกรรม จำกัด,,FD05,N,,,0,0.00,0,Y,,,21,0,0,20x2,Group A
A,11x294394,บริษัท ราชบุรีอาหาร จำกัด,,FD05,N,,,0,0.00,0,Y,,,11,0,0,20x2,Group A
B,11x294395,บริษัท มหพันธ์ดีเวลลอปเมนท์ จำกัด,ปทุมธานี,MN05,N,,,0,0.00,0,Y,370.0,,10,0,0,20x2,Group A
A,11x294396,"C.P. VIETNAM LIVESTOCK CORPORATION CO.,LTD.",,FD05,N,,,0,0.00,0,Y,,,7,0,0,20x2,Group A
U,11x294397,ห้างหุ้นส่วนจำกัด ส.เอ็นจิเนียริ่งแอนด์อีควิปเม้นท์ (ปิดกิจการ),,SV04,N,,,0,0.00,0,Y,,,5,0,0,20x7,Group D
U,11x294398,สยามราชธานี เอ็นจิเนียริ่ง บจก.,,AT00,N,,,0,0.00,0,Y,,,3,0,0,20x2,Group A
A,11x294399,CHAROEN POKPHAND VIETNAM CORPORATION,,FD05,N,,,0,0.00,0,Y,,,2,0,0,20x2,Group A
U,11x294400,บริษัท นานาภัณฑ์ วัสดุอุตสาหกรรม จำกัด,,SV04,N,,,0,0.00,0,Y,,,2,0,0,20x2,Group A
U,11x294401,ผลิตไฟฟ้าระยอง บจก.,,UT01,N,,,0,0.00,0,Y,,,2,0,0,20x7,Group D
A,11x294402,C.P. LIVESTOCK CORPORATION,,FD05,N,,,0,0.00,0,Y,,,1,0,0,20x2,Group A
D,11x294403,"PTT (LAO) CO., LTD.",,CH14,N,,,0,0.00,0,Y,,,1,0,0,20x7,Group D
C,11x294404,VIET A LOGISTICS CO.LTD.,,FD02,N,,,0,0.00,0,Y,,,1,0,0,20x6,Group C
U,11x294405,Wright Flow Technologies,,SV04,N,,,0,0.00,0,Y,,,1,0,0,19x1,Administrator
U,11x294406,บริษัท ทรัพย์ษิร์ชา จำกัด,,SV04,N,,,0,0.00,0,Y,,,1,0,0,20x7,Group D
B,11x294407,บริษัท ที.ซี.เค. อินเตอร์เนชันแนล จำกัด,สิงห์บุรี,OT99,N,,,0,0.00,0,Y,888.0,11446.58,1,0,0,20x7,Group D
C,11x294408,บริษัท นำวิวัฒน์ เมดิคอล คอร์ปอเรชั่น จำกัด (มหาชน),สมุทรปราการ,CH05,N,,,0,0.00,0,Y,18.0,174.32,1,0,0,20x6,Group C
B,11x294409,บริษัท บางกอกโคมัตสุอินดัสตรีส์ จำกัด (ปิดกิจการ),,UT99,N,,,0,0.00,0,Y,,,1,0,0,20x2,Group A
D,11x294410,บริษัท บุษราคัม มโนรา จำกัด,กรุงเทพมหานคร,CH14,N,,,0,0.00,0,Y,100.0,,1,0,0,20x7,Group D
D,11x294411,บริษัท มาลีกรุ๊ป จำกัด (มหาชน),นครปฐม,FD01,N,,,0,0.00,0,Y,0.0,23941.48,1,0,0,20x7,Group D
D,11x294412,บริษัท อายิโนะโมะโต๊ะเซลส์ (ประเทศไทย) จำกัด,สระบุรี,FD01,N,,,0,0.00,0,Y,138.0,25300,1,0,0,20x7,Group D
U,11x294413,บริษัท เทคนิป เอ็นเนอร์จีส์ (ประเทศไทย) จำกัด,กรุงเทพมหานคร,SV01,N,,,0,0.00,0,Y,8.0,,1,0,0,20x6,Group C
A,11x294414,บริษัท โตโยอิ๊งค์ โค้ทติ้ง(ประเทศไทย) จำกัด (ปิดกิจการ),,CH03,N,,,0,0.00,0,Y,,,1,0,0,20x2,Group A
U,11x294415,บริษัท ไทยบริการอุตสาหกรรมและวิศวกรรม จำกัด (มหาชน) (ปิดกิจการ),,SV01,N,,,0,0.00,0,Y,,,14,0,0,20x2,Group A
A,11x294416,บริษัท กรุงเทพผลิตผลอุตสาหกรรมการเกษตร จำกัด (มหาชน),ลำพูน,FD05,N,,,0,0.00,0,Y,35.5,761.5,12,0,0,20x2,Group A
U,11x294417,บริษัท ดั๊บเบิ้ล เอ (1991) จำกัด (มหาชน),ฉะเชิงเทรา,PP03,N,,,0,0.00,0,Y,60.08,348.91,11,0,0,20x6,Group C
U,11x294418,HAN SEIN THANT [SINGAPORE] PTE.LTD.,,SV04,N,,,0,0.00,0,Y,,,10,0,0,20x6,Group C
D,11x294419,บริษัท ปตท.อะโรเมติกส์และการกลั่น จำกัด (มหาชน),,PE00,N,,,0,0.00,0,Y,,,9,0,0,19x1,Administrator
A,11x294420,บริษัท ไทยน๊อคซ์ สเตนเลส จำกัด (มหาชน),,MT01,N,,,0,0.00,0,Y,,,5,0,0,20x9,Group R
D,11x294421,บริษัท สแน็คทูโก (เอเชีย) จำกัด,,FD01,N,,,0,0.00,0,Y,100.0,,3,0,0,20x7,Group D
B,11x294422,บริษัท แอเดียนท์ แอนด์ ซัมมิท คอร์ปอเรชั่น จำกัด,ชลบุรี,UT99,N,,,0,0.00,0,Y,505.0,250,3,0,0,20x9,Group R
A,11x294423,"C.P.BANGLADESH CO.,LTD",,FD05,N,,,0,0.00,0,Y,,,2,0,0,20x2,Group A
A,11x294424,"Surint Omya Vietnam Co.,Ltd.",,MN99,N,,,0,0.00,0,Y,,,2,0,0,20x2,Group A
U,11x294425,บริษัท ท่าอากาศยานไทย จำกัด (มหาชน),กรุงเทพมหานคร,SV01,N,,,0,0.00,0,Y,14285.7,,2,0,0,20x6,Group C
U,11x294426,บริษัท สุโมโต้ (ประเทศไทย) จำกัด,,SV04,N,,,0,0.00,0,Y,3.0,,2,0,0,20x7,Group D
U,11x294427,American Controls Inc.,,SV01,N,,,0,0.00,0,Y,,,1,0,0,20x9,Group R
A,11x294428,"C.P. BANGLADESH CO.,LTD.",,FD05,N,,,0,0.00,0,Y,,,1,0,0,20x2,Group A
A,11x294429,C.P.Vietnam Liverstcok Corporation Xuan Mai Ha Noi Branch,,FD05,N,,,0,0.00,0,Y,,,1,0,0,20x2,Group A
U,11x294430,IMO AB,,SV04,N,,,0,0.00,0,Y,,,1,0,0,20x7,Group D
B,11x294431,LANE XANG MINERALS LIMITED,,MN01,N,,,0,0.00,0,Y,,,1,0,0,20x5,Group B
U,11x294432,SP,,SV04,N,,,0,0.00,0,Y,,,1,0,0,20x9,Group R
U,11x294433,TOYO-VIETNAM CORPORATION LIMITED.,,SV01,N,,,0,0.00,0,Y,,,1,0,0,20x7,Group D
B,11x294434,บริษัท คาลดิก (ไทยแลนด์) จำกัด,สมุทรปราการ,CH01,N,,,0,0.00,0,Y,15.0,255,1,0,0,20x5,Group B
R,11x294435,บริษัท จอห์น เครน (ประเทศไทย) จำกัด,ระยอง,SV04,N,,,0,0.00,0,Y,37.0,79.62,1,0,0,20x5,Group B
D,11x294436,บริษัท ปตท.อะโรเมติกส์และการกลั่น จำกัด (มหาชน) ยกเลิก,,PE00,N,,,0,0.00,0,Y,,,1,0,0,20x9,Group R
A,11x294437,บริษัท เกียรติปภา จำกัด (ปิดกิจการ),,CH03,N,,,0,0.00,0,Y,,,1,0,0,20x2,Group A
U,11x294438,บริษัท ไทยเทคนิค อีเล็คตริค รังสิต จำกัด,ปทุมธานี,SV04,N,,,0,0.00,0,Y,10.0,,1,0,0,20x2,Group A
U,11x302819,บริษัท ไอ.ที.ซี. (1993) จำกัด,ปทุมธานี,SV01,N,,,0,0.00,0,Y,122.720436,74.5,1,1,36,19x88,Thanaaran Sirawattanamongkol
U,11x302896,บริษัท ไทยสเปเชียลตี้ เคมีเคิล จำกัด,,????,Y,2026-09-04,35,1,0.12,0,Y,,,0,0,0,19x18,Nomjit Suktawee
B,11x302936,บริษัท นำชัยอุตสาหกรรม จำกัด,สมุทรสาคร,CH01,Y,,,0,0.00,1,Y,45.0,2373.3000000000002,2,2,35,19x89,Tanaporn Chanchanaroj
U,11x303341,บริษัท ไอ.ที.ซี. (1993) จำกัด,ปทุมธานี,SV01,Y,,,0,0.00,4,Y,122.720436,74.5,1,1,31,19x88,Thanaaran Sirawattanamongkol
A,11x303355,บริษัท แฟรงคลิน ไบโอเทค จำกัด,,FD05,Y,,,0,0.00,1,Y,,,0,0,0,19x88,Thanaaran Sirawattanamongkol
D,11x304065,unimit engineering,,CH02,N,,,0,0.00,0,Y,,,1,1,30,19x23,Vipoo Srisawadi
U,11x304106,บริษัท บิ้วสเกล เอ็นจิเนียริ่ง จำกัด,,SV04,N,,,0,0.00,0,Y,,,1,1,29,19x37,Piyanuch Janthanarak
C,11x304111,บริษัท เอ็นไวแคร์ จำกัด,,UT03,N,,,0,0.00,0,Y,,,1,1,29,19x92,Napadol Peoksangthip
C,11x304151,บริษัท เอแอลเอส แลบอราทอรี กรุ๊ป (ประเทศไทย) จำกัด,,UT03,N,,,0,0.00,0,Y,,,1,1,28,19x80,Jidapa Sriwattanakulkij
U,11x304160,V V WIN,,SV04,N,,,0,0.00,0,Y,,,1,1,28,19x19,Saovaluck Jangjai
U,11x304195,บริษัท ดี.เวลลิงตั้น (ไทยแลนด์) จำกัด,,SV01,N,,,0,0.00,0,Y,,,1,1,25,19x77,Thitima Plaibua
U,11x304224,ECIO SUPPLY COMPANY LIMITED,,SV01,N,,,0,0.00,0,Y,,,1,1,21,19x43,Katewadee Pratipagorn
U,11x304240,Hawaso,,SV01,N,,,0,0.00,0,Y,,,1,1,24,19x23,Vipoo Srisawadi
U,11x304271,บริษัท ไทยโตไกคาร์บอนโปรดักท์โรจนะ จำกัด,,????,Y,2026-09-15,24,2,0.68,0,Y,,,0,0,0,19x18,Nomjit Suktawee
U,11x304304,บริษัท เอสดี กัทธรี อินเตอร์เนชั่นแนล มรกต จำกัด(มหาชน),สมุทรปราการ,????,Y,2026-09-15,24,1,0.05,0,Y,630.784637,17729.689999999999,0,0,0,19x18,Nomjit Suktawee
U,11x304308,บริษัท อินโดรามา โพลีเมอร์ส จำกัด (มหาชน),ลพบุรี,????,Y,2026-09-15,24,1,0.02,0,Y,1013.474556,4971.53,0,0,0,19x18,Nomjit Suktawee
U,11x304314,บริษัท ปูนซีเมนต์นครหลวง  จำกัด (มหาชน),สระบุรี,????,Y,2026-09-15,24,1,0.03,0,Y,1224.5,1569103.36,0,0,0,19x18,Nomjit Suktawee
U,11x304548,บริษัท อีเอส. เอ็นจิเนียริ่ง แอนด์ เซอร์วิส จำกัด,,SV04,N,,,0,0.00,0,Y,,,1,1,23,19x19,Saovaluck Jangjai
U,11x304557,Sanmax Control Ltd.Part,,SV04,N,,,0,0.00,0,Y,,,1,1,23,19x19,Saovaluck Jangjai
D,11x304594,บริษัท พี.เอส.พี.สเปเชียลตี้ส์ จำกัด (มหาชน),สมุทรสาคร,CH14,N,,,0,0.00,0,Y,128.0,3788.25,1,1,21,19x45,Pattamaporn Chadkurupin
U,11x305467,"Global Star Co., Ltd.",,SV01,N,,,0,0.00,0,Y,,,1,1,17,19x37,Piyanuch Janthanarak
B,11x305482,toparch,,UT99,N,,,0,0.00,0,Y,,,1,1,17,19x23,Vipoo Srisawadi
U,11x305533,บริษัท คาสตรอล (ประเทศไทย) จำกัด,,????,Y,2026-09-23,16,1,0.13,0,Y,,,0,0,0,19x18,Nomjit Suktawee
R,11x305551,บริษัท สยามเอ็นไวรอนเมนทอลเทคโนโลยี่ จำกัด,ระยอง,UT03,N,,,0,0.00,0,Y,102.047036,901.46,2,2,16,19x80,Jidapa Sriwattanakulkij
U,11x305559,"KMH Automation  Co.,Ltd.",,SV04,N,,,0,0.00,0,Y,,,1,1,16,19x78,Sarawut Viseshasiri
C,11x305683,"Lao Coca-Cola Bottling Co., Ltd.",,FD02,N,,,0,0.00,0,Y,,,1,1,14,19x74,Sujittra Tungprakobjaroen
U,11x305696,บริษัท ไฟฟ้าหงสา จำกัด,,UT01,Y,,,0,0.00,1,Y,,,0,0,0,19x45,Pattamaporn Chadkurupin
U,11x305709,บริษัท มานาม เอ็นจิเนียริ่ง จำกัด,,SV01,N,,,0,0.00,0,Y,,,1,1,14,19x90,Patthamanan Pudgajang
U,11x305904,บริษัท ไทยโตไกคาร์บอนโปรดักท์  จำกัด,ชลบุรี,????,Y,2026-09-28,11,1,0.73,0,Y,1700.0,833790.9,0,0,0,19x18,Nomjit Suktawee
D,11x306083,บริษัท ไทยยูเนี่ยน กรุ๊ป จำกัด (มหาชน),สมุทรสาคร,FD99,N,,,0,0.00,0,Y,3288.178818,24724,1,1,10,19x45,Pattamaporn Chadkurupin
B,11x306103,บริษัท ซัน ซีเมนต์ โพรเซส จำกัด,ราชบุรี,MN05,N,,,0,0.00,0,Y,9.55,135.5,1,1,10,19x89,Tanaporn Chanchanaroj
D,11x306171,Genesis ecotech,,CH02,N,,,0,0.00,0,Y,,,1,1,10,19x74,Sujittra Tungprakobjaroen
U,11x306188,Vatska Company Limited,,SV01,N,,,0,0.00,0,Y,,,1,1,10,19x23,Vipoo Srisawadi
U,11x306392,บริษัท พิน พอยต์ อินสทรูเม้นท์ จำกัด,,SV04,N,,,0,0.00,0,Y,,,1,1,9,19x80,Jidapa Sriwattanakulkij
U,11x306622,บริษัท 168 มัลติ-โปรดักส์ จำกัด,,SV04,N,,,0,0.00,0,Y,,,1,1,7,19x92,Napadol Peoksangthip
U,11x306684,บริษัท เพาเวอร์เทค เอ็นจิเนียริ่ง จำกัด,,SV01,N,,,0,0.00,0,Y,,,1,1,8,19x89,Tanaporn Chanchanaroj
B,11x306694,hcg Company Limited,,UT99,N,,,0,0.00,0,Y,,,2,2,7,19x43,Katewadee Pratipagorn
D,11x306717,ฟินิกซ์ คอร์ปเอเซีย,,CH14,N,,,0,0.00,0,Y,,,2,2,7,19x23,Vipoo Srisawadi
U,11x306742,บริษัท ฟรอนท์ วีล อินดัสทรี จำกัด,,SV04,Y,,,0,0.00,1,Y,,,1,1,0,19x45,Pattamaporn Chadkurupin
B,11x307679,บริษัท เวสท์วูลส์ อินเตอร์เนชั่นแนล จำกัด,นครราชสีมา,TT01,N,,,0,0.00,0,Y,93.0,472.6,2,2,3,19x92,Napadol Peoksangthip
U,11x307739,บริษัท เจเนซิส อีโคเทค จำกัด,,UT01,N,,,0,0.00,0,Y,,,1,1,4,19x37,Piyanuch Janthanarak
U,11x307793,MAMARUAY LTD.,,SV04,N,,,0,0.00,0,Y,,,1,1,4,19x19,Saovaluck Jangjai
U,11x308209,บริษัท ก้าวสกุลจันทร์ จำกัด,,SV01,N,,,0,0.00,0,Y,,,1,1,3,19x43,Katewadee Pratipagorn
