group,quote_id,client_id,company_name,sales_id,rep_name,value_thb,probability_pct,expected_order_date,created_date,aging_days,status
B,260133,11x178180,NEUMAN & ESSER South-East Asia Ltd,19x51,Benjamas Tanjit,340000.00,35%,2026-09-24,2026-01-15,256,Pending
U,260148,11x82025,ห้างหุ้นส่วนจำกัด เอส ที ที ปริ้นติ้ง อินเตอร์ ซัพพลาย,19x77,Thitima Plaibua,20000.00,35%,2026-12-24,2026-01-19,252,Pending
U,260154,11x250796,บริษัท เจ แอนด์ โกร ซอฟต์พาวเวอร์ ทูลส์ แอนด์ เซอร์วิส จำกัด,19x90,Patthamanan Pudgajang,400000.00,35%,2026-09-24,2026-01-19,252,Pending
U,260160,11x72958,บริษัท เทคโนโลยี อินสตรูเมนท์ จำกัด,19x92,Napadol Peoksangthip,50513.00,35%,2026-12-24,2026-01-20,251,Pending
U,260161,11x250849,บริษัท ซาสติค อินเตอร์เนชั่นแนล จำกัด,19x89,Tanaporn Chanchanaroj,55000.00,35%,2026-12-24,2026-01-20,251,Pending
C,260163,11x250853,"TOKYO SANGYO (THAILAND) CO., LTD.",19x92,Napadol Peoksangthip,50513.00,35%,2026-12-24,2026-01-20,251,Pending
U,260198,11x250955,ห้างหุ้นส่วนจำกัด ก.อารยพาณิชย์,19x89,Tanaporn Chanchanaroj,522000.00,50%,2027-01-30,2026-01-22,249,Pending
U,260199,11x250957,บริษัท ธนกร เอ็นจิเนียริ่ง แอนด์ คอนสตรัคชั่น จำกัด,19x89,Tanaporn Chanchanaroj,522000.00,50%,2027-01-30,2026-01-22,249,Pending
U,260205,11x244310,"Proud Inter Products Co.,Ltd.",19x51,Benjamas Tanjit,1350000.00,35%,2026-12-24,2026-01-23,248,Pending
U,260222,11x251059,บริษัท ฟลูอิด จำกัด,19x43,Katewadee Pratipagorn,460000.00,50%,2026-12-24,2026-01-26,245,Pending
U,260224,11x198461,Bright Automation,19x92,Napadol Peoksangthip,100000.00,35%,2026-12-24,2026-01-27,244,Pending
U,260226,11x251100,บริษัท เอสซีเอ็ม เอนเนอร์ยี่ เซอร์วิส จำกัด,19x92,Napadol Peoksangthip,0.00,35%,2026-12-24,2026-01-27,244,Pending
D,260236,11x29367,PTT MCC,19x78,Sarawut Viseshasiri,94075.00,35%,2026-12-24,2026-01-27,244,Pending
U,260241,11x251230,บริษัท คออดี้ อินคอร์เปอเรชั่น (เอเชีย) จำกัด,19x92,Napadol Peoksangthip,90000.00,35%,2026-12-24,2026-01-28,243,Pending
U,260247,11x30935,"Genos Innovation Service Co., Ltd.",19x90,Patthamanan Pudgajang,618500.00,35%,2026-12-24,2026-01-28,243,Pending
A,260248,11x250241,TECHNICAL THAI SERVICE COMPANY LIMITED,19x51,Benjamas Tanjit,200000.00,35%,2026-09-24,2026-01-28,243,Pending
R,260259,11x245925,"ARCHEM (THAILAND) CO., LTD.",19x51,Benjamas Tanjit,500000.00,35%,2026-09-24,2026-01-28,243,Pending
U,260277,11x251704,"TODOROKI ASIA CO., LTD.",19x78,Sarawut Viseshasiri,8.00,35%,2026-12-24,2026-01-30,241,Pending
A,260293,11x78331,บริษัท เคที สตีมเทค จำกัด,19x19,Saovaluck Jangjai,47300.00,35%,2026-09-24,2026-02-02,238,Pending
U,260299,11x252487,บริษัท เอฟ อี เอส ที เอ็นจิเนียริ่ง แอนด์ เซอร์วิสเซส (ไทยแลนด์) จำกัด,19x43,Katewadee Pratipagorn,87860.00,50%,2026-12-24,2026-02-05,235,Pending
U,260304,11x244007,Thai Nippon plant,19x89,Tanaporn Chanchanaroj,580000.00,35%,2026-12-24,2026-02-03,237,Pending
B,260339,11x86233,RAYONG OLEFIN (SCG-ROC),19x51,Benjamas Tanjit,101500.00,35%,2026-09-24,2026-02-06,234,Pending
U,260347,11x253563,สงวน​วงษ์​1994​จำกัด,19x45,Pattamaporn Chadkurupin,50000.00,50%,2026-12-24,2026-02-06,234,Pending
B,260360,11x29507,"Zeon Chemicals (Thailand) Co., LTD.",19x51,Benjamas Tanjit,98500.00,35%,2026-12-24,2026-02-09,231,Pending
U,260377,11x253563,สงวน​วงษ์​1994​จำกัด,19x45,Pattamaporn Chadkurupin,10000.00,50%,2026-12-24,2026-02-10,230,Pending
U,260393,11x98227,"BST ENEOS Elastomer Co., Ltd. (BEE)",19x90,Patthamanan Pudgajang,2.00,35%,2026-09-24,2026-02-11,229,Pending
U,260400,11x55050,บริษัท เจ.ไอ.ที. อีควิปเม้นท์,19x77,Thitima Plaibua,498000.00,35%,2026-12-24,2026-02-11,229,Pending
U,260402,11x253806,บริษัท วี.แอล.เอ็นจิเนียริ่ง แอนด์ ดีไซน์ จำกัด,19x78,Sarawut Viseshasiri,239500.00,35%,2026-09-24,2026-02-11,229,Pending
U,260404,11x253812,"Tough Mechanic Co.,Ltd.",19x89,Tanaporn Chanchanaroj,300000.00,50%,2026-10-30,2026-02-11,229,Pending
U,260408,11x179197,บริษัท พรีซิชั่น พาวเวอร์ เซอร์วิส จำกัด,19x78,Sarawut Viseshasiri,500000.00,35%,2026-12-24,2026-02-12,228,Pending
A,260412,11x189610,บริษัท คราวน์ เบ็บแคน แอนด์ โคลสเชอร์ส (ประเทศไทย) จำกัด,19x19,Saovaluck Jangjai,250000.00,50%,2026-09-24,2026-05-15,136,Pending
U,260413,11x253824,success engineering,19x23,Vipoo Srisawadi,10000.00,50%,2026-12-24,2026-02-12,228,Pending
A,260415,11x189610,บริษัท คราวน์ เบ็บแคน แอนด์ โคลสเชอร์ส (ประเทศไทย) จำกัด,19x19,Saovaluck Jangjai,94000.00,50%,2026-09-24,2026-04-20,161,Pending
U,260422,11x192675,คิงส์ ออฟ วาล์ว (ราชบุรี),19x27,Nattawut Junkong,102500.00,70%,2026-09-24,2026-02-12,228,Pending
U,260425,11x194916,บริษัท สยาม บางนาแลนด์ จำกัด,19x23,Vipoo Srisawadi,625000.00,50%,2026-12-24,2026-02-13,227,Pending
C,260427,11x237990,บริษัท เทอร์โบ ซัพพลาย เอ็นจิเนียริ่ง จำกัด,19x92,Napadol Peoksangthip,222000.00,50%,2026-10-30,2026-02-13,227,Pending
A,260430,11x250241,TECHNICAL THAI SERVICE COMPANY LIMITED,19x51,Benjamas Tanjit,100000.00,35%,2026-09-24,2026-02-13,227,Pending
U,260444,11x53008,DURMART,19x43,Katewadee Pratipagorn,100000.00,35%,2026-09-24,2026-02-16,224,Pending
U,260455,11x254056,บริษัท พี.เอ็น.วี อินโนเทค จำกัด,19x34,Kanittha Cheryhom,1400000.00,50%,2026-09-24,2026-02-17,223,Pending
U,260457,11x82025,ห้างหุ้นส่วนจำกัด เอส ที ที ปริ้นติ้ง อินเตอร์ ซัพพลาย,19x77,Thitima Plaibua,27000.00,35%,2026-12-24,2026-02-17,223,Pending
C,26061ุ6,11x45447,"Oskon.Co.,ltd",19x89,Tanaporn Chanchanaroj,440000.00,,2026-12-24,2026-03-20,192,Pending
U,260788,11x41760,บริษัทอิเล็คโทรเซรามิคส์(ไทยแลนด์)จำกัด,19x23,Vipoo Srisawadi,485000.00,50%,2026-12-24,2026-03-24,188,Pending
U,260804,11x28498,"YUSEN LOGISTICS (THAILAND) CO., LTD.",19x78,Sarawut Viseshasiri,100000.00,35%,2026-12-24,2026-03-25,187,Pending
U,260837,11x257606,"CR3 (Thailand) Co., Ltd.",19x78,Sarawut Viseshasiri,49300.00,35%,2026-12-24,2026-03-27,185,Pending
D,260847,11x104587,"Technical Solution Co., Ltd",19x89,Tanaporn Chanchanaroj,300000.00,35%,2026-11-30,2026-03-27,185,Pending
U,260849,11x217294,"MULTIPHASE OIL & GAS CO.,LTD",19x89,Tanaporn Chanchanaroj,300000.00,35%,2026-12-24,2026-03-27,185,Pending
U,260855,11x224998,"M-TECH INDUSTRIAL CO.,LTD.",19x89,Tanaporn Chanchanaroj,200000.00,35%,2026-12-24,2026-03-30,182,Pending
U,260877,11x39999,"ARTHIT E&C CO., LTD",19x51,Benjamas Tanjit,7615000.00,35%,2026-09-24,2026-04-01,180,Pending
D,260878,11x1302,บริษัท ไทยออยล์ จำกัด (มหาชน),19x45,Pattamaporn Chadkurupin,500000.00,50%,2026-12-24,2026-04-01,180,Pending
A,260881,11x32374,บริษัท ซิกเวอร์ค (ประเทศไทย) จำกัด,19x88,Thanaaran Sirawattanamongkol,215000.00,50%,2026-09-24,2026-04-01,180,Pending
U,260883,11x159519,บริษัท พีเอ็นพี ซีลลิ่ง จำกัด,19x45,Pattamaporn Chadkurupin,45440.00,50%,2026-12-24,2026-04-01,180,Pending
U,260884,11x999,บริษัท ผลิตภัณฑ์กระดาษไทย จำกัด,19x34,Kanittha Cheryhom,37430.00,35%,2026-09-24,2026-04-01,180,Pending
B,260886,11x9606,DOW CHEMICAL THAILAND LIMITED,19x51,Benjamas Tanjit,602800.00,50%,2026-11-30,2026-04-01,180,Pending
U,260889,11x1740,บริษัท วิศวจักษ์  จำกัด,19x45,Pattamaporn Chadkurupin,100000.00,50%,2026-12-24,2026-07-31,59,Pending
U,260891,11x258549,DRIVEMAC INDUSTRIAL SERVICE COMPANY LIMITED,19x90,Patthamanan Pudgajang,345000.00,35%,2026-12-24,2026-04-02,179,Pending
C,260893,11x1240,บริษัท ทีโอเอ เพ้นท์ (ประเทศไทย)  จำกัด (มหาชน),19x77,Thitima Plaibua,68400.00,35%,2026-12-24,2026-04-02,179,Pending
U,260894,11x28498,"YUSEN LOGISTICS (THAILAND) CO., LTD.",19x78,Sarawut Viseshasiri,327400.00,70%,2026-09-30,2026-04-29,152,Pending
C,260895,11x2767,บริษัท อุตสาหกรรมมิตรมงคล จำกัด,19x96,Itsaripharat Kamthong,890000.00,35%,2026-09-24,2026-04-03,178,Pending
U,260899,11x42650,"Techtronic Co.,Ltd.",19x34,Kanittha Cheryhom,0.00,35%,2026-12-24,2026-04-03,178,Pending
D,260902,11x140205,GGC KTIS BIOINDUSTRIAL COMPANY LIMITED.,19x34,Kanittha Cheryhom,115200.00,35%,2026-09-24,2026-04-07,174,Pending
U,260903,11x259070,"Kurihara (Thailand) Co.,Ltd.",19x43,Katewadee Pratipagorn,160000.00,50%,2026-09-30,2026-04-03,178,Pending
A,260908,11x75253,ซีพีเอฟ-ศรีสะเกษ,19x27,Nattawut Junkong,10900.00,70%,2026-09-24,2026-04-06,175,Pending
A,260909,11x75253,ซีพีเอฟ-ศรีสะเกษ,19x27,Nattawut Junkong,32500.00,90%,2026-09-24,2026-04-06,175,Pending
B,260910,11x11847,TPI POLENE,19x78,Sarawut Viseshasiri,48480.00,70%,2026-09-30,2026-04-07,174,Pending
D,260912,11x1640,บริษัท จีเอฟพีที จำกัด (มหาชน),19x45,Pattamaporn Chadkurupin,38000.00,35%,2026-09-24,2026-04-07,174,Pending
B,260913,11x128482,บริษัท โตโยต้า ทูโช เอ็ม แอนด์ อี (ประเทศไทย) จำกัด,19x77,Thitima Plaibua,185000.00,35%,2026-12-24,2026-04-07,174,Pending
U,260914,11x1716,ห้างหุ้นส่วนจำกัด ธนพงษ์อุปกรณ์ก่อสร้าง,19x77,Thitima Plaibua,185000.00,35%,2026-12-24,2026-04-07,174,Pending
B,260915,11x1766,บริษัท ทรอยสยาม จำกัด,19x77,Thitima Plaibua,59000.00,35%,2026-12-24,2026-04-07,174,Pending
U,260917,11x2320,ห้างหุ้นส่วนจำกัด อร่ามเรือง เอ็นจิเนียริ่ง,19x19,Saovaluck Jangjai,199000.00,70%,2026-10-30,2026-04-24,157,Pending
C,260919,11x1235,บริษัท บีเอเอสเอฟ (ไทย) จำกัด,19x74,Sujittra Tungprakobjaroen,48500.00,90%,2026-09-30,2026-04-07,174,Pending
C,260920,11x1235,บริษัท บีเอเอสเอฟ (ไทย) จำกัด,19x74,Sujittra Tungprakobjaroen,84800.00,35%,2026-09-24,2026-04-07,174,Pending
C,260921,11x952,บริษัท คอลเกต-ปาล์มโอลีฟ (ประเทศไทย)  จำกัด,19x74,Sujittra Tungprakobjaroen,34485.00,70%,2026-12-31,2026-04-08,173,Pending
A,260924,11x32374,บริษัท ซิกเวอร์ค (ประเทศไทย) จำกัด,19x88,Thanaaran Sirawattanamongkol,260285.00,50%,2026-09-24,2026-04-21,160,Pending
U,260929,11x170070,บริษัท สตาร์ ฟูเอลส์ มาร์เก็ตติ้ง จำกัด,19x23,Vipoo Srisawadi,60000.00,35%,2026-12-24,2026-04-08,173,Pending
R,260930,11x9612,PTT Global Chemical Public Company Limited,19x78,Sarawut Viseshasiri,71600.00,90%,2026-09-30,2026-04-20,161,Pending
R,260931,11x9612,PTT Global Chemical Public Company Limited,19x78,Sarawut Viseshasiri,392500.00,35%,2026-12-24,2026-04-08,173,Pending
U,260939,11x260038,บริษัท มัลติ เอ็นจิเนียริ่ง  แอนด์ ซัพพลาย จำกัด,19x19,Saovaluck Jangjai,88000.00,35%,2026-09-30,2026-05-14,137,Pending
U,260944,11x257064,"LEANTECH SYSTEMS CO.,LTD.",19x89,Tanaporn Chanchanaroj,300000.00,35%,2026-10-30,2026-04-09,172,Pending
U,260946,11x248010,"Polytechnology co.,ltd",19x43,Katewadee Pratipagorn,500000.00,90%,2026-09-24,2026-04-09,172,Pending
U,260947,11x210946,หจก. สุทธินันท์ โฮลดิ้ง,19x27,Nattawut Junkong,167500.00,70%,2026-11-30,2026-04-29,152,Pending
U,260949,11x1241,บริษัท ปัญจพล เปเปอร์ อินดัสตรี้ จำกัด,19x34,Kanittha Cheryhom,900000.00,70%,2026-09-24,2026-04-09,172,Pending
B,260952,11x181544,Akara Resources Public Company Limited,19x89,Tanaporn Chanchanaroj,250000.00,35%,2026-12-24,2026-04-09,172,Pending
A,260953,11x250241,TECHNICAL THAI SERVICE COMPANY LIMITED,19x51,Benjamas Tanjit,500000.00,50%,2026-11-30,2026-04-09,172,Pending
U,260954,11x128814,บริษัท ริกค์ เทคโนโลยี (ประเทศไทย) จำกัด,19x34,Kanittha Cheryhom,69800.00,35%,2026-09-24,2026-04-09,172,Pending
U,260955,11x63096,บจก. ไทยทากาซาโก,19x43,Katewadee Pratipagorn,50000.00,35%,2026-12-25,2026-04-09,172,Pending
U,260956,11x92257,บจก. เอ็นเดรส แอนด์ เฮาเซอร์ (ไทยแลนด์),19x23,Vipoo Srisawadi,48000.00,50%,2026-12-24,2026-04-10,171,Pending
C,260959,11x1470,บริษัท เทย์ก้า (ไทยแลนด์) จำกัด,19x74,Sujittra Tungprakobjaroen,89820.00,35%,2026-09-24,2026-04-10,171,Pending
U,260963,11x257606,"CR3 (Thailand) Co., Ltd.",19x78,Sarawut Viseshasiri,390000.00,35%,2026-09-24,2026-04-10,171,Pending
U,260964,11x76105,บริษัท เดอมาสท์ จำกัด,19x45,Pattamaporn Chadkurupin,50000.00,50%,2026-12-24,2026-04-10,171,Pending
C,260965,11x32280,บริษัท อัพเวนเจอร์ จำกัด,19x96,Itsaripharat Kamthong,568000.00,35%,2026-09-24,2026-04-10,171,Pending
D,260968,11x1036,บริษัท เชลล์แห่งประเทศไทย จำกัด,19x43,Katewadee Pratipagorn,40000.00,35%,2026-09-24,2026-04-10,171,Pending
C,260971,11x29951,บริษัทไทยเบฟเวอเรจ จำกัด (มหาชน),19x96,Itsaripharat Kamthong,100000.00,70%,2027-01-31,2026-04-16,165,Pending
U,260973,11x999,บริษัท ผลิตภัณฑ์กระดาษไทย จำกัด,19x34,Kanittha Cheryhom,178000.00,35%,2026-09-24,2026-07-02,88,Pending
A,260975,11x78331,บริษัท เคที สตีมเทค จำกัด,19x19,Saovaluck Jangjai,4900.00,50%,2026-09-24,2026-04-17,164,Pending
R,260976,11x9612,PTT Global Chemical Public Company Limited,19x78,Sarawut Viseshasiri,60000.00,35%,2026-12-24,2026-04-17,164,Pending
U,260978,11x57197,บริษัท เมคคานิก้า จำกัด,19x77,Thitima Plaibua,1035000.00,35%,2026-12-24,2026-04-17,164,Pending
U,260980,11x57197,บริษัท เมคคานิก้า จำกัด,19x77,Thitima Plaibua,19500.00,35%,2026-12-24,2026-04-20,161,Pending
C,260982,11x1476,บริษัท บริดจสโตนไทร์ แมนูแฟคเจอริ่ง (ประเทศไทย) จำกัด,19x34,Kanittha Cheryhom,17700.00,70%,2026-12-24,2026-04-20,161,Pending
U,260984,11x2102,บริษัท เกษตรภัณฑ์อุตสาหกรรม จำกัด,19x27,Nattawut Junkong,4712680.00,90%,2026-10-31,2026-08-13,46,Pending
U,260985,11x975,บริษัท สยามอุตสาหกรรม (1991) จำกัด (สาย 2),19x34,Kanittha Cheryhom,1571000.00,70%,2026-09-24,2026-04-20,161,Pending
R,260986,11x9612,PTT Global Chemical Public Company Limited,19x78,Sarawut Viseshasiri,0.00,35%,2026-12-24,2026-04-20,161,Pending
U,260987,11x1003,บริษัท สยามคราฟท์อุตสาหกรรม จำกัด,19x34,Kanittha Cheryhom,135000.00,35%,2026-09-24,2026-04-20,161,Pending
U,260991,11x234527,บริษัท ฟีนิกซ์ คอร์ปเอเซีย จำกัด,19x23,Vipoo Srisawadi,300000.00,50%,2026-12-24,2026-04-22,159,Pending
B,260996,11x11847,TPI POLENE,19x78,Sarawut Viseshasiri,17000.00,35%,2026-09-24,2026-04-22,159,Pending
U,260997,11x260371,บริษัท โกลด์ อีควิปเมนท์ จำกัด,19x45,Pattamaporn Chadkurupin,4650.00,35%,2026-09-24,2026-04-22,159,Pending
A,261000,11x3092,บริษัท เอเชีย แคน แมนูแฟคเจอริ่ง จำกัด,19x27,Nattawut Junkong,14300.00,90%,2026-09-24,2026-04-22,159,Pending
C,261002,11x1275,บริษัท ควอลิเมอร์ จำกัด,19x77,Thitima Plaibua,290000.00,90%,2026-09-30,2026-04-22,159,Pending
U,261005,11x94691,บริษัท ฟินิกซ์บอกซ์ จำกัด,19x23,Vipoo Srisawadi,300000.00,50%,2026-12-24,2026-04-22,159,Pending
U,261009,11x260476,"K P Tech All Co.,Ltd.",19x89,Tanaporn Chanchanaroj,115000.00,35%,2026-12-24,2026-04-23,158,Pending
D,261010,11x1381,บริษัท บีพี-คาสตรอล (ประเทศไทย) จำกัด,19x23,Vipoo Srisawadi,80000.00,35%,2026-12-24,2026-04-23,158,Pending
D,261011,11x1381,บริษัท บีพี-คาสตรอล (ประเทศไทย) จำกัด,19x23,Vipoo Srisawadi,60000.00,35%,2026-12-24,2026-04-23,158,Pending
U,261012,11x234527,บริษัท ฟีนิกซ์ คอร์ปเอเซีย จำกัด,19x23,Vipoo Srisawadi,300000.00,50%,2026-12-24,2026-04-23,158,Pending
B,261014,11x256892,บริษัท เนเชอร์เวิร์คส์ เอเชีย แปซิฟิก จำกัด,19x92,Napadol Peoksangthip,187000.00,35%,2026-12-24,2026-04-23,158,Pending
U,261017,11x260509,บริษัท สมทรัพย์ เซอร์วิส,19x19,Saovaluck Jangjai,285000.00,35%,2026-09-30,2026-04-23,158,Pending
U,261018,11x260511,Beyond Borderless,19x43,Katewadee Pratipagorn,210000.00,50%,2026-12-24,2026-04-23,158,Pending
U,261019,11x260513,บริษัท วินอิควิปเม้นท์ จำกัด,19x27,Nattawut Junkong,140000.00,70%,2026-12-31,2026-04-27,154,Pending
B,261023,11x105766,บริษัท เอจีซี วีนิไทย จำกัด (มหาชน),19x90,Patthamanan Pudgajang,77000.00,35%,2026-09-24,2026-04-24,157,Pending
U,261026,11x204826,บริษัท โรเททติ้ง เอ็นจิเนียริ่ง จำกัด,19x45,Pattamaporn Chadkurupin,200000.00,70%,2026-10-30,2026-04-24,157,Pending
U,261027,11x180137,KAS ENGINEERING & SOLUTION CO.M LTD,19x45,Pattamaporn Chadkurupin,400000.00,50%,2026-12-24,2026-04-24,157,Pending
C,261032,11x48893,"SOKEN CHEMICAL CO.,LTD",19x92,Napadol Peoksangthip,15000.00,35%,2026-12-24,2026-04-26,155,Pending
U,261033,11x2498,บริษัท ทูเอฟ อินเตอร์พาร์ท แอนด์ ซัพพลาย จำกัด,19x88,Thanaaran Sirawattanamongkol,19800.00,50%,2026-09-24,2026-04-27,154,Pending
C,261034,11x2283,บริษัท ราชบุรี เอทานอล จำกัด,19x74,Sujittra Tungprakobjaroen,554310.00,35%,2026-09-24,2026-04-27,154,Pending
U,261035,11x1270,บริษัท บูรพา เทคโนโลยี่ จำกัด,19x27,Nattawut Junkong,18660.00,90%,2026-09-24,2026-04-27,154,Pending
A,261037,11x2814,บริษัท เจ.ไอ.ที.อีควิปเม้นท์ จำกัด,19x77,Thitima Plaibua,148000.00,35%,2026-12-24,2026-04-24,157,Pending
U,261038,11x42228,บริษัท อินฟินิตี้ แอ๊บโซลูท จำกัด,19x23,Vipoo Srisawadi,65000.00,50%,2026-12-24,2026-04-27,154,Pending
U,261040,11x260720,สยามซัพพลาย แอนด์ ไฮดรอลิค จำกัด,19x90,Patthamanan Pudgajang,1600000.00,35%,2026-09-24,2026-04-27,154,Pending
D,261041,11x986,บริษัท น้ำมันพืชไทย จำกัด (มหาชน),19x45,Pattamaporn Chadkurupin,415000.00,90%,2026-10-30,2026-04-27,154,Pending
U,261042,11x78405,บริษัท ฟินิกซ์ ปั๊มแอนด์เอ็นจิเนียริ่ง จำกัด,19x19,Saovaluck Jangjai,745320.00,35%,2026-09-24,2026-04-27,154,Pending
U,261043,11x9835,BRS INTERTRAD,19x23,Vipoo Srisawadi,800000.00,35%,2026-12-24,2026-04-27,154,Pending
A,261044,11x1045,บริษัท เอสซีจี  เซรามิกส์ จำกัด (มหาชน),19x19,Saovaluck Jangjai,52000.00,50%,2026-09-24,2026-04-27,154,Pending
U,261048,11x2706,บริษัท เอกศรา ซัพพลายเซอร์วิส จำกัด,19x45,Pattamaporn Chadkurupin,5000.00,35%,2026-09-24,2026-04-27,154,Pending
U,261049,11x224414,บริษัท ปัญจพล พัลพ์ อินดัสตรี้  จำกัด  (มหาชน),19x34,Kanittha Cheryhom,1381500.00,50%,2026-09-30,2026-09-07,21,Pending
U,261051,11x1241,บริษัท ปัญจพล เปเปอร์ อินดัสตรี้ จำกัด,19x34,Kanittha Cheryhom,254800.00,35%,2027-06-24,2026-04-27,154,Pending
U,261052,11x257617,Piller Thailand,19x43,Katewadee Pratipagorn,180000.00,35%,2026-09-30,2026-04-28,153,Pending
U,261053,11x1469,บริษัท แท็คโก้ เจนเนอเรชั่น จำกัด,19x23,Vipoo Srisawadi,1340000.00,50%,2026-12-24,2026-04-29,152,Pending
A,261054,11x1011,บริษัท บุญเยี่ยมและสหาย จำกัด,19x19,Saovaluck Jangjai,20000.00,70%,2026-09-30,2026-04-28,153,Pending
U,261056,11x260977,หจก.เวอค อินเตอร์เทรด,19x19,Saovaluck Jangjai,100000.00,35%,2026-09-24,2026-04-28,153,Pending
C,261057,11x1102,บริษัท แสงโสม จำกัด,19x74,Sujittra Tungprakobjaroen,2799000.00,70%,2026-09-24,2026-04-30,151,Pending
U,261058,11x170070,บริษัท สตาร์ ฟูเอลส์ มาร์เก็ตติ้ง จำกัด,19x23,Vipoo Srisawadi,25000.00,35%,2026-12-24,2026-04-28,153,Pending
U,261059,11x1749,บริษัท บลูรีฟริกเจอเรชั่น จำกัด,19x45,Pattamaporn Chadkurupin,50000.00,35%,2026-09-24,2026-04-29,152,Pending
U,261060,11x260005,บริษัท เทคโน คูล (ประเทศไทย) จำกัด,19x88,Thanaaran Sirawattanamongkol,182000.00,35%,2026-09-24,2026-04-28,153,Pending
U,261062,11x261000,บริษัทนี้ บริษัท ทิทโก้ กรุงเทพ จำกัด,19x45,Pattamaporn Chadkurupin,645000.00,35%,2026-09-24,2026-04-29,152,Pending
A,261063,11x1045,บริษัท เอสซีจี  เซรามิกส์ จำกัด (มหาชน),19x19,Saovaluck Jangjai,64000.00,35%,2026-09-24,2026-04-29,152,Pending
U,261065,11x210946,หจก. สุทธินันท์ โฮลดิ้ง,19x27,Nattawut Junkong,2109200.00,70%,2026-12-31,2026-04-29,152,Pending
B,261068,11x163394,siam city cement,19x89,Tanaporn Chanchanaroj,250000.00,70%,2026-10-30,2026-04-30,151,Pending
B,261070,11x163394,siam city cement,19x89,Tanaporn Chanchanaroj,106000.00,70%,2026-10-30,2026-04-30,151,Pending
D,261074,11x1370,บริษัท ดารามิค (ประเทศไทย) จำกัด,19x45,Pattamaporn Chadkurupin,100000.00,35%,2026-09-24,2026-04-29,152,Pending
D,261076,11x192321,ริษัท พี.เอส.พี.สเปเชียลตี้ส์ จำกัด (มหาชน),19x45,Pattamaporn Chadkurupin,84900.00,50%,2026-12-24,2026-04-30,151,Pending
B,261077,11x9920,Evonik United Silica (Siam) Limited,19x51,Benjamas Tanjit,30000.00,100%,2026-09-24,2026-04-30,151,Pending
C,261078,11x1240,บริษัท ทีโอเอ เพ้นท์ (ประเทศไทย)  จำกัด (มหาชน),19x77,Thitima Plaibua,357000.00,90%,2026-10-30,2026-04-30,151,Pending
R,261079,11x9612,PTT Global Chemical Public Company Limited,19x78,Sarawut Viseshasiri,40000.00,35%,2026-12-24,2026-04-30,151,Pending
U,261081,11x10074,"TSK Engineering (Thailand) Co.,Ltd.",19x78,Sarawut Viseshasiri,700000.00,35%,2026-09-24,2026-04-30,151,Pending
U,261082,11x182579,บริษัท เอ็ม-เทค ไทย เอ็นจิเนียริ่ง จำกัด,19x92,Napadol Peoksangthip,300000.00,35%,2026-12-24,2026-04-30,151,Pending
A,261086,11x22547,คาร์กิลล์สยาม-ฉะเชิงเทรา,19x27,Nattawut Junkong,46410.00,90%,2026-09-24,2026-04-30,151,Pending
D,261089,11x2870,บริษัท ไฮล์ เทรลเลอร์ เอเซีย จำกัด,19x45,Pattamaporn Chadkurupin,370000.00,70%,2026-10-30,2026-05-05,146,Pending
R,261090,11x9612,PTT Global Chemical Public Company Limited,19x78,Sarawut Viseshasiri,93550.00,90%,2026-09-30,2026-05-05,146,Pending
C,261092,11x1240,บริษัท ทีโอเอ เพ้นท์ (ประเทศไทย)  จำกัด (มหาชน),19x77,Thitima Plaibua,32500.00,35%,2026-12-24,2026-05-05,146,Pending
U,261093,11x25152,บริษัท บางกอก เจนเนอรัล ซัพพลาย(ประเทศไทย) จำกัด,19x27,Nattawut Junkong,148000.00,50%,2026-09-30,2026-05-05,146,Pending
C,261094,11x237570,บริษัท คูโบต้า วอเตอร์ แอนด์ เอ็นไวรอนเม้นท์ (ประเทศไทย) จำกัด,19x92,Napadol Peoksangthip,150000.00,35%,2026-12-24,2026-05-05,146,Pending
B,261096,11x9920,Evonik United Silica (Siam) Limited,19x51,Benjamas Tanjit,8140.00,35%,2026-09-24,2026-05-05,146,Pending
U,261097,11x45510,Wood,19x78,Sarawut Viseshasiri,271250000.00,35%,2026-12-24,2026-05-05,146,Pending
U,261098,11x262348,บริษัท อิทธิฉัตร อินดัสเตรียล เวิร์คส์ จำกัด,19x19,Saovaluck Jangjai,140000.00,50%,2026-09-24,2026-05-05,146,Pending
C,261099,11x9579,HMC Polymers,19x90,Patthamanan Pudgajang,781000.00,50%,2026-11-30,2026-05-05,146,Pending
B,261100,11x262351,บริษัท อุบลเวลแพ็ค จำกัด,19x92,Napadol Peoksangthip,17000.00,35%,2026-12-24,2026-05-06,145,Pending
U,261101,11x262353,ห้างหุ้นส่วนจำกัด แอล.ซัพพลาย (,19x19,Saovaluck Jangjai,140000.00,35%,2026-09-30,2026-05-05,146,Pending
U,261102,11x1861,บริษัท อินเตอร์โฟลว์  จำกัด,19x34,Kanittha Cheryhom,58000.00,50%,2026-09-24,2026-05-05,146,Pending
B,261106,11x983,บริษัท ปูนซิเมนต์ไทย (ท่าหลวง) จำกัด (โรงงานท่าหลวง),19x89,Tanaporn Chanchanaroj,580000.00,35%,2026-12-24,2026-05-06,145,Pending
B,261105,11x262618,ทีพีที ปิโตรเคมิคอลส์ จํากัด (มหาชน),19x92,Napadol Peoksangthip,15000.00,35%,2026-12-24,2026-05-06,145,Pending
C,261110,11x76648,บริษัท เอฟพี อะโกรเคมิคอล จำกัด,19x34,Kanittha Cheryhom,38000.00,70%,2026-09-24,2026-05-06,145,Pending
U,261111,11x262636,Gennesaret Company Limited,19x45,Pattamaporn Chadkurupin,100000.00,50%,2026-12-24,2026-05-07,144,Pending
U,261114,11x262640,"Pump Engineers Co., Ltd.",19x45,Pattamaporn Chadkurupin,150000.00,50%,2026-12-24,2026-05-07,144,Pending
U,261115,11x262642,LINFOX LOGISTICS (THAILAND) LIMITED,19x89,Tanaporn Chanchanaroj,150000.00,35%,2026-12-24,2026-05-06,145,Pending
A,261118,11x176175,บริษัท ดูราโฟม จำกัด,19x88,Thanaaran Sirawattanamongkol,6000.00,70%,2026-09-24,2026-05-06,145,Pending
C,261119,11x2189,บริษัท ไทยเบฟเวอเรจ เอ็นเนอร์ยี่ จำกัด,19x74,Sujittra Tungprakobjaroen,1170900.00,35%,2026-09-30,2026-05-06,145,Pending
U,261120,11x262348,บริษัท อิทธิฉัตร อินดัสเตรียล เวิร์คส์ จำกัด,19x19,Saovaluck Jangjai,68000.00,50%,2026-09-30,2026-05-06,145,Pending
C,261121,11x3027,บริษัท มงคลสมัย จำกัด,19x74,Sujittra Tungprakobjaroen,124200.00,35%,2026-09-24,2026-05-06,145,Pending
B,261122,11x9667,"Bangkok Synthetics Co., Ltd. (BST)",19x90,Patthamanan Pudgajang,236180.00,35%,2026-09-24,2026-05-07,144,Pending
U,261123,11x173315,บริษัท เอเชี่ยน นิวทริชั่น จำกัด,19x27,Nattawut Junkong,54000.00,35%,2026-09-24,2026-05-07,144,Pending
R,261125,11x1151,บริษัท ไออาร์พีซี จำกัด (มหาชน),19x23,Vipoo Srisawadi,165000.00,35%,2026-12-24,2026-05-07,144,Pending
U,261126,11x257136,"PE Automation Co.,Ltd.",19x88,Thanaaran Sirawattanamongkol,8600.00,35%,2026-09-24,2026-05-07,144,Pending
A,261127,11x198040,"Perfect Companion Group Co., Ltd.",19x51,Benjamas Tanjit,200000.00,50%,2026-11-30,2026-05-07,144,Pending
B,261128,11x9667,"Bangkok Synthetics Co., Ltd. (BST)",19x90,Patthamanan Pudgajang,197680.00,35%,2026-09-24,2026-05-07,144,Pending
A,261132,11x3092,บริษัท เอเชีย แคน แมนูแฟคเจอริ่ง จำกัด,19x27,Nattawut Junkong,113000.00,90%,2026-09-24,2026-05-08,143,Pending
A,261134,11x20608,ซีพีเอฟ-หนองแค,19x27,Nattawut Junkong,93800.00,90%,2026-10-30,2026-05-08,143,Pending
U,261135,11x2999,บริษัท ไทรอัมฟ์ เอ็นจิเนียริ่ง จำกัด,19x27,Nattawut Junkong,175000.00,70%,2026-11-30,2026-05-08,143,Pending
U,261136,11x262636,Gennesaret Company Limited,19x45,Pattamaporn Chadkurupin,729444.98,50%,2026-12-24,2026-05-08,143,Pending
B,261138,11x11847,TPI POLENE,19x78,Sarawut Viseshasiri,23600.00,35%,2026-12-24,2026-05-11,140,Pending
A,261139,11x1083,บริษัท ที เค เอส เคมิคอล (ประเทศไทย) จำกัด,19x88,Thanaaran Sirawattanamongkol,78600.00,35%,2026-09-24,2026-05-11,140,Pending
D,261140,11x986,บริษัท น้ำมันพืชไทย จำกัด (มหาชน),19x45,Pattamaporn Chadkurupin,100000.00,50%,2026-12-24,2026-05-11,140,Pending
U,261142,11x263029,บริษัท โฟร์ คอมบิเนชั่น จำกัด,19x78,Sarawut Viseshasiri,22000.00,70%,2026-09-30,2026-05-11,140,Pending
U,261143,11x263031,บริษัท ซีลเทค อินดัสตรีส์ จำกัด,19x34,Kanittha Cheryhom,216315.00,35%,2026-09-30,2026-05-11,140,Pending
B,261145,11x11847,TPI POLENE,19x89,Tanaporn Chanchanaroj,1000000.00,35%,2026-12-24,2026-05-11,140,Pending
U,261147,11x4815,บริษัทไอ-คอนส์ เอเชีย จำกัด,19x77,Thitima Plaibua,52000.00,35%,2026-12-24,2026-05-11,140,Pending
C,261148,11x2571,บริษัท มิชลิน อาร์โอเอช จำกัด,19x34,Kanittha Cheryhom,2400000.00,35%,2026-12-24,2026-05-11,140,Pending
U,261149,11x263051,ISO Engineering,19x43,Katewadee Pratipagorn,80000.00,90%,2026-09-30,2026-05-11,140,Pending
U,261154,11x1314,บริษัท เบอร์ลี่ ยุคเกอร์ เซลล็อกซ์ จำกัด,19x34,Kanittha Cheryhom,65000.00,35%,2026-09-30,2026-05-11,140,Pending
B,261155,11x9667,"Bangkok Synthetics Co., Ltd. (BST)",19x90,Patthamanan Pudgajang,28000.00,100%,2026-09-30,2026-05-11,140,Pending
D,261156,11x93403,PKK Siam,19x23,Vipoo Srisawadi,100000.00,50%,2026-12-24,2026-05-12,139,Pending
U,261160,11x1205,บริษัท ที เอส เค เอ็นจิเนียริ่ง (ไทยแลนด์) จำกัด,19x34,Kanittha Cheryhom,883000.00,50%,2026-09-24,2026-05-11,140,Pending
R,261161,11x1151,บริษัท ไออาร์พีซี จำกัด (มหาชน),19x90,Patthamanan Pudgajang,106000.00,100%,2026-09-30,2026-05-12,139,Pending
C,261165,11x1235,บริษัท บีเอเอสเอฟ (ไทย) จำกัด,19x74,Sujittra Tungprakobjaroen,46075.00,35%,2026-09-24,2026-12-05,-68,Pending
C,261167,11x1455,บริษัท เบียร์ทิพย์ บริวเวอรี่ (1991) จำกัด,19x74,Sujittra Tungprakobjaroen,862600.00,35%,2026-09-24,2026-05-15,136,Pending
U,261169,11x25020,บริษัท คิงส์ ออฟ วาล์ว (หาดใหญ่) จำกัด,19x34,Kanittha Cheryhom,78850.00,50%,2026-12-24,2026-05-12,139,Pending
B,261170,11x11847,TPI POLENE,19x78,Sarawut Viseshasiri,20000.00,35%,2026-12-24,2026-05-12,139,Pending
U,261171,11x975,บริษัท สยามอุตสาหกรรม (1991) จำกัด (สาย 2),19x34,Kanittha Cheryhom,480500.00,35%,2026-09-24,2026-05-12,139,Pending
D,261172,11x1080,HMC Polymers Company  Limited,19x90,Patthamanan Pudgajang,350000.00,35%,2026-09-24,2026-05-12,139,Pending
U,261174,11x2692,บริษัท แอดวานซ์ ไซแอม เทค จำกัด,19x74,Sujittra Tungprakobjaroen,137970.00,35%,2026-09-24,2026-05-13,138,Pending
U,261175,11x1270,บริษัท บูรพา เทคโนโลยี่ จำกัด,19x27,Nattawut Junkong,10150.00,50%,2026-10-31,2026-05-14,137,Pending
B,261178,11x198695,THE SIAM CEMENT PUBLIC COMPANY LIMITED,19x89,Tanaporn Chanchanaroj,650000.00,35%,2026-12-24,2026-05-13,138,Pending
U,261180,11x2756,บริษัท ผลิตโชควิศวกรรม จำกัด,19x34,Kanittha Cheryhom,186000.00,35%,2026-09-24,2026-05-13,138,Pending
U,261181,11x1000,บริษัท ฟินิคซ พัลพ แอนด์ เพเพอร์ จำกัด (มหาชน),19x34,Kanittha Cheryhom,37200.00,50%,2026-09-24,2026-06-24,96,Pending
C,261182,11x1476,บริษัท บริดจสโตนไทร์ แมนูแฟคเจอริ่ง (ประเทศไทย) จำกัด,19x34,Kanittha Cheryhom,49000.00,50%,2026-12-24,2026-05-13,138,Pending
C,261183,11x1272,บริษัท คาโออินดัสเตรียล (ประเทศไทย)  จำกัด,19x74,Sujittra Tungprakobjaroen,568000.00,35%,2026-09-24,2026-05-13,138,Pending
U,261184,11x263118,M.O.P  CHINKOKU.CO.LTD,19x74,Sujittra Tungprakobjaroen,208000.00,70%,2026-09-24,2026-05-13,138,Pending
C,261186,11x129696,"Bridgestone Specialty Tire Manufacturing(Thailand) Co.,Ltd.",19x51,Benjamas Tanjit,123000.00,50%,2026-11-30,2026-05-13,138,Pending
C,261187,11x1476,บริษัท บริดจสโตนไทร์ แมนูแฟคเจอริ่ง (ประเทศไทย) จำกัด,19x34,Kanittha Cheryhom,137000.00,50%,2026-12-24,2026-05-13,138,Pending
C,261189,11x2767,บริษัท อุตสาหกรรมมิตรมงคล จำกัด,19x74,Sujittra Tungprakobjaroen,31900.00,35%,2026-09-24,2026-05-13,138,Pending
U,261198,11x206186,บริษัท โคพีเรียน (ประเทศไทย) จำกัด,19x45,Pattamaporn Chadkurupin,389400.00,50%,2026-12-24,2026-05-18,133,Pending
U,261199,11x9596,"UGS Sales and Services Co.,Ltd.",19x43,Katewadee Pratipagorn,70500.00,50%,2026-12-24,2026-05-14,137,Pending
U,261201,11x10074,"TSK Engineering (Thailand) Co.,Ltd.",19x78,Sarawut Viseshasiri,790000.00,35%,2026-09-24,2026-05-14,137,Pending
U,261204,11x260038,บริษัท มัลติ เอ็นจิเนียริ่ง  แอนด์ ซัพพลาย จำกัด,19x19,Saovaluck Jangjai,56000.00,50%,2026-09-24,2026-05-14,137,Pending
U,261212,11x10020,PETRACHEM,19x45,Pattamaporn Chadkurupin,300000.00,35%,2026-09-24,2026-05-14,137,Pending
U,261215,11x263193,KSBT Engineering,19x43,Katewadee Pratipagorn,160000.00,50%,2026-09-24,2026-05-15,136,Pending
A,261216,11x1030,บริษัท นิปปอนเพนต์ (ประเทศไทย) จำกัด,19x88,Thanaaran Sirawattanamongkol,58200.00,35%,2026-09-24,2026-05-15,136,Pending
A,261217,11x1229,พี.เจนเนอรัล ซัพพลาย,19x19,Saovaluck Jangjai,36200.00,50%,2026-12-24,2026-05-15,136,Pending
B,261219,11x163394,siam city cement,19x89,Tanaporn Chanchanaroj,384000.00,35%,2026-12-24,2026-05-15,136,Pending
R,261223,11x9799,Star Petroleum Refining Public Company Limited,19x51,Benjamas Tanjit,1000000.00,50%,2026-09-24,2026-05-15,136,Pending
U,261225,11x57197,บริษัท เมคคานิก้า จำกัด,19x77,Thitima Plaibua,76000.00,35%,2026-12-24,2026-05-15,136,Pending
C,261226,11x2767,บริษัท อุตสาหกรรมมิตรมงคล จำกัด,19x74,Sujittra Tungprakobjaroen,668000.00,35%,2026-09-24,2026-05-26,125,Pending
U,261228,11x263209,บริษัท ปั้มเซิร์ฟ ระยอง จำกัด,19x34,Kanittha Cheryhom,259000.00,50%,2026-12-24,2026-05-15,136,Pending
U,261229,11x263211,บริษัท ซินเนอจี้ คิว (ประเทศไทย) จำกัด,19x45,Pattamaporn Chadkurupin,2000000.00,35%,2026-09-24,2026-05-15,136,Pending
U,261230,11x263217,"Thai Contracting Management Co.,Ltd",19x43,Katewadee Pratipagorn,80000.00,90%,2026-09-24,2026-05-16,135,Pending
A,261231,11x2561,บริษัท เทยิน คอร์ปอเรชั่น (ประเทศไทย) จำกัด,19x92,Napadol Peoksangthip,222050.00,35%,2026-12-24,2026-05-29,122,Pending
U,261233,11x263229,A-INNOVATE ENGINEERING COMPANY LIMITED,19x92,Napadol Peoksangthip,500000.00,50%,2026-10-30,2026-05-18,133,Pending
A,261235,11x2097,บริษัท พีพีจี โคทติ้งส์ (ประเทศไทย) จำกัด,19x88,Thanaaran Sirawattanamongkol,16750.00,50%,2026-10-30,2026-05-18,133,Pending
U,261236,11x206186,บริษัท โคพีเรียน (ประเทศไทย) จำกัด,19x45,Pattamaporn Chadkurupin,256000.00,50%,2026-12-24,2026-05-18,133,Pending
U,261237,11x257884,บริษัท พีเอพี โซลูชั่น จำกัด,19x45,Pattamaporn Chadkurupin,51500.00,35%,2026-09-24,2026-05-26,125,Pending
U,261238,11x249053,"SNU Solutions Provider Co., Ltd.",19x43,Katewadee Pratipagorn,50000.00,90%,2026-09-24,2026-05-18,133,Pending
U,261243,11x1473,บริษัท นิวสตาร์ อินเตอร์เนชั่นแนล จำกัด,19x23,Vipoo Srisawadi,25000.00,35%,2026-12-24,2026-05-19,132,Pending
U,261246,11x263287,"AEC Industrial Services CO., LTD.",19x89,Tanaporn Chanchanaroj,300000.00,35%,2026-12-24,2026-05-19,132,Pending
R,261247,11x263292,"TC Enstage Co.,Ltd.",19x78,Sarawut Viseshasiri,700000.00,70%,2026-09-30,2026-05-19,132,Pending
A,261248,11x1398,บริษัท อุตสาหกรรมทำเครื่องแก้วไทย จำกัด (มหาชน),19x19,Saovaluck Jangjai,21100.00,70%,2026-09-30,2026-05-19,132,Pending
D,261249,11x2628,บริษัท เอสเอฟซี เอกเซลเล้นซ์ จำกัด,19x23,Vipoo Srisawadi,800000.00,35%,2026-12-24,2026-05-19,132,Pending
D,261251,11x2003,บริษัท เอไอ เอนเนอร์จี จำกัด (มหาชน),19x45,Pattamaporn Chadkurupin,150000.00,50%,2026-12-24,2026-05-20,131,Pending
U,261252,11x260476,"K P Tech All Co.,Ltd.",19x89,Tanaporn Chanchanaroj,220000.00,35%,2026-12-24,2026-05-19,132,Pending
U,261253,11x260476,"K P Tech All Co.,Ltd.",19x89,Tanaporn Chanchanaroj,70000.00,35%,2026-12-24,2026-05-19,132,Pending
U,261254,11x9835,BRS INTERTRAD,19x45,Pattamaporn Chadkurupin,50000.00,35%,2026-09-24,2026-05-20,131,Pending
A,261256,11x22766,ซีพีเอฟ-ขอนแก่น,19x27,Nattawut Junkong,15040.00,90%,2026-11-30,2026-05-20,131,Pending
B,261257,11x1120,บริษัท อดิตยา เบอร์ล่า เคมีคัลส์ (ประเทศไทย)  จำกัด,19x77,Thitima Plaibua,270000.00,35%,2026-12-24,2026-05-20,131,Pending
U,261258,11x53966,บริษัท เลอ ครูเซ แมนูแฟคเจอริ่ง (ประเทศไทย) จำกัด,19x19,Saovaluck Jangjai,55000.00,50%,2026-09-24,2026-05-20,131,Pending
U,261259,11x1241,บริษัท ปัญจพล เปเปอร์ อินดัสตรี้ จำกัด,19x34,Kanittha Cheryhom,1776600.00,50%,2026-09-24,2026-09-07,21,Pending
U,261260,11x263341,บริษัท เค วี อีควิปเม้นท์ แอนด์ เซอร์วิส จำกัด,19x92,Napadol Peoksangthip,50000.00,35%,2026-12-24,2026-05-20,131,Pending
U,261262,11x21357,บริษัท ซาเดซ่า (ประเทศไทย) จำกัด,19x92,Napadol Peoksangthip,37000.00,50%,2026-10-30,2026-05-20,131,Pending
C,261263,11x1455,บริษัท เบียร์ทิพย์ บริวเวอรี่ (1991) จำกัด,19x74,Sujittra Tungprakobjaroen,21250.00,35%,2026-09-24,2026-05-20,131,Pending
D,261264,11x164788,PAP Gas,19x45,Pattamaporn Chadkurupin,525000.00,50%,2026-12-24,2026-05-25,126,Pending
U,261265,11x72785,บริษัท ทีเอสเค เอ็นจิเนียริ่ง (ไทยแลนด์) จำกัด,19x34,Kanittha Cheryhom,538000.00,50%,2026-12-24,2026-05-20,131,Pending
C,261266,11x32280,บริษัท อัพเวนเจอร์ จำกัด,19x74,Sujittra Tungprakobjaroen,384000.00,35%,2026-09-24,2026-05-20,131,Pending
C,261267,11x1269,บริษัท แอนเซลล์ (ประเทศไทย) จำกัด,19x34,Kanittha Cheryhom,47000.00,50%,2026-12-24,2026-05-20,131,Pending
R,261268,11x158445,บริษัท จีซี เมนเทนแนนซ์ แอนด์ เอนจิเนียริง จำกัด,19x34,Kanittha Cheryhom,10369000.00,50%,2026-12-24,2026-05-20,131,Pending
U,261270,11x172564,ห้างหุ้นส่วนจำกัด ซีเอทูเอส เอ็นจิเนียริ่ง,19x88,Thanaaran Sirawattanamongkol,166000.00,35%,2026-09-24,2026-05-26,125,Pending
C,261273,11x1387,บริษัท เบียร์ไทย (1991) จำกัด (มหาชน),19x74,Sujittra Tungprakobjaroen,99950.00,70%,2026-10-31,2026-06-15,105,Pending
R,261275,11x263292,"TC Enstage Co.,Ltd.",19x90,Patthamanan Pudgajang,300000.00,70%,2026-09-30,2026-05-21,130,Pending
U,261276,11x263381,บริษัท พีลาทัส มารีน จำกัด,19x23,Vipoo Srisawadi,669006.00,50%,2026-12-24,2026-05-21,130,Pending
B,261279,11x221135,"Siam PVS Chemical Co.,Ltd.",19x89,Tanaporn Chanchanaroj,800000.00,50%,2026-10-30,2026-05-21,130,Pending
U,261283,11x2706,บริษัท เอกศรา ซัพพลายเซอร์วิส จำกัด,19x77,Thitima Plaibua,200000.00,35%,2026-12-24,2026-05-22,129,Pending
U,261284,11x57197,บริษัท เมคคานิก้า จำกัด,19x77,Thitima Plaibua,695000.00,35%,2026-12-24,2026-05-22,129,Pending
B,261286,11x9667,"Bangkok Synthetics Co., Ltd. (BST)",19x90,Patthamanan Pudgajang,612000.00,90%,2026-09-30,2026-05-22,129,Pending
U,261288,11x9111,ZOLA ASPHALT,19x45,Pattamaporn Chadkurupin,134550.00,35%,2026-09-24,2026-05-22,129,Pending
C,261291,11x237570,บริษัท คูโบต้า วอเตอร์ แอนด์ เอ็นไวรอนเม้นท์ (ประเทศไทย) จำกัด,19x92,Napadol Peoksangthip,1000000.00,35%,2026-12-24,2026-05-22,129,Pending
C,261292,11x237570,บริษัท คูโบต้า วอเตอร์ แอนด์ เอ็นไวรอนเม้นท์ (ประเทศไทย) จำกัด,19x92,Napadol Peoksangthip,1000000.00,35%,2026-12-24,2026-05-20,131,Pending
C,261297,11x9579,HMC Polymers,19x90,Patthamanan Pudgajang,54850.00,35%,2026-09-24,2026-05-20,131,Pending
U,261300,11x117667,บริษัท เอทีพี อินโนเวชั่นส์ จำกัด,19x92,Napadol Peoksangthip,140000.00,35%,2026-12-24,2026-05-22,129,Pending
U,261301,11x117667,บริษัท เอทีพี อินโนเวชั่นส์ จำกัด,19x92,Napadol Peoksangthip,200000.00,35%,2026-12-24,2026-05-22,129,Pending
U,261007,11x53397,บจก. กรีนโปรเกรส จำกัด,19x92,Napadol Peoksangthip,100000.00,35%,2026-12-24,2026-05-22,129,Pending
C,260988,11x237990,บริษัท เทอร์โบ ซัพพลาย เอ็นจิเนียริ่ง จำกัด,19x92,Napadol Peoksangthip,120000.00,35%,2026-12-24,2026-05-22,129,Pending
D,261302,11x2003,บริษัท เอไอ เอนเนอร์จี จำกัด (มหาชน),19x45,Pattamaporn Chadkurupin,388000.00,50%,2026-12-24,2026-05-22,129,Pending
C,260951,11x237570,บริษัท คูโบต้า วอเตอร์ แอนด์ เอ็นไวรอนเม้นท์ (ประเทศไทย) จำกัด,19x92,Napadol Peoksangthip,150000.00,35%,2026-12-24,2026-05-22,129,Pending
C,261303,11x263422,THE ENGINEER,19x92,Napadol Peoksangthip,140000.00,35%,2026-12-24,2026-05-22,129,Pending
A,261306,11x28609,บริษัท กรุงไทยอาหาร จำกัด (มหาชน),19x88,Thanaaran Sirawattanamongkol,74900.00,35%,2026-09-24,2026-05-22,129,Pending
U,261307,11x975,บริษัท สยามอุตสาหกรรม (1991) จำกัด (สาย 2),19x34,Kanittha Cheryhom,62000.00,35%,2026-09-24,2026-05-22,129,Pending
U,261309,11x1289,บริษัท ผลิตไฟฟ้าขนอม จำกัด,19x45,Pattamaporn Chadkurupin,400000.00,35%,2026-09-24,2026-05-23,128,Pending
B,261310,11x1766,บริษัท ทรอยสยาม จำกัด,19x77,Thitima Plaibua,15000000.00,35%,2026-12-24,2026-05-25,126,Pending
U,261311,11x263523,"LINEMAKER ENGINEERING CO., LTD.",19x45,Pattamaporn Chadkurupin,50000.00,50%,2026-12-24,2026-05-25,126,Pending
A,261312,11x1484,บริษัท วอลล์ เทคโนโลยี จำกัด,19x88,Thanaaran Sirawattanamongkol,11900.00,35%,2026-09-24,2026-05-25,126,Pending
U,261314,11x237766,บริษัท เพาเวอร์แม็กซ์ พลัส จำกัด,19x88,Thanaaran Sirawattanamongkol,66000.00,35%,2026-09-30,2026-05-25,126,Pending
U,261315,11x69396,"Perfect  Solutions Co., Ltd.",19x23,Vipoo Srisawadi,1000000.00,35%,2026-12-24,2026-05-25,126,Pending
D,261316,11x1010,บริษัท บางจาก คอร์ปอเรชั่น จำกัด (มหาชน),19x23,Vipoo Srisawadi,365000.00,35%,2026-09-24,2026-05-25,126,Pending
B,261317,11x1766,บริษัท ทรอยสยาม จำกัด,19x77,Thitima Plaibua,10000000.00,35%,2026-12-24,2026-05-25,126,Pending
A,261318,11x2824,บริษัท ไทยโพลีเอสเตอร์ จำกัด,19x92,Napadol Peoksangthip,300000.00,35%,2026-12-24,2026-05-25,126,Pending
U,261321,11x263558,Unithai,19x23,Vipoo Srisawadi,2375000.00,50%,2026-12-24,2026-05-25,126,Pending
C,261322,11x2741,บริษัท ไทยรุ่งเรืองพลังงาน จำกัด,19x74,Sujittra Tungprakobjaroen,2525000.00,70%,2026-12-24,2026-05-25,126,Pending
B,261324,11x181544,Akara Resources Public Company Limited,19x89,Tanaporn Chanchanaroj,760000.00,35%,2026-12-24,2026-05-26,125,Pending
B,261325,11x181544,Akara Resources Public Company Limited,19x89,Tanaporn Chanchanaroj,270000.00,35%,2026-12-24,2026-05-26,125,Pending
U,261330,11x77859,บริษัท ทาทา สตีล การผลิต (ประเทศไทย) จำกัด (มหาชน),19x27,Nattawut Junkong,108500.00,70%,2026-09-30,2026-05-26,125,Pending
U,261331,11x29093,PREMIER LUBRICANT,19x45,Pattamaporn Chadkurupin,15600.00,35%,2026-09-24,2026-05-26,125,Pending
U,261334,11x263621,บริษัท สมาร์ท ซิสเต็ม แอนด์ ออโตเมชั่น เอ็นจิเนียริ่ง จำกัด,19x92,Napadol Peoksangthip,300000.00,35%,2026-10-30,2026-05-26,125,Pending
A,261337,11x22547,คาร์กิลล์สยาม-ฉะเชิงเทรา,19x27,Nattawut Junkong,263940.00,70%,2026-09-30,2026-05-26,125,Pending
U,261338,11x9596,"UGS Sales and Services Co.,Ltd.",19x43,Katewadee Pratipagorn,20000.00,50%,2026-12-24,2026-05-26,125,Pending
U,261340,11x24732,PROWINNER,19x51,Benjamas Tanjit,95000.00,50%,2026-11-30,2026-05-27,124,Pending
U,261341,11x1473,บริษัท นิวสตาร์ อินเตอร์เนชั่นแนล จำกัด,19x23,Vipoo Srisawadi,80000.00,35%,2026-12-24,2026-05-27,124,Pending
A,261342,11x32374,บริษัท ซิกเวอร์ค (ประเทศไทย) จำกัด,19x88,Thanaaran Sirawattanamongkol,85760.00,50%,2026-09-30,2026-05-27,124,Pending
U,261343,11x1003,บริษัท สยามคราฟท์อุตสาหกรรม จำกัด,19x34,Kanittha Cheryhom,71550.00,35%,2026-09-24,2026-05-27,124,Pending
D,261344,11x2628,บริษัท เอสเอฟซี เอกเซลเล้นซ์ จำกัด,19x23,Vipoo Srisawadi,200000.00,50%,2026-12-24,2026-05-27,124,Pending
A,261350,11x1052,บริษัท โตโยอิ๊งค์ (ประเทศไทย) จำกัด,19x88,Thanaaran Sirawattanamongkol,77000.00,90%,2026-09-30,2026-05-27,124,Pending
D,261352,11x2287,บริษัท น้ำตาลราชบุรี จำกัด,19x74,Sujittra Tungprakobjaroen,4455000.00,35%,2026-09-24,2026-05-27,124,Pending
U,261354,11x227317,VALEURA ENERGY,19x23,Vipoo Srisawadi,790000.00,90%,2026-09-30,2026-05-27,124,Pending
C,261355,11x1476,บริษัท บริดจสโตนไทร์ แมนูแฟคเจอริ่ง (ประเทศไทย) จำกัด,19x34,Kanittha Cheryhom,276000.00,50%,2026-12-24,2026-05-27,124,Pending
U,261356,11x2999,บริษัท ไทรอัมฟ์ เอ็นจิเนียริ่ง จำกัด,19x27,Nattawut Junkong,316182.86,70%,2026-11-30,2026-05-27,124,Pending
U,261357,11x250955,ห้างหุ้นส่วนจำกัด ก.อารยพาณิชย์,19x74,Sujittra Tungprakobjaroen,20700.00,35%,2026-09-24,2026-05-27,124,Pending
R,261359,11x9799,Star Petroleum Refining Public Company Limited,19x51,Benjamas Tanjit,1850000.00,50%,2026-09-24,2026-05-27,124,Pending
A,261360,11x1052,บริษัท โตโยอิ๊งค์ (ประเทศไทย) จำกัด,19x88,Thanaaran Sirawattanamongkol,143000.00,70%,2026-09-30,2026-05-27,124,Pending
U,261363,11x254177,"Meiji (Thailand) Co., Ltd.",19x51,Benjamas Tanjit,30000.00,50%,2026-11-30,2026-05-28,123,Pending
U,261364,11x975,บริษัท สยามอุตสาหกรรม (1991) จำกัด (สาย 2),19x34,Kanittha Cheryhom,213000.00,35%,2026-09-24,2026-05-22,129,Pending
U,261367,11x57197,บริษัท เมคคานิก้า จำกัด,19x77,Thitima Plaibua,30000.00,35%,2026-12-24,2026-05-28,123,Pending
B,261368,11x1766,บริษัท ทรอยสยาม จำกัด,19x77,Thitima Plaibua,350000.00,35%,2026-12-24,2026-05-29,122,Pending
D,261369,11x2628,บริษัท เอสเอฟซี เอกเซลเล้นซ์ จำกัด,19x23,Vipoo Srisawadi,37500.00,50%,2026-12-24,2026-05-28,123,Pending
B,261370,11x1766,บริษัท ทรอยสยาม จำกัด,19x77,Thitima Plaibua,100000.00,35%,2026-12-24,2026-05-28,123,Pending
D,261374,11x1006,บริษัท อายิโนะโมะโต๊ะ (ประเทศไทย) จำกัด,19x45,Pattamaporn Chadkurupin,98500.00,90%,2026-09-30,2026-08-28,31,Pending
U,261375,11x33661,บริษัท อัศวิน เทคโนโลยี จำกัด,19x77,Thitima Plaibua,29000.00,35%,2026-12-24,2026-05-28,123,Pending
U,261376,11x9111,ZOLA ASPHALT,19x45,Pattamaporn Chadkurupin,30000.00,35%,2026-09-24,2026-05-28,123,Pending
D,261377,11x1036,บริษัท เชลล์แห่งประเทศไทย จำกัด,19x23,Vipoo Srisawadi,688000.00,50%,2026-12-24,2026-05-08,143,Pending
U,261378,11x253582,บริษัท เอเนอร์โฟล จำกัด,19x78,Sarawut Viseshasiri,150000.00,35%,2026-12-24,2026-05-29,122,Pending
U,261401,11x124447,บริษัท พีพีพี กรีน คอมเพล็กซ์ จำกัด (มหาชน),19x45,Pattamaporn Chadkurupin,100000.00,50%,2026-12-24,2026-05-29,122,Pending
D,261402,11x37774,โปรดักส์ดีเวลลอปเม้นท์เมนูแฟคเจอร์ริง,19x43,Katewadee Pratipagorn,194000.00,50%,2026-09-24,2026-05-29,122,Pending
A,261404,11x20608,ซีพีเอฟ-หนองแค,19x27,Nattawut Junkong,74900.00,70%,2026-10-30,2026-07-07,83,Pending
D,261405,11x2287,บริษัท น้ำตาลราชบุรี จำกัด,19x74,Sujittra Tungprakobjaroen,89000.00,70%,2026-10-31,2026-05-29,122,Pending
D,261406,11x2287,บริษัท น้ำตาลราชบุรี จำกัด,19x74,Sujittra Tungprakobjaroen,118000.00,70%,2026-10-31,2026-05-29,122,Pending
C,261410,11x2758,บริษัท สีไดโน จำกัด,19x88,Thanaaran Sirawattanamongkol,660.00,50%,2026-10-09,2026-06-02,118,Pending
U,261412,11x28498,"YUSEN LOGISTICS (THAILAND) CO., LTD.",19x78,Sarawut Viseshasiri,23000.00,70%,2026-09-30,2026-06-02,118,Pending
B,261413,11x262618,ทีพีที ปิโตรเคมิคอลส์ จํากัด (มหาชน),19x92,Napadol Peoksangthip,179000.00,70%,2026-10-30,2026-06-08,112,Pending
U,261415,11x264668,บริษัท เอ็นเอสอาร์ พริซิขั่น จำกัด,19x34,Kanittha Cheryhom,62035.00,35%,2026-09-30,2026-06-02,118,Pending
C,261416,11x264816,บริษัท อาควา นิชิฮาร่า คอร์ปอเรชั่น จำกัด,19x92,Napadol Peoksangthip,100000.00,35%,2026-12-24,2026-06-04,116,Pending
C,261417,11x264816,บริษัท อาควา นิชิฮาร่า คอร์ปอเรชั่น จำกัด,19x92,Napadol Peoksangthip,100000.00,35%,2026-12-24,2026-06-04,116,Pending
D,261420,11x79226,Nestlé Purina PetCare,19x51,Benjamas Tanjit,133900.00,35%,2026-09-24,2026-06-04,116,Pending
U,261421,11x47614,ITT FLUID,19x51,Benjamas Tanjit,80000.00,35%,2026-09-24,2026-06-04,116,Pending
U,261425,11x265159,บริษัท เอ-เทค คอนโทรล ซิสเต็มส์ จำกัด,19x19,Saovaluck Jangjai,85200.00,35%,2026-10-02,2026-06-05,115,Pending
B,261428,11x256892,บริษัท เนเชอร์เวิร์คส์ เอเชีย แปซิฟิก จำกัด,19x92,Napadol Peoksangthip,1000000.00,35%,2026-12-24,2026-06-08,112,Pending
C,261429,11x2189,บริษัท ไทยเบฟเวอเรจ เอ็นเนอร์ยี่ จำกัด,19x74,Sujittra Tungprakobjaroen,741000.00,35%,2026-10-31,2026-06-05,115,Pending
C,261432,11x265458,DEFTSOL ULTIMATE COMPANY LIMITED,19x92,Napadol Peoksangthip,100000.00,35%,2026-11-30,2026-06-05,115,Pending
A,261433,11x198040,"Perfect Companion Group Co., Ltd.",19x51,Benjamas Tanjit,70000.00,50%,2026-11-30,2026-06-05,115,Pending
U,261434,11x28434,"Mars Petcare (Thailand) Co., Ltd.",19x88,Thanaaran Sirawattanamongkol,440860.00,50%,2026-09-30,2026-06-08,112,Pending
D,261436,11x2287,บริษัท น้ำตาลราชบุรี จำกัด,19x74,Sujittra Tungprakobjaroen,4941000.00,35%,2026-09-30,2026-06-05,115,Pending
A,261437,11x1442,บริษัท โฟมเทค อินเตอร์เนชั่นแนล จำกัด,19x88,Thanaaran Sirawattanamongkol,24075.00,50%,2026-10-09,2026-06-09,111,Pending
C,261438,11x1235,บริษัท บีเอเอสเอฟ (ไทย) จำกัด,19x74,Sujittra Tungprakobjaroen,162500.00,35%,2026-09-30,2026-06-05,115,Pending
U,261439,11x101709,บริษัท สหมิตร(2014)เอ็นจิเนียริ่งเซอร์วิส จำกัด,19x45,Pattamaporn Chadkurupin,50000.00,35%,2026-09-24,2026-06-06,114,Pending
U,261440,11x180137,KAS ENGINEERING & SOLUTION CO.M LTD,19x45,Pattamaporn Chadkurupin,350000.00,35%,2026-09-24,2026-06-06,114,Pending
D,261442,11x2287,บริษัท น้ำตาลราชบุรี จำกัด,19x74,Sujittra Tungprakobjaroen,3900000.00,50%,2027-02-28,2026-06-08,112,Pending
U,261444,11x265159,บริษัท เอ-เทค คอนโทรล ซิสเต็มส์ จำกัด,19x19,Saovaluck Jangjai,25000.00,50%,2026-10-09,2026-06-08,112,Pending
B,261448,11x240541,Nitro Chemical,19x89,Tanaporn Chanchanaroj,500000.00,70%,2026-10-30,2026-06-08,112,Pending
A,261449,11x2814,บริษัท เจ.ไอ.ที.อีควิปเม้นท์ จำกัด,19x77,Thitima Plaibua,80000.00,35%,2026-12-24,2026-06-08,112,Pending
A,261452,11x1398,บริษัท อุตสาหกรรมทำเครื่องแก้วไทย จำกัด (มหาชน),19x19,Saovaluck Jangjai,48000.00,70%,2026-09-30,2026-06-08,112,Pending
C,261453,11x265778,บริษัท เมโทร เอ็ม.ดีเอฟ. จำกัด,19x34,Kanittha Cheryhom,500000.00,70%,2026-09-30,2026-06-08,112,Pending
U,261455,11x9835,BRS INTERTRAD,19x45,Pattamaporn Chadkurupin,150000.00,35%,2026-09-24,2026-07-03,87,Pending
C,261456,11x2189,บริษัท ไทยเบฟเวอเรจ เอ็นเนอร์ยี่ จำกัด,19x74,Sujittra Tungprakobjaroen,356000.00,35%,2026-10-31,2026-06-08,112,Pending
R,261457,11x1151,บริษัท ไออาร์พีซี จำกัด (มหาชน),19x23,Vipoo Srisawadi,20000.00,35%,2026-12-24,2026-06-08,112,Pending
U,261459,11x1818,บริษัท โตชิบาคอนซูมเมอร์โปรดัคส์ (ประเทศไทย) จำกัด,19x74,Sujittra Tungprakobjaroen,138700.00,35%,2026-09-30,2026-06-08,112,Pending
U,261463,11x40880,กรุงไทยอาหาร-บ้านบึง,19x27,Nattawut Junkong,1281000.00,70%,2026-10-31,2026-06-15,105,Pending
C,261464,11x191868,บริษัท นีโอคอสเมด จำกัด,19x74,Sujittra Tungprakobjaroen,58800.00,35%,2026-09-30,2026-06-09,111,Pending
A,261465,11x22067,มากอตโต-หนองแค,19x27,Nattawut Junkong,141500.00,70%,2026-09-24,2026-06-09,111,Pending
B,261467,11x21651,"STAR PLUS Chemical Co.,Ltd",19x51,Benjamas Tanjit,30000.00,35%,2026-12-24,2026-06-09,111,Pending
U,261469,11x180137,KAS ENGINEERING & SOLUTION CO.M LTD,19x45,Pattamaporn Chadkurupin,5000.00,35%,2026-09-24,2026-06-09,111,Pending
U,261472,11x49731,"MITR PROJECT SERVICES CO., LTD.",19x89,Tanaporn Chanchanaroj,404000.00,35%,2026-12-24,2026-06-09,111,Pending
U,261473,11x36388,PRECISION POWER,19x78,Sarawut Viseshasiri,3000000.00,35%,2026-12-24,2026-06-09,111,Pending
U,261474,11x76105,บริษัท เดอมาสท์ จำกัด,19x45,Pattamaporn Chadkurupin,50000.00,50%,2026-12-24,2026-08-11,48,Pending
U,261475,11x47614,ITT FLUID,19x51,Benjamas Tanjit,115500.00,35%,2026-12-24,2026-06-09,111,Pending
C,261477,11x1235,บริษัท บีเอเอสเอฟ (ไทย) จำกัด,19x74,Sujittra Tungprakobjaroen,850000.00,70%,2026-10-31,2026-06-10,110,Pending
A,261479,11x1030,บริษัท นิปปอนเพนต์ (ประเทศไทย) จำกัด,19x88,Thanaaran Sirawattanamongkol,111600.00,35%,2026-12-24,2026-06-10,110,Pending
C,261480,11x2530,บริษัท อธิมาตร จำกัด,19x74,Sujittra Tungprakobjaroen,277400.00,35%,2026-09-30,2026-06-10,110,Pending
A,261481,11x1030,บริษัท นิปปอนเพนต์ (ประเทศไทย) จำกัด,19x88,Thanaaran Sirawattanamongkol,324590.00,35%,2026-11-12,2026-06-10,110,Pending
U,261486,11x59102,บริษัท ไทยนิปปอน สตีล เอ็นจิเนียริ่ง แอนด์ คอนสตรัคชั่น คอร์ปอเรชั่น จำกัด,19x43,Katewadee Pratipagorn,7000000.00,35%,2027-06-24,2026-06-10,110,Pending
C,261487,11x933,บริษัท อีเทอนัล เรซิ่น จำกัด,19x77,Thitima Plaibua,800000.00,35%,2026-12-24,2026-09-21,7,Pending
U,261491,11x2692,บริษัท แอดวานซ์ ไซแอม เทค จำกัด,19x34,Kanittha Cheryhom,33750.00,35%,2026-09-30,2026-06-11,109,Pending
U,261493,11x72785,บริษัท ทีเอสเค เอ็นจิเนียริ่ง (ไทยแลนด์) จำกัด,19x34,Kanittha Cheryhom,168000.00,35%,2026-10-31,2026-06-11,109,Pending
A,261494,11x2824,บริษัท ไทยโพลีเอสเตอร์ จำกัด,19x92,Napadol Peoksangthip,98600.00,35%,2026-12-24,2026-06-11,109,Pending
R,261495,11x3088,บริษัท เอ็นเอส-สยามยูไนเต็ดสตีล จำกัด,19x90,Patthamanan Pudgajang,32000.00,35%,2026-09-24,2026-06-11,109,Pending
B,261498,11x266046,BAC engineering,19x23,Vipoo Srisawadi,200000.00,35%,2026-12-24,2026-06-11,109,Pending
U,261499,11x1038,บริษัท วาย.โอ.เยนเนอรัล ซัพพลาย(1983)  จำกัด,19x27,Nattawut Junkong,816900.00,35%,2026-09-30,2026-07-01,89,Pending
R,261502,11x1151,บริษัท ไออาร์พีซี จำกัด (มหาชน),19x23,Vipoo Srisawadi,12000.00,50%,2026-12-24,2026-06-12,108,Pending
A,261503,11x1442,บริษัท โฟมเทค อินเตอร์เนชั่นแนล จำกัด,19x88,Thanaaran Sirawattanamongkol,184320.00,70%,2026-09-30,2026-06-23,97,Pending
U,261506,11x266089,บริษัท ไทยเทคนิเชี่ยน โรลเลอร์ จำกัด,19x88,Thanaaran Sirawattanamongkol,12500.00,35%,2026-10-23,2026-06-12,108,Pending
D,261508,11x81127,บริษัท ท่อส่งปิโตรเลียมไทย จำกัด,19x23,Vipoo Srisawadi,468200.00,50%,2026-12-24,2026-06-12,108,Pending
D,261509,11x81127,บริษัท ท่อส่งปิโตรเลียมไทย จำกัด,19x23,Vipoo Srisawadi,76000.00,50%,2026-12-24,2026-06-12,108,Pending
U,261511,11x263217,"Thai Contracting Management Co.,Ltd",19x43,Katewadee Pratipagorn,140000.00,35%,2026-09-30,2026-06-12,108,Pending
U,261513,11x53008,DURMART,19x43,Katewadee Pratipagorn,100000.00,90%,2026-12-25,2026-06-14,106,Pending
U,261514,11x266151,"Thai-Phill Services Co., Ltd",19x45,Pattamaporn Chadkurupin,50000.00,50%,2026-12-24,2026-06-15,105,Pending
C,261515,11x1240,บริษัท ทีโอเอ เพ้นท์ (ประเทศไทย)  จำกัด (มหาชน),19x77,Thitima Plaibua,25000.00,35%,2026-12-24,2026-06-15,105,Pending
U,261517,11x266163,MG EMGINEERING,19x43,Katewadee Pratipagorn,50000.00,50%,2026-12-24,2026-06-15,105,Pending
B,261518,11x1979,บริษัท ปูนซีเมนต์เอเซีย จำกัด  (มหาชน),19x89,Tanaporn Chanchanaroj,850000.00,70%,2026-09-30,2026-06-15,105,Pending
C,261521,11x1235,บริษัท บีเอเอสเอฟ (ไทย) จำกัด,19x74,Sujittra Tungprakobjaroen,8000.00,35%,2026-09-30,2026-06-15,105,Pending
U,261522,11x244007,Thai Nippon plant,19x89,Tanaporn Chanchanaroj,65000.00,35%,2026-12-24,2026-06-15,105,Pending
U,261523,11x244007,Thai Nippon plant,19x89,Tanaporn Chanchanaroj,100000.00,35%,2026-12-24,2026-06-15,105,Pending
U,261524,11x244007,Thai Nippon plant,19x89,Tanaporn Chanchanaroj,600000.00,35%,2026-10-30,2026-06-15,105,Pending
U,261525,11x244007,Thai Nippon plant,19x89,Tanaporn Chanchanaroj,200000.00,35%,2026-12-24,2026-06-15,105,Pending
D,261531,11x2003,บริษัท เอไอ เอนเนอร์จี จำกัด (มหาชน),19x45,Pattamaporn Chadkurupin,6000.00,35%,2026-09-24,2026-06-15,105,Pending
U,261532,11x2999,บริษัท ไทรอัมฟ์ เอ็นจิเนียริ่ง จำกัด,19x27,Nattawut Junkong,395500.00,70%,2026-12-31,2026-06-15,105,Pending
U,261533,11x266089,บริษัท ไทยเทคนิเชี่ยน โรลเลอร์ จำกัด,19x88,Thanaaran Sirawattanamongkol,2760.00,35%,2026-09-30,2026-06-16,104,Pending
B,261538,11x11847,TPI POLENE,19x78,Sarawut Viseshasiri,11800.00,70%,2026-09-30,2026-06-16,104,Pending
U,261539,11x28434,"Mars Petcare (Thailand) Co., Ltd.",19x88,Thanaaran Sirawattanamongkol,335500.00,35%,2026-09-30,2026-06-16,104,Pending
D,261540,11x2003,บริษัท เอไอ เอนเนอร์จี จำกัด (มหาชน),19x45,Pattamaporn Chadkurupin,5000.00,35%,2026-09-24,2026-06-16,104,Pending
U,261543,11x76105,บริษัท เดอมาสท์ จำกัด,19x45,Pattamaporn Chadkurupin,0.00,50%,2026-12-24,2026-06-17,103,Pending
U,261545,11x72785,บริษัท ทีเอสเค เอ็นจิเนียริ่ง (ไทยแลนด์) จำกัด,19x34,Kanittha Cheryhom,885000.00,35%,2026-09-30,2026-06-26,94,Pending
U,261546,11x72785,บริษัท ทีเอสเค เอ็นจิเนียริ่ง (ไทยแลนด์) จำกัด,19x34,Kanittha Cheryhom,178000.00,35%,2026-09-30,2026-06-16,104,Pending
U,261547,11x266283,K&T Trading Individual,19x89,Tanaporn Chanchanaroj,100000.00,70%,2026-10-30,2026-06-16,104,Pending
U,261552,11x77846,บริษัท ไทยทากาซาโก จำกัด,19x43,Katewadee Pratipagorn,0.00,90%,2026-09-24,2026-06-17,103,Pending
U,261553,11x2006,บริษัท บุญยฤทธิ์ จำกัด,19x43,Katewadee Pratipagorn,300000.00,50%,2026-09-30,2026-06-22,98,Pending
C,261555,11x266304,บริษัทธัญญทิพย์เคมีเกษตร,19x74,Sujittra Tungprakobjaroen,57800.00,70%,2026-09-24,2025-06-17,468,Pending
U,261556,11x253582,บริษัท เอเนอร์โฟล จำกัด,19x47,Patipan Suksangiam,125000000.00,35%,2026-12-24,2026-06-17,103,Pending
D,261557,11x22838,Linde,19x78,Sarawut Viseshasiri,32321000.00,35%,2027-12-31,2026-06-17,103,Pending
D,261558,11x22838,Linde,19x78,Sarawut Viseshasiri,29235000.00,35%,2027-12-31,2026-06-17,103,Pending
D,261559,11x22838,Linde,19x78,Sarawut Viseshasiri,13929000.00,35%,2027-12-31,2026-06-17,103,Pending
U,261561,11x266323,"TN Pacific Co.,Ltd.",19x89,Tanaporn Chanchanaroj,138000.00,35%,2026-12-24,2026-06-17,103,Pending
A,261562,11x2907,บริษัท ไท-โย เพนท์ (ประเทศไทย) จำกัด,19x88,Thanaaran Sirawattanamongkol,12500.00,35%,2026-09-26,2026-06-17,103,Pending
U,261564,11x244310,"Proud Inter Products Co.,Ltd.",19x90,Patthamanan Pudgajang,231000.00,35%,2026-09-24,2026-06-17,103,Pending
U,261565,11x1473,บริษัท นิวสตาร์ อินเตอร์เนชั่นแนล จำกัด,19x23,Vipoo Srisawadi,60000.00,50%,2026-12-24,2026-06-18,102,Pending
A,261566,11x1071,บริษัท เซนทาโก อาหารสัตว์น้ำ จำกัด,19x88,Thanaaran Sirawattanamongkol,89750.00,50%,2026-10-02,2026-06-18,102,Pending
U,261567,11x266516,บริษัท พูลกิจวัฒนา คอนสตรัคชั่น แอนด์ ดีเวลลอปเม้นท์ จำกัด,19x77,Thitima Plaibua,270000.00,35%,2026-12-24,2026-06-18,102,Pending
D,261568,11x79226,Nestlé Purina PetCare,19x51,Benjamas Tanjit,180000.00,50%,2026-11-30,2026-06-18,102,Pending
D,261570,11x2003,บริษัท เอไอ เอนเนอร์จี จำกัด (มหาชน),19x45,Pattamaporn Chadkurupin,370000.00,50%,2026-12-24,2026-06-18,102,Pending
D,261571,11x1010,บริษัท บางจาก คอร์ปอเรชั่น จำกัด (มหาชน),19x23,Vipoo Srisawadi,446365.00,50%,2026-12-24,2026-06-18,102,Pending
U,261575,11x57197,บริษัท เมคคานิก้า จำกัด,19x77,Thitima Plaibua,100000.00,35%,2026-12-24,2026-06-19,101,Pending
U,261576,11x57197,บริษัท เมคคานิก้า จำกัด,19x77,Thitima Plaibua,250000.00,35%,2026-12-24,2026-06-19,101,Pending
B,261577,11x1120,บริษัท อดิตยา เบอร์ล่า เคมีคัลส์ (ประเทศไทย)  จำกัด,19x77,Thitima Plaibua,200000.00,35%,2026-12-24,2026-06-19,101,Pending
U,261579,11x266516,บริษัท พูลกิจวัฒนา คอนสตรัคชั่น แอนด์ ดีเวลลอปเม้นท์ จำกัด,19x77,Thitima Plaibua,235000.00,35%,2026-12-24,2026-06-18,102,Pending
U,261580,11x266534,บริษัท อาเบอร์เล่ ออโต้เมชั่น (ประเทศไทย) จำกัด,19x77,Thitima Plaibua,100000.00,35%,2026-12-24,2026-06-19,101,Pending
A,261584,11x2796,บริษัท เพ็ท โฟกัส จำกัด,19x27,Nattawut Junkong,63890.00,70%,2026-09-24,2026-06-19,101,Pending
U,261586,11x2706,บริษัท เอกศรา ซัพพลายเซอร์วิส จำกัด,19x45,Pattamaporn Chadkurupin,900000.00,35%,2026-09-24,2026-06-19,101,Pending
A,261588,11x1661,บริษัท ไฮมาสเตอร์โฟมโปรดักส์ จำกัด,19x88,Thanaaran Sirawattanamongkol,45200.00,35%,2026-10-31,2026-06-22,98,Pending
B,261589,11x235130,บริษัท เทอราโกร เฟอร์ติไลเซอร์ จำกัด (สำนักงาน),19x92,Napadol Peoksangthip,76000.00,35%,2026-12-24,2026-07-20,70,Pending
U,261590,11x266552,บริษัท พีเอ็ม เซอร์วิสแอนด์ออโตเมชั่น จำกัด,19x34,Kanittha Cheryhom,849000.00,50%,2026-10-30,2026-06-19,101,Pending
U,261593,11x2629,บริษัท ทีทีซีแอล จำกัด (มหาชน),19x89,Tanaporn Chanchanaroj,15000000.00,35%,2027-12-24,2026-06-19,101,Pending
U,261595,11x1732,บริษัท คิวเทค เทคโนโลยี จำกัด,19x43,Katewadee Pratipagorn,80000.00,35%,2026-09-24,2026-06-24,96,Pending
U,261596,11x266612,"POLY PARTS SUPPLY CO.,LTD.",19x43,Katewadee Pratipagorn,200000.00,70%,2026-09-24,2026-06-19,101,Pending
U,261597,11x77846,บริษัท ไทยทากาซาโก จำกัด,19x43,Katewadee Pratipagorn,2000000.00,90%,2026-09-24,2026-06-20,100,Pending
D,261600,11x2452,บริษัท ไทยเพรซิเดนท์ฟูดส์ จำกัด (มหาชน),19x45,Pattamaporn Chadkurupin,5000.00,35%,2026-09-24,2026-06-22,98,Pending
D,261601,11x252355,บริษัท สยามพรีเสิร์ฟฟู้ดส์ จำกัด,19x45,Pattamaporn Chadkurupin,35100.00,35%,2026-09-24,2026-06-22,98,Pending
U,261604,11x119771,"Thyssenkrupp Industrial Solutions (Thailand) Ltd.,",19x51,Benjamas Tanjit,1000000.00,35%,2026-09-24,2026-06-22,98,Pending
A,261605,11x1044,บริษัท ไทยดีเอนทีเพนท์ จำกัด,19x88,Thanaaran Sirawattanamongkol,42789.30,50%,2026-09-24,2026-06-22,98,Pending
U,261607,11x266662,Nestlé Thailand (Nestle (Thai) Ltd.),19x51,Benjamas Tanjit,300000.00,50%,2026-11-30,2026-06-23,97,Pending
B,261609,11x9606,DOW CHEMICAL THAILAND LIMITED,19x51,Benjamas Tanjit,134485.00,35%,2026-09-24,2026-06-23,97,Pending
U,261613,11x266229,บจก.ไอทีที ฟลูอิด เทคโนโลยี่ อินเตอร์เนชั่นแนล (ประเทศไทย),19x23,Vipoo Srisawadi,4500000.00,35%,2026-09-24,2026-06-23,97,Pending
C,261614,11x266675,บริษัท โปรเอ็นไวร์ จำกัด,19x92,Napadol Peoksangthip,500000.00,35%,2026-10-30,2026-06-26,94,Pending
C,261615,11x266675,บริษัท โปรเอ็นไวร์ จำกัด,19x92,Napadol Peoksangthip,600000.00,35%,2026-12-24,2026-06-23,97,Pending
U,261617,11x124447,บริษัท พีพีพี กรีน คอมเพล็กซ์ จำกัด (มหาชน),19x45,Pattamaporn Chadkurupin,5000.00,35%,2026-09-24,2026-06-23,97,Pending
U,261618,11x29197,บริษัท เทคโทรนิค จำกัด,19x23,Vipoo Srisawadi,504000.00,50%,2026-12-24,2026-06-24,96,Pending
U,261620,11x266696,บริษัท เอ็มทีบี เพาเวอร์ จำกัด,19x78,Sarawut Viseshasiri,78500.00,70%,2026-09-30,2026-06-23,97,Pending
C,261625,11x1235,บริษัท บีเอเอสเอฟ (ไทย) จำกัด,19x74,Sujittra Tungprakobjaroen,586845.00,35%,2026-09-30,2026-06-24,96,Pending
U,261628,11x266731,C.E.Mech Engineering,19x89,Tanaporn Chanchanaroj,880000.00,35%,2026-12-24,2026-06-24,96,Pending
U,261629,11x1473,บริษัท นิวสตาร์ อินเตอร์เนชั่นแนล จำกัด,19x23,Vipoo Srisawadi,86000.00,70%,2026-09-30,2026-06-25,95,Pending
D,261630,11x79226,Nestlé Purina PetCare,19x51,Benjamas Tanjit,400000.00,35%,2026-09-24,2026-06-24,96,Pending
R,261633,11x935,บริษัท ศักดิ์ไชยสิทธิ จำกัด,19x90,Patthamanan Pudgajang,300000.00,35%,2026-09-24,2026-06-24,96,Pending
D,261634,11x2003,บริษัท เอไอ เอนเนอร์จี จำกัด (มหาชน),19x45,Pattamaporn Chadkurupin,26100.00,35%,2026-09-24,2026-06-16,104,Pending
D,261635,11x2003,บริษัท เอไอ เอนเนอร์จี จำกัด (มหาชน),19x45,Pattamaporn Chadkurupin,50000.00,35%,2026-09-24,2026-06-24,96,Pending
C,261636,11x1476,บริษัท บริดจสโตนไทร์ แมนูแฟคเจอริ่ง (ประเทศไทย) จำกัด,19x34,Kanittha Cheryhom,143600.00,50%,2026-09-24,2026-06-24,96,Pending
U,261638,11x2265,ห้างหุ้นส่วนจำกัด โรจนกิจ เอ็นจิเนียริ่ง,19x27,Nattawut Junkong,79800.00,70%,2026-09-24,2026-08-19,40,Pending
U,261640,11x266768,บริษัท สยามราชธานี ออโตเมชัน จำกัด,19x19,Saovaluck Jangjai,45000.00,50%,2026-09-30,2026-06-25,95,Pending
U,261643,11x1613,บริษัท เอ็น เอส. 91 เทรดดิ้ง  จำกัด,19x89,Tanaporn Chanchanaroj,895000.00,35%,2026-12-24,2026-06-25,95,Pending
A,261644,11x1229,พี.เจนเนอรัล ซัพพลาย,19x88,Thanaaran Sirawattanamongkol,101000.00,50%,2026-10-31,2026-06-25,95,Pending
C,261646,11x1470,บริษัท เทย์ก้า (ไทยแลนด์) จำกัด,19x74,Sujittra Tungprakobjaroen,359200.00,35%,2026-09-30,2026-06-25,95,Pending
A,261647,11x1030,บริษัท นิปปอนเพนต์ (ประเทศไทย) จำกัด,19x88,Thanaaran Sirawattanamongkol,54000.00,70%,2026-09-30,2026-06-25,95,Pending
U,261648,11x266835,ห้างหุ้นส่วนจำกัด นิติธรพัฒนา,19x45,Pattamaporn Chadkurupin,100000.00,35%,2026-09-24,2026-06-25,95,Pending
U,261649,11x1473,บริษัท นิวสตาร์ อินเตอร์เนชั่นแนล จำกัด,19x23,Vipoo Srisawadi,96000.00,50%,2026-12-24,2026-07-01,89,Pending
C,261651,11x265778,บริษัท เมโทร เอ็ม.ดีเอฟ. จำกัด,19x34,Kanittha Cheryhom,1410275.00,50%,2026-09-30,2026-06-26,94,Pending
U,261652,11x266856,Gulf Development Public Company Limited,19x45,Pattamaporn Chadkurupin,45300.00,35%,2026-09-24,2026-07-07,83,Pending
D,261654,11x1065,บริษัท รุ่งเรือง (1990) จำกัด,19x23,Vipoo Srisawadi,72600.00,50%,2026-12-24,2026-06-26,94,Pending
A,261656,11x1245,บริษัท คาร์เปท อินเตอร์แนชั่นแนล ไทยแลนด์ จำกัด (มหาชน),19x92,Napadol Peoksangthip,3200.00,35%,2026-12-24,2026-06-29,91,Pending
C,261657,11x28277,บริษัท เค ไอ เอทานอล จำกัด,19x74,Sujittra Tungprakobjaroen,706800.00,35%,2026-09-30,2026-06-26,94,Pending
C,261658,11x2741,บริษัท ไทยรุ่งเรืองพลังงาน จำกัด,19x74,Sujittra Tungprakobjaroen,2989000.00,50%,2026-09-30,2026-07-01,89,Pending
C,261659,11x1455,บริษัท เบียร์ทิพย์ บริวเวอรี่ (1991) จำกัด,19x74,Sujittra Tungprakobjaroen,66500.00,35%,2026-09-24,2026-06-29,91,Pending
R,261660,11x22237,บริษัท พรีแพค ประเทศไทย จำกัด,19x92,Napadol Peoksangthip,37000.00,35%,2026-12-24,2026-06-29,91,Pending
C,261662,11x230430,บริษัท ฟิวเจอร์ รีซอร์ส เทคโนโลยี จำกัด,19x34,Kanittha Cheryhom,1272500.00,35%,2026-09-24,2026-06-29,91,Pending
U,261663,11x2060,บริษัท ฟินิกส์ แมชชีนเนอรี่ จำกัด,19x77,Thitima Plaibua,24000.00,35%,2026-12-24,2026-06-29,91,Pending
U,261664,11x267120,Econotech,19x78,Sarawut Viseshasiri,100000.00,70%,2026-09-30,2026-06-29,91,Pending
A,261665,11x1661,บริษัท ไฮมาสเตอร์โฟมโปรดักส์ จำกัด,19x88,Thanaaran Sirawattanamongkol,5200.00,50%,2026-10-31,2026-06-29,91,Pending
U,261666,11x267314,"Advance Siam Tech Co., Ltd",19x45,Pattamaporn Chadkurupin,71000.00,35%,2026-09-24,2026-06-29,91,Pending
B,261668,11x235130,บริษัท เทอราโกร เฟอร์ติไลเซอร์ จำกัด (สำนักงาน),19x92,Napadol Peoksangthip,94500.00,35%,2026-12-24,2026-06-29,91,Pending
C,261671,11x144161,บริษัท จีจีซี เคทิส ไบโออินดัสเทรียล จำกัด,19x34,Kanittha Cheryhom,19300.00,50%,2026-09-24,2026-06-29,91,Pending
U,261672,11x975,บริษัท สยามอุตสาหกรรม (1991) จำกัด (สาย 2),19x34,Kanittha Cheryhom,843000.00,70%,2026-09-30,2026-06-29,91,Pending
D,261676,11x267549,"SD Guthrie International Morakot Public Co., Ltd.",19x45,Pattamaporn Chadkurupin,150000.00,35%,2026-09-24,2026-06-30,90,Pending
U,261677,11x30383,บริษัท ธนา แอนด์ ปันปัน เอ็นจิเนียริ่ง จำกัด,19x27,Nattawut Junkong,53000.00,90%,2026-09-30,2026-06-30,90,Pending
A,261678,11x32374,บริษัท ซิกเวอร์ค (ประเทศไทย) จำกัด,19x88,Thanaaran Sirawattanamongkol,87000.00,70%,2026-09-30,2026-06-30,90,Pending
U,261679,11x2856,ห้างหุ้นส่วนจำกัด เยอ เอ็นจิเนียริ่ง,19x27,Nattawut Junkong,185000.00,70%,2026-09-24,2026-07-13,77,Pending
U,261680,11x267577,PBP Global,19x89,Tanaporn Chanchanaroj,29000.00,35%,2026-12-24,2026-06-30,90,Pending
C,261682,11x237990,บริษัท เทอร์โบ ซัพพลาย เอ็นจิเนียริ่ง จำกัด,19x92,Napadol Peoksangthip,140200.00,50%,2026-10-30,2026-07-01,89,Pending
D,261683,11x267763,บริษัท เอบี ฟู้ด แอนด์ เบฟเวอร์เรจส์ (ประเทศไทย) จำกัด,19x45,Pattamaporn Chadkurupin,100000.00,35%,2026-09-24,2026-07-01,89,Pending
U,261686,11x173315,บริษัท เอเชี่ยน นิวทริชั่น จำกัด,19x27,Nattawut Junkong,248000.00,70%,2026-09-30,2026-07-01,89,Pending
A,261687,11x3092,บริษัท เอเชีย แคน แมนูแฟคเจอริ่ง จำกัด,19x27,Nattawut Junkong,89670.00,70%,2026-09-24,2026-08-17,42,Pending
C,261689,11x933,บริษัท อีเทอนัล เรซิ่น จำกัด,19x77,Thitima Plaibua,275000.00,35%,2026-12-24,2026-07-01,89,Pending
A,261690,11x3092,บริษัท เอเชีย แคน แมนูแฟคเจอริ่ง จำกัด,19x27,Nattawut Junkong,47500.00,70%,2026-09-24,2026-07-01,89,Pending
U,261691,11x40880,กรุงไทยอาหาร-บ้านบึง,19x27,Nattawut Junkong,541880.00,90%,2026-09-30,2026-07-13,77,Pending
U,261694,11x267791,"E.S.C. INNOVATION CO., LTD.",19x88,Thanaaran Sirawattanamongkol,19500.00,35%,2026-09-30,2026-07-01,89,Pending
U,261695,11x1115,บริษัท ไทคิชา (ประเทศไทย) จำกัด,19x77,Thitima Plaibua,14500.00,35%,2026-12-24,2026-07-01,89,Pending
U,261696,11x1115,บริษัท ไทคิชา (ประเทศไทย) จำกัด,19x77,Thitima Plaibua,40910.00,90%,2026-09-30,2026-07-01,89,Pending
U,261697,11x35411,บริษัท เมคเวิร์ธ จำกัด,19x88,Thanaaran Sirawattanamongkol,256000.00,35%,2026-12-25,2026-07-02,88,Pending
U,261699,11x1473,บริษัท นิวสตาร์ อินเตอร์เนชั่นแนล จำกัด,19x23,Vipoo Srisawadi,25000.00,35%,2026-12-24,2026-07-02,88,Pending
U,261701,11x2734,บริษัท โนวาเท็ค ปั๊ม โซลูชั่น จำกัด,19x23,Vipoo Srisawadi,289350.00,35%,2026-12-24,2026-07-02,88,Pending
D,261703,11x1010,บริษัท บางจาก คอร์ปอเรชั่น จำกัด (มหาชน),19x23,Vipoo Srisawadi,222000.00,50%,2026-12-24,2026-07-02,88,Pending
B,261705,11x9606,DOW CHEMICAL THAILAND LIMITED,19x51,Benjamas Tanjit,163189.00,35%,2026-09-24,2026-07-02,88,Pending
B,261708,11x2466,บริษัท เจียไต๋ จำกัด,19x92,Napadol Peoksangthip,380000.00,35%,2026-12-24,2026-07-02,88,Pending
A,261709,11x2890,บริษัท ไทยอ๊อฟเซท จำกัด,19x88,Thanaaran Sirawattanamongkol,25600.00,35%,2026-10-30,2026-07-02,88,Pending
A,261711,11x2824,บริษัท ไทยโพลีเอสเตอร์ จำกัด,19x92,Napadol Peoksangthip,178000.00,35%,2026-12-24,2026-07-03,87,Pending
D,261712,11x3014,บริษัท ปตท. น้ำมันและการค้าปลีก จำกัด (มหาชน),19x43,Katewadee Pratipagorn,562000.00,50%,2026-12-24,2026-07-03,87,Pending
U,261713,11x124447,บริษัท พีพีพี กรีน คอมเพล็กซ์ จำกัด (มหาชน),19x45,Pattamaporn Chadkurupin,20000.00,35%,2026-09-24,2026-07-03,87,Pending
B,261717,11x959,บริษัท ปูนซีเมนต์เอเซีย จำกัด (มหาชน),19x89,Tanaporn Chanchanaroj,600000.00,70%,2026-09-30,2026-07-03,87,Pending
B,261718,11x9606,DOW CHEMICAL THAILAND LIMITED,19x51,Benjamas Tanjit,16800.00,35%,2026-09-24,2026-07-03,87,Pending
U,261720,11x117667,บริษัท เอทีพี อินโนเวชั่นส์ จำกัด,19x92,Napadol Peoksangthip,160000.00,35%,2026-12-24,2026-08-04,55,Pending
C,261722,11x263422,THE ENGINEER,19x92,Napadol Peoksangthip,140000.00,35%,2026-12-24,2026-07-06,84,Pending
C,261723,11x264816,บริษัท อาควา นิชิฮาร่า คอร์ปอเรชั่น จำกัด,19x92,Napadol Peoksangthip,100000.00,35%,2026-10-30,2026-07-13,77,Pending
A,261725,11x2528,บริษัท สีไทยกันไซเพ้นท์  จำกัด(รง.เกตุเวย์),19x88,Thanaaran Sirawattanamongkol,34520.00,70%,2026-09-30,2026-07-06,84,Pending
B,261729,11x269182,"Unique Plastic Industry Co.,LTD.",19x77,Thitima Plaibua,200000.00,35%,2026-12-24,2026-07-06,84,Pending
U,261731,11x227317,VALEURA ENERGY,19x23,Vipoo Srisawadi,140000.00,35%,2026-12-24,2026-07-06,84,Pending
A,261732,11x2528,บริษัท สีไทยกันไซเพ้นท์  จำกัด(รง.เกตุเวย์),19x88,Thanaaran Sirawattanamongkol,15200.00,50%,2026-10-30,2026-07-06,84,Pending
U,261733,11x53966,บริษัท เลอ ครูเซ แมนูแฟคเจอริ่ง (ประเทศไทย) จำกัด,19x19,Saovaluck Jangjai,4520.00,35%,2026-10-09,2026-07-06,84,Pending
A,261734,11x1398,บริษัท อุตสาหกรรมทำเครื่องแก้วไทย จำกัด (มหาชน),19x19,Saovaluck Jangjai,70000.00,70%,2026-09-30,2026-07-06,84,Pending
A,261735,11x1398,บริษัท อุตสาหกรรมทำเครื่องแก้วไทย จำกัด (มหาชน),19x19,Saovaluck Jangjai,70000.00,70%,2026-09-30,2026-07-06,84,Pending
A,261736,11x1398,บริษัท อุตสาหกรรมทำเครื่องแก้วไทย จำกัด (มหาชน),19x19,Saovaluck Jangjai,70000.00,70%,2026-09-30,2026-07-06,84,Pending
A,261737,11x1398,บริษัท อุตสาหกรรมทำเครื่องแก้วไทย จำกัด (มหาชน),19x19,Saovaluck Jangjai,120000.00,70%,2026-09-30,2026-07-06,84,Pending
B,261740,11x2904,บริษัท สวนอุตสาหกรรมโรจนะ จำกัด (มหาชน),19x23,Vipoo Srisawadi,640000.00,35%,2026-12-24,2026-09-10,18,Pending
U,261741,11x53966,บริษัท เลอ ครูเซ แมนูแฟคเจอริ่ง (ประเทศไทย) จำกัด,19x19,Saovaluck Jangjai,42500.00,35%,2026-10-31,2026-07-06,84,Pending
U,261742,11x269218,"Sourcing 360 Co.,Ltd.",19x89,Tanaporn Chanchanaroj,330000.00,35%,2026-12-24,2026-07-06,84,Pending
A,261743,11x269227,บริษัท เจ.บี.พี.อินเตอร์เนชั่นแนล เพ็นท์ จำกัด,19x88,Thanaaran Sirawattanamongkol,26000.00,35%,2026-12-24,2026-07-06,84,Pending
B,261744,11x269229,บริษัท ยูนิคพลาสติก อินดัสตรี จำกัด (มหาชน),19x77,Thitima Plaibua,165000.00,70%,2026-10-30,2026-07-13,77,Pending
A,261745,11x269227,บริษัท เจ.บี.พี.อินเตอร์เนชั่นแนล เพ็นท์ จำกัด,19x88,Thanaaran Sirawattanamongkol,42000.00,50%,2026-10-30,2026-07-06,84,Pending
B,261747,11x1978,บริษัท เจนเนอเรเตอร์ซิสเต็ม จำกัด,19x23,Vipoo Srisawadi,100000.00,50%,2026-12-24,2026-07-07,83,Pending
C,261748,11x930,บริษัท ยูนิลีเวอร์ ไทยโฮลดิ้งส์ จำกัด,19x74,Sujittra Tungprakobjaroen,1295000.00,70%,2026-12-31,2026-07-07,83,Pending
U,261749,11x975,บริษัท สยามอุตสาหกรรม (1991) จำกัด (สาย 2),19x34,Kanittha Cheryhom,900000.00,50%,2026-09-30,2026-07-10,80,Pending
B,261751,11x959,บริษัท ปูนซีเมนต์เอเซีย จำกัด (มหาชน),19x89,Tanaporn Chanchanaroj,600000.00,70%,2026-09-30,2026-07-07,83,Pending
B,261752,11x959,บริษัท ปูนซีเมนต์เอเซีย จำกัด (มหาชน),19x89,Tanaporn Chanchanaroj,700000.00,70%,2026-09-30,2026-07-07,83,Pending
U,261753,11x33661,บริษัท อัศวิน เทคโนโลยี จำกัด,19x77,Thitima Plaibua,364600.00,35%,2026-12-24,2026-07-09,81,Pending
R,261754,11x22237,บริษัท พรีแพค ประเทศไทย จำกัด,19x92,Napadol Peoksangthip,5.00,35%,2026-12-24,2026-07-07,83,Pending
A,261756,11x1030,บริษัท นิปปอนเพนต์ (ประเทศไทย) จำกัด,19x88,Thanaaran Sirawattanamongkol,221800.00,35%,2026-09-30,2026-09-01,27,Pending
A,261757,11x1030,บริษัท นิปปอนเพนต์ (ประเทศไทย) จำกัด,19x88,Thanaaran Sirawattanamongkol,252800.00,35%,2026-09-30,2026-09-01,27,Pending
A,261758,11x1030,บริษัท นิปปอนเพนต์ (ประเทศไทย) จำกัด,19x88,Thanaaran Sirawattanamongkol,367000.00,90%,2026-09-30,2026-07-07,83,Pending
C,261759,11x28277,บริษัท เค ไอ เอทานอล จำกัด,19x74,Sujittra Tungprakobjaroen,300000.00,35%,2026-10-31,2026-07-07,83,Pending
U,261760,11x1205,บริษัท ที เอส เค เอ็นจิเนียริ่ง (ไทยแลนด์) จำกัด,19x34,Kanittha Cheryhom,315400.00,35%,2026-10-03,2026-07-07,83,Pending
U,261761,11x2938,บริษัท ชูพันธุ์อินดัสเทรียลเซอร์วิสเซส จำกัด,19x92,Napadol Peoksangthip,42000.00,35%,2026-12-24,2026-07-07,83,Pending
U,261762,11x1800,THE PERFECT SEAL & SERVICES,19x78,Sarawut Viseshasiri,150000.00,70%,2026-09-30,2026-07-07,83,Pending
D,261766,11x1036,บริษัท เชลล์แห่งประเทศไทย จำกัด,19x23,Vipoo Srisawadi,8500.00,50%,2026-12-24,2026-07-08,82,Pending
R,261769,11x2660,บริษัท ฟรียาบาดี (ประเทศไทย) จำกัด,19x51,Benjamas Tanjit,30000.00,35%,2026-12-24,2026-07-08,82,Pending
A,261775,11x176175,บริษัท ดูราโฟม จำกัด,19x88,Thanaaran Sirawattanamongkol,187520.00,35%,2026-10-23,2026-07-08,82,Pending
D,261776,11x2003,บริษัท เอไอ เอนเนอร์จี จำกัด (มหาชน),19x45,Pattamaporn Chadkurupin,358000.00,35%,2026-09-24,2026-08-14,45,Pending
U,261779,11x21636,บริษัท โนวาซิล (ไทยแลนด์) จำกัด,19x74,Sujittra Tungprakobjaroen,800000.00,50%,2026-10-24,2026-07-09,81,Pending
U,261780,11x194907,บริษัท ไฮโดรโซน จำกัด,19x23,Vipoo Srisawadi,226000.00,35%,2026-12-24,2026-07-09,81,Pending
A,261785,11x206902,บริษัท คิงสแปน อินซูเลท พาแนลส์ (ประเทศไทย) จำกัด,19x88,Thanaaran Sirawattanamongkol,30000.00,35%,2026-09-24,2026-07-09,81,Pending
C,261786,11x231750,KI Sugar,19x74,Sujittra Tungprakobjaroen,34200.00,70%,2026-09-24,2026-07-09,81,Pending
B,261787,11x86233,RAYONG OLEFIN (SCG-ROC),19x51,Benjamas Tanjit,32000.00,35%,2026-09-24,2026-07-09,81,Pending
U,261790,11x269499,IBC INDUSTRIAL COMPANY LIMITED,19x78,Sarawut Viseshasiri,0.00,35%,2026-12-24,2026-07-09,81,Pending
A,261792,11x2814,บริษัท เจ.ไอ.ที.อีควิปเม้นท์ จำกัด,19x77,Thitima Plaibua,50000.00,35%,2026-12-24,2026-03-05,207,Pending
C,261793,11x32158,บริษัท เฮงเค็ล (ประเทศไทย) จำกัด,19x92,Napadol Peoksangthip,35000.00,50%,2026-09-30,2026-07-13,77,Pending
A,261794,11x30866,NS BLUE SCOPE,19x90,Patthamanan Pudgajang,179000.00,100%,2026-09-30,2026-07-10,80,Pending
C,261796,11x2767,บริษัท อุตสาหกรรมมิตรมงคล จำกัด,19x74,Sujittra Tungprakobjaroen,35000.00,35%,2026-10-10,2026-07-10,80,Pending
U,261799,11x10127,บริษัท แพนอินเตอร์เนชั่นแนล (ประเทศไทย) จำกัด,19x74,Sujittra Tungprakobjaroen,207100.00,35%,2026-12-24,2026-07-10,80,Pending
U,261800,11x269499,IBC INDUSTRIAL COMPANY LIMITED,19x78,Sarawut Viseshasiri,2000000.00,35%,2026-12-24,2026-07-10,80,Pending
U,261801,11x206186,บริษัท โคพีเรียน (ประเทศไทย) จำกัด,19x45,Pattamaporn Chadkurupin,365000.00,50%,2026-12-24,2026-07-10,80,Pending
A,261802,11x1030,บริษัท นิปปอนเพนต์ (ประเทศไทย) จำกัด,19x88,Thanaaran Sirawattanamongkol,25600.00,90%,2026-09-30,2026-07-10,80,Pending
A,261803,11x1244,บริษัท ลีพัฒนาผลิตภัณฑ์ จำกัด (มหาชน),19x88,Thanaaran Sirawattanamongkol,120000.00,70%,2026-09-30,2026-07-10,80,Pending
B,261804,11x11847,TPI POLENE,19x78,Sarawut Viseshasiri,15000.00,70%,2026-09-30,2026-07-10,80,Pending
U,261806,11x253582,บริษัท เอเนอร์โฟล จำกัด,19x78,Sarawut Viseshasiri,38700000.00,35%,2026-12-24,2026-07-14,76,Pending
U,261807,11x253582,บริษัท เอเนอร์โฟล จำกัด,19x78,Sarawut Viseshasiri,24920000.00,35%,2026-12-31,2026-07-14,76,Pending
D,261810,11x1010,บริษัท บางจาก คอร์ปอเรชั่น จำกัด (มหาชน),19x23,Vipoo Srisawadi,469000.00,70%,2026-09-30,2026-07-13,77,Pending
U,261811,11x975,บริษัท สยามอุตสาหกรรม (1991) จำกัด (สาย 2),19x34,Kanittha Cheryhom,2940000.00,50%,2026-10-30,2026-07-13,77,Pending
C,261813,11x1240,บริษัท ทีโอเอ เพ้นท์ (ประเทศไทย)  จำกัด (มหาชน),19x77,Thitima Plaibua,187000.00,35%,2026-12-24,2026-07-13,77,Pending
D,261817,11x2203,บริษัท แซส เทค โซลูชั่น จำกัด,19x23,Vipoo Srisawadi,200000.00,50%,2026-12-24,2026-07-13,77,Pending
A,261818,11x29207,บริษัท สีไทยกันไซเพ้นท์ จำกัด,19x88,Thanaaran Sirawattanamongkol,748000.00,70%,2026-09-30,2026-07-13,77,Pending
C,261819,11x1232,บริษัท สุรากระทิงแดง (1988) จำกัด,19x74,Sujittra Tungprakobjaroen,71200.00,35%,2026-10-31,2026-07-13,77,Pending
C,261822,11x1869,บริษัท วนชัย กรุ๊ป จำกัด (มหาชน),19x34,Kanittha Cheryhom,150000.00,50%,2026-09-24,2026-07-13,77,Pending
U,261823,11x975,บริษัท สยามอุตสาหกรรม (1991) จำกัด (สาย 2),19x34,Kanittha Cheryhom,4786000.00,50%,2026-09-30,2026-07-13,77,Pending
A,261824,11x176175,บริษัท ดูราโฟม จำกัด,19x88,Thanaaran Sirawattanamongkol,44350.00,35%,2026-11-27,2026-07-14,76,Pending
B,261829,11x9606,DOW CHEMICAL THAILAND LIMITED,19x51,Benjamas Tanjit,209310.00,35%,2026-09-24,2026-07-14,76,Pending
B,261832,11x11847,TPI POLENE,19x78,Sarawut Viseshasiri,100000.00,70%,2026-09-30,2026-07-14,76,Pending
U,261833,11x267314,"Advance Siam Tech Co., Ltd",19x45,Pattamaporn Chadkurupin,30000.00,35%,2026-09-24,2026-07-14,76,Pending
U,261845,11x981,บริษัท พัฒน์กล จำกัด (มหาชน),19x19,Saovaluck Jangjai,92000.00,35%,2026-09-30,2026-07-14,76,Pending
B,261835,11x2476,บริษัท สยามอุตสาหกรรมยิปซัม (สระบุรี)  จำกัด,19x77,Thitima Plaibua,400000.00,35%,2026-12-24,2026-07-14,76,Pending
U,261836,11x1473,บริษัท นิวสตาร์ อินเตอร์เนชั่นแนล จำกัด,19x43,Katewadee Pratipagorn,500000.00,50%,2026-09-30,2026-07-14,76,Pending
A,261837,11x2097,บริษัท พีพีจี โคทติ้งส์ (ประเทศไทย) จำกัด,19x88,Thanaaran Sirawattanamongkol,350000.00,70%,2026-09-30,2026-07-15,75,Pending
C,261838,11x9579,HMC Polymers,19x90,Patthamanan Pudgajang,17000.00,35%,2026-09-24,2026-07-15,75,Pending
A,261846,11x269684,บริษัท แสตนดาร์ด แคน จำกัด,19x19,Saovaluck Jangjai,26000.00,70%,2026-09-30,2026-07-15,75,Pending
R,261839,11x1151,บริษัท ไออาร์พีซี จำกัด (มหาชน),19x90,Patthamanan Pudgajang,800000.00,100%,2026-09-30,2026-07-15,75,Pending
A,261847,11x250241,TECHNICAL THAI SERVICE COMPANY LIMITED,19x51,Benjamas Tanjit,900000.00,35%,2026-12-24,2026-07-15,75,Pending
U,261849,11x1800,THE PERFECT SEAL & SERVICES,19x78,Sarawut Viseshasiri,300000.00,70%,2026-09-30,2026-07-15,75,Pending
A,261851,11x1697,บริษัท อีเทอนอล ซากาตะ อิ้งซ์  จำกัด,19x88,Thanaaran Sirawattanamongkol,12000.00,35%,2026-10-23,2026-07-15,75,Pending
B,261854,11x21651,"STAR PLUS Chemical Co.,Ltd",19x51,Benjamas Tanjit,150000.00,35%,2026-12-24,2026-07-15,75,Pending
U,261855,11x159519,บริษัท พีเอ็นพี ซีลลิ่ง จำกัด,19x19,Saovaluck Jangjai,86230.00,70%,2026-09-30,2026-07-15,75,Pending
B,261856,11x221135,"Siam PVS Chemical Co.,Ltd.",19x89,Tanaporn Chanchanaroj,1400000.00,70%,2026-09-30,2026-07-15,75,Pending
C,261858,11x269740,บริษัท แซน เทค เซ็นเตอร์ จำกัด,19x92,Napadol Peoksangthip,7920000.00,35%,2026-12-24,2026-07-21,69,Pending
D,261859,11x2203,บริษัท แซส เทค โซลูชั่น จำกัด,19x23,Vipoo Srisawadi,300000.00,50%,2026-12-24,2026-07-16,74,Pending
U,261862,11x9629,Nueman & Esser,19x51,Benjamas Tanjit,222000.00,50%,2026-11-30,2026-07-16,74,Pending
U,261840,11x233443,"Currie & Brown (Thailand) Co., Ltd.",19x43,Katewadee Pratipagorn,1365000.00,35%,2026-10-30,2026-07-16,74,Pending
U,261841,11x233443,"Currie & Brown (Thailand) Co., Ltd.",19x43,Katewadee Pratipagorn,5800000.00,35%,2026-10-30,2026-07-16,74,Pending
U,261842,11x233443,"Currie & Brown (Thailand) Co., Ltd.",19x43,Katewadee Pratipagorn,320000.00,35%,2026-10-30,2026-07-16,74,Pending
A,261865,11x2814,บริษัท เจ.ไอ.ที.อีควิปเม้นท์ จำกัด,19x77,Thitima Plaibua,9600.00,35%,2026-12-24,2026-07-16,74,Pending
C,261867,11x269792,Advance Water,19x92,Napadol Peoksangthip,2000000.00,50%,2026-10-30,2026-07-17,73,Pending
U,261872,11x78405,บริษัท ฟินิกซ์ ปั๊มแอนด์เอ็นจิเนียริ่ง จำกัด,19x23,Vipoo Srisawadi,143000.00,50%,2026-12-24,2026-07-17,73,Pending
U,261873,11x269806,Family Myanmar,19x45,Pattamaporn Chadkurupin,200000.00,50%,2026-12-24,2026-07-17,73,Pending
A,261874,11x35017,คาร์กิลล์สยาม-นครปฐม,19x27,Nattawut Junkong,86000.00,90%,2026-09-24,2026-07-17,73,Pending
A,261875,11x2546,บริษัท ไทยมัลลิเอเบิลไอออนแอนด์สตีล จำกัด,19x27,Nattawut Junkong,78500.00,70%,2026-09-30,2026-07-17,73,Pending
A,261878,11x105782,เบทาโกร-พระประแดง,19x27,Nattawut Junkong,700000.00,70%,2026-10-30,2026-07-17,73,Pending
A,261879,11x105782,เบทาโกร-พระประแดง,19x27,Nattawut Junkong,633600.00,70%,2026-10-30,2026-07-17,73,Pending
A,261880,11x1697,บริษัท อีเทอนอล ซากาตะ อิ้งซ์  จำกัด,19x19,Saovaluck Jangjai,44800.00,70%,2026-09-30,2026-07-17,73,Pending
A,261881,11x269820,บริษัท ซัน โอเปอเรชั่น จำกัด,19x88,Thanaaran Sirawattanamongkol,13000.00,50%,2026-10-30,2026-07-17,73,Pending
R,261882,11x9612,PTT Global Chemical Public Company Limited,19x78,Sarawut Viseshasiri,500000.00,35%,2026-12-24,2026-07-17,73,Pending
B,261886,11x198695,THE SIAM CEMENT PUBLIC COMPANY LIMITED,19x89,Tanaporn Chanchanaroj,300000.00,50%,2026-09-30,2026-07-17,73,Pending
B,261888,11x181544,Akara Resources Public Company Limited,19x89,Tanaporn Chanchanaroj,120000.00,35%,2026-12-24,2026-07-20,70,Pending
A,261889,11x1244,บริษัท ลีพัฒนาผลิตภัณฑ์ จำกัด (มหาชน),19x88,Thanaaran Sirawattanamongkol,62750.00,50%,2026-10-23,2026-07-20,70,Pending
B,261892,11x1153,บริษัท ไทย เปอร์อ๊อกไซด์ จำกัด,19x77,Thitima Plaibua,35000.00,35%,2026-12-24,2026-07-20,70,Pending
B,261893,11x193210,บริษัท โตโยต้า มอเตอร์ เอเชีย (ประเทศไทย) จำกัด,19x77,Thitima Plaibua,1000.00,35%,2026-12-24,2026-08-17,42,Pending
C,261894,11x269740,บริษัท แซน เทค เซ็นเตอร์ จำกัด,19x92,Napadol Peoksangthip,508000.00,50%,2026-10-30,2026-07-21,69,Pending
C,261895,11x1725,บริษัท สยามเคมีคอลอินดัสตรี้ จำกัด,19x77,Thitima Plaibua,150000.00,90%,2026-09-30,2026-07-20,70,Pending
C,261897,11x269961,บริษัท อี 85 จำกัด,19x34,Kanittha Cheryhom,158000.00,50%,2026-09-30,2026-07-20,70,Pending
U,261899,11x110324,บริษัท แฟรงคลิน (เอเซีย) จำกัด,19x88,Thanaaran Sirawattanamongkol,437590.00,35%,2026-10-16,2026-07-24,66,Pending
U,261900,11x43791,บริษัท ยูนิคแก๊ส แอนด์ ปิโตรเคมิคัลส์ จำกัด (มหาชน),19x45,Pattamaporn Chadkurupin,117500.00,35%,2026-09-24,2026-07-20,70,Pending
U,261903,11x53966,บริษัท เลอ ครูเซ แมนูแฟคเจอริ่ง (ประเทศไทย) จำกัด,19x19,Saovaluck Jangjai,45000.00,35%,2026-09-30,2026-07-20,70,Pending
U,261905,11x37475,ALLNEX,19x51,Benjamas Tanjit,800000.00,90%,2026-09-30,2026-07-20,70,Pending
C,261906,11x3027,บริษัท มงคลสมัย จำกัด,19x74,Sujittra Tungprakobjaroen,134550.00,35%,2026-10-31,2026-07-20,70,Pending
D,261907,11x22838,Linde,19x78,Sarawut Viseshasiri,32321000.00,50%,2026-12-24,2026-07-21,69,Pending
D,261908,11x22838,Linde,19x78,Sarawut Viseshasiri,29235000.00,50%,2026-12-24,2026-07-21,69,Pending
D,261909,11x22838,Linde,19x78,Sarawut Viseshasiri,13929000.00,50%,2026-12-24,2026-07-21,69,Pending
U,261910,,,19x78,Sarawut Viseshasiri,32321000.00,35%,2026-12-24,2026-07-21,69,Pending
A,261912,11x9641,บริษัท ฮีทอะเวย์ จำกัด,19x19,Saovaluck Jangjai,358000.00,70%,2026-10-30,2026-07-21,69,Pending
U,261914,11x1569,บริษัท นิฮอน ตะวัน เอ็นจิเนียริ่ง จำกัด,19x19,Saovaluck Jangjai,95200.00,70%,2026-09-30,2026-07-21,69,Pending
U,261918,11x93867,บริษัท เอ็กเซล เอ็นเทค จำกัด,19x88,Thanaaran Sirawattanamongkol,33880.00,35%,2026-10-31,2026-07-21,69,Pending
D,261919,11x79226,Nestlé Purina PetCare,19x51,Benjamas Tanjit,1669500.00,70%,2026-09-30,2026-07-21,69,Pending
C,261920,11x269792,Advance Water,19x92,Napadol Peoksangthip,500000.00,35%,2026-12-24,2026-07-22,68,Pending
C,261922,11x1300,บริษัท เบียร์ไทย (1991) จำกัด (มหาชน),19x74,Sujittra Tungprakobjaroen,86450.00,50%,2026-10-31,2026-07-22,68,Pending
U,261923,11x9835,BRS INTERTRAD,19x45,Pattamaporn Chadkurupin,400000.00,90%,2026-09-30,2026-07-22,68,Pending
U,261925,11x78405,บริษัท ฟินิกซ์ ปั๊มแอนด์เอ็นจิเนียริ่ง จำกัด,19x19,Saovaluck Jangjai,243520.00,35%,2026-09-25,2026-07-22,68,Pending
B,261926,11x181544,Akara Resources Public Company Limited,19x89,Tanaporn Chanchanaroj,700000.00,35%,2026-12-24,2026-07-22,68,Pending
D,261927,11x9021,TIPCO ASPHALT,19x45,Pattamaporn Chadkurupin,74000.00,35%,2026-09-24,2026-07-22,68,Pending
U,261928,11x9596,"UGS Sales and Services Co.,Ltd.",19x43,Katewadee Pratipagorn,65000.00,50%,2026-12-24,2026-07-22,68,Pending
B,261931,11x105766,บริษัท เอจีซี วีนิไทย จำกัด (มหาชน),19x89,Tanaporn Chanchanaroj,790000.00,70%,2026-10-30,2026-07-22,68,Pending
U,261932,11x38996,BLU GAS,19x45,Pattamaporn Chadkurupin,300000.00,35%,2026-09-24,2026-07-22,68,Pending
R,261936,11x1151,บริษัท ไออาร์พีซี จำกัด (มหาชน),19x90,Patthamanan Pudgajang,104700.00,35%,2026-12-24,2026-07-22,68,Pending
B,261938,11x2400,บริษัท ฮันฮวา เคมิคัล (ไทยแลนด์) จำกัด,19x89,Tanaporn Chanchanaroj,340000.00,35%,2026-12-24,2026-07-22,68,Pending
U,261939,11x270193,บริษัท พีที พาร์ท เทค จำกัด,19x45,Pattamaporn Chadkurupin,50000.00,35%,2026-09-24,2026-07-23,67,Pending
B,261945,11x2466,บริษัท เจียไต๋ จำกัด,19x92,Napadol Peoksangthip,38000.00,35%,2026-12-24,2026-07-23,67,Pending
U,261947,11x1444,บริษัท นิวแม็ก จำกัด,19x92,Napadol Peoksangthip,380000.00,50%,2026-09-30,2026-07-24,66,Pending
U,261948,11x73333,บริษัท โทโดโรกิ เอเชีย จำกัด,19x19,Saovaluck Jangjai,70363.32,70%,2026-09-30,2026-07-24,66,Pending
D,261950,11x2003,บริษัท เอไอ เอนเนอร์จี จำกัด (มหาชน),19x45,Pattamaporn Chadkurupin,100000.00,35%,2026-09-24,2026-07-24,66,Pending
U,261955,11x260476,"K P Tech All Co.,Ltd.",19x89,Tanaporn Chanchanaroj,65000.00,35%,2026-12-24,2026-07-24,66,Pending
C,261956,11x1387,บริษัท เบียร์ไทย (1991) จำกัด (มหาชน),19x74,Sujittra Tungprakobjaroen,99950.00,70%,2026-09-24,2026-05-21,130,Pending
U,261951,11x72785,บริษัท ทีเอสเค เอ็นจิเนียริ่ง (ไทยแลนด์) จำกัด,19x34,Kanittha Cheryhom,2901000.00,50%,2026-09-30,2026-07-27,63,Pending
B,261958,11x1153,บริษัท ไทย เปอร์อ๊อกไซด์ จำกัด,19x77,Thitima Plaibua,25000.00,35%,2026-12-24,2026-07-27,63,Pending
C,261959,11x208071,Premier Products Public Company Limited,19x92,Napadol Peoksangthip,52000.00,50%,2026-11-30,2026-07-27,63,Pending
U,261960,11x1270,บริษัท บูรพา เทคโนโลยี่ จำกัด,19x27,Nattawut Junkong,150800.00,70%,2026-09-30,2026-07-27,63,Pending
U,261952,11x975,บริษัท สยามอุตสาหกรรม (1991) จำกัด (สาย 2),19x34,Kanittha Cheryhom,660000.00,50%,2026-09-30,2026-07-27,63,Pending
C,261961,11x269740,บริษัท แซน เทค เซ็นเตอร์ จำกัด,19x92,Napadol Peoksangthip,2300000.00,35%,2026-12-24,2026-07-27,63,Pending
C,261953,11x148781,บริษัท ไอกะ ไทยเคมีภัณฑ์ จำกัด,19x34,Kanittha Cheryhom,34675.00,70%,2026-09-30,2026-07-27,63,Pending
C,261954,11x148781,บริษัท ไอกะ ไทยเคมีภัณฑ์ จำกัด,19x34,Kanittha Cheryhom,34500.00,70%,2026-09-30,2026-08-03,56,Pending
B,261963,11x11847,TPI POLENE,19x78,Sarawut Viseshasiri,60000.00,70%,2026-09-30,2026-07-27,63,Pending
C,261964,11x148781,บริษัท ไอกะ ไทยเคมีภัณฑ์ จำกัด,19x34,Kanittha Cheryhom,185250.00,70%,2026-09-30,2026-07-27,63,Pending
D,261965,11x1010,บริษัท บางจาก คอร์ปอเรชั่น จำกัด (มหาชน),19x23,Vipoo Srisawadi,1750000.00,50%,2026-09-24,2026-07-29,61,Pending
C,261966,11x9579,HMC Polymers,19x90,Patthamanan Pudgajang,6000.00,35%,2026-09-30,2026-07-27,63,Pending
U,261968,11x10127,บริษัท แพนอินเตอร์เนชั่นแนล (ประเทศไทย) จำกัด,19x74,Sujittra Tungprakobjaroen,29800.00,35%,2026-10-10,2026-07-27,63,Pending
B,261969,11x2466,บริษัท เจียไต๋ จำกัด,19x92,Napadol Peoksangthip,167700.00,50%,2026-10-30,2026-05-22,129,Pending
R,261970,11x137457,GC Maintenance and Engineering Company Limited,19x78,Sarawut Viseshasiri,1000.00,70%,2026-09-30,2026-07-29,61,Pending
B,260784-1,11x63181,SOUTH CITY PETROCHEM CO LTD.,19x51,Benjamas Tanjit,363500.00,35%,2026-09-24,2026-03-23,189,Pending
B,261974,11x221135,"Siam PVS Chemical Co.,Ltd.",19x89,Tanaporn Chanchanaroj,700000.00,70%,2026-09-30,2026-07-29,61,Pending
D,261976,11x1010,บริษัท บางจาก คอร์ปอเรชั่น จำกัด (มหาชน),19x23,Vipoo Srisawadi,100000.00,50%,2026-12-24,2026-07-30,60,Pending
C,261977,11x936,บริษัท สยามมิชลิน จำกัด,19x34,Kanittha Cheryhom,49210.00,35%,2026-09-30,2026-07-29,61,Pending
U,261978,11x250955,ห้างหุ้นส่วนจำกัด ก.อารยพาณิชย์,19x74,Sujittra Tungprakobjaroen,1424000.00,35%,2026-10-31,2026-07-30,60,Pending
C,261979,11x936,บริษัท สยามมิชลิน จำกัด,19x34,Kanittha Cheryhom,298000.00,50%,2026-09-30,2026-07-30,60,Pending
B,261980,11x1766,บริษัท ทรอยสยาม จำกัด,19x77,Thitima Plaibua,35000.00,90%,2026-09-30,2026-07-31,59,Pending
U,261981,11x2674,บริษัท ซิสทาโน่ จำกัด,19x43,Katewadee Pratipagorn,92000.00,50%,2026-12-24,2026-07-30,60,Pending
U,261982,11x2474,ห้างหุ้นส่วนจำกัด คัดสรรเซอร์วิส,19x51,Benjamas Tanjit,2560000.00,35%,2026-12-24,2026-08-21,38,Pending
U,261983,11x27265,บริษัท โชคประชา อิมพอร์ต แอนด์ เอ็กซ์พอร์ต จำกัด,19x19,Saovaluck Jangjai,5230.00,35%,2026-11-20,2026-07-30,60,Pending
C,261984,11x2530,บริษัท อธิมาตร จำกัด,19x74,Sujittra Tungprakobjaroen,300000.00,70%,2026-09-30,2026-07-30,60,Pending
U,261987,11x1213,บจก. มิตซูบิชิ เฮฟวี่ อินดัสตรี่ส์-มหาจักร แอร์ คอนดิชั่นเนอร์ส,19x96,Itsaripharat Kamthong,259000.00,70%,2026-12-30,2026-07-30,60,Pending
U,261992,11x270193,บริษัท พีที พาร์ท เทค จำกัด,19x45,Pattamaporn Chadkurupin,20000.00,35%,2026-09-30,2026-07-31,59,Pending
D,261995,11x1145,บริษัท พีทีจี เอ็นเนอยี จำกัด (มหาชน),19x43,Katewadee Pratipagorn,206200.00,35%,2026-09-30,2026-02-05,235,Pending
B,261996,11x221135,"Siam PVS Chemical Co.,Ltd.",19x89,Tanaporn Chanchanaroj,250000.00,70%,2026-09-30,2026-07-31,59,Pending
A,261998,11x1859,บริษัท นิปปอนเพนต์ (ประเทศไทย)  จำกัด (อมตะนคร),19x88,Thanaaran Sirawattanamongkol,104000.00,35%,2027-04-30,2026-07-31,59,Pending
U,262000,11x203593,บริษัท เอ็นเวอร์เทค จำกัด,19x74,Sujittra Tungprakobjaroen,646000.00,35%,2026-10-31,2026-07-31,59,Pending
U,262001,11x271227,บริษัท เทอร์ไบน์แอโร รีแพร์ จำกัด,19x34,Kanittha Cheryhom,42750.00,35%,2026-10-31,2026-07-31,59,Pending
U,262002,11x253134,"Polytechnology co., ltd.",19x43,Katewadee Pratipagorn,0.00,70%,2026-10-30,2026-07-24,66,Pending
B,262003,11x2475,บริษัท สยามอุตสาหกรรมยิปซัม (สระบุรี) จำกัด,19x77,Thitima Plaibua,15000.00,35%,2027-05-31,2026-08-03,56,Pending
A,262004,11x172789,ซีพีเอฟ-จัดซื้อส่วนกลาง,19x27,Nattawut Junkong,142500.00,70%,2026-09-30,2026-08-03,56,Pending
D,262005,11x3014,บริษัท ปตท. น้ำมันและการค้าปลีก จำกัด (มหาชน),19x43,Katewadee Pratipagorn,200000.00,50%,2026-12-24,2026-08-03,56,Pending
A,262006,11x22547,คาร์กิลล์สยาม-ฉะเชิงเทรา,19x27,Nattawut Junkong,63600.00,50%,2026-09-30,2026-08-03,56,Pending
U,262007,11x27265,บริษัท โชคประชา อิมพอร์ต แอนด์ เอ็กซ์พอร์ต จำกัด,19x45,Pattamaporn Chadkurupin,10000.00,35%,2026-09-30,2026-08-03,56,Pending
U,262009,11x271770,บริษัท บีอีเจเอสที ไบโอเอเนอร์จี จำกัด,19x45,Pattamaporn Chadkurupin,500000.00,35%,2026-09-30,2026-08-03,56,Pending
U,262010,11x27265,บริษัท โชคประชา อิมพอร์ต แอนด์ เอ็กซ์พอร์ต จำกัด,19x45,Pattamaporn Chadkurupin,10000.00,35%,2026-09-30,2026-08-03,56,Pending
U,262011,11x182530,บริษัท ไทย เบเวอร์เรจ แคน จำกัด,19x19,Saovaluck Jangjai,850000.00,50%,2026-12-25,2026-08-03,56,Pending
B,262012,11x271889,บริษัท ราชราตัน ไทย ไวร์ จำกัด,19x77,Thitima Plaibua,70000.00,90%,2026-09-30,2026-08-03,56,Pending
C,262017,11x1238,บริษัท เอ็มอาร์ที เรซิน (ประเทศไทย) จำกัด,19x77,Thitima Plaibua,20000.00,100%,2027-05-31,2026-08-04,55,Pending
D,262019,11x201081,BANGKOK INDUSTRIAL GAS COMPANY LIMITED,19x90,Patthamanan Pudgajang,455000.00,35%,2026-09-30,2026-08-04,55,Pending
C,262014,11x1240,บริษัท ทีโอเอ เพ้นท์ (ประเทศไทย)  จำกัด (มหาชน),19x77,Thitima Plaibua,35700.00,50%,2027-05-31,2026-08-04,55,Pending
C,262020,11x32158,บริษัท เฮงเค็ล (ประเทศไทย) จำกัด,19x92,Napadol Peoksangthip,45000.00,70%,2026-09-30,2026-08-04,55,Pending
D,262022,11x81127,บริษัท ท่อส่งปิโตรเลียมไทย จำกัด,19x23,Vipoo Srisawadi,1700000.00,50%,2027-05-31,2026-08-04,55,Pending
C,262025,11x271957,บริษัท กรีน โปรเกรส จำกัด,19x92,Napadol Peoksangthip,4646000.00,50%,2026-10-30,2026-08-20,39,Pending
D,262026,11x1036,บริษัท เชลล์แห่งประเทศไทย จำกัด,19x23,Vipoo Srisawadi,42000.00,50%,2027-05-31,2026-08-04,55,Pending
B,262028,11x181544,Akara Resources Public Company Limited,19x89,Tanaporn Chanchanaroj,4800000.00,35%,2027-05-31,2026-08-05,54,Pending
A,262029,11x172789,ซีพีเอฟ-จัดซื้อส่วนกลาง,19x27,Nattawut Junkong,19800.00,50%,2026-09-30,2026-08-05,54,Pending
U,262032,11x2510,บริษัท แม็ททอล อินเตอร์ เทคโนโลยี  จำกัด,19x27,Nattawut Junkong,10840.00,70%,2026-10-30,2026-08-05,54,Pending
A,262033,11x1045,บริษัท เอสซีจี  เซรามิกส์ จำกัด (มหาชน),19x19,Saovaluck Jangjai,15200.00,50%,2026-10-30,2026-08-05,54,Pending
U,262034,11x53008,DURMART,19x43,Katewadee Pratipagorn,267000.00,90%,2026-09-30,2026-08-05,54,Pending
U,262035,11x237327,"International Procurement Co.,Ltd.",19x43,Katewadee Pratipagorn,142000.00,90%,2026-09-30,2026-08-05,54,Pending
D,262036,11x252355,บริษัท สยามพรีเสิร์ฟฟู้ดส์ จำกัด,19x45,Pattamaporn Chadkurupin,45000.00,35%,2026-09-30,2026-08-05,54,Pending
A,262037,11x1259,บริษัท สหวิริยาสตีลอินดัสตรี จำกัด (มหาชน),19x27,Nattawut Junkong,16000.00,35%,2026-11-30,2026-08-05,54,Pending
U,262041,11x272397,บริษัท เดอะซิสเตอร์กรุ๊ป จำกัด,19x88,Thanaaran Sirawattanamongkol,235000.00,50%,2027-05-31,2026-08-06,53,Pending
U,262044,11x207387,"THAI BURNER INDUSTRIAL HEAT CO.,LTD.",19x89,Tanaporn Chanchanaroj,70000.00,35%,2027-05-31,2026-08-06,53,Pending
U,262047,11x24224,ซีพีเอฟ-ท่าเรือ,19x27,Nattawut Junkong,172000.00,90%,2026-09-30,2026-08-06,53,Pending
A,262048,11x1083,บริษัท ที เค เอส เคมิคอล (ประเทศไทย) จำกัด,19x88,Thanaaran Sirawattanamongkol,117500.00,35%,2026-11-13,2026-08-06,53,Pending
U,262049,11x253582,บริษัท เอเนอร์โฟล จำกัด,19x78,Sarawut Viseshasiri,1653000.00,35%,2026-12-31,2026-08-06,53,Pending
U,262050,11x117667,บริษัท เอทีพี อินโนเวชั่นส์ จำกัด,19x92,Napadol Peoksangthip,263800.00,50%,2026-09-30,2026-08-06,53,Pending
U,262051,11x272551,บริษัท ไทย จีอาร์พี จำกัด,19x92,Napadol Peoksangthip,633000.00,70%,2026-09-30,2026-08-06,53,Pending
U,262053,11x132876,Sanpya Engineering,19x19,Saovaluck Jangjai,250000.00,35%,2026-11-20,2026-08-06,53,Pending
B,262054,11x35467,THAI POLYETHYLENE,19x51,Benjamas Tanjit,105000.00,100%,2026-09-30,2026-08-06,53,Pending
U,262055,11x37475,ALLNEX,19x51,Benjamas Tanjit,1000000.00,35%,2027-05-31,2026-08-06,53,Pending
U,262056,11x72785,บริษัท ทีเอสเค เอ็นจิเนียริ่ง (ไทยแลนด์) จำกัด,19x34,Kanittha Cheryhom,1264000.00,90%,2026-09-30,2026-09-03,25,Pending
D,262057,11x217847,Global Green Chemicals,19x78,Sarawut Viseshasiri,56000.00,90%,2026-09-30,2026-08-06,53,Pending
U,262058,11x272708,"Genesis Engineering & Thermal Solutions Co.,Ltd",19x51,Benjamas Tanjit,950000.00,50%,2026-09-30,2026-08-06,53,Pending
D,262061,11x1080,HMC Polymers Company  Limited,19x90,Patthamanan Pudgajang,32000.00,35%,2026-09-30,2026-08-07,52,Pending
A,262062,11x2700,บริษัท เอสซีจี เซรามิกส์  จำกัด (มหาชน),19x19,Saovaluck Jangjai,2800.00,70%,2026-10-30,2026-08-07,52,Pending
U,262065,11x170070,บริษัท สตาร์ ฟูเอลส์ มาร์เก็ตติ้ง จำกัด,19x23,Vipoo Srisawadi,0.00,70%,2027-03-31,2026-01-12,259,Pending
A,262016,11x2814,บริษัท เจ.ไอ.ที.อีควิปเม้นท์ จำกัด,19x77,Thitima Plaibua,19500.00,50%,2027-05-31,2026-08-07,52,Pending
C,262068,11x1240,บริษัท ทีโอเอ เพ้นท์ (ประเทศไทย)  จำกัด (มหาชน),19x77,Thitima Plaibua,78400.00,50%,2027-05-31,2026-08-07,52,Pending
B,262069,11x11847,TPI POLENE,19x78,Sarawut Viseshasiri,70000.00,70%,2026-09-30,2026-08-07,52,Pending
B,262070,11x221135,"Siam PVS Chemical Co.,Ltd.",19x89,Tanaporn Chanchanaroj,175000.00,35%,2027-05-31,2026-08-07,52,Pending
C,262072,11x1763,บริษัท คอสมอส บริวเวอรี่ (ประเทศไทย) จำกัด,19x74,Sujittra Tungprakobjaroen,168000.00,70%,2026-12-31,2026-07-20,70,Pending
U,262075,11x2718,บริษัท กรีนคอร์ป จำกัด,19x27,Nattawut Junkong,72000.00,90%,2026-09-30,2026-08-08,51,Pending
C,262076,11x271957,บริษัท กรีน โปรเกรส จำกัด,19x92,Napadol Peoksangthip,12000000.00,50%,2027-05-31,2026-08-10,49,Pending
U,262077,11x273017,บริษัท บี วาย เอ็ม เทรดดิ้ง จำกัด,19x45,Pattamaporn Chadkurupin,123000.00,35%,2026-09-30,2026-08-10,49,Pending
U,262080,11x2706,บริษัท เอกศรา ซัพพลายเซอร์วิส จำกัด,19x45,Pattamaporn Chadkurupin,30000.00,35%,2026-09-30,2026-08-10,49,Pending
B,262081,11x198695,THE SIAM CEMENT PUBLIC COMPANY LIMITED,19x89,Tanaporn Chanchanaroj,17000.00,90%,2026-09-30,2026-08-10,49,Pending
A,262082,11x1030,บริษัท นิปปอนเพนต์ (ประเทศไทย) จำกัด,19x88,Thanaaran Sirawattanamongkol,75500.00,50%,2026-10-30,2026-08-10,49,Pending
B,262084,11x273041,"TKPV CO., LTD",19x89,Tanaporn Chanchanaroj,45000.00,70%,2026-09-30,2026-08-10,49,Pending
A,262085,11x21237,มากอตโต-หัวปลวก,19x27,Nattawut Junkong,72320.00,70%,2026-10-30,2026-08-13,46,Pending
A,262086,11x2814,บริษัท เจ.ไอ.ที.อีควิปเม้นท์ จำกัด,19x77,Thitima Plaibua,89000.00,50%,2027-05-31,2026-08-10,49,Pending
U,262087,11x72785,บริษัท ทีเอสเค เอ็นจิเนียริ่ง (ไทยแลนด์) จำกัด,19x34,Kanittha Cheryhom,1228872.50,50%,2026-09-30,2026-09-08,20,Pending
D,262089,11x2203,บริษัท แซส เทค โซลูชั่น จำกัด,19x23,Vipoo Srisawadi,11130000.00,70%,2027-03-14,2026-08-10,49,Pending
D,262090,11x2203,บริษัท แซส เทค โซลูชั่น จำกัด,19x23,Vipoo Srisawadi,1200000.00,35%,2027-12-24,2026-08-11,48,Pending
A,262091,11x35017,คาร์กิลล์สยาม-นครปฐม,19x27,Nattawut Junkong,222180.00,70%,2026-09-30,2026-08-11,48,Pending
C,262096,11x1310,บริษัท เป๊ปซี่-โคล่า (ไทย) เทรดดิ้ง จำกัด,19x45,Pattamaporn Chadkurupin,350000.00,35%,2026-09-30,2026-08-11,48,Pending
B,262097,11x21651,"STAR PLUS Chemical Co.,Ltd",19x51,Benjamas Tanjit,750000.00,50%,2026-10-31,2026-08-11,48,Pending
D,262099,11x1516,บริษัท เพทราเคม (ประเทศไทย) จำกัด,19x45,Pattamaporn Chadkurupin,30000.00,35%,2026-09-30,2026-08-11,48,Pending
D,262101,11x2003,บริษัท เอไอ เอนเนอร์จี จำกัด (มหาชน),19x45,Pattamaporn Chadkurupin,516000.00,50%,2027-05-31,2026-08-11,48,Pending
U,262109,11x1405,บริษัท อี-สแควร์ สิ่งแวดล้อมและวิศวกรรม จำกัด,19x92,Napadol Peoksangthip,1000000.00,35%,2026-10-30,2026-08-12,47,Pending
U,262110,11x244310,"Proud Inter Products Co.,Ltd.",19x90,Patthamanan Pudgajang,199000.00,90%,2026-09-30,2026-08-13,46,Pending
U,262111,11x273121,บริษัท เอพี โซลูชั่น (1989) จำกัด,19x96,Itsaripharat Kamthong,786000.00,50%,2026-12-31,2026-08-13,46,Pending
A,262112,11x20608,ซีพีเอฟ-หนองแค,19x27,Nattawut Junkong,97110.00,70%,2026-10-30,2026-08-13,46,Pending
U,262113,11x27265,บริษัท โชคประชา อิมพอร์ต แอนด์ เอ็กซ์พอร์ต จำกัด,19x45,Pattamaporn Chadkurupin,3000.00,35%,2026-09-30,2026-08-13,46,Pending
B,262115,11x2475,บริษัท สยามอุตสาหกรรมยิปซัม (สระบุรี) จำกัด,19x77,Thitima Plaibua,200000.00,35%,2027-05-31,2026-08-13,46,Pending
D,262117,11x271772,บริษัท เชฟรอน (ไทย)  จำกัด,19x23,Vipoo Srisawadi,45000.00,70%,2027-05-31,2026-08-13,46,Pending
U,262121,11x21636,บริษัท โนวาซิล (ไทยแลนด์) จำกัด,19x74,Sujittra Tungprakobjaroen,420000.00,35%,2026-10-10,2026-08-13,46,Pending
U,262122,11x240953,บริษัท สมาร์ท โปร อินเตอร์เทรด จำกัด,19x45,Pattamaporn Chadkurupin,29500.00,35%,2026-09-30,2026-08-13,46,Pending
U,262123,11x1469,บริษัท แท็คโก้ เจนเนอเรชั่น จำกัด,19x23,Vipoo Srisawadi,1000000.00,50%,2026-12-24,2026-08-14,45,Pending
A,262124,11x29207,บริษัท สีไทยกันไซเพ้นท์ จำกัด,19x88,Thanaaran Sirawattanamongkol,420000.00,35%,2026-11-30,2026-08-14,45,Pending
B,262125,11x2797,บริษัท ยูเนี่ยน คอมปาวด์ จำกัด,19x92,Napadol Peoksangthip,300000.00,35%,2026-10-30,2026-08-14,45,Pending
U,262127,11x198055,หจก.ธนพงษ์ อุปกรณ์ก่อสร้าง,19x77,Thitima Plaibua,535000.00,50%,2026-12-24,2026-08-17,42,Pending
U,262128,11x273215,HeroMac Pte Ltd,19x23,Vipoo Srisawadi,300000.00,35%,2026-12-24,2026-08-14,45,Pending
U,262129,11x1115,บริษัท ไทคิชา (ประเทศไทย) จำกัด,19x96,Itsaripharat Kamthong,640000.00,50%,2027-05-31,2026-08-14,45,Pending
U,262130,11x1115,บริษัท ไทคิชา (ประเทศไทย) จำกัด,19x96,Itsaripharat Kamthong,0.00,50%,2027-05-31,2026-08-14,45,Pending
U,262131,11x273259,InspiringInnovative Water and Environmental Solutions,19x78,Sarawut Viseshasiri,1000000.00,35%,2027-05-31,2026-08-14,45,Pending
U,262133,11x42228,บริษัท อินฟินิตี้ แอ๊บโซลูท จำกัด,19x23,Vipoo Srisawadi,300000.00,35%,2027-05-31,2026-08-17,42,Pending
B,262135,11x128482,บริษัท โตโยต้า ทูโช เอ็ม แอนด์ อี (ประเทศไทย) จำกัด,19x77,Thitima Plaibua,535000.00,70%,2026-09-30,2026-08-17,42,Pending
A,262136,11x75253,ซีพีเอฟ-ศรีสะเกษ,19x27,Nattawut Junkong,54220.00,90%,2026-10-30,2026-08-17,42,Pending
U,262137,11x31186,บริษัท สยาม พีเคเค เทค จำกัด,19x23,Vipoo Srisawadi,4700.00,50%,2026-12-24,2026-08-17,42,Pending
U,262138,11x31186,บริษัท สยาม พีเคเค เทค จำกัด,19x23,Vipoo Srisawadi,300000.00,50%,2027-05-31,2026-02-20,220,Pending
A,262142,11x75253,ซีพีเอฟ-ศรีสะเกษ,19x27,Nattawut Junkong,26500.00,50%,2026-11-30,2026-08-17,42,Pending
A,262143,11x29207,บริษัท สีไทยกันไซเพ้นท์ จำกัด,19x88,Thanaaran Sirawattanamongkol,120000.00,90%,2026-09-30,2026-08-25,34,Pending
U,262144,11x2749,บริษัท เอเซีย แปซิฟิค ปิโตรเคมิคอล จำกัด,19x23,Vipoo Srisawadi,6700000.00,50%,2026-12-24,2026-09-21,7,Pending
U,262145,11x224414,บริษัท ปัญจพล พัลพ์ อินดัสตรี้  จำกัด  (มหาชน),19x34,Kanittha Cheryhom,70000.00,50%,2027-05-31,2026-08-17,42,Pending
U,262148,11x42228,บริษัท อินฟินิตี้ แอ๊บโซลูท จำกัด,19x23,Vipoo Srisawadi,60000.00,35%,2027-05-31,2026-08-18,41,Pending
A,262149,11x1229,พี.เจนเนอรัล ซัพพลาย,19x88,Thanaaran Sirawattanamongkol,16200.00,35%,2026-09-30,2026-08-18,41,Pending
C,262153,11x148781,บริษัท ไอกะ ไทยเคมีภัณฑ์ จำกัด,19x34,Kanittha Cheryhom,7410.00,35%,2026-10-10,2026-08-18,41,Pending
D,262154,11x22838,Linde,19x90,Patthamanan Pudgajang,200000.00,35%,2026-09-30,2026-08-18,41,Pending
U,261185.,11x2749,บริษัท เอเซีย แปซิฟิค ปิโตรเคมิคอล จำกัด,19x23,Vipoo Srisawadi,1175000.00,70%,2026-09-30,2026-07-31,59,Pending
U,262155,11x273448,Yupeng Information Technology,19x89,Tanaporn Chanchanaroj,500000.00,35%,2027-05-31,2026-08-19,40,Pending
R,262156,11x1196,บริษัท วนชัย เคมีคอลอินดัสทรี่ส์ จำกัด,19x51,Benjamas Tanjit,50000.00,100%,2026-09-30,2026-08-18,41,Pending
C,262158,11x1240,บริษัท ทีโอเอ เพ้นท์ (ประเทศไทย)  จำกัด (มหาชน),19x77,Thitima Plaibua,145000.00,35%,2027-05-31,2026-08-19,40,Pending
C,262159,11x1240,บริษัท ทีโอเอ เพ้นท์ (ประเทศไทย)  จำกัด (มหาชน),19x77,Thitima Plaibua,200000.00,35%,2027-05-31,2026-08-19,40,Pending
C,262163,11x1240,บริษัท ทีโอเอ เพ้นท์ (ประเทศไทย)  จำกัด (มหาชน),19x77,Thitima Plaibua,51300.00,90%,2026-09-30,2026-08-19,40,Pending
D,262166,11x273494,บริษัท เสริมสุข จำกัด (มหาชน),19x74,Sujittra Tungprakobjaroen,101460.00,35%,2026-10-10,2026-08-19,40,Pending
C,262167,11x936,บริษัท สยามมิชลิน จำกัด,19x34,Kanittha Cheryhom,14880.00,35%,2026-10-10,2026-08-19,40,Pending
U,262168,11x2629,บริษัท ทีทีซีแอล จำกัด (มหาชน),19x78,Sarawut Viseshasiri,1000000.00,35%,2027-05-31,2026-08-19,40,Pending
B,262169,11x178180,NEUMAN & ESSER South-East Asia Ltd,19x51,Benjamas Tanjit,655750.00,50%,2026-11-30,2026-08-20,39,Pending
U,262170,11x273532,บ. ไอยรา อินเตอร์เทรด จำกัด,19x23,Vipoo Srisawadi,60000.00,50%,2027-05-31,2026-08-20,39,Pending
R,262171,11x9612,PTT Global Chemical Public Company Limited,19x78,Sarawut Viseshasiri,50000.00,70%,2026-09-30,2026-08-20,39,Pending
C,262172,11x236593,บริษัท โปรเกรส เทคโนโลยี ยูทิลิตีส์ จำกัด,19x92,Napadol Peoksangthip,22000.00,50%,2026-10-30,2026-08-20,39,Pending
U,262174,11x2749,บริษัท เอเซีย แปซิฟิค ปิโตรเคมิคอล จำกัด,19x23,Vipoo Srisawadi,70000.00,50%,2026-12-24,2026-08-20,39,Pending
D,262175,11x986,บริษัท น้ำมันพืชไทย จำกัด (มหาชน),19x45,Pattamaporn Chadkurupin,50000.00,35%,2026-09-30,2026-08-21,38,Pending
B,262176,11x9667,"Bangkok Synthetics Co., Ltd. (BST)",19x90,Patthamanan Pudgajang,19600.00,35%,2026-09-25,2026-08-21,38,Pending
B,262177,11x9667,"Bangkok Synthetics Co., Ltd. (BST)",19x90,Patthamanan Pudgajang,76800.00,35%,2026-09-25,2026-08-21,38,Pending
U,262179,11x1818,บริษัท โตชิบาคอนซูมเมอร์โปรดัคส์ (ประเทศไทย) จำกัด,19x96,Itsaripharat Kamthong,11000.00,35%,2026-10-10,2026-08-21,38,Pending
D,262181,11x2203,บริษัท แซส เทค โซลูชั่น จำกัด,19x23,Vipoo Srisawadi,1180000.00,50%,2026-12-24,2026-08-21,38,Pending
A,262182,11x274494,บริษัท แฟรงคลิน ไบโอเทค จำกัด,19x88,Thanaaran Sirawattanamongkol,665000.00,70%,2026-09-30,2026-08-21,38,Pending
U,262185,11x27792,บริษัท ซูเทค เอ็นจิเนียริ่ง จำกัด,19x74,Sujittra Tungprakobjaroen,1283450.00,35%,2026-11-07,2026-08-21,38,Pending
U,262186,11x2901,บริษัท เอ็กโซโกร จำกัด,19x77,Thitima Plaibua,27000.00,50%,2026-12-24,2026-08-26,33,Pending
B,262187,11x108111,BASF,19x74,Sujittra Tungprakobjaroen,113000.00,70%,2026-09-30,2026-09-08,20,Pending
C,262188,11x144161,บริษัท จีจีซี เคทิส ไบโออินดัสเทรียล จำกัด,19x34,Kanittha Cheryhom,425600.00,50%,2026-12-24,2026-08-24,35,Pending
B,262190,11x58195,"Mitsubishi Chemical (Thailand) Co.,Ltd",19x96,Itsaripharat Kamthong,169000.00,70%,2026-12-24,2026-08-25,34,Pending
D,262191,11x104587,"Technical Solution Co., Ltd",19x89,Tanaporn Chanchanaroj,300000.00,35%,2027-05-31,2026-08-24,35,Pending
D,262192,11x1036,บริษัท เชลล์แห่งประเทศไทย จำกัด,19x23,Vipoo Srisawadi,300000.00,50%,2026-09-30,2026-08-24,35,Pending
A,262193,11x1052,บริษัท โตโยอิ๊งค์ (ประเทศไทย) จำกัด,19x88,Thanaaran Sirawattanamongkol,29500.00,70%,2026-09-30,2026-08-24,35,Pending
U,262194,11x72785,บริษัท ทีเอสเค เอ็นจิเนียริ่ง (ไทยแลนด์) จำกัด,19x34,Kanittha Cheryhom,221000.00,50%,2027-05-31,2026-08-24,35,Pending
C,262195,11x236593,บริษัท โปรเกรส เทคโนโลยี ยูทิลิตีส์ จำกัด,19x92,Napadol Peoksangthip,160000.00,50%,2027-05-31,2026-08-24,35,Pending
A,262197,11x1398,บริษัท อุตสาหกรรมทำเครื่องแก้วไทย จำกัด (มหาชน),19x19,Saovaluck Jangjai,204000.00,90%,2026-09-30,2026-08-25,34,Pending
U,262198,11x1115,บริษัท ไทคิชา (ประเทศไทย) จำกัด,19x96,Itsaripharat Kamthong,3600000.00,50%,2026-12-24,2026-08-24,35,Pending
U,262199,11x274605,บริษัท ไทย เอ็มเอ็มไอ เซอร์วิสแอนด์ซัพพลาย จำกัด,19x34,Kanittha Cheryhom,144000.00,50%,2026-12-24,2026-08-24,35,Pending
B,262200,11x9100,Aditya Birla Chemicals (Thailand) Limited,19x51,Benjamas Tanjit,2000000.00,50%,2026-11-30,2026-08-24,35,Pending
U,262201,11x20946,"TKK Corporation Co.,Ltd.",19x51,Benjamas Tanjit,10000.00,35%,2027-05-31,2026-08-24,35,Pending
U,262202,11x1593,บริษัท ไซเบอร์แพค จำกัด,19x27,Nattawut Junkong,74000.00,70%,2026-10-30,2026-08-24,35,Pending
B,262204,11x221135,"Siam PVS Chemical Co.,Ltd.",19x89,Tanaporn Chanchanaroj,69000.00,70%,2026-09-30,2026-08-25,34,Pending
B,262205,11x152612,ARTELIA ENGINEERING Limited,19x23,Vipoo Srisawadi,800000.00,35%,2027-05-31,2026-08-25,34,Pending
A,262206,11x2439,บริษัท ลิกซิล (ประเทศไทย) จำกัด (มหาชน),19x19,Saovaluck Jangjai,34410.00,90%,2026-09-30,2026-08-25,34,Pending
D,262207,11x1006,บริษัท อายิโนะโมะโต๊ะ (ประเทศไทย) จำกัด,19x45,Pattamaporn Chadkurupin,21000.00,50%,2026-12-24,2026-08-25,34,Pending
B,262211,11x53490,GC POLYOL,19x78,Sarawut Viseshasiri,100000.00,70%,2026-09-30,2026-08-25,34,Pending
C,262212,11x1232,บริษัท สุรากระทิงแดง (1988) จำกัด,19x74,Sujittra Tungprakobjaroen,2955000.00,35%,2026-10-10,2026-08-25,34,Pending
C,262215,11x274704,บริษัท เคนวิว (ประเทศไทย) จำกัด,19x74,Sujittra Tungprakobjaroen,936000.00,35%,2026-11-07,2026-08-26,33,Pending
C,262216,11x1763,บริษัท คอสมอส บริวเวอรี่ (ประเทศไทย) จำกัด,19x74,Sujittra Tungprakobjaroen,169100.00,35%,2026-10-10,2026-08-26,33,Pending
B,262218,11x274736,Witcorp Product Ltd.,19x89,Tanaporn Chanchanaroj,92000.00,50%,2027-05-31,2026-08-26,33,Pending
U,262219,11x274787,"Phoenix Progressive Technology (Thailand) Co., Ltd.",19x23,Vipoo Srisawadi,7570000.00,50%,2026-12-24,2026-08-26,33,Pending
B,262220,11x256892,บริษัท เนเชอร์เวิร์คส์ เอเชีย แปซิฟิก จำกัด,19x92,Napadol Peoksangthip,100000.00,50%,2026-09-30,2026-08-26,33,Pending
C,262221,11x274806,บริษัท ไทยเอ็นเนอร์ยี่คอนเซอร์เวชั่น จำกัด,19x92,Napadol Peoksangthip,120000.00,35%,2027-05-31,2026-08-26,33,Pending
U,262222,11x85891,บริษัท เคนวา เอ็นจิเนียริ่ง จำกัด,19x88,Thanaaran Sirawattanamongkol,28300.00,35%,2026-09-30,2026-08-26,33,Pending
B,262223,11x35467,THAI POLYETHYLENE,19x51,Benjamas Tanjit,124000.00,35%,2026-10-31,2026-09-08,20,Pending
C,262224,11x933,บริษัท อีเทอนัล เรซิ่น จำกัด,19x77,Thitima Plaibua,420000.00,50%,2026-12-24,2026-08-26,33,Pending
C,262227,11x1476,บริษัท บริดจสโตนไทร์ แมนูแฟคเจอริ่ง (ประเทศไทย) จำกัด,19x34,Kanittha Cheryhom,138900.00,50%,2026-12-24,2026-08-26,33,Pending
D,262228,11x26567,PTT GSP,19x78,Sarawut Viseshasiri,40000.00,90%,2026-09-30,2026-08-26,33,Pending
D,262229,11x104587,"Technical Solution Co., Ltd",19x89,Tanaporn Chanchanaroj,130000.00,35%,2027-05-31,2026-08-26,33,Pending
D,262230,11x1010,บริษัท บางจาก คอร์ปอเรชั่น จำกัด (มหาชน),19x23,Vipoo Srisawadi,83000.00,35%,2026-12-24,2026-08-27,32,Pending
B,262233,11x120889,TPC PASTE RESIN COMPANY LIMITED,19x51,Benjamas Tanjit,32600.00,100%,2026-09-30,2026-08-27,32,Pending
U,262234,11x1115,บริษัท ไทคิชา (ประเทศไทย) จำกัด,19x96,Itsaripharat Kamthong,3660000.00,50%,2026-12-24,2026-08-27,32,Pending
U,262238,11x2999,บริษัท ไทรอัมฟ์ เอ็นจิเนียริ่ง จำกัด,19x27,Nattawut Junkong,147600.00,70%,2026-10-30,2026-08-28,31,Pending
D,262239,11x119254,บริษัท บีบีจีไอ ไบโอดีเซล จำกัด,19x23,Vipoo Srisawadi,65000.00,90%,2027-05-31,2026-08-28,31,Pending
U,262240,11x163544,"PIE SOLUTION CO., LTD",19x90,Patthamanan Pudgajang,288000.00,35%,2026-09-30,2026-08-28,31,Pending
C,262241,11x1240,บริษัท ทีโอเอ เพ้นท์ (ประเทศไทย)  จำกัด (มหาชน),19x77,Thitima Plaibua,357000.00,90%,2026-09-30,2026-08-28,31,Pending
C,262243,11x24402,บริษัท ไทย เคเค อุตสาหกรรม จำกัด,19x92,Napadol Peoksangthip,91000.00,50%,2026-09-30,2026-08-28,31,Pending
U,262244,11x184974,"MCLS Asia Co.,Ltd",19x90,Patthamanan Pudgajang,1000000.00,70%,2026-09-30,2026-08-28,31,Pending
U,262245,11x1405,บริษัท อี-สแควร์ สิ่งแวดล้อมและวิศวกรรม จำกัด,19x92,Napadol Peoksangthip,84000.00,35%,2026-11-30,2026-08-31,28,Pending
U,262247,11x108812,บริษัท สไตล์ เอฟ เอ็นจิเนียริ่ง จำกัด,19x27,Nattawut Junkong,370000.00,90%,2026-09-30,2026-08-28,31,Pending
A,262248,11x12288,ซีพีเอฟ-ราชบุรี,19x27,Nattawut Junkong,86000.00,90%,2026-09-30,2026-08-29,30,Pending
A,262249,11x1083,บริษัท ที เค เอส เคมิคอล (ประเทศไทย) จำกัด,19x88,Thanaaran Sirawattanamongkol,300000.00,50%,2027-05-31,2026-08-31,28,Pending
D,262251,11x22838,Linde,19x51,Benjamas Tanjit,233000.00,100%,2026-09-30,2026-08-31,28,Pending
U,262252,11x1002,บริษัท เอสซีจี เปเปอร์ จำกัด (มหาชน),19x34,Kanittha Cheryhom,235000.00,35%,2027-05-31,2026-08-31,28,Pending
B,262255,11x959,บริษัท ปูนซีเมนต์เอเซีย จำกัด (มหาชน),19x89,Tanaporn Chanchanaroj,43000.00,50%,2027-05-31,2026-08-31,28,Pending
A,262256,11x25108,เบทาโกร-ลำพูน,19x27,Nattawut Junkong,285500.00,70%,2026-10-30,2026-08-31,28,Pending
A,262257,11x25108,เบทาโกร-ลำพูน,19x27,Nattawut Junkong,388500.00,70%,2026-09-30,2026-08-31,28,Pending
B,262259,11x1766,บริษัท ทรอยสยาม จำกัด,19x77,Thitima Plaibua,50000.00,35%,2027-06-30,2026-09-01,27,Pending
B,262260,11x1879,"Thai Tokai Carbon Product Rojana Co., Ltd. (TCP-R)",19x51,Benjamas Tanjit,295450.00,100%,2026-09-30,2026-09-01,27,Pending
D,262261,11x987,บริษัท ธนากรผลิตภัณฑ์น้ำมันพืช จำกัด,19x45,Pattamaporn Chadkurupin,265000.00,35%,2026-09-30,2026-09-01,27,Pending
C,262262,11x930,บริษัท ยูนิลีเวอร์ ไทยโฮลดิ้งส์ จำกัด,19x74,Sujittra Tungprakobjaroen,22500.00,35%,2026-11-07,2026-09-01,27,Pending
U,262263,11x2706,บริษัท เอกศรา ซัพพลายเซอร์วิส จำกัด,19x45,Pattamaporn Chadkurupin,60000.00,35%,2026-09-30,2026-09-01,27,Pending
U,262264,11x1366,บริษัท ไทยโพลิเมอร์ ซัพพลาย จำกัด,19x45,Pattamaporn Chadkurupin,22000.00,35%,2026-09-30,2026-09-01,27,Pending
C,262265,11x184834,บริษัท มิตซูบิชิ เคมิคอล (ประเทศไทย) จำกัด,19x96,Itsaripharat Kamthong,5000000.00,35%,2026-12-24,2026-09-01,27,Pending
C,262266,11x1869,บริษัท วนชัย กรุ๊ป จำกัด (มหาชน),19x34,Kanittha Cheryhom,72200.00,35%,2026-11-07,2026-09-01,27,Pending
C,262267,11x36262,Global Green Chemicals Public Company Limited,19x78,Sarawut Viseshasiri,100000.00,90%,2026-09-30,2026-09-01,27,Pending
U,262270,11x80575,บริษัท ดี.เอส.ดี เอ็นจิเนียริ่ง 1999 จำกัด,19x45,Pattamaporn Chadkurupin,50000.00,35%,2026-09-30,2026-09-02,26,Pending
A,262271,11x2796,บริษัท เพ็ท โฟกัส จำกัด,19x27,Nattawut Junkong,18800.00,70%,2026-10-31,2026-09-02,26,Pending
A,262273,11x22655,บริษัท ไก่สดเซนทาโก จำกัด,19x19,Saovaluck Jangjai,163000.00,90%,2026-09-30,2026-09-02,26,Pending
C,262274,11x1235,บริษัท บีเอเอสเอฟ (ไทย) จำกัด,19x74,Sujittra Tungprakobjaroen,55000.00,70%,2026-09-30,2026-09-02,26,Pending
D,262275,11x3014,บริษัท ปตท. น้ำมันและการค้าปลีก จำกัด (มหาชน),19x43,Katewadee Pratipagorn,30000.00,90%,2026-09-30,2026-09-02,26,Pending
C,262276,11x294369,บริษัท เซาท์แลนด์รับเบอร์ จำกัด,19x34,Kanittha Cheryhom,55100.00,35%,2026-11-28,2026-09-02,26,Pending
C,262277,11x930,บริษัท ยูนิลีเวอร์ ไทยโฮลดิ้งส์ จำกัด,19x74,Sujittra Tungprakobjaroen,189525.00,35%,2026-11-07,2026-09-02,26,Pending
U,262278,11x184974,"MCLS Asia Co.,Ltd",19x90,Patthamanan Pudgajang,100000.00,70%,2026-09-30,2026-09-02,26,Pending
C,262279,11x273486,บริษัท ออพติดูร์ โพลิเมอร์ส จำกัด,19x34,Kanittha Cheryhom,137750.00,35%,2026-11-07,2026-09-02,26,Pending
C,262280,11x113303,บริษัท อีโคเพนท์ จำกัด,19x88,Thanaaran Sirawattanamongkol,31000.00,50%,2026-12-24,2026-09-03,25,Pending
U,262284,11x302819,บริษัท ไอ.ที.ซี. (1993) จำกัด,19x88,Thanaaran Sirawattanamongkol,3030000.00,70%,2027-06-24,2026-09-03,25,Pending
B,262285,11x198695,THE SIAM CEMENT PUBLIC COMPANY LIMITED,19x89,Tanaporn Chanchanaroj,530000.00,90%,2026-09-30,2026-09-03,25,Pending
C,262286,11x274806,บริษัท ไทยเอ็นเนอร์ยี่คอนเซอร์เวชั่น จำกัด,19x92,Napadol Peoksangthip,457000.00,35%,2026-12-24,2026-09-03,25,Pending
U,262288,11x173315,บริษัท เอเชี่ยน นิวทริชั่น จำกัด,19x88,Thanaaran Sirawattanamongkol,8750.00,90%,2026-09-30,2026-09-03,25,Pending
D,262289,11x81127,บริษัท ท่อส่งปิโตรเลียมไทย จำกัด,19x62,Nattawut Hirunlalit,732900.00,50%,2026-12-24,2026-09-03,25,Pending
R,262290,11x137457,GC Maintenance and Engineering Company Limited,19x78,Sarawut Viseshasiri,25500.00,90%,2026-09-30,2026-09-03,25,Pending
A,262291,11x172789,ซีพีเอฟ-จัดซื้อส่วนกลาง,19x27,Nattawut Junkong,176000.00,50%,2026-10-31,2026-09-04,24,Pending
U,262292,11x113084,บริษัท อีโค วอลล์ จำกัด,19x19,Saovaluck Jangjai,16800.00,70%,2026-09-30,2026-09-03,25,Pending
A,262293,11x1083,บริษัท ที เค เอส เคมิคอล (ประเทศไทย) จำกัด,19x88,Thanaaran Sirawattanamongkol,198890.00,50%,2026-12-11,2026-09-07,21,Pending
D,262297,11x252355,บริษัท สยามพรีเสิร์ฟฟู้ดส์ จำกัด,19x45,Pattamaporn Chadkurupin,16000.00,35%,2026-09-30,2026-09-04,24,Pending
B,262298,11x221135,"Siam PVS Chemical Co.,Ltd.",19x89,Tanaporn Chanchanaroj,45000.00,70%,2026-09-30,2026-09-04,24,Pending
B,262299,11x302936,บริษัท นำชัยอุตสาหกรรม จำกัด,19x89,Tanaporn Chanchanaroj,150000.00,50%,2027-06-30,2026-09-04,24,Pending
U,262300,11x260476,"K P Tech All Co.,Ltd.",19x89,Tanaporn Chanchanaroj,100000.00,35%,2027-06-30,2026-09-04,24,Pending
U,262301,11x260476,"K P Tech All Co.,Ltd.",19x89,Tanaporn Chanchanaroj,51000.00,70%,2026-09-30,2026-09-04,24,Pending
A,262302,11x21309,เบทาโกร-รง.3,19x27,Nattawut Junkong,147800.00,90%,2026-09-30,2026-09-04,24,Pending
U,262305,11x20946,"TKK Corporation Co.,Ltd.",19x51,Benjamas Tanjit,37500.00,35%,2026-09-30,2026-09-04,24,Pending
A,262306,11x1045,บริษัท เอสซีจี  เซรามิกส์ จำกัด (มหาชน),19x19,Saovaluck Jangjai,7200.00,90%,2026-09-30,2026-09-04,24,Pending
C,262307,11x1235,บริษัท บีเอเอสเอฟ (ไทย) จำกัด,19x74,Sujittra Tungprakobjaroen,295500.00,70%,2026-09-30,2026-09-07,21,Pending
B,262308,11x175224,kmatech,19x23,Vipoo Srisawadi,119400.00,50%,2026-12-24,2026-09-10,18,Pending
U,262309,11x210946,หจก. สุทธินันท์ โฮลดิ้ง,19x27,Nattawut Junkong,620000.00,70%,2026-12-31,2026-09-05,23,Pending
A,262310,11x25103,ซีพีเอฟ-ลำพูน,19x27,Nattawut Junkong,192980.00,70%,2026-11-30,2026-09-05,23,Pending
U,262311,11x21707,วาย.โอ.เยนเนอรัล ซัพพลาย(1983) จำกัด,19x27,Nattawut Junkong,19300.00,90%,2026-11-30,2026-09-05,23,Pending
D,262312,11x1036,บริษัท เชลล์แห่งประเทศไทย จำกัด,19x23,Vipoo Srisawadi,44700.00,50%,2026-12-24,2026-07-09,81,Pending
A,262313,11x206902,บริษัท คิงสแปน อินซูเลท พาแนลส์ (ประเทศไทย) จำกัด,19x88,Thanaaran Sirawattanamongkol,244590.00,70%,2026-09-30,2026-09-14,14,Pending
C,262314,11x1235,บริษัท บีเอเอสเอฟ (ไทย) จำกัด,19x74,Sujittra Tungprakobjaroen,60500.00,70%,2026-09-30,2026-09-08,20,Pending
D,262315,11x119254,บริษัท บีบีจีไอ ไบโอดีเซล จำกัด,19x23,Vipoo Srisawadi,900000.00,35%,2027-06-30,2026-09-07,21,Pending
U,262316,11x25020,บริษัท คิงส์ ออฟ วาล์ว (หาดใหญ่) จำกัด,19x88,Thanaaran Sirawattanamongkol,218500.00,70%,2026-09-30,2026-09-07,21,Pending
R,262317,11x9864,IRPC,19x90,Patthamanan Pudgajang,90000.00,100%,2026-09-30,2026-09-07,21,Pending
D,262318,11x119254,บริษัท บีบีจีไอ ไบโอดีเซล จำกัด,19x23,Vipoo Srisawadi,900000.00,70%,2026-09-30,2026-09-07,21,Pending
U,262319,11x303341,บริษัท ไอ.ที.ซี. (1993) จำกัด,19x88,Thanaaran Sirawattanamongkol,520000.00,35%,2026-12-18,2026-09-08,20,Pending
U,262320,11x1296,ห้างหุ้นส่วนจำกัด วิสรรการช่าง,19x23,Vipoo Srisawadi,48800.00,35%,2027-06-30,2026-09-07,21,Pending
A,262321,11x1266,บริษัท เหล็กแผ่นรีดเย็นไทย จำกัด (มหาชน),19x27,Nattawut Junkong,75500.00,70%,2026-09-30,2026-09-07,21,Pending
A,262322,11x1860,บริษัท ไทยดีเอนทีเพนท์ จำกัด,19x88,Thanaaran Sirawattanamongkol,44600.00,50%,2026-12-24,2026-09-07,21,Pending
U,262324,11x1749,บริษัท บลูรีฟริกเจอเรชั่น จำกัด,19x45,Pattamaporn Chadkurupin,45000.00,35%,2026-09-30,2026-09-07,21,Pending
D,262325,11x79226,Nestlé Purina PetCare,19x51,Benjamas Tanjit,50000.00,100%,2026-09-30,2026-09-07,21,Pending
A,262326,11x2796,บริษัท เพ็ท โฟกัส จำกัด,19x27,Nattawut Junkong,56230.00,100%,2026-09-30,2026-09-08,20,Pending
A,262327,11x2796,บริษัท เพ็ท โฟกัส จำกัด,19x27,Nattawut Junkong,39800.00,100%,2026-09-30,2026-09-08,20,Pending
A,262328,11x2796,บริษัท เพ็ท โฟกัส จำกัด,19x27,Nattawut Junkong,39800.00,100%,2026-09-30,2026-09-08,20,Pending
A,262329,11x2796,บริษัท เพ็ท โฟกัส จำกัด,19x27,Nattawut Junkong,39800.00,100%,2026-09-30,2026-09-08,20,Pending
A,262330,11x2439,บริษัท ลิกซิล (ประเทศไทย) จำกัด (มหาชน),19x19,Saovaluck Jangjai,56000.00,90%,2026-09-30,2026-09-08,20,Pending
B,262331,11x112778,"THAI MMA Co., Ltd.",19x51,Benjamas Tanjit,1200000.00,50%,2026-11-30,2026-09-07,21,Pending
U,262332,11x1000,บริษัท ฟินิคซ พัลพ แอนด์ เพเพอร์ จำกัด (มหาชน),19x34,Kanittha Cheryhom,62000.00,70%,2026-12-24,2026-09-07,21,Pending
B,262334,11x53490,GC POLYOL,19x78,Sarawut Viseshasiri,45000.00,70%,2026-09-30,2026-09-08,20,Pending
U,262335,11x2595,บริษัท สยามพาที จำกัด,19x27,Nattawut Junkong,42500.00,70%,2026-09-30,2026-09-08,20,Pending
U,262336,11x67818,บริษัท ไอทีเอส (ไทย) ซัพพลาย จำกัด,19x96,Itsaripharat Kamthong,410000.00,50%,2026-10-30,2026-09-08,20,Pending
C,262337,11x129696,"Bridgestone Specialty Tire Manufacturing(Thailand) Co.,Ltd.",19x51,Benjamas Tanjit,50000.00,35%,2027-06-30,2026-09-08,20,Pending
C,262338,11x1235,บริษัท บีเอเอสเอฟ (ไทย) จำกัด,19x74,Sujittra Tungprakobjaroen,125130.00,35%,2026-11-07,2026-09-08,20,Pending
D,262339,11x3014,บริษัท ปตท. น้ำมันและการค้าปลีก จำกัด (มหาชน),19x43,Katewadee Pratipagorn,40000.00,35%,2026-09-30,2026-09-08,20,Pending
C,262340,11x129696,"Bridgestone Specialty Tire Manufacturing(Thailand) Co.,Ltd.",19x51,Benjamas Tanjit,40000.00,35%,2027-06-30,2026-09-08,20,Pending
B,262341,11x958,บริษัท ทีพีไอ โพลีน จำกัด (มหาชน),19x89,Tanaporn Chanchanaroj,320000.00,35%,2027-06-30,2026-09-08,20,Pending
U,262342,11x240953,บริษัท สมาร์ท โปร อินเตอร์เทรด จำกัด,19x23,Vipoo Srisawadi,50000.00,90%,2026-09-30,2026-09-09,19,Pending
U,262345,11x185363,บริษัท เบเยอร์ จำกัด,19x88,Thanaaran Sirawattanamongkol,19600.00,50%,2027-06-30,2026-09-08,20,Pending
C,262346,11x186438,Poly plex,19x90,Patthamanan Pudgajang,141000.00,35%,2026-09-30,2026-09-08,20,Pending
U,262347,11x72785,บริษัท ทีเอสเค เอ็นจิเนียริ่ง (ไทยแลนด์) จำกัด,19x34,Kanittha Cheryhom,5900000.00,35%,2027-02-06,2026-09-08,20,Pending
C,262348,11x1276,บริษัท ไทยมิตซุยสเปเชียลตี้เคมีคอล จำกัด,19x92,Napadol Peoksangthip,594000.00,70%,2027-06-30,2026-09-08,20,Pending
B,262349,11x2904,บริษัท สวนอุตสาหกรรมโรจนะ จำกัด (มหาชน),19x23,Vipoo Srisawadi,80000.00,90%,2027-06-30,2026-09-15,13,Pending
D,262358,11x304065,unimit engineering,19x23,Vipoo Srisawadi,600000.00,35%,2027-06-30,2026-09-09,19,Pending
A,262359,11x21249,ซีพีเอฟ-กบินทร์บุรี,19x27,Nattawut Junkong,72380.00,70%,2026-12-31,2026-09-11,17,Pending
A,262360,11x21249,ซีพีเอฟ-กบินทร์บุรี,19x27,Nattawut Junkong,52730.00,70%,2026-12-31,2026-09-11,17,Pending
A,262361,11x21249,ซีพีเอฟ-กบินทร์บุรี,19x27,Nattawut Junkong,65000.00,70%,2026-12-31,2026-09-09,19,Pending
A,262362,11x21249,ซีพีเอฟ-กบินทร์บุรี,19x27,Nattawut Junkong,59720.00,70%,2026-12-31,2026-09-11,17,Pending
U,262363,11x173315,บริษัท เอเชี่ยน นิวทริชั่น จำกัด,19x88,Thanaaran Sirawattanamongkol,352000.00,35%,2026-12-25,2026-09-14,14,Pending
U,262561,11x211439,บริษัท มิตซูบิชิ เคมิคอล (ประเทศไทย)  จำกัด,19x96,Itsaripharat Kamthong,450000.00,50%,2026-10-30,2026-09-09,19,Pending
D,262562,11x2497,บริษัท เอชแอนด์อาร์ เคมฟาร์ม (ประเทศไทย) จำกัด,19x43,Katewadee Pratipagorn,980000.00,70%,2026-09-30,2026-09-09,19,Pending
D,262563,11x2298,บริษัท ซอสพริกไทยรุ่งเรือง จำกัด,19x43,Katewadee Pratipagorn,120000.00,90%,2026-09-30,2026-09-09,19,Pending
A,262564,11x1834,บริษัท ยูไนเต็ด ซัพพลาย แอนด์ มัลติเทรด จำกัด,19x43,Katewadee Pratipagorn,100000.00,90%,2026-09-30,2026-09-09,19,Pending
C,262565,11x157867,บริษัท เอส.เอส.การสุรา จำกัด,19x74,Sujittra Tungprakobjaroen,259000.00,70%,2026-09-30,2026-09-10,18,Pending
C,262566,11x20501,momentive,19x78,Sarawut Viseshasiri,100000.00,35%,2027-06-30,2026-09-10,18,Pending
U,262569,11x304106,บริษัท บิ้วสเกล เอ็นจิเนียริ่ง จำกัด,19x34,Kanittha Cheryhom,590000.00,35%,2026-11-07,2026-09-10,18,Pending
B,262570,11x35467,THAI POLYETHYLENE,19x51,Benjamas Tanjit,112500.00,35%,2026-09-30,2026-09-10,18,Pending
C,262571,11x304111,บริษัท เอ็นไวแคร์ จำกัด,19x92,Napadol Peoksangthip,2000000.00,50%,2027-06-30,2026-09-10,18,Pending
U,262572,11x65846,"Fairtech Co., Ltd",19x51,Benjamas Tanjit,31700.00,50%,2026-09-30,2026-09-10,18,Pending
C,262574,11x1869,บริษัท วนชัย กรุ๊ป จำกัด (มหาชน),19x34,Kanittha Cheryhom,68875.00,35%,2026-11-07,2026-09-10,18,Pending
C,262575,11x1240,บริษัท ทีโอเอ เพ้นท์ (ประเทศไทย)  จำกัด (มหาชน),19x77,Thitima Plaibua,48000.00,90%,2027-06-30,2026-09-10,18,Pending
U,262576,11x2706,บริษัท เอกศรา ซัพพลายเซอร์วิส จำกัด,19x45,Pattamaporn Chadkurupin,30000.00,35%,2026-09-30,2026-09-10,18,Pending
U,262577,11x109779,บริษัท สุรพลซูพรีมฟู้ดส์ จำกัด,19x45,Pattamaporn Chadkurupin,250000.00,35%,2026-09-30,2026-09-10,18,Pending
U,262578,11x1330,บริษัท บุญสูงเนิน ปั๊มแอนด์วาล์ว(ประเทศไทย) จำกัด,19x34,Kanittha Cheryhom,19500.00,35%,2026-11-07,2026-09-11,17,Pending
C,262579,11x304151,บริษัท เอแอลเอส แลบอราทอรี กรุ๊ป (ประเทศไทย) จำกัด,19x92,Napadol Peoksangthip,800000.00,35%,2027-06-30,2026-09-11,17,Pending
A,262580,11x1045,บริษัท เอสซีจี  เซรามิกส์ จำกัด (มหาชน),19x19,Saovaluck Jangjai,4000.00,70%,2026-09-30,2026-09-11,17,Pending
U,262582,11x304160,V V WIN,19x19,Saovaluck Jangjai,216000.00,50%,2026-11-30,2026-09-11,17,Pending
D,262583,11x2224,บริษัท น้ำมัน ไออาร์พีซี จำกัด,19x23,Vipoo Srisawadi,44800.00,50%,2027-06-30,2026-09-11,17,Pending
B,262584,11x1364,บริษัท กรุงไทยอาหารสัตว์ จำกัด (มหาชน),19x88,Thanaaran Sirawattanamongkol,350000.00,50%,2026-12-31,2026-09-14,14,Pending
A,262365,11x2796,บริษัท เพ็ท โฟกัส จำกัด,19x27,Nattawut Junkong,47000.00,90%,2026-09-30,2026-09-16,12,Pending
U,262588,11x304195,บริษัท ดี.เวลลิงตั้น (ไทยแลนด์) จำกัด,19x77,Thitima Plaibua,280000.00,50%,,2026-09-14,14,Pending
U,262589,11x226152,"U.A.E. Power Co.,Ltd.",19x89,Tanaporn Chanchanaroj,750000.00,35%,,2026-09-14,14,Pending
U,262590,11x260476,"K P Tech All Co.,Ltd.",19x89,Tanaporn Chanchanaroj,66000.00,50%,2027-06-30,2026-09-14,14,Pending
U,262591,11x2378,บริษัท สยามคราฟท์อุตสาหกรรม  จำกัด,19x34,Kanittha Cheryhom,75000.00,50%,,2026-09-14,14,Pending
U,262592,11x204826,บริษัท โรเททติ้ง เอ็นจิเนียริ่ง จำกัด,19x45,Pattamaporn Chadkurupin,50000.00,35%,2026-09-30,2026-09-14,14,Pending
A,262593,11x30866,NS BLUE SCOPE,19x90,Patthamanan Pudgajang,55000.00,35%,,2026-09-14,14,Pending
U,262594,11x223791,บริษัท ฟินิกซ์ ปั๊ม แอนด์ เอ็นจิเนียริ่ง จำกัด,19x23,Vipoo Srisawadi,100000.00,50%,2027-06-30,2026-09-14,14,Pending
A,262595,11x28609,บริษัท กรุงไทยอาหาร จำกัด (มหาชน),19x88,Thanaaran Sirawattanamongkol,149000.00,50%,2026-09-30,2026-09-14,14,Pending
U,262596,11x304224,ECIO SUPPLY COMPANY LIMITED,19x43,Katewadee Pratipagorn,100000.00,50%,,2026-09-18,10,Pending
U,262597,11x1296,ห้างหุ้นส่วนจำกัด วิสรรการช่าง,19x23,Vipoo Srisawadi,236000.00,50%,,2026-09-14,14,Pending
U,262598,11x173315,บริษัท เอเชี่ยน นิวทริชั่น จำกัด,19x88,Thanaaran Sirawattanamongkol,60000.00,50%,2026-09-30,2026-09-16,12,Pending
B,262600,11x2941,บริษัท  โรจนะ อินดัสเตรียล แมเนจเม้นท์ จำกัด,19x23,Vipoo Srisawadi,900000.00,50%,,2026-09-21,7,Pending
B,262601,11x2941,บริษัท  โรจนะ อินดัสเตรียล แมเนจเม้นท์ จำกัด,19x23,Vipoo Srisawadi,640000.00,50%,,2026-09-21,7,Pending
U,262603,11x304240,Hawaso,19x23,Vipoo Srisawadi,40000.00,50%,2027-06-30,2026-09-15,13,Pending
U,262366,11x2999,บริษัท ไทรอัมฟ์ เอ็นจิเนียริ่ง จำกัด,19x27,Nattawut Junkong,136000.00,90%,2026-12-31,2026-09-15,13,Pending
B,262604,11x193210,บริษัท โตโยต้า มอเตอร์ เอเชีย (ประเทศไทย) จำกัด,19x77,Thitima Plaibua,1000.00,100%,,2026-09-15,13,Pending
A,262605,11x22655,บริษัท ไก่สดเซนทาโก จำกัด,19x19,Saovaluck Jangjai,5200000.00,70%,2026-12-31,2026-09-15,13,Pending
C,262606,11x1470,บริษัท เทย์ก้า (ไทยแลนด์) จำกัด,19x74,Sujittra Tungprakobjaroen,703725.00,35%,2026-10-31,2026-09-15,13,Pending
B,262607,11x2940,บริษัท สวนอุตสาหกรรมโรจนะ จำกัด  (มหาชน),19x23,Vipoo Srisawadi,190000.00,50%,,2026-09-15,13,Pending
U,262608,11x2378,บริษัท สยามคราฟท์อุตสาหกรรม  จำกัด,19x34,Kanittha Cheryhom,250000.00,50%,2027-06-30,2026-09-15,13,Pending
U,262609,11x2692,บริษัท แอดวานซ์ ไซแอม เทค จำกัด,19x96,Itsaripharat Kamthong,44820.00,35%,2026-12-05,2026-09-16,12,Pending
U,262610,11x2658,บริษัท โกลบอล เอ็นจิเนียริ่ง โปรดัก ซัพพลาย จำกัด,19x96,Itsaripharat Kamthong,44820.00,35%,2026-12-05,2026-09-16,12,Pending
A,262613,11x1133,บริษัท เอ็น เอช เค สปริง (ประเทศไทย)  จำกัด,19x88,Thanaaran Sirawattanamongkol,35600.00,35%,2026-11-13,2026-09-16,12,Pending
R,262614,11x9612,PTT Global Chemical Public Company Limited,19x78,Sarawut Viseshasiri,200000.00,35%,,2026-09-16,12,Pending
C,262615,11x257798,บริษัท ไทย ไปป์ไลน์ เน็ตเวิร์ค จำกัด,19x43,Katewadee Pratipagorn,80000.00,90%,2026-10-31,2026-09-16,12,Pending
U,262616,11x304548,บริษัท อีเอส. เอ็นจิเนียริ่ง แอนด์ เซอร์วิส จำกัด,19x19,Saovaluck Jangjai,44000.00,50%,2026-11-30,2026-09-16,12,Pending
C,262617,11x129696,"Bridgestone Specialty Tire Manufacturing(Thailand) Co.,Ltd.",19x51,Benjamas Tanjit,30000.00,35%,,2026-09-16,12,Pending
U,262618,11x226152,"U.A.E. Power Co.,Ltd.",19x89,Tanaporn Chanchanaroj,40000.00,50%,,2026-09-16,12,Pending
C,262619,11x1476,บริษัท บริดจสโตนไทร์ แมนูแฟคเจอริ่ง (ประเทศไทย) จำกัด,19x34,Kanittha Cheryhom,499000.00,50%,,2026-09-16,12,Pending
U,262620,11x304557,Sanmax Control Ltd.Part,19x19,Saovaluck Jangjai,44000.00,50%,2026-10-31,2026-09-16,12,Pending
C,262621,11x257798,บริษัท ไทย ไปป์ไลน์ เน็ตเวิร์ค จำกัด,19x43,Katewadee Pratipagorn,300000.00,70%,2026-10-30,2026-09-16,12,Pending
D,262623,11x2723,บริษัท เอเชี่ยน แอสฟัลท์ จำกัด,19x45,Pattamaporn Chadkurupin,100000.00,35%,2026-09-30,2026-09-16,12,Pending
U,262624,11x1405,บริษัท อี-สแควร์ สิ่งแวดล้อมและวิศวกรรม จำกัด,19x92,Napadol Peoksangthip,700000.00,35%,2026-10-30,2026-09-16,12,Pending
C,262625,11x1476,บริษัท บริดจสโตนไทร์ แมนูแฟคเจอริ่ง (ประเทศไทย) จำกัด,19x34,Kanittha Cheryhom,60000.00,70%,,2026-09-17,11,Pending
U,262626,11x50554,บริษัท วีทรีพี เอ็นจิเนียริ่ง จำกัด,19x88,Thanaaran Sirawattanamongkol,37500.00,90%,2026-11-30,2026-09-18,10,Pending
R,262627,11x2660,บริษัท ฟรียาบาดี (ประเทศไทย) จำกัด,19x78,Sarawut Viseshasiri,0.00,35%,,2026-09-17,11,Pending
U,262628,11x1749,บริษัท บลูรีฟริกเจอเรชั่น จำกัด,19x45,Pattamaporn Chadkurupin,43390.00,35%,2026-09-30,2026-09-17,11,Pending
D,262369,11x2723,บริษัท เอเชี่ยน แอสฟัลท์ จำกัด,19x45,Pattamaporn Chadkurupin,500000.00,35%,2026-09-30,2026-09-17,11,Pending
C,262629,11x1240,บริษัท ทีโอเอ เพ้นท์ (ประเทศไทย)  จำกัด (มหาชน),19x77,Thitima Plaibua,200000.00,50%,,2026-09-17,11,Pending
C,262630,11x2530,บริษัท อธิมาตร จำกัด,19x74,Sujittra Tungprakobjaroen,161310.00,35%,2026-10-31,2026-09-17,11,Pending
D,262370,11x43752,บริษัท สยามแก๊ส แอนด์ ปิโตรเคมีคัลส์ จำกัด (มหาชน),19x45,Pattamaporn Chadkurupin,20000.00,35%,2026-09-30,2026-09-17,11,Pending
U,262371,11x2792,บริษัท จี อินนอฟ จำกัด,19x27,Nattawut Junkong,31400.00,70%,2026-09-30,2026-09-17,11,Pending
B,262631,11x40684,THAI NITRATE,19x51,Benjamas Tanjit,150000.00,35%,2026-10-30,2026-09-17,11,Pending
B,262632,11x1153,บริษัท ไทย เปอร์อ๊อกไซด์ จำกัด,19x77,Thitima Plaibua,500000.00,50%,2027-06-30,2026-09-17,11,Pending
D,262372,11x304594,บริษัท พี.เอส.พี.สเปเชียลตี้ส์ จำกัด (มหาชน),19x45,Pattamaporn Chadkurupin,197500.00,35%,2026-09-30,2026-09-18,10,Pending
A,262633,11x1030,บริษัท นิปปอนเพนต์ (ประเทศไทย) จำกัด,19x88,Thanaaran Sirawattanamongkol,120000.00,35%,2026-10-30,2026-09-17,11,Pending
C,262373,11x107738,บริษัท บีบีจีไอ ไบโอเอทานอล จำกัด (มหาชน),19x23,Vipoo Srisawadi,100000.00,50%,,2026-09-17,11,Pending
C,262634,11x1240,บริษัท ทีโอเอ เพ้นท์ (ประเทศไทย)  จำกัด (มหาชน),19x77,Thitima Plaibua,110000.00,35%,,2026-09-17,11,Pending
U,262636,11x4815,บริษัทไอ-คอนส์ เอเชีย จำกัด,19x77,Thitima Plaibua,42000.00,35%,,2026-09-18,10,Pending
U,262637,11x1405,บริษัท อี-สแควร์ สิ่งแวดล้อมและวิศวกรรม จำกัด,19x92,Napadol Peoksangthip,1000000.00,35%,2026-11-30,2026-09-18,10,Pending
A,262638,11x250241,TECHNICAL THAI SERVICE COMPANY LIMITED,19x51,Benjamas Tanjit,50000.00,70%,2026-09-30,2026-09-18,10,Pending
A,262639,11x2814,บริษัท เจ.ไอ.ที.อีควิปเม้นท์ จำกัด,19x77,Thitima Plaibua,90000.00,50%,,2026-09-18,10,Pending
B,262640,11x996,บริษัท ไทยอคริลิค ไฟเบอร์ จำกัด,19x92,Napadol Peoksangthip,30000.00,35%,,2026-09-18,10,Pending
D,262641,11x1010,บริษัท บางจาก คอร์ปอเรชั่น จำกัด (มหาชน),19x23,Vipoo Srisawadi,96000000.00,35%,2027-06-30,2026-09-18,10,Pending
U,262642,11x1330,บริษัท บุญสูงเนิน ปั๊มแอนด์วาล์ว(ประเทศไทย) จำกัด,19x34,Kanittha Cheryhom,24700.00,35%,2026-11-07,2026-09-18,10,Pending
U,262643,11x1038,บริษัท วาย.โอ.เยนเนอรัล ซัพพลาย(1983)  จำกัด,19x27,Nattawut Junkong,220000.00,35%,2027-01-31,2026-09-18,10,Pending
A,262374,11x75253,ซีพีเอฟ-ศรีสะเกษ,19x27,Nattawut Junkong,167000.00,70%,2026-12-31,2026-09-19,9,Pending
U,262644,11x1330,บริษัท บุญสูงเนิน ปั๊มแอนด์วาล์ว(ประเทศไทย) จำกัด,19x34,Kanittha Cheryhom,83125.00,35%,2026-11-07,2026-09-21,7,Pending
A,262646,11x1133,บริษัท เอ็น เอช เค สปริง (ประเทศไทย)  จำกัด,19x88,Thanaaran Sirawattanamongkol,25000.00,35%,2026-12-11,2026-09-21,7,Pending
B,262647,11x1120,บริษัท อดิตยา เบอร์ล่า เคมีคัลส์ (ประเทศไทย)  จำกัด,19x77,Thitima Plaibua,25000.00,50%,,2026-09-21,7,Pending
U,262648,11x1241,บริษัท ปัญจพล เปเปอร์ อินดัสตรี้ จำกัด,19x34,Kanittha Cheryhom,400000.00,50%,2026-10-30,2026-09-21,7,Pending
A,262649,11x1052,บริษัท โตโยอิ๊งค์ (ประเทศไทย) จำกัด,19x88,Thanaaran Sirawattanamongkol,3200.00,50%,2026-11-20,2026-09-21,7,Pending
C,262651,11x933,บริษัท อีเทอนัล เรซิ่น จำกัด,19x77,Thitima Plaibua,50000.00,70%,,2026-09-21,7,Pending
U,262652,11x253582,บริษัท เอเนอร์โฟล จำกัด,19x78,Sarawut Viseshasiri,1780000.00,35%,2026-12-31,2026-09-22,6,Pending
A,262653,11x1052,บริษัท โตโยอิ๊งค์ (ประเทศไทย) จำกัด,19x88,Thanaaran Sirawattanamongkol,98500.00,35%,2026-12-25,2026-09-21,7,Pending
C,262654,11x24402,บริษัท ไทย เคเค อุตสาหกรรม จำกัด,19x92,Napadol Peoksangthip,65000.00,35%,2027-06-30,2026-09-21,7,Pending
U,262655,11x37475,ALLNEX,19x51,Benjamas Tanjit,13500.00,70%,2026-10-30,2026-09-21,7,Pending
B,262656,11x1853,DOW  CHEMICAL THAILAND LIMITED,19x51,Benjamas Tanjit,30000.00,50%,2026-10-30,2026-09-21,7,Pending
A,262657,11x1697,บริษัท อีเทอนอล ซากาตะ อิ้งซ์  จำกัด,19x88,Thanaaran Sirawattanamongkol,34500.00,35%,2026-11-27,2026-09-22,6,Pending
C,262658,11x930,บริษัท ยูนิลีเวอร์ ไทยโฮลดิ้งส์ จำกัด,19x74,Sujittra Tungprakobjaroen,65000.00,35%,2026-11-07,2026-09-22,6,Pending
D,262659,11x1036,บริษัท เชลล์แห่งประเทศไทย จำกัด,19x23,Vipoo Srisawadi,1000000.00,50%,,2026-09-22,6,Pending
U,262660,11x1241,บริษัท ปัญจพล เปเปอร์ อินดัสตรี้ จำกัด,19x34,Kanittha Cheryhom,830000.00,50%,,2026-09-22,6,Pending
U,262375,11x24224,ซีพีเอฟ-ท่าเรือ,19x27,Nattawut Junkong,65000.00,70%,2026-12-31,2026-09-22,6,Pending
U,262376,11x2706,บริษัท เอกศรา ซัพพลายเซอร์วิส จำกัด,19x45,Pattamaporn Chadkurupin,90000.00,35%,2026-09-30,2026-09-22,6,Pending
U,262661,11x305467,"Global Star Co., Ltd.",19x74,Sujittra Tungprakobjaroen,482000.00,35%,2026-11-07,2026-09-22,6,Pending
D,262377,11x120944,บริษัท ไทยเมทัลโปรดักส์อินดัสตรีย์ จำกัด,19x45,Pattamaporn Chadkurupin,1200000.00,35%,2026-09-30,2026-09-22,6,Pending
B,262662,11x305482,toparch,19x23,Vipoo Srisawadi,570000.00,35%,,2026-09-22,6,Pending
A,262663,11x1187,บริษัท สีไทยกันไซเพ้นท์ จำกัด (รง.เทพารักษ์),19x88,Thanaaran Sirawattanamongkol,66000.00,35%,2026-11-20,2026-09-22,6,Pending
U,262664,11x1115,บริษัท ไทคิชา (ประเทศไทย) จำกัด,19x77,Thitima Plaibua,14000.00,100%,,2026-09-22,6,Pending
C,262665,11x930,บริษัท ยูนิลีเวอร์ ไทยโฮลดิ้งส์ จำกัด,19x74,Sujittra Tungprakobjaroen,1500000.00,35%,2026-12-05,2026-09-22,6,Pending
A,262666,11x35769,NHK Spring,19x88,Thanaaran Sirawattanamongkol,850000.00,50%,2026-12-30,2026-09-22,6,Pending
U,262667,11x927,บริษัท ไทยเซ็มคอน จำกัด,19x88,Thanaaran Sirawattanamongkol,4000000.00,50%,2026-10-30,2026-09-22,6,Pending
A,262378,11x9653,ซีพีเอฟ-กม.21,19x27,Nattawut Junkong,258000.00,90%,2026-10-31,2026-09-22,6,Pending
B,266668,11x12248,"SCG Chemicals Co.,Ltd.",19x89,Tanaporn Chanchanaroj,192000.00,50%,,2026-09-23,5,Pending
U,262668,11x1405,บริษัท อี-สแควร์ สิ่งแวดล้อมและวิศวกรรม จำกัด,19x92,Napadol Peoksangthip,89000.00,35%,2026-10-30,2026-09-23,5,Pending
R,262669,11x305551,บริษัท สยามเอ็นไวรอนเมนทอลเทคโนโลยี่ จำกัด,19x92,Napadol Peoksangthip,51000.00,35%,,2026-09-23,5,Pending
A,262670,11x274831,"Thai Specialty Chemical Co., Ltd.",19x89,Tanaporn Chanchanaroj,20000.00,50%,,2026-09-23,5,Pending
D,262379,11x2003,บริษัท เอไอ เอนเนอร์จี จำกัด (มหาชน),19x45,Pattamaporn Chadkurupin,200000.00,35%,2026-09-30,2026-09-23,5,Pending
U,262380,11x305559,"KMH Automation  Co.,Ltd.",19x78,Sarawut Viseshasiri,50000.00,35%,,2026-09-23,5,Pending
U,262382,11x24224,ซีพีเอฟ-ท่าเรือ,19x27,Nattawut Junkong,100000.00,90%,2026-10-31,2026-09-23,5,Pending
U,262671,11x234120,ห้างหุ้นส่วนจำกัด พี.เค ซัพพลาย อุตสาหกรรม,19x34,Kanittha Cheryhom,36000.00,50%,,2026-09-23,5,Pending
A,262672,11x2814,บริษัท เจ.ไอ.ที.อีควิปเม้นท์ จำกัด,19x77,Thitima Plaibua,100000.00,50%,,2026-09-23,5,Pending
A,262673,11x2814,บริษัท เจ.ไอ.ที.อีควิปเม้นท์ จำกัด,19x77,Thitima Plaibua,50000.00,35%,,2026-09-23,5,Pending
U,262674,11x184974,"MCLS Asia Co.,Ltd",19x90,Patthamanan Pudgajang,35000.00,35%,2026-10-30,2026-09-23,5,Pending
A,262675,11x2572,บริษัท เฉียวฟู(ไทยแลนด์)จำกัด,19x88,Thanaaran Sirawattanamongkol,57800.00,35%,2026-12-11,2026-09-23,5,Pending
A,262676,11x1697,บริษัท อีเทอนอล ซากาตะ อิ้งซ์  จำกัด,19x88,Thanaaran Sirawattanamongkol,6000.00,90%,2026-09-30,2026-09-23,5,Pending
U,262677,11x2756,บริษัท ผลิตโชควิศวกรรม จำกัด,19x34,Kanittha Cheryhom,106000.00,50%,,2026-09-23,5,Pending
C,262678,11x1476,บริษัท บริดจสโตนไทร์ แมนูแฟคเจอริ่ง (ประเทศไทย) จำกัด,19x34,Kanittha Cheryhom,110000.00,50%,,2026-09-23,5,Pending
B,262679,11x178180,NEUMAN & ESSER South-East Asia Ltd,19x51,Benjamas Tanjit,26000.00,50%,2026-10-30,2026-09-23,5,Pending
A,262680,11x1697,บริษัท อีเทอนอล ซากาตะ อิ้งซ์  จำกัด,19x88,Thanaaran Sirawattanamongkol,30000.00,90%,,2026-09-23,5,Pending
U,262681,11x253582,บริษัท เอเนอร์โฟล จำกัด,19x78,Sarawut Viseshasiri,780000.00,35%,2026-12-31,2026-09-24,4,Pending
U,262682,11x2674,บริษัท ซิสทาโน่ จำกัด,19x43,Katewadee Pratipagorn,50000.00,50%,,2026-09-24,4,Pending
U,262683,11x253582,บริษัท เอเนอร์โฟล จำกัด,19x78,Sarawut Viseshasiri,500000.00,35%,,2026-09-24,4,Pending
U,262383,11x23469,เบทาโกร-วิศวกรรมส่วนกลาง,19x27,Nattawut Junkong,1000000.00,90%,2026-12-31,2026-09-24,4,Pending
A,262384,11x35017,คาร์กิลล์สยาม-นครปฐม,19x27,Nattawut Junkong,60000.00,90%,2026-10-31,2026-09-24,4,Pending
U,262686,11x176632,บริษัท พรีเมียร์ กรีนเพาเวอร์ จำกัด,19x43,Katewadee Pratipagorn,400000.00,100%,2026-09-30,2026-09-24,4,Pending
A,262385,11x35017,คาร์กิลล์สยาม-นครปฐม,19x27,Nattawut Junkong,50000.00,70%,2026-10-31,2026-09-24,4,Pending
C,262687,11x2189,บริษัท ไทยเบฟเวอเรจ เอ็นเนอร์ยี่ จำกัด,19x74,Sujittra Tungprakobjaroen,236645.00,35%,2026-11-07,2026-09-24,4,Pending
U,262688,11x257395,หจก.ธีรวิญญ์ เอ็นจิเนียริ่ง,19x74,Sujittra Tungprakobjaroen,183000.00,35%,2026-10-31,2026-09-24,4,Pending
R,262689,11x305551,บริษัท สยามเอ็นไวรอนเมนทอลเทคโนโลยี่ จำกัด,19x92,Napadol Peoksangthip,15000.00,50%,,2026-09-25,3,Pending
C,262690,11x25909,บริษัท อุบล ไบโอ เอทานอล จำกัด (มหาชน),19x74,Sujittra Tungprakobjaroen,580000.00,70%,,2026-09-25,3,Pending
B,262691,11x178180,NEUMAN & ESSER South-East Asia Ltd,19x51,Benjamas Tanjit,900000.00,35%,2026-10-30,2026-09-25,3,Pending
D,262693,11x2125,บริษัท ดับเบิ้ลยูจีซี จำกัด,19x34,Kanittha Cheryhom,380000.00,35%,2026-11-07,2026-09-25,3,Pending
U,262694,11x305683,,19x37,19x37,255000.00,35%,2026-11-07,2026-09-25,3,Pending
D,262695,11x1080,HMC Polymers Company  Limited,19x90,Patthamanan Pudgajang,27000.00,35%,2026-10-30,2026-09-25,3,Pending
U,262696,11x21636,บริษัท โนวาซิล (ไทยแลนด์) จำกัด,19x74,Sujittra Tungprakobjaroen,2600000.00,70%,2026-10-30,2026-09-25,3,Pending
U,262697,11x305709,,19x90,Patthamanan Pudgajang,29000.00,35%,2026-10-30,2026-09-25,3,Pending
A,262386,11x22766,ซีพีเอฟ-ขอนแก่น,19x27,Nattawut Junkong,314000.00,70%,2026-10-31,2026-09-26,2,Pending
A,262698,11x1086,บริษัท แหลมทองเกษตรภัณฑ์ จำกัด,19x88,Thanaaran Sirawattanamongkol,30000.00,50%,2026-10-30,2026-09-28,0,Pending
A,262699,11x1187,บริษัท สีไทยกันไซเพ้นท์ จำกัด (รง.เทพารักษ์),19x88,Thanaaran Sirawattanamongkol,35000.00,90%,2026-10-30,2026-09-28,0,Pending
