client_id,company_name,registered_capital_m,machine_horsepower,tsic_code,revenue_latest_year,province,match_source,dbd_status
11x919,บริษัท ยางสยาม จำกัด (มหาชน),,,,,,,
11x920,บริษัท เจริญโภคภัณฑ์อาหาร จำกัด (มหาชน),887.0,27072.25,10801,,สระบุรี,DIW register,
11x921,บริษัท เจริญโภคภัณฑ์อาหาร จำกัด  (มหาชน),887.0,27072.25,10801,,สระบุรี,DIW register,
11x922,บริษัท ช.การช่าง จำกัด (มหาชน),27.0,1147.5,19209,,สมุทรปราการ,DIW register,
11x923,บริษัท แสงประดิษฐ์ เทรดดิ้ง จำกัด,10.0,,47593,,กรุงเทพมหานคร,DBD API (TaxID),เลิก
11x924,บริษัท เนาวรัตน์พัฒนาการ จำกัด (มหาชน),32.75,566.72,23953,,กรุงเทพมหานคร,DIW register,
11x925,บริษัท โตโย-ไทย คอร์ปอเรชั่น จำกัด (มหาชน),,,,,,,
11x926,บริษัท เบทาโกร  จำกัด (มหาชน),48.434088,7238.85,10801,,สมุทรปราการ,DIW register,
11x927,บริษัท ไทยเซ็มคอน จำกัด,0.0,0,25922,,ชลบุรี,DIW register,
11x928,บริษัท ยูไนเต็ด ซิลิกา (สยาม) จำกัด,,,,,,,
11x929,บริษัท ผาแดงอินดัสทรี จำกัด (มหาชน),3943.128,8101.93,24101,,ระยอง,DIW register,
11x930,บริษัท ยูนิลีเวอร์ ไทยโฮลดิ้งส์ จำกัด,0.0,11491.55,10503,,กรุงเทพมหานคร,DIW register,
11x931,บริษัท อุตสาหกรรมวิวัฒน์ จำกัด,,,,,,,
11x932,บริษัท พีแซท คัสสัน (ประเทศไทย) จำกัด,443.0,13281.34,20231,,ปทุมธานี,DIW register,
11x933,บริษัท อีเทอนัล เรซิ่น จำกัด,4388.515832,26220.93,20299,,สมุทรปราการ,DIW register,
11x934,บริษัท สยามมอดิฟายด์ สตาร์ช จำกัด,185.0,16147.49,10616,,ปทุมธานี,DIW register,
11x935,บริษัท ศักดิ์ไชยสิทธิ จำกัด,1161.12,35567.24,20113,,ระยอง,DIW register,
11x936,บริษัท สยามมิชลิน จำกัด,7.52,58765.15,22112,,สมุทรปราการ,DIW register,
11x937,บริษัท ไทยเทพรส จำกัด (มหาชน),19.79,19415.11,10799,,สมุทรปราการ,DIW register,
11x938,บริษัท ไทยอีพอกซี่แอนด์อัลลายด์ โปรดักส์ จำกัด,,,,,,,
11x939,บริษัท ไทยอาซาฮีเคมีภัณฑ์ จำกัด,300.0,131859.23000000001,20113,,ระยอง,DIW register,
11x940,"AGC CHEMICALS (THAILAND) CO., LTD.",,,,,,,
11x941,บริษัท ยูโรเปี้ยนฟู้ด จำกัด (มหาชน),17.0,93.5,10711,,สมุทรปราการ,DIW register,
11x942,บริษัท วีนิไทย จำกัด (มหาชน),4603.98,53690.36,20113,,ระยอง,DIW register,
11x943,บริษัท ไทยโพลิเอททีลีน จำกัด,30357.0,51865.599999999999,20113,,ระยอง,DIW register,
11x944,บริษัท โตกุยามา สยามซิลิกา จำกัด,,,,,,,
11x945,"AGC CHEMICALS (THAILAND) CO.,LTD.",,,,,,,
11x946,บริษัท ไทยพลาสติก และ เคมีภัณฑ์ จำกัด  (มหาชน),7866.19,61887.37,20113,,ระยอง,DIW register,
11x947,บริษัท เอสโซ่แสตนดาร์ดประเทศไทย จำกัด,,,,,,,
11x948,บริษัท เพาเวอร์-พี จำกัด จำกัด,,,,,,,
11x949,บริษัท การ์เดียนอินดัสทรีส์ คอร์ป จำกัด,0.0,104459.8,23101,,สระบุรี,DIW register,
11x950,บริษัท ปตท.สำรวจและผลิตปิโตรเลียม จำกัด (มหาชน),3969.99,,19201,,กรุงเทพมหานคร,DBD API (TaxID),ยังดำเนินกิจการอยู่
11x951,บริษัท สยามแก๊ส อินดัสเทรียล จำกัด,,,,,,,
11x952,บริษัท คอลเกต-ปาล์มโอลีฟ (ประเทศไทย)  จำกัด,2591.0,4820.3599999999997,20231,,ชลบุรี,DIW register,
11x953,บริษัท มหพันธ์กระเบื้องคอนกรีต จำกัด,,,,,,,
11x954,บริษัท ปูนซิเมนต์ไทย จำกัด (มหาชน),158.0,4500,23961,,สระบุรี,DIW register,
11x955,บริษัท ไทยยูเนี่ยน โฟรเซ่นโปรดักส์ จำกัด (มหาชน),,,,,,,
11x956,บริษัท ปตท.สผ. สยาม จำกัด,100.0,,46614,,กรุงเทพมหานคร,DBD API (TaxID),ยังดำเนินกิจการอยู่
11x957,บริษัท ไทย เอ็มเอฟซี จำกัด,579.762,4142.3999999999996,20113,,ระยอง,DIW register,
11x958,บริษัท ทีพีไอ โพลีน จำกัด (มหาชน),263.0,2003.87,23951,,ปทุมธานี,DIW register,
11x959,บริษัท ปูนซีเมนต์เอเซีย จำกัด (มหาชน),6603.0,418867.9,23941,,สระบุรี,DIW register,
11x960,บริษัท การบินไทย จำกัด (มหาชน),4564.89219,11916.33,30300,,กรุงเทพมหานคร,DIW register,
11x961,บริษัท สยามแบตเตอรี อินดัสทรี จำกัด,60.0,,20299,,กรุงเทพมหานคร,DBD API (TaxID),ยังดำเนินกิจการอยู่
11x962,บริษัท บางกอกกล๊าส จำกัด,3620.0,,23102,,ปทุมธานี,DBD API (TaxID),ยังดำเนินกิจการอยู่
11x963,บริษัท โรเดีย ไทย อินดัสตรีส์ จำกัด,,,,,,,
11x964,บริษัท ควอลิตี้ คอฟฟี่ โปรดักท์ส จำกัด,700.0,4382.3900000000003,11049,,ปทุมธานี,DIW register,
11x965,บริษัท มาลีสามพราน จำกัด (มหาชน),,,,,,,
11x966,บริษัท เหล่าธงสิงห์ จำกัด,37.0,6985.14,10491,,สมุทรปราการ,DIW register,
11x967,บริษัท โกชู โคซัน จำกัด,64.0,0,27503,,สมุทรปราการ,DIW register,
11x968,บริษัท อินซูคอนและบริการ จำกัด,,,,,,,
11x969,บริษัท อินเตอร์โปรเจ็ค เอ็นจิเนียริ่ง จำกัด,,,,,,,
11x970,บริษัท จาร์ดีนแมธทีสัน (ประเทศไทย)    จำกัด,,,,,,,
11x971,บริษัท อิตาเลียนไทย ดีเวล๊อปเมนต์ จำกัด  (มหาชน),657.0,4190.7,38300,,สมุทรปราการ,DIW register,
11x972,บริษัท พร้อมใจ วิศวกรรม จำกัด,,,,,,,
11x973,บริษัท เพอร์เฟค คอมพาเนียน กรุ๊ป จำกัด,937.186,5310.58,10503,,สมุทรปราการ,DIW register,
11x974,บริษัท พรอคเตอร์ แอนด์ แกมเบิล แมนูแฟคเจอริ่ง (ประเทศไทย) จำกัด,316.0,1732.5,20232,,สมุทรปราการ,DIW register,
11x975,บริษัท สยามอุตสาหกรรม (1991) จำกัด (สาย 2),,,,,,,
11x976,บริษัท ชลิตยา จำกัด,,,,,,,
11x977,บริษัท อีสต์เอเชียติก (ประเทศไทย)   จำกัด,,,,,,,
11x978,บริษัท ขนส่งน้ำมันทางท่อ จำกัด,5000.0,,50221,,กรุงเทพมหานคร,DBD API (TaxID),ยังดำเนินกิจการอยู่
11x979,บริษัท ซีย์เวฟ (ประเทศไทย) จำกัด,,,,,,,
11x980,บริษัท ปิโตรเคมีแห่งชาติ จำกัด (มหาชน),,,,,,,
11x981,บริษัท พัฒน์กล จำกัด (มหาชน),15.62,605.5,28160,,กรุงเทพมหานคร,DIW register,
11x982,บริษัท โซลเวย์ เพอรอกซิไทย จำกัด,1125.0,7242,20113,,ระยอง,DIW register,
11x983,บริษัท ปูนซิเมนต์ไทย (ท่าหลวง) จำกัด (โรงงานท่าหลวง),301.0,2236,37000,,สระบุรี,DIW register,
11x984,บริษัท กระเบื้องกระดาษไทย จำกัด,244.57889,152.4,25111,,สระบุรี,DIW register,
11x985,บริษัท ไทยพลาสติกและเคมีภัณฑ์  จำกัด  (มหาชน),7866.19,61887.37,20113,,ระยอง,DIW register,
11x986,บริษัท น้ำมันพืชไทย จำกัด (มหาชน),15.52,585,1630,,นครปฐม,DIW register,
11x987,บริษัท ธนากรผลิตภัณฑ์น้ำมันพืช จำกัด,12.5,28080.05,10491,,สมุทรปราการ,DIW register,
11x988,บริษัท กระดาษสหไทย จำกัด (มหาชน),,,,,,,
11x989,บริษัท ยูเนี่ยนอุตสาหกรรมสิ่งทอ จำกัด (มหาชน),82.0,14844.1,13111,,สมุทรปราการ,DIW register,
11x990,บริษัท เชฟรอนประเทศไทยสำรวจและผลิต จำกัด,694.6,1059.05,30300,,นครศรีธรรมราช,DIW register,
11x991,บริษัท วอเตอร์ กรุ๊ป จำกัด,25.0,,46530,,กรุงเทพมหานคร,DBD API (TaxID),ยังดำเนินกิจการอยู่
11x992,บริษัท อะโรเมติกส์ (ประเทศไทย) จำกัด (มหาชน),,,,,,,
11x993,บริษัท แกรนด์ แปซิฟิค เคมีคอล(ประเทศ ไทย) จำกัด,,,,,,,
11x994,บริษัท สยาม ควอลิตี้ สตาร์ช จำกัด,54.0,61920.56,10612,,ชัยภูมิ,DIW register,
11x995,บริษัท เทยิน (ประเทศไทย) จำกัด,12.3,51042.23,20131,,พระนครศรีอยุธยา,DIW register,
11x996,บริษัท ไทยอคริลิค ไฟเบอร์ จำกัด,1066.8,67616.19,20131,,สระบุรี,DIW register,
11x997,บริษัท สำปะหลังพัฒนา จำกัด,145.12,7123.06,10612,,ระยอง,DIW register,
11x998,บริษัท เค ซี อี อินเตอร์เนชั่นแนล จำกัด,958.0,0,26402,,สมุทรปราการ,DIW register,
11x999,บริษัท ผลิตภัณฑ์กระดาษไทย จำกัด,974.0,41758.730000000003,16292,,ราชบุรี,DIW register,
11x1000,บริษัท ฟินิคซ พัลพ แอนด์ เพเพอร์ จำกัด (มหาชน),3065.6,143408.54,16292,,ขอนแก่น,DIW register,
11x1001,บริษัท ยูไนเต็ด เปเปอร์ จำกัด (มหาชน),1150.0,47650.7,17012,,ปราจีนบุรี,DIW register,
11x1002,บริษัท เอสซีจี เปเปอร์ จำกัด (มหาชน),,,,,,,
11x1003,บริษัท สยามคราฟท์อุตสาหกรรม จำกัด,7.8417,220,23991,,นนทบุรี,DIW register,
11x1004,บริษัท โรงงานอุตสาหกรรมกระดาษบางปะอิน จำกัด,310.262457,40174.199999999997,17012,,พระนครศรีอยุธยา,DIW register,
11x1005,บริษัท ปัญจพล ไฟเบอร์ คอนเทนเนอร์ จำกัด,100.0,4751.91,17020,,สมุทรปราการ,DIW register,
11x1006,บริษัท อายิโนะโมะโต๊ะ (ประเทศไทย) จำกัด,17.0,92.01,10722,,สมุทรปราการ,DIW register,
11x1007,บริษัท แอพไพลแอ๊นซ์ เทคโนโลยี่ ซัพพลายส์ จำกัด,10.0,,46599,,กรุงเทพมหานคร,DBD API (TaxID),ยังดำเนินกิจการอยู่
11x1008,บริษัท กม.18 วิศวกรรม จำกัด,215.0,428.65,28299,,พระนครศรีอยุธยา,DIW register,
11x1009,บริษัท กรุงเทพผลิตเหล็ก จำกัด (มหาชน),180.75,342.5,25111,,สมุทรปราการ,DIW register,
11x1010,บริษัท บางจาก คอร์ปอเรชั่น จำกัด (มหาชน),19236.14999,470270.75,19201,,กรุงเทพมหานคร,DIW register,
11x1011,บริษัท บุญเยี่ยมและสหาย จำกัด,20.0,,46599,,กรุงเทพมหานคร,DBD API (TaxID),ยังดำเนินกิจการอยู่
11x1012,บริษัท ไบเออร์ไทย จำกัด,0.0,0,20121,,สมุทรปราการ,DIW register,
11x1013,บริษัท คาร์กิลล์สยาม จำกัด,89.3,2817.06,10801,,ฉะเชิงเทรา,DIW register,
11x1014,บริษัท เจริญโภคภัณฑ์อีสาน จำกัด (มหาชน),,,,,,,
11x1015,บริษัท อาโครม่า เท็กซ์ไทล์ เอฟเฟคส์ (ประเทศไทย) จำกัด,91.686967,8630.43,20112,,สมุทรสาคร,DIW register,
11x1016,บริษัท ช.เคมีไทย จำกัด,23.0,6850.65,20113,,สมุทรสาคร,DIW register,
11x1017,บริษัท ซีทีซีไอ (ประเทศไทย) จำกัด,46.0,590.6,25111,,ระยอง,DIW register,
11x1018,บริษัท อีเทอนัล เรซิ่น จำกัด (ไม่ใช้),680.0,,20113,,กรุงเทพมหานคร,DBD API (TaxID),ยังดำเนินกิจการอยู่
11x1019,บริษัท ค็อกนิสไทย จำกัด,,,,,,,
11x1020,บริษัท ฮันซ่า อินเตอร์เนชั่นแนล จำกัด,17.7,,46593,,กรุงเทพมหานคร,DBD API (TaxID),ยังดำเนินกิจการอยู่
11x1021,บริษัท โคห์เลอร์ (ประเทศไทย) จำกัด (มหาชน),321.0,580.48,22210,,สระบุรี,DIW register,
11x1022,บริษัท อั๊คโซ่ โนเบล เพ้นท์ส (ประเทศไทย) จำกัด,0.0,0,20221,,ชลบุรี,DIW register,
11x1023,บริษัท ปตท. จำกัด (มหาชน)(ยกเลิก),,,,,,,
11x1024,บริษัท ไทย อัมบิก้า เคมีคัลส์ จำกัด,97.351745,7379.93,20113,,สมุทรปราการ,DIW register,
11x1025,บริษัท ราชาชูรส จำกัด,0.0,74054.5,10774,,ราชบุรี,DIW register,
11x1026,บริษัท ABB ประเทศไทย จำกัด,,,,,,,
11x1027,บริษัท มรกต อินดัสตรี้ส์ จำกัด (มหาชน),,,,,,,
11x1028,บริษัท พี.เอส.พี. สเปเชียลตี้ส์ จำกัด,128.0,3788.25,19209,,สมุทรสาคร,DIW register,
11x1029,บริษัท อุตสาหกรรมโฟมลัคกี้ จำกัด,43.9,434.9,20131,,สมุทรสาคร,DIW register,
11x1030,บริษัท นิปปอนเพนต์ (ประเทศไทย) จำกัด,766.240611,6167.45,20221,,สมุทรปราการ,DIW register,
11x1031,บริษัท แป้งมันสมเด็จ จำกัด,96.0,8483.5,10612,,กาฬสินธุ์,DIW register,
11x1032,บริษัท แปซิฟิคพลาสติคส์ ( ประเทศไทย)  จำกัด,,,,,,,
11x1033,บริษัท รอยัล ปอร์ซเลน จำกัด (มหาชน),217.383,25409.81,23939,,สระบุรี,DIW register,
11x1034,บริษัท รอยัล อินดัสตรีส์ (ไทยแลนด์)   จำกัด (มหาชน),90.66,1752.9,22210,,นครปฐม,DIW register,
11x1035,บริษัท สหวิศว์ หล่อโลหะ จำกัด,73.2,4710.84,24101,,ชลบุรี,DIW register,
11x1036,บริษัท เชลล์แห่งประเทศไทย จำกัด,86.436675,9000.61,19209,,กรุงเทพมหานคร,DIW register,
11x1037,บริษัท ซีรอเยลอาหารทะเล จำกัด,54.1,4447.75,10291,,สมุทรสาคร,DIW register,
11x1038,บริษัท วาย.โอ.เยนเนอรัล ซัพพลาย(1983)  จำกัด,5.0,,43302,,กรุงเทพมหานคร,DBD API (TaxID),ยังดำเนินกิจการอยู่
11x1039,บริษัท ยางสยามพระประแดง จำกัด,,,,,,,
11x1040,บริษัท สยามฟายน์เฆมี จำกัด,70.0,,19209,,สมุทรปราการ,DBD API (TaxID),ยังดำเนินกิจการอยู่
11x1041,บริษัท ซูมิโตโม อีเล็คตริก วินเทค (ประเทศไทย) จำกัด,513.1,16595.32,27320,,สมุทรปราการ,DIW register,
11x1042,บริษัท เทยิน โพลีเอสเตอร์ จำกัด,125.0,88349.695000000007,20300,,ปทุมธานี,DIW register,
11x1043,บริษัท เทมพ์เทค เอ็นจิเนียริ่ง จำกัด,,,,,,,
11x1044,บริษัท ไทยดีเอนทีเพนท์ จำกัด,170.277,702.99,20221,,ชลบุรี,DIW register,
11x1045,บริษัท เอสซีจี  เซรามิกส์ จำกัด (มหาชน),73.4,42887.06,23939,,สระบุรี,DIW register,
11x1046,บริษัท ไทยแมกซ์เวล อินดัสเทรียล เซอร์วิส จำกัด,3.0,102.2,16230,,ระยอง,DIW register,
11x1047,บริษัท ไทยแมกซ์เวล อิเลคทริค จำกัด,54.7,359.66,27101,,นครปฐม,DIW register,
11x1048,บริษัท ไทยคาวาเคน จำกัด,,,,,,,
11x1049,บริษัท ไทยสตีมเซอร์วิส แอนด์ ซัพพลาย จำกัด,12.2,263.52,25130,,สมุทรสาคร,DIW register,
11x1050,บริษัท ไทยยูรีเทนพลาสติก จำกัด,58.0,1939.62,13922,,สมุทรปราการ,DIW register,
11x1051,บริษัท ทีโอเอ เพ้นท์ (ประเทศไทย) จำกัด (มหาชน),76.904,2962.92,20221,,สมุทรปราการ,DIW register,
11x1052,บริษัท โตโยอิ๊งค์ (ประเทศไทย) จำกัด,116.0,0,20222,,กรุงเทพมหานคร,DIW register,
11x1053,บริษัท โตโยอิ๊งค์  (ประเทศไทย) จำกัด,116.0,0,20222,,กรุงเทพมหานคร,DIW register,
11x1054,บริษัท ดับบลิว อาร์ เกรซ (ไทยแลนด์)   จำกัด,102.0,,20221,,สมุทรปราการ,DBD API (TaxID),เสร็จการชำระบัญชี
11x1055,บริษัท ยูนิปาล์ม อินดัสทรี จำกัด,0.0,21890.17,10491,,สุราษฎร์ธานี,DIW register,
11x1056,บริษัท บี.พี. ผลิตภัณฑ์อาหาร จำกัด,,,,,,,
11x1057,บริษัท กรุงเทพโปรดิ๊วส จำกัด (มหาชน),600.0,,46201,,กรุงเทพมหานคร,DBD API (TaxID),ยังดำเนินกิจการอยู่
11x1058,บริษัท บางกอก พีวีซี. (1996) จำกัด,10.0,,ไม่พบข้อมูล,,,Customer ID (Direct),
11x1059,บริษัท ไบเออร์ ไทย จำกัด,0.0,0,20121,,สมุทรปราการ,DIW register,
11x1060,บริษัท ฟาร์มกรุงเทพฯ จำกัด,,,,,,,
11x1061,บริษัท เบอร์โก จำกัด,99.0,,68104,,กรุงเทพมหานคร,DBD API (TaxID),ยังดำเนินกิจการอยู่
11x1062,ห้างหุ้นส่วนจำกัด บีแทค,1.0,,47521,,กรุงเทพมหานคร,DBD API (TaxID),เสร็จการชำระบัญชี
11x1063,บริษัท บิลเลี่ยน ดีคอน จำกัด,,,,,,,
11x1064,ห้างหุ้นส่วนจำกัด ซี.เอส.แอร์ แอนด์ เซอร์วิส,4.0,,43223,,นนทบุรี,DBD API (TaxID),ล้มละลาย
11x1065,บริษัท รุ่งเรือง (1990) จำกัด,,,,,,,
11x1066,บริษัท เจ้าพระยาพืชไร่ 2999 (กำแพงเพชร) จำกัด,6.28,9846.85,10612,,กำแพงเพชร,DIW register,
11x1067,บริษัท ซีพี อินเตอร์ฟู้ด( ไทยแลนด์)   จำกัด,,,,,,,
11x1068,บริษัท เคมทรานส์ (ประเทศไทย) จำกัด,,,,,,,
11x1069,บริษัท ซีนิธ เพาเวอร์ จำกัด,,,,,,,
11x1070,บริษัท เจริญเมืองแมชชินเนอรี่ จำกัด,,,,,,,
11x1071,บริษัท เซนทาโก อาหารสัตว์น้ำ จำกัด,,,,,,,
11x1072,บริษัท เชียงใหม่เมดเทคซิสเต็มส์ จำกัด,14.0,,68104,,เชียงใหม่,DBD API (TaxID),ยังดำเนินกิจการอยู่
11x1073,บริษัท โดล ไทยแลนด์ จำกัด,407.850993,48751.75,10302,,ประจวบคีรีขันธ์,DIW register,
11x1074,บริษัท กฟผ. จำกัด (มหาชน),,,,,,,
11x1075,บริษัท อีสเทอร์นโฟม โปรดั๊ก จำกัด,281.7,493,20131,,สมุทรปราการ,DIW register,
11x1076,บริษัท แคดเบอรี อาดัมส์ (ประเทศไทย) จำกัด(ยกเลิก),,,,,,,
11x1077,บริษัท เฟอร์รารี่ แอสฟัลท์ จำกัด,,,,,,,
11x1078,บริษัท เฟรนด์ชิพ คอร์น สตาร์ช จำกัด,52.0,8376.7800000000007,10612,,สมุทรปราการ,DIW register,
11x1079,บริษัท แก๊ส คอนโทรลส์ จำกัด,5.0,,46421,,กรุงเทพมหานคร,DBD API (TaxID),เสร็จการชำระบัญชี
11x1080,HMC Polymers Company  Limited,3790.07,,19209,,กรุงเทพมหานคร,DBD API (TaxID),ยังดำเนินกิจการอยู่
11x1081,บริษัท แชงกรี-ลา โฮเต็ล จำกัด (มหาชน),1300.0,,55101,,กรุงเทพมหานคร,DBD API (TaxID),ยังดำเนินกิจการอยู่
11x1082,บริษัท ฮิตาชิ คอนซูมเมอร์ โปรดักส์   (ปทท) จำกัด,,,,,,,
11x1083,บริษัท ที เค เอส เคมิคอล (ประเทศไทย) จำกัด,15.0,2149.5,20221,,สมุทรปราการ,DIW register,
11x1084,บริษัท กระดาษศรีสยาม จำกัด (มหาชน),,,,,,,
11x1085,บริษัท ล่ำสูง (ประเทศไทย) จำกัด (มหาชน),359.0,6513.28,10491,,สมุทรปราการ,DIW register,
11x1086,บริษัท แหลมทองเกษตรภัณฑ์ จำกัด,53.0,1974.22,52102,,พระนครศรีอยุธยา,DIW register,
11x1087,บริษัท เอ็นไลน์ อะโกร อินเตอร์เนชั่นแนล จำกัด,2.0,,28199,,กรุงเทพมหานคร,DBD API (TaxID),ยังดำเนินกิจการอยู่
11x1088,บริษัท น้ำมันพืชปทุม จำกัด,846.0,115103.7,10419,,ปทุมธานี,DIW register,
11x1089,บริษัท พาโมลา จำกัด,187.63,,10419,,กรุงเทพมหานคร,DBD API (TaxID),ล้มละลาย
11x1090,บริษัท พ้าสวิค จำกัด,0.0,78.78,22199,,พระนครศรีอยุธยา,DIW register,
11x1091,บริษัท พรีเมียลูบริแค้นท์ จำกัด,681.168015,3900,19209,,ปทุมธานี,DIW register,
11x1092,บริษัท ผลิตภัณฑ์อาหารเซ็นทรัล จำกัด,0.0,5386.67,10801,,ปทุมธานี,DIW register,
11x1093,โรงเลื่อยจรัญ,8.7,926.6,16101,,ตรัง,DIW register,
11x1094,บริษัท ซุปเปอร์เซ็นทรัลแก๊ส จำกัด,150.0,,46599,,กรุงเทพมหานคร,DBD API (TaxID),ยังดำเนินกิจการอยู่
11x1095,บริษัท สุรินทร์ ออมย่า เคมิคอล (ประเทศไทย)   จำกัด,4203.105774,14935.9,20113,,ลพบุรี,DIW register,
11x1096,บริษัท ยางสยามอุตสาหกรรม จำกัด,,,,,,,
11x1097,บริษัท ซิก้า (ประเทศไทย) จำกัด,921.0,393.4,23952,,สระบุรี,DIW register,
11x1098,ห้างหุ้นส่วนจำกัด เอส แอนด์ พี อินเตอร์โฟล,0.8,,25922,,กรุงเทพมหานคร,DBD API (TaxID),ยังดำเนินกิจการอยู่
11x1099,บริษัท ซินนี่ (ประเทศไทย) จำกัด,105.698576,3293.4,13922,,สมุทรปราการ,DIW register,
11x1100,"Siam Synthetic Latex Co.,Ltd.",5850.0,,47739,,กรุงเทพมหานคร,DBD API (TaxID),ยังดำเนินกิจการอยู่
11x1101,บริษัท เลิศเจริญ อาร์.โอ. จำกัด,,,,,,,
11x1102,บริษัท แสงโสม จำกัด,830.0,13300.21,11012,,กาญจนบุรี,DIW register,
11x1103,บริษัท เหล็กสยาม (2001)  จำกัด,701.0,82399.33,24101,,สระบุรี,DIW register,
11x1104,สถาบันวิจัยวิทยาศาสตร์และเทคโนโลยีแห่งประเทศไทย,,,ไม่พบข้อมูล,,,DBD API (TaxID),
11x1105,ห้างหุ้นส่วนจำกัด สยามเวิลด์ 84,,,,,,,
11x1106,ห้างหุ้นส่วนจำกัด ธนกิจเมธี,1.0,,46599,,กรุงเทพมหานคร,DBD API (TaxID),ยังดำเนินกิจการอยู่
11x1107,บริษัท ทิปโก้แอสฟัลท์ จำกัด (มหาชน),187.0,3938.6,19209,,สมุทรปราการ,DIW register,
11x1108,บริษัท อุตสาหกรรมวุ้นเส้นไทย จำกัด,13.0,8455.81,10742,,นครปฐม,DIW register,
11x1109,บริษัท ธรรมมาสเตอร์ จำกัด,,,,,,,
11x1110,บริษัท ทีโอเอ-ชูโกกุ เพ้นท์ จำกัด,190.0,2408,20221,,ฉะเชิงเทรา,DIW register,
11x1111,บริษัท ไทยเรยอน จำกัด (มหาชน),1931.0,99853.23,20131,,อ่างทอง,DIW register,
11x1112,บริษัท โตโย-ทีโอเอ โค้ทติ้ง จำกัด,,,,,,,
11x1113,บริษัท ไทยยูรีเทนเคมีคอลอินดัสตรี้ จำกัด,,,,,,,
11x1114,บริษัท ทีโอเอ-โดฟเคม อินดัสตรีส์ จำกัด,625.0,11834.68,20292,,สมุทรปราการ,DIW register,
11x1115,บริษัท ไทคิชา (ประเทศไทย) จำกัด,220.0,1051.6099999999999,28120,,สมุทรปราการ,DIW register,
11x1116,บริษัท ไทยไวร์โพรดัคท์ จำกัด,14.47,28837.53,24101,,ระยอง,DIW register,
11x1117,บริษัท สำปะหลังพัฒนา จำกัด,145.12,7123.06,10612,,ระยอง,DIW register,
11x1118,บริษัท ไม้อัดไทย จำกัด,,,,,,,
11x1119,ห้างหุ้นส่วนจำกัด ทวินแอนด์เทรด ช็อป,,,,,,,
11x1120,บริษัท อดิตยา เบอร์ล่า เคมีคัลส์ (ประเทศไทย)  จำกัด,1293.596,10550,20299,,สมุทรปราการ,DIW register,
11x1121,บริษัท น้ำมันปิโตรเลียมไทย จำกัด,86.0,1427.2,27101,,สมุทรปราการ,DIW register,
11x1122,บริษัท อุตสาหกรรมอบแห้งไทย จำกัด,,,,,,,
11x1123,ห้างหุ้นส่วนจำกัด ธงประจักร กลการ,0.5,,46599,,กรุงเทพมหานคร,DBD API (TaxID),เสร็จการชำระบัญชี
11x1124,บริษัท ไทย อกริ ฟู้ดส์ จำกัด (มหาชน),600.0,23154.7,10302,,สมุทรปราการ,DIW register,
11x1125,ห้างหุ้นส่วนจำกัด ไทยเจริญศรีสะเกษ,80.0,2604.96,19100,,ศรีสะเกษ,DIW register,
11x1126,บริษัท ไทย เอ บี เอส จำกัด,,,,,,,
11x1127,บริษัท ยูนิคอร์ด จำกัด (มหาชน),1655.1299,40005.949999999997,10794,,สมุทรสาคร,DIW register,
11x1128,บริษัท ยูบิส (เอเชีย) จำกัด (มหาชน),570.0,,20221,,กรุงเทพมหานคร,DBD API (TaxID),ยังดำเนินกิจการอยู่
11x1129,บริษัท วิค แอนด์ ฮุคลันด์ จำกัด,513.5,0,22230,,ชลบุรี,DIW register,
11x1130,ห้างหุ้นส่วนจำกัด วัลลภการช่าง,0.1,,25922,,กรุงเทพมหานคร,DBD API (TaxID),ยังดำเนินกิจการอยู่
11x1131,บริษัท วิทย์คอร์ป เคมิคอลส์ จำกัด,375.0,,46108,,กรุงเทพมหานคร,DBD API (TaxID),ยังดำเนินกิจการอยู่
11x1132,บริษัท ห้องเย็นลี่ฮะฮวด จำกัด,5.0,,52101,,กรุงเทพมหานคร,DBD API (TaxID),ยังดำเนินกิจการอยู่
11x1133,บริษัท เอ็น เอช เค สปริง (ประเทศไทย)  จำกัด,0.0,9341.49,29309,,สมุทรปราการ,DIW register,
11x1134,บริษัท ซีเอ็ม-7 จำกัด,,,,,,,
11x1135,บริษัท เอสโซ่ (ประเทศไทย) จำกัด (มหาชน),8846.706,661909.61,19201,,ชลบุรี,DIW register,
11x1136,บริษัท โฟร์โมสต์อาหารนม (กรุงเทพฯ) จำกัด,,,,,,,
11x1137,บริษัท เจตาแบค จำกัด (มหาชน),240.0,1338.67,25130,,ระยอง,DIW register,
11x1138,บริษัท ไนโตรเคมีอุตสาหกรรม จำกัด,53.0,17366.78,20291,,สมุทรสาคร,DIW register,
11x1139,บริษัท โพลีเทคโนโลยี จำกัด,130.0,,46599,,นนทบุรี,DBD API (TaxID),ยังดำเนินกิจการอยู่
11x1140,บริษัท อีเทอนัล พลาสติก จำกัด,120.0,13341.1,20131,,สมุทรปราการ,DIW register,
11x1141,บริษัท ทีโอเอ เคมิคอล อินดัสตรีส์  จำกัด,800.0,,20299,,สมุทรปราการ,DBD API (TaxID),ยังดำเนินกิจการอยู่
11x1142,บริษัท เฟ้ลปส์ ดอด์จ อินเตอร์เนชั่นแนล (ไทยแลนด์) จำกัด,1384.981222,26846.400000000001,27320,,สมุทรปราการ,DIW register,
11x1143,บริษัท พัทยาฟู้ดอินดัสตรี จำกัด,70.0,427.9,17092,,สมุทรสาคร,DIW register,
11x1144,บริษัท โพรมิเน้นท์ ฟลูอิด คอนโทรลส์ (ประเทศไทย)  จำกัด,50.0,,28199,,กรุงเทพมหานคร,DBD API (TaxID),ยังดำเนินกิจการอยู่
11x1145,บริษัท พีทีจี เอ็นเนอยี จำกัด (มหาชน),1670.0,,ไม่พบข้อมูล,,,Customer ID (Direct),
11x1146,บริษัท สหคิมมอเตอร์ จำกัด,0.0,408.17,25922,,สมุทรปราการ,DIW register,
11x1147,บริษัท สยามลูบริแค้นท์อินดัสทรี่ จำกัด,150.0,11850.22,19209,,ปทุมธานี,DIW register,
11x1148,บริษัท ยูไนเต็ดแมชชินเนอรี่ จำกัด,4.075,332.25,28160,,กรุงเทพมหานคร,DIW register,
11x1149,บริษัท อูเอโน ไฟน์ เคมีคัลส์ อินดัสตรี (ประเทศไทย) จำกัด,0.0,0,10722,,สมุทรปราการ,DIW register,
11x1150,บริษัท ที เอ็น เอส อุปกรณ์แอนด์เอ็นยิเนียริ่ง จำกัด,5.0,,56101,,กรุงเทพมหานคร,DBD API (TaxID),ยังดำเนินกิจการอยู่
11x1151,บริษัท ไออาร์พีซี จำกัด (มหาชน),100.0,334.56,20113,,ระยอง,DIW register,
11x1152,บริษัท ทีพีไอ โพลีออล จำกัด,,,,,,,
11x1153,บริษัท ไทย เปอร์อ๊อกไซด์ จำกัด,68.42,14793.92,20113,,สระบุรี,DIW register,
11x1154,บริษัท ไทยรวมสินพัฒนาอุตสาหกรรม จำกัด,143.960369,1824,10139,,สมุทรสาคร,DIW register,
11x1155,ห้างหุ้นส่วนจำกัด เฮงดีอิมปอร์ตและเอ็กซ์ปอร์ต,2.0,,47721,,กรุงเทพมหานคร,DBD API (TaxID),เลิก
11x1156,บริษัท ไฮเทคโนโลยี่ อิมปอร์ต จำกัด,,,,,,,
11x1157,บริษัท ปาร์ติเกิ้ล แพลนเนอร์ จำกัด,567.0,7903.38,16210,,ชลบุรี,DIW register,
11x1158,บริษัท คาร์กิลล์มีทส์ (ไทยแลนด์) จำกัด,507.09952,8015.1,10801,,สระบุรี,DIW register,
11x1159,บริษัท เฌอร่า จำกัด (มหาชน)-รง.นครปฐม,,,,,,,
11x1160,บริษัท สยามซานิทารีแวร์ อินดัสทรี  จำกัด,27.7,207.5,23103,,สระบุรี,DIW register,
11x1161,บริษัท สามร้อยยอด จำกัด,50.0,18281.5,10302,,ประจวบคีรีขันธ์,DIW register,
11x1162,บริษัท คิมเบอร์ลี่ย์-คล๊าค ประเทศไทย จำกัด,819.6,,17091,,กรุงเทพมหานคร,DBD API (TaxID),ยังดำเนินกิจการอยู่
11x1163,บริษัท แบมโก  จำกัด,1.0,,46691,,กรุงเทพมหานคร,DBD API (TaxID),ยังดำเนินกิจการอยู่
11x1164,บริษัท ไอ.ซี.ไอ.เพนท์ จำกัด,,,,,,,
11x1165,บริษัท กู๊ดเยียร์ (ประเทศไทย) จำกัด (มหาชน),1079.81648,34655.79,22112,,ปทุมธานี,DIW register,
11x1166,บริษัท สยามโพลีสไตรีน จำกัด,2229.14,15136,20113,,ระยอง,DIW register,
11x1167,บริษัท ทิปโก้แอสฟัลท์ จำกัด (มหาชน),187.0,3938.6,19209,,สมุทรปราการ,DIW register,
11x1168,บริษัท เจริญโภคภัณฑ์อาหาร จำกัด (มหาชน),887.0,27072.25,10801,,สระบุรี,DIW register,
11x1169,บริษัท ไทย ซัลไฟท์ส แอนด์ เคมิคัล จำกัด,,,,,,,
11x1170,บริษัท เพาเวอร์ไลน์ เอ็นจิเนียริ่ง จำกัด (มหาชน),907.88,,ไม่พบข้อมูล,,,Customer ID (Direct),
11x1171,บริษัท ดอกบัวคู่ จำกัด,61.0,1547.77,20231,,สมุทรปราการ,DIW register,
11x1172,บริษัท ส.รุ่งเรือง แอนด์ อีควิปเม้นท์ จำกัด,4.3,,46634,,กรุงเทพมหานคร,DBD API (TaxID),ยังดำเนินกิจการอยู่
11x1173,บริษัท อเมริกัน สแตนดาร์ด บี แอนด์ เค (ประเทศไทย) จำกัด (มหาชน)ยกเลิก,,,,,,,
11x1174,บริษัท สไปแร็กซ์ ซาร์โก (ประเทศไทย) จำกัด,4.0,,46522,,กรุงเทพมหานคร,DBD API (TaxID),ยังดำเนินกิจการอยู่
11x1175,บริษัท ไอดีเอส แมนูแฟคเจอริ่ง จำกัด,234.75,,32501,,ปทุมธานี,DBD API (TaxID),ยังดำเนินกิจการอยู่
11x1176,บริษัท หงม่าวไบโอเคม จำกัด,48.2,2902.11,10774,,ระยอง,DIW register,
11x1177,บริษัท ลุฟท์เทค จำกัด,18.0,,46599,,สมุทรปราการ,DBD API (TaxID),ยังดำเนินกิจการอยู่
11x1178,บริษัท ไทยร่วมใจน้ำมันพืช จำกัด,181.0,20438.439999999999,10491,,พระนครศรีอยุธยา,DIW register,
11x1179,บริษัท เอโอ เคมิคอลส์ จำกัด,77.0,3896.84,22230,,สมุทรสาคร,DIW register,
11x1180,STOCK,,,,,,,
11x1181,บริษัท ไดน่า ฟลูอิด จำกัด,,,,,,,
11x1182,บริษัท สายไฟฟ้าบางกอกเคเบิ้ล จำกัด,275.0,17434,27320,,สมุทรปราการ,DIW register,
11x1183,บริษัท อดิตยา เบอร์ล่า เคมีคัลส์ (ประเทศไทย)  จำกัด,1293.596,10550,20299,,สมุทรปราการ,DIW register,
11x1184,บริษัท เอ็มเอ็มซี สิทธิผล จำกัด,,,,,,,
11x1185,บริษัท ตรีนิตี้ เพลส จำกัด,,,,,,,
11x1186,บริษัท เอส แอนด์ เจ อินเตอร์เนชั่นแนล เอนเตอร์ไพรส์ จำกัด,150.0,2306.13,20232,,ชลบุรี,DIW register,
11x1187,บริษัท สีไทยกันไซเพ้นท์ จำกัด (รง.เทพารักษ์),,,,,,,
11x1188,บริษัท เอ็ม.อี.นิคคิโซ จำกัด,188.0,2576.83,32501,,ฉะเชิงเทรา,DIW register,
11x1189,บริษัท ระยองโอเลฟินส์ จำกัด,18432.32,329512.5,20113,,ระยอง,DIW register,
11x1190,บริษัท โกลเดิ้นไทย อินดัสทรียส์ จำกัด,118.4,4858.1899999999996,13131,,สมุทรปราการ,DIW register,
11x1191,บริษัท บี.เค. ลาเท็กซ์โปรดักส์ จำกัด,113.0,1602.83,22199,,สมุทรสาคร,DIW register,
11x1192,บริษัท ดุสิต ธานี จำกัด,850.0,,55101,,กรุงเทพมหานคร,DBD API (TaxID),ยังดำเนินกิจการอยู่
11x1193,บริษัท โรแยล ซีรามิค อุตสาหกรรม จำกัด (มหาชน),253.0,57509.91,23939,,สระบุรี,DIW register,
11x1194,บริษัท เบอร์ลี่ ยุคเกอร์ ฟู้ดส์ จำกัด,1157.035739,14898,10743,,สมุทรปราการ,DIW register,
11x1195,บริษัท โกลโบ ฟู้ดส์ จำกัด,10.0,1913.81,10774,,สมุทรปราการ,DIW register,
11x1196,บริษัท วนชัย เคมีคอลอินดัสทรี่ส์ จำกัด,286.38,10867.5,20113,,ระยอง,DIW register,
11x1197,บริษัท สุราษฎร์บิทูเมน จำกัด(ยกเลิก),,,,,,,
11x1198,บริษัท คาร์กิลล์สยาม จำกัด,89.3,2817.06,10801,,ฉะเชิงเทรา,DIW register,
11x1199,บริษัท เอ็กซอน เคมี ประเทศไทย จำกัด,,,,,,,
11x1200,บริษัท ไทย จูรอง เอ็นจิเนียริ่ง จำกัด,51.0,576.6,25111,,ชลบุรี,DIW register,
11x1201,บริษัท ฉัตรชมชื่น จำกัด,1.7,92,25130,,สมุทรปราการ,DIW register,
11x1202,บริษัท น้ำมัน ทีพีไอ จำกัด,,,,,,,
11x1203,บริษัท ซิเบลโก้ มิเนอร์รัลส์ (ประเทศไทย) จำกัด,15.5,1633,23939,,ลำปาง,DIW register,
11x1204,บริษัท คอมพาวด์เคลย์ จำกัด,93.479736,2195.56,23939,,สิงห์บุรี,DIW register,
11x1205,บริษัท ที เอส เค เอ็นจิเนียริ่ง (ไทยแลนด์) จำกัด,20.0,,33122,,กรุงเทพมหานคร,DBD API (TaxID),ยังดำเนินกิจการอยู่
11x1206,บริษัท มิดสตาร์ แมกเนติก จำกัด,,,,,,,
11x1207,บริษัท ทีโอเอ พลาสติก อินดัสตรีส์ จำกัด,,,,,,,
11x1208,บริษัท ไนน์ เทคโนโลยี่ จำกัด,1.0,,43909,,นนทบุรี,DBD API (TaxID),ล้มละลาย
11x1209,บริษัท พิพัฒนกิจเท็กซ์ไทล์ จำกัด,813.0,17538.5,13111,,สมุทรปราการ,DIW register,
11x1210,บริษัท เด็กซ์ทรัส เอ็นจิเนียริ่ง จำกัด,20.0,,33132,,กรุงเทพมหานคร,DBD API (TaxID),ยังดำเนินกิจการอยู่
11x1211,บริษัท เดอะเปอร์เฟคท์ซิล แอนด์ เซอร์วิสเซส จำกัด,40.0,186,25922,,ระยอง,DIW register,
11x1212,บริษัท ไทยเบตเตอร์ฟู๊ดส์ จำกัด,21.45,427.185,10743,,ราชบุรี,DIW register,
11x1213,บจก. มิตซูบิชิ เฮฟวี่ อินดัสตรี่ส์-มหาจักร แอร์ คอนดิชั่นเนอร์ส,0.0,0,27101,,กรุงเทพมหานคร,DIW register,
11x1214,บริษัท โอลีน จำกัด,651.0,29323.88,10491,,สมุทรสาคร,DIW register,
11x1215,บริษัท ซิมม์ จำกัด,1.0,,47721,,กรุงเทพมหานคร,DBD API (TaxID),ยังดำเนินกิจการอยู่
11x1216,บริษัท ซีเมนส์ จำกัด,579.2,,46599,,กรุงเทพมหานคร,DBD API (TaxID),ยังดำเนินกิจการอยู่
11x1217,บริษัท ไทยโตชิบาไลท์ติ้ง จำกัด,6.0,1188.6300000000001,27401,,ปทุมธานี,DIW register,
11x1218,บริษัท โมโนอินเตอร์โปรดักส์ จำกัด,20.0,96.08,38300,,สมุทรปราการ,DIW register,
11x1219,บริษัท เออีซี อินดัสเตรียล เอ็นจิเนียริ่ง จำกัด,50.0,,71101,,กรุงเทพมหานคร,DBD API (TaxID),ยังดำเนินกิจการอยู่
11x1220,บริษัท เอ็น เอช เค สปริง (ไทย) จำกัด,410.0,,32909,,สมุทรปราการ,DBD API (TaxID),ยังดำเนินกิจการอยู่
11x1221,บริษัท ไทยน้ำทิพย์ จำกัด,2141.728,0,27101,,กรุงเทพมหานคร,DIW register,
11x1222,บริษัท สยามสไตรีนโมโนเมอร์ จำกัด,5535.518,146235.74,20113,,ระยอง,DIW register,
11x1223,บริษัท ดีเทค เอ็นจิเนียริ่ง จำกัด,1.0,,28199,,กรุงเทพมหานคร,DBD API (TaxID),ยังดำเนินกิจการอยู่
11x1224,บริษัท กังวาลโพลีเอสเตอร์ จำกัด,105.55,83365.259999999995,20131,,เพชรบุรี,DIW register,
11x1225,บริษัท บางกอกโฟม จำกัด,0.13,7195.27,22230,,กรุงเทพมหานคร,DIW register,
11x1226,บริษัท ไทย-เยอรมัน เซรามิค อินดัสทรี่ จำกัด (มหาชน),,,,,,,
11x1227,บริษัท หาดทิพย์ จำกัด,257.52,12336.03,11042,,สุราษฎร์ธานี,DIW register,
11x1228,บริษัท ใช้ เอ็กซ์โพลซีฟส์ จำกัด,90.0,,20291,,กรุงเทพมหานคร,DBD API (TaxID),ยังดำเนินกิจการอยู่
11x1229,พี.เจนเนอรัล ซัพพลาย,,,ไม่พบข้อมูล,,,DBD API (TaxID),
11x1230,บริษัท แอลพีเอ็น เหล็กแผ่น จำกัด,,,,,,,
11x1231,ห้าดาว แมคคานิค,5.0,,28250,,สมุทรปราการ,DBD API (TaxID),ยังดำเนินกิจการอยู่
11x1232,บริษัท สุรากระทิงแดง (1988) จำกัด,2999.0,13872.25,11011,,กำแพงเพชร,DIW register,
11x1233,บริษัท ผลิตภัณฑ์อาหารศรีไทย จำกัด,,,,,,,
11x1234,ห้างหุ้นส่วนจำกัด บี.อาร์.เอส.อินเตอร์เทรด,29.5,149.5,19209,,สมุทรสาคร,DIW register,
11x1235,บริษัท บีเอเอสเอฟ (ไทย) จำกัด,0.0,84.11,20113,,สมุทรปราการ,DIW register,
11x1236,บริษัท ดัชมิลล์ จำกัด,136.321231,2241,10501,,นครปฐม,DIW register,
11x1237,บริษัท เอ็นวิเทรด เอ็นจิเนียริ่ง จำกัด,15.0,,41002,,กรุงเทพมหานคร,DBD API (TaxID),ยังดำเนินกิจการอยู่
11x1238,บริษัท เอ็มอาร์ที เรซิน (ประเทศไทย) จำกัด,0.0,566.63,20131,,สมุทรปราการ,DIW register,
11x1239,บริษัท อีสเทิร์น พี.ยู. โฟม อินดัสตรี จำกัด,381.49,12,,,ชลบุรี,DIW register,
11x1240,บริษัท ทีโอเอ เพ้นท์ (ประเทศไทย)  จำกัด (มหาชน),76.904,2962.92,20221,,สมุทรปราการ,DIW register,
11x1241,บริษัท ปัญจพล เปเปอร์ อินดัสตรี้ จำกัด,449.75,,17011,,กรุงเทพมหานคร,DBD API (TaxID),ยังดำเนินกิจการอยู่
11x1242,บริษัท ทักษิณปาล์ม (2521) จำกัด,41.884007,18834.95,10491,,สุราษฎร์ธานี,DIW register,
11x1243,บริษัท แพรกซ์แอร์ (ประเทศไทย) จำกัด,196.07,33528.78,20111,,ระยอง,DIW register,
11x1244,บริษัท ลีพัฒนาผลิตภัณฑ์ จำกัด (มหาชน),11.0,18083.7,10801,,เพชรบุรี,DIW register,
11x1245,บริษัท คาร์เปท อินเตอร์แนชั่นแนล ไทยแลนด์ จำกัด (มหาชน),976.154999,15582.28,14200,,ปทุมธานี,DIW register,
11x1246,บริษัท ไทย-เยอรมัน เซรามิค อินดัสทรี่ จำกัด  (มหาชน),,,,,,,
11x1247,บริษัท วิทย์คอร์ป โปรดักส์ จำกัด,0.0,684.26,20113,,สมุทรปราการ,DIW register,
11x1248,บริษัท คลาเรียนท์ (ประเทศไทย) จำกัด,250.0,,46691,,กรุงเทพมหานคร,DBD API (TaxID),ยังดำเนินกิจการอยู่
11x1249,บริษัท โซลิดส์แฮนด์ลิ่งแอนด์โปรเซสเอ็นจิเนียริ่ง จำกัด,17.2,354.83,24109,,สมุทรปราการ,DIW register,
11x1250,บริษัท ด็อทแบมบู (กรุงเทพ) จำกัด,65.0,,46691,,นนทบุรี,DBD API (TaxID),ยังดำเนินกิจการอยู่
11x1251,บริษัท เอสอาร์ เท็ค พลัส จำกัด,2.0,,46593,,กรุงเทพมหานคร,DBD API (TaxID),ยังดำเนินกิจการอยู่
11x1252,บริษัท เอราวัณเคมีเกษตร จำกัด,158.0,549.79,20121,,นครปฐม,DIW register,
11x1253,บริษัท คิเนติค เอ็นจิเนียริ่ง จำกัด,80.0,375.22,28199,,สมุทรปราการ,DIW register,
11x1254,บริษัท ที.ซี.อี. (1987) จำกัด,,,,,,,
11x1255,บริษัท แพ็คฟู้ด จำกัด,295.0,4476.8,10112,,สมุทรสาคร,DIW register,
11x1256,บริษัท ควอลิตี้ มิเนอรัล จำกัด (มหาชน),1771.000348,12515.45,20113,,ลพบุรี,DIW register,
11x1257,บริษัท เอเปคฟิล์ม จำกัด,,,,,,,
11x1258,บริษัท ไทยสโตเรจ แบตเตอรี่ จำกัด (มหาชน),,,,,,,
11x1259,บริษัท สหวิริยาสตีลอินดัสตรี จำกัด (มหาชน),174.0,1679,25113,,ฉะเชิงเทรา,DIW register,
11x1260,บริษัท แสงสหมิตร เคมีคอล จำกัด,1.0,468,20221,,สมุทรปราการ,DIW register,
11x1261,บริษัท เกรทวอลล (1988) จำกัด,64.221319,557.13,22199,,ปทุมธานี,DIW register,
11x1262,บริษัท ไทยเซ็นทรัลเคมี จำกัด (มหาชน),291.15,12609.29,20121,,สมุทรปราการ,DIW register,
11x1263,บริษัท วนชัย พาเนล อินดัสทรี่ส์ จำกัด,2900.0,509783.88,16210,,สุราษฎร์ธานี,DIW register,
11x1264,บริษัท ยูนิ-เกียร์ จำกัด,,,,,,,
11x1265,บริษัท ซีอาร์ที ดิสเพลย์ เทคโนโลยี  จำกัด,,,,,,,
11x1266,บริษัท เหล็กแผ่นรีดเย็นไทย จำกัด (มหาชน),17190.95,9667.6706599999998,24101,,ประจวบคีรีขันธ์,DIW register,
11x1267,โรงพยาบาลพหลพลพยุหเสนา,,,,,,,
11x1268,บริษัท ไอ.เอส.เอ จำกัด,,,,,,,
11x1269,บริษัท แอนเซลล์ (ประเทศไทย) จำกัด,332.57577,24905.79,22191,,กรุงเทพมหานคร,DIW register,
11x1270,บริษัท บูรพา เทคโนโลยี่ จำกัด,1.0,,46530,,นนทบุรี,DBD API (TaxID),ยังดำเนินกิจการอยู่
11x1271,บริษัท ชัยมงคล เอ็กซเพรส จำกัด,,,,,,,
11x1272,บริษัท คาโออินดัสเตรียล (ประเทศไทย)  จำกัด,955.0,14024.2,20231,,ชลบุรี,DIW register,
11x1273,บริษัท นาลโก อินดัสเทรียล เซอร์วิส (ประเทศไทย) จำกัด,0.0,63,20113,,ระยอง,DIW register,
11x1274,บริษัท ไทยโทเรซินเทติคส์ จำกัด,0.0,42707.040000000001,20131,,กรุงเทพมหานคร,DIW register,
11x1275,บริษัท ควอลิเมอร์ จำกัด,100.0,8315.75,20299,,ชลบุรี,DIW register,
11x1276,บริษัท ไทยมิตซุยสเปเชียลตี้เคมีคอล จำกัด,587.0,5162.08,20113,,ฉะเชิงเทรา,DIW register,
11x1277,บริษัท ปตท.สผ.อินเตอร์เนชั่นแนล จำกัด,20000.0,,71102,,กรุงเทพมหานคร,DBD API (TaxID),ยังดำเนินกิจการอยู่
11x1278,บริษัท แพดดิ้ง (ไทยแลนด์) จำกัด,1.5,2712.75,13922,,กรุงเทพมหานคร,DIW register,
11x1279,บริษัท พิษณุ มิโตโย จำกัด,42.1,469.57,22230,,สมุทรปราการ,DIW register,
11x1280,บริษัท พาราวิจัย จำกัด,61.0,483.03,22199,,นครปฐม,DIW register,
11x1281,ห้างหุ้นส่วนจำกัด พี.เจนเนอรัลเทรดดิ้ง,30.0,,46691,,กรุงเทพมหานคร,DBD API (TaxID),ยังดำเนินกิจการอยู่
11x1282,บริษัท สหฟาร์ม จำกัด,1195.0,13784.43,10111,,ลพบุรี,DIW register,
11x1283,บริษัท กัปตัน เพ้นท์ (ประเทศไทย) จำกัด,200.0,,20221,,สมุทรปราการ,DBD API (TaxID),ยังดำเนินกิจการอยู่
11x1284,บริษัท ฮิม แอนด์ บิวแมชินเนอรี่ จำกัด,1.0,,46599,,กรุงเทพมหานคร,DBD API (TaxID),ยังดำเนินกิจการอยู่
11x1285,บริษัท อัสโก้ จำกัด,3.0,,46530,,กรุงเทพมหานคร,DBD API (TaxID),ยังดำเนินกิจการอยู่
11x1286,บริษัท สยาม มิตซุย พีทีเอ จำกัด,,,,,,,
11x1287,บริษัท เทคโนโลหะกล จำกัด,3.5,399.7,28299,,กรุงเทพมหานคร,DIW register,
11x1288,การไฟฟ้าฝ่ายผลิตแห่งประเทศไทย,4439.624573,7930185.8200000003,35101,,สมุทรปราการ,DIW register,
11x1289,บริษัท ผลิตไฟฟ้าขนอม จำกัด,8395.0,,35101,,กรุงเทพมหานคร,DBD API (TaxID),ยังดำเนินกิจการอยู่
11x1290,บริษัท แอสคอน โปรซีล จำกัด,,,,,,,
11x1291,บริษัท สมุทรปราการ โคเจนเนอเรชั่น จำกัด,3606.095,0,35101,,สมุทรปราการ,DIW register,
11x1292,บริษัท จีเอฟ.แมนนูแฟคเจอริ่ง จำกัด,32.0,110.25,22230,,สมุทรสาคร,DIW register,
11x1293,บริษัท เซ้าท์อีสต์เอเชี่ยนแพคเกจจิ่งแอนด์แคนนิ่ง จำกัด,67.0,58.7,10304,,สมุทรสาคร,DIW register,
11x1294,บริษัท อาหารสัตว์ไทยสระบุรี จำกัด,7.0,410.6,10611,,สระบุรี,DIW register,
11x1295,ห้างหุ้นส่วนจำกัด เรือนงามการช่าง,1.0,,46599,,กรุงเทพมหานคร,DBD API (TaxID),ยังดำเนินกิจการอยู่
11x1296,ห้างหุ้นส่วนจำกัด วิสรรการช่าง,2.0,,78200,,กรุงเทพมหานคร,DBD API (TaxID),ยังดำเนินกิจการอยู่
11x1297,บริษัท ไทยเซรามิคพาวเวอร์ จำกัด,,,,,,,
11x1298,บริษัท อุตสาหกรรมทำเครื่องแก้วไทย จำกัด,182.72,73536.240000000005,23101,,สมุทรปราการ,DIW register,
11x1299,บริษัท ซินิเมจ แมคแคนิคอล จำกัด,15.0,173.5,25111,,ชลบุรี,DIW register,
11x1300,บริษัท เบียร์ไทย (1991) จำกัด (มหาชน),127.0,136251.84,11030,,กำแพงเพชร,DIW register,
11x1301,บริษัท เดลแมกซ์แมชินเนอรี่ จำกัด,67.0,488.89,25922,,ปทุมธานี,DIW register,
11x1302,บริษัท ไทยออยล์ จำกัด (มหาชน),21038.0,1146500.71,19201,,ชลบุรี,DIW register,
11x1303,บริษัท แปซิฟิค อินซูเลติ้ง แมททีเรียล(ประเทศไทย)จำกัด,,,,,,,
11x1304,บริษัท เมกัส จำกัด,,,,,,,
11x1305,บริษัท ยูโรไทย เอ็นจิเนียริ่ง จำกัด,,,,,,,
11x1306,บริษัท เอคโค่ แทนเนอรี่ (ประเทศไทย) จำกัด,424.882,540,15110,,พระนครศรีอยุธยา,DIW register,
11x1307,บริษัท ที พี เอส แมชชีนทูลส์ จำกัด,,,,,,,
11x1308,บริษัท ยูนิเวฟ จำกัด,30.0,,46593,,สมุทรปราการ,DBD API (TaxID),ยังดำเนินกิจการอยู่
11x1309,บริษัท ดี.เอช.เอ. สยามวาลา จำกัด,1599.325,4632.22,17011,,พระนครศรีอยุธยา,DIW register,
11x1310,บริษัท เป๊ปซี่-โคล่า (ไทย) เทรดดิ้ง จำกัด,6591.921755,2394.67,10306,,พระนครศรีอยุธยา,DIW register,
11x1311,บริษัท บีเอสที อิลาสโตเมอร์ส จำกัด,5442.07,1398.09,20131,,ระยอง,DIW register,
11x1312,บริษัท สยามบรรจุภัณฑ์ จำกัด,,,,,,,
11x1313,โครงการส่วนพระองค์ สวนจิตรลดา (งานนมผง),,,,,,,
11x1314,บริษัท เบอร์ลี่ ยุคเกอร์ เซลล็อกซ์ จำกัด,435.0,22704.71,17011,,สมุทรปราการ,DIW register,
11x1315,บริษัท ยูไนเต็ด ไวน์เนอรี่ แอนด์ดิสทิลเลอรี่ จำกัด,448.785788,29791.5,11011,,นครปฐม,DIW register,
11x1316,บริษัท คาโปรแลคตัมไทย จำกัด,,,,,,,
11x1317,บริษัท ไทยโตอาอุตสาหกรรม จำกัด,0.0,958.75,20221,,กรุงเทพมหานคร,DIW register,
11x1318,บริษัท เบรนนิคส์ เทคโนโลยี จำกัด,10.0,,47420,,กรุงเทพมหานคร,DBD API (TaxID),ยังดำเนินกิจการอยู่
11x1319,บริษัท เอฟเทค (ประเทศไทย) จำกัด,0.0,118.33,20113,,ระยอง,DIW register,
11x1320,บริษัท คาร์กิลล์สยาม จำกัด (พิษณุโลก),48.0,,01619,,กรุงเทพมหานคร,DBD API (TaxID),ยังดำเนินกิจการอยู่
11x1321,เอ็น พี ยู มาร์เก็ตติ้ง,,,,,,,
11x1322,บริษัท สยามโพลิเอททีลีน จำกัด,4888.159,118256.97,20113,,ระยอง,DIW register,
11x1323,บริษัท ขอนแก่นบริวเวอรี่ จำกัด,2600.0,50087.23,11030,,ขอนแก่น,DIW register,
11x1324,บริษัท วีก้า ออโตเมชั่น (2000) จำกัด,10.0,,46599,,ปทุมธานี,DBD API (TaxID),ยังดำเนินกิจการอยู่
11x1325,บริษัท กระเบื้องกระดาษไทย จำกัด (โรงงานท่าหลวง),11000.0,,23954,,กรุงเทพมหานคร,DBD API (TaxID),ยังดำเนินกิจการอยู่
11x1326,บริษัท ทักษิณเอนเตอร์ไพรส(ไทย) จำกัด,,,,,,,
11x1327,บริษัท พานาโซนิค อีเล็คทริค เวิร์คส์ (อยุธยา) จำกัด,,,,,,,
11x1328,บริษัท บางกอกอะกริซัพพลาย จำกัด,,,,,,,
11x1329,บริษัท ลูกกลิ้งอุตสาหกรรมไทย จำกัด,21.0,1030,28299,,สมุทรปราการ,DIW register,
11x1330,บริษัท บุญสูงเนิน ปั๊มแอนด์วาล์ว(ประเทศไทย) จำกัด,3.0,,46599,,ปทุมธานี,DBD API (TaxID),ยังดำเนินกิจการอยู่
11x1331,บริษัท แก่นขวัญ จำกัด,286.2,12677,11012,,ขอนแก่น,DIW register,
11x1332,บริษัท แคนนอน ฟาร์อีสต์ (ไทยแลนด์) จำกัด,,,,,,,
11x1333,บริษัท ฟลูโทรล (ประเทศไทย) จำกัด,5.0,,46599,,กรุงเทพมหานคร,DBD API (TaxID),ยังดำเนินกิจการอยู่
11x1334,บริษัท ซี.พี.อุตสาหกรรมบรรจุภัณฑ์ จำกัด,304.0,2596.4499999999998,22220,,สมุทรปราการ,DIW register,
11x1335,บริษัท เก่ง พัฒนกิจ จำกัด,3.0,,61101,,กรุงเทพมหานคร,DBD API (TaxID),ยังดำเนินกิจการอยู่
11x1336,บริษัท จรุงไทยไวร์แอนด์เคเบิ้ล จำกัด,42.8,2928.55,27320,,ฉะเชิงเทรา,DIW register,
11x1337,บริษัท อินเตอร์เนชั่นแนล แลบบอราทอรีส์ จำกัด,23.747453,81.75,10733,,สมุทรปราการ,DIW register,
11x1338,บริษัท อินเตอร์โฟลว์ จำกัด,7.0,,46599,,สงขลา,DBD API (TaxID),ยังดำเนินกิจการอยู่
11x1339,บริษัท สุรพลฟู้ดส์ จำกัด (มหาชน),140.65,7280.12,52101,,สมุทรปราการ,DIW register,
11x1340,บริษัท แดรี่ พลัส จำกัด,220.0,12593.83,10501,,นครสวรรค์,DIW register,
11x1341,ห้างหุ้นส่วนจำกัด ไบโอ-เค็ม โปรดักส์,,,,,,,
11x1342,บริษัท ซียูอีแอล จำกัด,1.0,5496.56,28299,,ชลบุรี,DIW register,
11x1343,บริษัท กระเบื้องกระดาษไทย จำกัด (โรงงานสระบุรี),11000.0,,23954,,กรุงเทพมหานคร,DBD API (TaxID),ยังดำเนินกิจการอยู่
11x1344,บริษัท อินเตอร์ไทย ฟาร์มาซูติเคิ้ล แมนูแฟคเจอริ่ง จำกัด,1.0,2689.16,21001,,กรุงเทพมหานคร,DIW register,
11x1345,บริษัท ศรีราชา เอ็นจิเนียริ่งเซอร์วิส จำกัด,,,,,,,
11x1346,บริษัท เอฟแอนด์เอ็น ยูไนเต็ด จำกัด,1093.88,9071.31,10503,,นครปฐม,DIW register,
11x1347,บริษัท เมมเบอร์ เทค จำกัด,,,,,,,
11x1348,บริษัท บีเอสที อิลาสโตเมอร์ส จำกัด,5442.07,1398.09,20131,,ระยอง,DIW register,
11x1349,บริษัท กระจกไทยอาซาฮี จำกัด (มหาชน),,,,,,,
11x1350,บริษัท ซี.เอ็น.เอส.ยูนิเวอร์แซล จำกัด,,,,,,,
11x1351,บริษัท ที.ซี.เค. อินเตอร์พลาสต์ จำกัด,,,,,,,
11x1352,บริษัท อินโนเวกซ์ (ประเทศไทย) จำกัด,,,,,,,
11x1353,บริษัท เฌอร่า  จำกัด (มหาชน)-รง.ลพบุรี,,,,,,,
11x1354,เยเนอรัล อีเล็คทริค อินเตอร์เนชั่นแนล,,,ไม่พบข้อมูล,,,DBD API (TaxID),
11x1355,บริษัท ยูอาร์ซี (ประเทศไทย) จำกัด,6471.98,5401,10615,,สมุทรสาคร,DIW register,
11x1356,การไฟฟ้าฝ่ายผลิตแห่งประเทศไทย,4439.624573,7930185.8200000003,35101,,สมุทรปราการ,DIW register,
11x1357,บริษัท ซัม ยูทิลิตี้ส์แมเนจเมนท์ จำกัด,,,,,,,
11x1358,บริษัท ปัญจพลไฟเบอร์คอนเทนเนอร์ จำกัด,100.0,4751.91,17020,,สมุทรปราการ,DIW register,
11x1359,บริษัท ปัญจพลไฟเบอร์คอนเทนเนอร์ จำกัด,100.0,4751.91,17020,,สมุทรปราการ,DIW register,
11x1360,บริษัท ปัญจพลไฟเบอร์คอนเทนเนอร์ จำกัด,100.0,4751.91,17020,,สมุทรปราการ,DIW register,
11x1361,บริษัท ไทย นิปปอน แพล้นท์  จำกัด,6.0,,49323,,กรุงเทพมหานคร,DBD API (TaxID),ยังดำเนินกิจการอยู่
11x1362,บริษัท สยามบรรจุภัณฑ์ วี แอนด์ เอส จำกัด,,,,,,,
11x1363,บริษัท ปูนซิเมนต์ไทย (แก่งคอย) จำกัด (โรงงานแก่งคอย),625.0,,23941,,สระบุรี,DBD API (TaxID),ยังดำเนินกิจการอยู่
11x1364,บริษัท กรุงไทยอาหารสัตว์ จำกัด (มหาชน),,,,,,,
11x1365,บริษัท สยาม พีวีเอส เคมิคอลส์ จำกัด,0.0,0,20113,,สมุทรปราการ,DIW register,
11x1366,บริษัท ไทยโพลิเมอร์ ซัพพลาย จำกัด,17.0,246,25922,,สมุทรปราการ,DIW register,
11x1367,บริษัท เจริญโภคภัณฑ์อาหาร จำกัด (มหาชน),887.0,27072.25,10801,,สระบุรี,DIW register,
11x1368,บริษัท ฟิลแพค จำกัด,23.5,196,24109,,ฉะเชิงเทรา,DIW register,
11x1369,บริษัท ผลิตไฟฟ้าราชบุรี จำกัด,7040.0,1012466.4,35101,,ราชบุรี,DIW register,
11x1370,บริษัท ดารามิค (ประเทศไทย) จำกัด,1791.8,16087.24,27101,,ปราจีนบุรี,DIW register,
11x1371,บริษัท กระเบื้องกระดาษไทย จำกัด (โรงงานทุ่งสง),11000.0,,23954,,กรุงเทพมหานคร,DBD API (TaxID),ยังดำเนินกิจการอยู่
11x1372,บริษัท โซล่า แอสฟัลท์ จำกัด,243.0,5314.22,19209,,ขอนแก่น,DIW register,
11x1373,ห้างหุ้นส่วนจำกัด ไฮโดร ซิสเท็ม ซัพพลาย,20.0,232.34,27909,,สมุทรสาคร,DIW register,
11x1374,บริษัท แกรนด์ สยาม คอมโพสิต จำกัด,2016.0,13892.63,22230,,ระยอง,DIW register,
11x1375,ห้างหุ้นส่วนจำกัด อี เค ฟู้ดเท็ค,0.2,,28250,,ปทุมธานี,DBD API (TaxID),ยังดำเนินกิจการอยู่
11x1376,บริษัท พี เอ เอส พืชผลส่งออกและไซโล   จำกัด,231.0,599.75,52102,,สุโขทัย,DIW register,
11x1377,บริษัท สากล เทคโนโลยี (2001) จำกัด,1.0,,46599,,กรุงเทพมหานคร,DBD API (TaxID),ร้าง
11x1378,บริษัท เอ็มอีเอส มิตรโพรเจคท์เซอร์วิสเซส จำกัด,15.5,,71102,,กรุงเทพมหานคร,DBD API (TaxID),ยังดำเนินกิจการอยู่
11x1379,บริษัท สยามเบรนเทค จำกัด,1.0,,46530,,กรุงเทพมหานคร,DBD API (TaxID),ยังดำเนินกิจการอยู่
11x1380,บริษัท สยามกลาสอินดัสทรี จำกัด,645.66206,21131.43,23101,,สมุทรปราการ,DIW register,
11x1381,บริษัท บีพี-คาสตรอล (ประเทศไทย) จำกัด,0.0,0,19209,,สมุทรสาคร,DIW register,
11x1382,บริษัท โปรเพท (ประเทศไทย) จำกัด,323.0,7992.06,22210,,สิงห์บุรี,DIW register,
11x1383,บริษัท สตาร์วอลล์ แมชชินเนอรี่ จำกัด,1.0,,46494,,กรุงเทพมหานคร,DBD API (TaxID),ยังดำเนินกิจการอยู่
11x1384,บริษัท นอร์ท พาวเวอร์ จำกัด,1.0,,33200,,เชียงใหม่,DBD API (TaxID),ยังดำเนินกิจการอยู่
11x1385,บริษัท วิสเมค จำกัด,14.0,87.87,24109,,นนทบุรี,DIW register,
11x1386,บริษัท เจตาแบค บอยเลอร์ เซอร์วิส จำกัด,,,,,,,
11x1387,บริษัท เบียร์ไทย (1991) จำกัด (มหาชน),127.0,136251.84,11030,,กำแพงเพชร,DIW register,
11x1388,บริษัท ชางจิ่ง เอ็นเตอร์ไพรส์ จำกัด,5.0,,33200,,ชลบุรี,DBD API (TaxID),ยังดำเนินกิจการอยู่
11x1389,บริษัท ซิตี้โฟม จำกัด,45.0,224.57,20131,,นนทบุรี,DIW register,
11x1390,ห้างหุ้นส่วนจำกัด ชรินทร์ เอ็นจิเนียริ่ง แอนด์คอนสตรัคชั่น,2.0,,41002,,ประจวบคีรีขันธ์,DBD API (TaxID),ยังดำเนินกิจการอยู่
11x1391,ห้างหุ้นส่วนจำกัด สตีมเซอร์วิส,0.2,,47721,,กรุงเทพมหานคร,DBD API (TaxID),ยังดำเนินกิจการอยู่
11x1392,บริษัท คอสมิค ออยล์ จำกัด,,,,,,,
11x1393,บริษัท อดิตยา เบอร์ล่า เคมีคัลส์ (ประเทศไทย)  จำกัด,1293.596,10550,20299,,สมุทรปราการ,DIW register,
11x1394,บริษัท คอนทิเนนทอล ปิโตรเคมีคอล (ประเทศไทย) จำกัด,1965.174,18904.5,20113,,สมุทรปราการ,DIW register,
11x1395,บริษัท เอเซีย เพ็ท (ไทยแลนด์) จำกัด,1800.0,,20131,,,Customer ID (Direct),
11x1396,บริษัท เกรทโฟม จำกัด,,,,,,,
11x1397,บริษัท ปูนซิเมนต์ไทย (ท่าหลวง)  จำกัด (โรงงานเขาวง),41.0,5760,37000,,สระบุรี,DIW register,
11x1398,บริษัท อุตสาหกรรมทำเครื่องแก้วไทย จำกัด (มหาชน),182.72,73536.240000000005,23101,,สมุทรปราการ,DIW register,
11x1399,บริษัท พลาสม่า เอ็นเนอร์ยี่ จำกัด,,,,,,,
11x1400,CLARIANT (SWIZERLAND) LTD.,,,,,,,
11x1401,บริษัท ไทยนิปปอนฟู้ดส์ จำกัด,24.610369,505.96,52101,,พระนครศรีอยุธยา,DIW register,
11x1402,บริษัท อินฟินิทโปรเกรสเท็กซ์ไทล์ จำกัด,,,,,,,
11x1403,บริษัท รอแยลฟู้ดส์ จำกัด,176.0,9287.4,10302,,เชียงใหม่,DIW register,
11x1404,สมชาย เหลืองสุขวิมล,,,,,,,
11x1405,บริษัท อี-สแควร์ สิ่งแวดล้อมและวิศวกรรม จำกัด,150.0,,42201,,กรุงเทพมหานคร,DBD API (TaxID),ยังดำเนินกิจการอยู่
11x1406,บริษัท รีไซเคิล วอเตอร์ อีควิปเมนท์ จำกัด,1.0,,47114,,กรุงเทพมหานคร,DBD API (TaxID),ยังดำเนินกิจการอยู่
11x1407,บริษัท แอกเซส อินดัสเตรียล เทคโนโลยี  จำกัด,,,,,,,
11x1408,สำนักกษาปณ์,,,,,,,
11x1409,ห้างหุ้นส่วนจำกัด พิมพะนิตแก๊ส,,,,,,,
11x1410,บริษัท เอ็นจีอี (ประเทศไทย) จำกัด,6.0,,47593,,ปทุมธานี,DBD API (TaxID),ยังดำเนินกิจการอยู่
11x1411,บริษัท เอเชี่ยน สุพีเรียฟู้ดส์ จำกัด,36.12,81,1630,,ราชบุรี,DIW register,
11x1412,บริษัท ไดนาสตี้ เซรามิค จำกัด (มหาชน),2664.0,81281.490000000005,23939,,สระบุรี,DIW register,
11x1413,บริษัท อิมเมอรีส์ คิล์น เฟอร์นิเจอร์ (ประเทศไทย) จำกัด,150.0,,23910,,กรุงเทพมหานคร,DBD API (TaxID),ยังดำเนินกิจการอยู่
11x1414,บริษัท เยนเนอรัล สตาร์ช จำกัด,,,,,,,
11x1415,บริษัท เจพี วาล์ว จำกัด,4.0,,47523,,กรุงเทพมหานคร,DBD API (TaxID),ยังดำเนินกิจการอยู่
11x1416,บริษัท เวลล่า (ประเทศไทย) จำกัด,,,,,,,
11x1417,บริษัท มิตซูบิชิ เฮฟวี่ อินดัสตรี่ (ประเทศไทย) จำกัด,127.0,,ไม่พบข้อมูล,,,Customer ID (Direct),
11x1418,บริษัท สุรพลฟู้ดส์ จำกัด (มหาชน),140.65,7280.12,52101,,สมุทรปราการ,DIW register,
11x1419,บริษัท อิสเทิร์น พี.ยู.โฟม อินดัสตรี จำกัด,,,,,,,
11x1420,บริษัท ลีโอฟู้ดส์ จำกัด,0.0,3152.61,10304,,เชียงใหม่,DIW register,
11x1421,บริษัท บีเจซี อินดัสเตรียล แอนด์ เทรดดิ้ง จำกัด,70.0,,46639,,กรุงเทพมหานคร,DBD API (TaxID),ยังดำเนินกิจการอยู่
11x1422,บริษัท เอส ไอ จี คอมบิบล็อค จำกัด,5402.795,15073.97,17020,,ระยอง,DIW register,
11x1423,บริษัท โทลล์ เซอร์วิสเซส (ไทยแลนด์) จำกัด,,,,,,,
11x1424,บริษัท ออปอเรชั่นนอล เอ็นเนอร์ยี่ กรุ๊ป จำกัด,30.0,,42202,,กรุงเทพมหานคร,DBD API (TaxID),ยังดำเนินกิจการอยู่
11x1425,บริษัท เค.เอช.ไอ. อุตสาหกรรม จำกัด,156.0,3308.51,22210,,สมุทรสาคร,DIW register,
11x1426,การไฟฟ้าฝ่ายผลิตแห่งประเทศไทย,4439.624573,7930185.8200000003,35101,,สมุทรปราการ,DIW register,
11x1427,บริษัท จีทีบี เอ็นจิเนียริ่ง จำกัด,,,,,,,
11x1428,บริษัท ควอลิตี้ เอ็นจิเนียริ่ง แอนด์ดีเวลลอปเมนท์ จำกัด,,,,,,,
11x1429,บริษัท เวลล์เฮด จำกัด,,,,,,,
11x1430,บริษัท แพนอินเตอร์ฟู้ดส์ จำกัด,15.0,6911.55,10302,,ชลบุรี,DIW register,
11x1431,บริษัท แอมบิชั่น เอ็นจิเนียริ่ง จำกัด,,,,,,,
11x1432,ห้างหุ้นส่วนจำกัด เอ แอนด์ เอ อินเตอร์เนชั่นแนล มาร์เก็ตติ้ง,1.0,,46593,,กรุงเทพมหานคร,DBD API (TaxID),ยังดำเนินกิจการอยู่
11x1433,บริษัท อินเทค จำกัด,31.0,68.08,28110,,กรุงเทพมหานคร,DIW register,
11x1434,ห้างหุ้นส่วนจำกัด พี แอนด์ พี คอนโทรล ซิสเต็ม,0.5,,27401,,กรุงเทพมหานคร,DBD API (TaxID),ยังดำเนินกิจการอยู่
11x1435,บริษัท ไทยเคมีภัณฑ์ จำกัด,17.8,19672.939999999999,20299,,สมุทรปราการ,DIW register,
11x1436,ห้างหุ้นส่วนจำกัด จัดการไวน์,,,,,,,
11x1437,ห้างหุ้นส่วนจำกัด ที. เอ็ม. ดี. ซัพพลาย,0.5,,46593,,สมุทรปราการ,DBD API (TaxID),ร้าง
11x1438,บริษัท ฟิวเจอร์ วอลล์ เอ็นจิเนียริ่ง จำกัด,5.0,,41002,,กรุงเทพมหานคร,DBD API (TaxID),ยังดำเนินกิจการอยู่
11x1439,บริษัท เจ.เอ.เค. เอ็นจิเนียริ่ง แอนด์ซัพพลาย จำกัด,1.0,,28199,,กรุงเทพมหานคร,DBD API (TaxID),ยังดำเนินกิจการอยู่
11x1440,บริษัท เดลต้า ชิปปิ้ง จำกัด,80.0,,46631,,กรุงเทพมหานคร,DBD API (TaxID),ยังดำเนินกิจการอยู่
11x1441,บริษัท สยามซอร์บิทอล จำกัด,168.0,4987.97,10722,,นครราชสีมา,DIW register,
11x1442,บริษัท โฟมเทค อินเตอร์เนชั่นแนล จำกัด,115.674061,115.14,22210,,พระนครศรีอยุธยา,DIW register,
11x1443,บริษัท ควีน เทคโนโลยี่ จำกัด,1.0,,47593,,กรุงเทพมหานคร,DBD API (TaxID),ยังดำเนินกิจการอยู่
11x1444,บริษัท นิวแม็ก จำกัด,10.0,,46599,,กรุงเทพมหานคร,DBD API (TaxID),ยังดำเนินกิจการอยู่
11x1445,บริษัท เวสท์บาวด์ เอ็นจิเนียริ่ง จำกัด,,,,,,,
11x1446,บริษัท ไอดับบลิวซีที จำกัด,933.0,2296.5,29309,,ฉะเชิงเทรา,DIW register,
11x1447,บริษัท ไอดับบลิวซีที  จำกัด,933.0,2296.5,29309,,ฉะเชิงเทรา,DIW register,
11x1448,บริษัท เอ็น ไอ ซี แป้งมันสำเร็จรูป จำกัด,115.0,1761.56,10616,,นครราชสีมา,DIW register,
11x1449,บริษัท ชับบ์สามัคคีประกันภัย จำกัด (มหาชน),1114.45,,65120,,กรุงเทพมหานคร,DBD API (TaxID),ควบ
11x1450,บริษัท พี ซี ที ที จำกัด,,,,,,,
11x1451,บริษัท ปูนซิเมนต์ไทย (ลำปาง) จำกัด,19.5,177.6,23953,,ลำพูน,DIW register,
11x1452,บริษัท อาร์.เอ็ม.เอ.เทรดดิ้ง จำกัด,10.5,56.75,33121,,กรุงเทพมหานคร,DIW register,
11x1453,บริษัท ไอบีซี คอนสตรัคชั่น แอนด์ ดีเวลล๊อปเมนท์ จำกัด,400.0,,41002,,กรุงเทพมหานคร,DBD API (TaxID),ร้าง
11x1454,บริษัท ซีบริงค์ จำกัด,1.0,,46695,,กรุงเทพมหานคร,DBD API (TaxID),ยังดำเนินกิจการอยู่
11x1455,บริษัท เบียร์ทิพย์ บริวเวอรี่ (1991) จำกัด,140.0,110277.19,11030,,พระนครศรีอยุธยา,DIW register,
11x1456,บริษัท เนชั่นแนล สตาร์ช แอนด์ เคมิเคิล (ไทยแลนด์) จำกัด,,,,,,,
11x1457,บริษัท ฟลูอิด เพาเวอร์ เอ็นจิเนียริ่ง จำกัด,20.0,,46599,,กรุงเทพมหานคร,DBD API (TaxID),ยังดำเนินกิจการอยู่
11x1458,บริษัท เอ็นโฟร์เทค จำกัด,20.0,,22220,,กรุงเทพมหานคร,DBD API (TaxID),ยังดำเนินกิจการอยู่
11x1459,บริษัท เซ้าท์อีสต์เอเชี่ยนแพคเกจจิ่งแอนด์แคนนิ่ง จำกัด,67.0,58.7,10304,,สมุทรสาคร,DIW register,
11x1460,CHC TRADING & TECHNICAL SERVICE,,,,,,,
11x1461,บริษัท สวินเบอร์น เอ็นจิเนียริ่ง จำกัด,,,,,,,
11x1462,บริษัท เอ็ม อี ซี ที จำกัด,50.0,,43210,,กรุงเทพมหานคร,DBD API (TaxID),ยังดำเนินกิจการอยู่
11x1463,บริษัท เคมีแมน จำกัด,740.0,32327.46,23941,,สระบุรี,DIW register,
11x1464,บริษัท เซอโวไลน์ จำกัด,1.0,,46599,,กรุงเทพมหานคร,DBD API (TaxID),ยังดำเนินกิจการอยู่
11x1465,บริษัท เอ็ม.ซี.ดี. การพิมพ์ (ประเทศไทย) จำกัด,476.0,1352.52,17092,,สมุทรปราการ,DIW register,
11x1466,บริษัท ไดกิ้น อินดัสทรีส์ (ประเทศไทย) จำกัด,4500.0,12147.87,27101,,ชลบุรี,DIW register,
11x1467,บริษัท เจริญโภคภัณฑ์อาหาร จำกัด (มหาชน),887.0,27072.25,10801,,สระบุรี,DIW register,
11x1468,บริษัท ส.ศิริแสง จำกัด,8.15,115.5,25111,,กรุงเทพมหานคร,DIW register,
11x1469,บริษัท แท็คโก้ เจนเนอเรชั่น จำกัด,40.0,,41002,,นนทบุรี,DBD API (TaxID),ยังดำเนินกิจการอยู่
11x1470,บริษัท เทย์ก้า (ไทยแลนด์) จำกัด,296.0,3370.74,20231,,ชลบุรี,DIW register,
11x1471,บริษัท ปัญจพล พัลพ์ อินดัสตรี้ จำกัด (มหาชน),285.0,47003.65,17012,,พระนครศรีอยุธยา,DIW register,
11x1472,บริษัท ไอโซเมค คอร์ปอเรชั่น จำกัด,1.0,,70209,,กรุงเทพมหานคร,DBD API (TaxID),ร้าง
11x1473,บริษัท นิวสตาร์ อินเตอร์เนชั่นแนล จำกัด,18.0,86.11,25111,,นนทบุรี,DIW register,
11x1474,บริษัท ควอลิเมอร์ จำกัด (ยกเลิก),,,,,,,
11x1475,บริษัท โฟคัส แมคคานิค จำกัด,0.0,41,19209,,ชลบุรี,DIW register,
11x1476,บริษัท บริดจสโตนไทร์ แมนูแฟคเจอริ่ง (ประเทศไทย) จำกัด,10434.986186,96700.76,22112,,ชลบุรี,DIW register,
11x1477,บริษัท ลำพูน ซิงเดนเก็น จำกัด,1262.0,794.65,26402,,ลำพูน,DIW register,
11x1478,บริษัท โกลบอล เอ็นจิเนียริ่ง โซลูชั่นส์ จำกัด,,,,,,,
11x1479,บริษัท พี เค เค สยาม จำกัด,4.0,,46593,,กรุงเทพมหานคร,DBD API (TaxID),ยังดำเนินกิจการอยู่
11x1480,บริษัท อลูมิเนียม ฉื่อ จิ้น ฮั้ว จำกัด,53.594197,33251.879999999997,24101,,สมุทรปราการ,DIW register,
11x1481,บริษัท เจ.ไอ.ที.รีฟริเจอเรชั่น จำกัด,3.0,,46614,,กรุงเทพมหานคร,DBD API (TaxID),ยังดำเนินกิจการอยู่
11x1482,บริษัท อัลฟา เอ็กเซล เอ็นจิเนียริ่ง จำกัด,,,,,,,
11x1483,บริษัท สหฤทัย เซอร์วิส จำกัด,1.0,,ไม่พบข้อมูล,,,Customer ID (Direct),
11x1484,บริษัท วอลล์ เทคโนโลยี จำกัด,75.0,2707.4457000000002,28120,,นครปฐม,DIW register,
11x1485,บริษัท เนชั่นแนล สตาร์ช แอนด์ เคมิเคิล (ไทยแลนด์) จำกัด,,,,,,,
11x1486,ห้างหุ้นส่วนจำกัด ไอ.เอ็ม.มาร์เก็ตติ้ง,,,,,,,
11x1487,บริษัท อินนิออส เอบีเอส (ประเทศไทย) จำกัด,,,,,,,
11x1488,บริษัท กระเบื้องหลังคาซีแพค จำกัด,11.299995,1030.97,23953,,ลำพูน,DIW register,
11x1489,บริษัท เฟลิกซ์ ริเวอร์แควรีสอร์ท (กาญจนบุรี) จำกัด,1046.32,,55101,,กรุงเทพมหานคร,DBD API (TaxID),ยังดำเนินกิจการอยู่
11x1490,บริษัท กัลฟ์ โคเจนเนอเรชั่น จำกัด,850.0,,35101,,สระบุรี,DBD API (TaxID),เลิก
11x1491,บริษัท ไพโอเนียร์ อีลาสติค (ประเทศไทย) จำกัด,710.0,5795.28,14111,,สมุทรสาคร,DIW register,
11x1492,บริษัท เบสท์เทรด เทคโนโลยี จำกัด,3.0,,45302,,นนทบุรี,DBD API (TaxID),ยังดำเนินกิจการอยู่
11x1493,บริษัท หงีเฮงแชมเปี้ยนกรุ๊ป จำกัด,19.0,729.3,17020,,สมุทรสาคร,DIW register,
11x1494,มิตซูบิชิ เคมิคอล (ประเทศไทย),246.0,3470.66,22230,,ชลบุรี,DIW register,
11x1495,ห้างหุ้นส่วนจำกัด เอ็ม.แอล. เอ็นจิเนียริ่ง แอนด์ เซอร์วิส,2.0,,42201,,กรุงเทพมหานคร,DBD API (TaxID),ร้าง
11x1496,บริษัท อินเตอร์เทค เทสติ้ง เซอร์วิสเซส (ประเทศไทย)จำกัด,10.0,,71201,,กรุงเทพมหานคร,DBD API (TaxID),ยังดำเนินกิจการอยู่
11x1497,บริษัท ยูเนี่ยน เทค เอ็นจิเนียริ่ง จำกัด,4.0,,46421,,กรุงเทพมหานคร,DBD API (TaxID),ยังดำเนินกิจการอยู่
11x1498,ห้างหุ้นส่วนจำกัด ธนชัย เมคคานิคอล,1.0,,47300,,กรุงเทพมหานคร,DBD API (TaxID),ยังดำเนินกิจการอยู่
11x1499,บริษัท สยามร่วมมิตร จำกัด,1314.838,737.15,10712,,กรุงเทพมหานคร,DIW register,
11x1500,บริษัท พี.เอส. แปซิฟิค จำกัด,,,,,,,
11x1501,บริษัท พารา ซูมิ-ไทย ลิสซิ่ง จำกัด,,,,,,,
11x1502,บริษัท เอช.เอ็ม.อี. แมชชีนเนอรี่ (ไทยแลนด์) จำกัด,1.0,,ไม่พบข้อมูล,,,Customer ID (Direct),
11x1503,บริษัท ไทยยูเนี่ยน ฟีดมิลล์ จำกัด,1585.035445,54814.91,10801,,สมุทรสาคร,DIW register,
11x1504,บริษัท นิวคอนเซพท์ โปรดัคท์ จำกัด,361.72,334.03,21001,,ชลบุรี,DIW register,
11x1505,บริษัท ทริปเปิ้ล อายส์ เอ็นจิเนียริ่ง จำกัด,1.0,,46421,,นนทบุรี,DBD API (TaxID),ยังดำเนินกิจการอยู่
11x1506,บริษัท บางกอกโมเดิร์นบิสซิเนส จำกัด,2.0,,46593,,กรุงเทพมหานคร,DBD API (TaxID),ยังดำเนินกิจการอยู่
11x1507,บริษัท ซีโก้แอสฟัลท์ จำกัด,138.285,343,19209,,สุพรรณบุรี,DIW register,
11x1508,บริษัท บราเธอร์โฟม จำกัด (สาขาที่ 3),85.0,,22299,,กรุงเทพมหานคร,DBD API (TaxID),ยังดำเนินกิจการอยู่
11x1509,บริษัท ไอเซอร์ คอร์เปอร์เรชั่น จำกัด,,,,,,,
11x1510,บริษัท กิตติวดีศิลาพาณิชย์ จำกัด,80.0,6090,23961,,อุบลราชธานี,DIW register,
11x1511,บริษัท มิตรสยามอินเตอร์เนชั่นแนล จำกัด,100.0,,46900,,กรุงเทพมหานคร,DBD API (TaxID),ยังดำเนินกิจการอยู่
11x1512,องค์การบริหารส่วนตำบลบางนอน,,,,,,,
11x1513,ห้างหุ้นส่วนจำกัด ร่วมกิจเอ็นจิเนียริ่ง แอนด์ซัพพลาย,,,,,,,
11x1514,บริษัท เซอเฟส สเปเชียลตี้ส์ (ประเทศไทย)  จำกัด,,,,,,,
11x1515,บริษัท ไทยบริดจสโตน จำกัด,3913.609335,55065.38,22112,,ปทุมธานี,DIW register,
11x1516,บริษัท เพทราเคม (ประเทศไทย) จำกัด,50.0,160,20294,,ชลบุรี,DIW register,
11x1517,บริษัท ควิกวัน จำกัด,,,,,,,
11x1518,บริษัท เลย์มาส จำกัด,5.0,,47523,,กรุงเทพมหานคร,DBD API (TaxID),ยังดำเนินกิจการอยู่
11x1519,บริษัท ไทยมิเตอร์ จำกัด,10.0,,55101,,กรุงเทพมหานคร,DBD API (TaxID),ยังดำเนินกิจการอยู่
11x1520,บริษัท เอ็นเท็ค เอ็นจิเนียริ่ง จำกัด,80.0,,33121,,สมุทรปราการ,DBD API (TaxID),ยังดำเนินกิจการอยู่
11x1521,บริษัท อควา สปอร์ตส์ จำกัด,24.0,,50221,,กรุงเทพมหานคร,DBD API (TaxID),เสร็จการชำระบัญชี
11x1522,บริษัท รีฟริเทค จำกัด,76.55444,315.62,27101,,ปทุมธานี,DIW register,
11x1523,บริษัท เบสแทค เคมิคอล จำกัด,8.0,547,20292,,สมุทรปราการ,DIW register,
11x1524,บริษัท ไซเทคเอเซีย โซลูชั่น จำกัด,82.0,,46441,,กรุงเทพมหานคร,DBD API (TaxID),ยังดำเนินกิจการอยู่
11x1525,บริษัท เอ็ม.ที.ที.เอส. เอ็นจิเนียริ่ง จำกัด,1.0,,47593,,กรุงเทพมหานคร,DBD API (TaxID),ยังดำเนินกิจการอยู่
11x1526,บริษัท โทเทิล อินดัสเตรียล โซลูชั่น จำกัด,5.0,,46593,,กรุงเทพมหานคร,DBD API (TaxID),ยังดำเนินกิจการอยู่
11x1527,บริษัท พันธ์-ชื่น จำกัด,,,,,,,
11x1528,บริษัท คอพเพิร์น เอ็นจิเนียริ่ง จำกัด,1.0,,29309,,กรุงเทพมหานคร,DBD API (TaxID),ยังดำเนินกิจการอยู่
11x1529,ห้างหุ้นส่วนจำกัด ที.พี.เอ็ม. อะบิลลิตี้,1.0,,46634,,นนทบุรี,DBD API (TaxID),ยังดำเนินกิจการอยู่
11x1530,บริษัท เบียร์ทิพย์ บริวเวอรี่ (1991)   จำกัด,140.0,110277.19,11030,,พระนครศรีอยุธยา,DIW register,
11x1531,บริษัท เทคโนโลยี่แอนด์เอ็นจิเนียริ่งสแควร์ จำกัด,30.0,,41002,,กรุงเทพมหานคร,DBD API (TaxID),ยังดำเนินกิจการอยู่
11x1532,บริษัท เบียร์ทิพย์ บริวเวอรี่ (1991) จำกัด,140.0,110277.19,11030,,พระนครศรีอยุธยา,DIW register,
11x1533,บริษัท เหล็กแผ่นรีดเย็นไทย จำกัด (มหาชน),17190.95,9667.6706599999998,24101,,ประจวบคีรีขันธ์,DIW register,
11x1534,บริษัท เหล็กแผ่นเคลือบไทย จำกัด (มหาชน),2222.0,15263.61,25921,,ประจวบคีรีขันธ์,DIW register,
11x1535,MANDO FOR ENG.& TRADING,,,,,,,
11x1536,บริษัท เด็มโก้ จำกัด,,,,,,,
11x1537,บริษัท แอตแลนติก มิลส์ (ประเทศไทย) จำกัด,0.0,16754.86,13131,,สมุทรสาคร,DIW register,
11x1538,บริษัท พี.เอส.ปิโตรเทค จำกัด,5.0,,46593,,นนทบุรี,DBD API (TaxID),ยังดำเนินกิจการอยู่
11x1539,บริษัท ไทยแสนไว เอ็นจิเนียริ่ง จำกัด,,,,,,,
11x1540,บริษัท อินเตอร์เนชั่นแนล โปรเคียวเม้นท์ จำกัด,5.0,,46421,,กรุงเทพมหานคร,DBD API (TaxID),ยังดำเนินกิจการอยู่
11x1541,ห้างหุ้นส่วนจำกัด พี เอ็น คอนสตรั๊คชั่น แอนด์ เซอร์วิส,,,,,,,
11x1542,บริษัท วอเตอร์ ด๊อกเตอร์  จำกัด,99.0,,70209,,กรุงเทพมหานคร,DBD API (TaxID),ยังดำเนินกิจการอยู่
11x1543,บริษัท ซี ไอ เอ็ม เอ็นจิเนียริ่ง (ประเทศไทย) จำกัด,14.68,174.24,25921,,ลำปาง,DIW register,
11x1544,บริษัท กฟผ. จำกัด (มหาชน),,,,,,,
11x1545,บริษัท วอเตอร์เคมิคัล แอนด์ เอ็นจิเนียริ่ง จำกัด,,,,,,,
11x1546,บริษัท โปรเฟสชั่นแนล เอ็นจิเนียริ่ง เซอร์วิส จำกัด,,,,,,,
11x1547,บริษัท ฮิราคาวา ไกดัม (ไทยแลนด์) จำกัด,,,,,,,
11x1548,บริษัท แอร์โรเฟลกซ์ อินเตอร์เนชันแนล จำกัด,,,,,,,
11x1549,บริษัท อดิตยา เบอร์ล่า เคมีคัลส์ (ประเทศไทย)  จำกัด,1293.596,10550,20299,,สมุทรปราการ,DIW register,
11x1550,บริษัท อินทีกรา จำกัด,2.0,,33200,,สมุทรปราการ,DBD API (TaxID),ยังดำเนินกิจการอยู่
11x1551,โรงน้ำแข็งอู่ทอง,,,,,,,
11x1552,บริษัท เวสเทิร์นพาร์ อินเตอร์แมค (1998) จำกัด,,,,,,,
11x1553,บริษัท ปตท. เคมิคอล จำกัด (มหาชน) ยกเลิก,,,,,,,
11x1554,บริษัท อีเทอนัล พลาสติก จำกัด,120.0,13341.1,20131,,สมุทรปราการ,DIW register,
11x1555,บริษัท ริช ไรส จำกัด,,,,,,,
11x1556,ห้างหุ้นส่วนจำกัด เบิร์ด แอนด์ บูม เอ็นจิเนียริ่ง,18.0,262.5,27101,,นครปฐม,DIW register,
11x1557,บริษัท ไปปส์ แอนด์ ปั๊มส์  จำกัด,1.0,,46530,,กรุงเทพมหานคร,DBD API (TaxID),ยังดำเนินกิจการอยู่
11x1558,บริษัท ซีซีพี เท็กซ์ไทล์ จำกัด,65.2,10860,13131,,สมุทรสาคร,DIW register,
11x1559,บริษัท ศรีจันทร์ เอ็นจิเนียริ่ง แอนด์ คอนสตรัคชั่น จำกัด,20.0,,41002,,นนทบุรี,DBD API (TaxID),ร้าง
11x1560,บริษัท ไอนอคซ์ อินเตอร์เนชั่นแนล จำกัด,,,,,,,
11x1561,บริษัท โอร์กาโน่ (ประเทศไทย) จำกัด,120.1,,46634,,กรุงเทพมหานคร,DBD API (TaxID),ยังดำเนินกิจการอยู่
11x1562,บริษัท ไตร เอนเนอจี้ จำกัด,,,,,,,
11x1563,ร้านบุญยงค์แก๊ส,,,,,,,
11x1564,บริษัท แอดเทค เทรดดิ้ง จำกัด,1.0,,46593,,กรุงเทพมหานคร,DBD API (TaxID),เสร็จการชำระบัญชี
11x1565,บริษัท เจนสตาร์ เทคโนโลยี่ จำกัด,,,,,,,
11x1566,ห้างหุ้นส่วนจำกัด ไทยเบิร์นเนอร์ อินดัสเตรียล ซัพพลาย,,,,,,,
11x1567,บริษัท โยโกฮามา ไทร์ แมนูแฟคเจอริ่ง (ประเทศไทย) จำกัด,3.3,3083.9659999999999,33121,,ระยอง,DIW register,
11x1568,บริษัท เจริญชัย เทรดดิ้ง เอ็นจิเนียริ่ง จำกัด,1.0,,47530,,กรุงเทพมหานคร,DBD API (TaxID),ยังดำเนินกิจการอยู่
11x1569,บริษัท นิฮอน ตะวัน เอ็นจิเนียริ่ง จำกัด,4.0,,41002,,ชลบุรี,DBD API (TaxID),ยังดำเนินกิจการอยู่
11x1570,บริษัท ชะอำพีรพัฒน์ เคมีคอล จำกัด,,,,,,,
11x1571,บริษัท แอดวานซ์ เทคโนโลยี อีควิปเม้นท์ จำกัด,3.0,,46499,,กรุงเทพมหานคร,DBD API (TaxID),ยังดำเนินกิจการอยู่
11x1572,บริษัท น้ำมันบริโภคไทย  จำกัด,187.889062,5017.8500000000004,10491,,สมุทรปราการ,DIW register,
11x1573,บริษัท โกรว์ทสยาม เอ็นจิเนียริ่ง จำกัด,,,,,,,
11x1574,บริษัท สุราบางยี่ขัน จำกัด,1739.44204,85499.85,11011,,ปทุมธานี,DIW register,
11x1575,บริษัท โกลบอล ยูทิลิตี้ เซอร์วิส จำกัด,324.0,1039,36002,,ระยอง,DIW register,
11x1576,บริษัท พี.เอ.เอส.พืชผลส่งออกและไซโล จำกัด,231.0,599.75,52102,,สุโขทัย,DIW register,
11x1577,บริษัท โตโยต้า พาราก้อน มอเตอร์ จำกัด,100.0,153.69999999999999,33121,,ปทุมธานี,DIW register,
11x1578,ทาคูม่า คัมปะนี ลิมิเต็ด,,,,,,,
11x1579,บริษัท อินโดไชน่า เอ็นจิเนียริ่ง ซิสเท็มส์ จำกัด,,,,,,,
11x1580,บริษัท สยามซิสเต็มคาร์ จำกัด,22.62,155,29109,,นครปฐม,DIW register,
11x1581,บริษัท กระเบื้องหลังคาซีแพค  จำกัด,11.299995,1030.97,23953,,ลำพูน,DIW register,
11x1582,บริษัท ปาล์มน้ำมันธรรมชาติ จำกัด,152.0,17015.36,10491,,สุราษฎร์ธานี,DIW register,
11x1583,บริษัท บี.เอ็น.บราเดอร์ จำกัด,400.0,2939.5,20221,,สมุทรปราการ,DIW register,
11x1584,บริษัท กุลวิเศษ เอ็นจิเนียริ่งและการเกษตร จำกัด,1.0,,41002,,กรุงเทพมหานคร,DBD API (TaxID),ยังดำเนินกิจการอยู่
11x1585,บริษัท เคเอสบี พั๊มส์ จำกัด,55.1,531,28160,,กรุงเทพมหานคร,DIW register,
11x1586,บริษัท ไทยจูรองเอ็นจิเนียริ่ง จำกัด,51.0,576.6,25111,,ชลบุรี,DIW register,
11x1587,บริษัท เฌอร่า จำกัด  (มหาชน)-รง.นาบอน,,,,,,,
11x1588,บริษัท โทสแพลนท์ เอ็นจิเนียริ่ง (ประเทศไทย) จำกัด,10.0,,43210,,กรุงเทพมหานคร,DBD API (TaxID),ยังดำเนินกิจการอยู่
11x1589,บริษัท แก๊สซัพพลายส์ จำกัด,5.0,,82920,,เชียงใหม่,DBD API (TaxID),ยังดำเนินกิจการอยู่
11x1590,บริษัท เทซอยล์ ปิโตรเคมีคัล จำกัด,,,,,,,
11x1591,บริษัท ซีบร้า อินเตอร์เนชั่นแนล จำกัด,2.0,,46599,,กรุงเทพมหานคร,DBD API (TaxID),ร้าง
11x1592,บริษัท ซีบา สเปเชียลตี้ เคมิคอลส์ (ประเทศไทย)  จำกัด,,,,,,,
11x1593,บริษัท ไซเบอร์แพค จำกัด,230.0,2507.1,52293,,ฉะเชิงเทรา,DIW register,
11x1594,บริษัท อี แอนด์ เอ็ม(ไทยแลนด์) จำกัด,5.0,,49323,,กรุงเทพมหานคร,DBD API (TaxID),ยังดำเนินกิจการอยู่
11x1595,บริษัท ที.เจ.เอ. อินดัสตรีย์ จำกัด,1.0,,46593,,กรุงเทพมหานคร,DBD API (TaxID),ร้าง
11x1596,บริษัท เอส.ดี.บี. คอนสตัคชั่น จำกัด,3.0,,41002,,กรุงเทพมหานคร,DBD API (TaxID),ยังดำเนินกิจการอยู่
11x1597,บริษัท เอสดี ไบโอซัพพลาย จำกัด,37.68,416.87,20111,,กาฬสินธุ์,DIW register,
11x1598,ห้างหุ้นส่วนจำกัด จารุวงศ์ก๊าซบึงกาฬ,10.0,,46613,,บึงกาฬ,DBD API (TaxID),ยังดำเนินกิจการอยู่
11x1599,บริษัท เค.เอ็ม. เคมีคอล คอร์ปอเรชั่น จำกัด,130.0,281,20113,,นครปฐม,DIW register,
11x1600,บริษัท เอ็มบาร์ จำกัด,,,,,,,
11x1601,บริษัท บี.เค.ซิมเม็กซ์ จำกัด,2.0,,ไม่พบข้อมูล,,,Customer ID (Direct),
11x1602,ห้างหุ้นส่วนจำกัด ชรินทร์เฮ็ลธ์แคร์,5.0,,47721,,กรุงเทพมหานคร,DBD API (TaxID),ยังดำเนินกิจการอยู่
11x1603,ห้างหุ้นส่วนจำกัด เอสเอสดี ทูลส์,,,,,,,
11x1604,บริษัท ไทยรับเบอร์ลาเท็คซ์กรุ๊ป จำกัด,19.024919,194.78,22191,,ชลบุรี,DIW register,
11x1605,ห้างหุ้นส่วนจำกัด ร่มบุญปิโตรเลียมแพร่,0.3,,46613,,แพร่,DBD API (TaxID),ยังดำเนินกิจการอยู่
11x1606,บริษัท ดิพโซล (ประเทศไทย) จำกัด,20.0,,20299,,สมุทรปราการ,DBD API (TaxID),ยังดำเนินกิจการอยู่
11x1607,บริษัท วาซเซอร์เท็ค  จำกัด,1.0,,ไม่พบข้อมูล,,,Customer ID (Direct),
11x1608,บริษัท คาร์ดิแนล เฮลท์ 222 (ประเทศไทย)  จำกัด,2994.015,0,22199,,ระยอง,DIW register,
11x1609,บริษัท โสสุโก้ เซรามิค จำกัด,585.0,19968.189999999999,23939,,สระบุรี,DIW register,
11x1610,ห้างหุ้นส่วนจำกัด บอสยูเนี่ยนเมคคานิค,0.5,,33122,,สุราษฎร์ธานี,DBD API (TaxID),ยังดำเนินกิจการอยู่
11x1611,บริษัท อีจีแอล อีเกิ้ล โกลบอล โลจิสติกส์ (ประเทศไทย) จำกัด,,,,,,,
11x1612,บริษัท เอบีบี จำกัด,0.0,3955.84,26402,,สมุทรปราการ,DIW register,
11x1613,บริษัท เอ็น เอส. 91 เทรดดิ้ง  จำกัด,1.0,,47420,,กรุงเทพมหานคร,DBD API (TaxID),ยังดำเนินกิจการอยู่
11x1614,บริษัท เอเบิล อินดัสตรีส์  จำกัด,195.972,14883.92,24101,,ปทุมธานี,DIW register,
11x1615,บริษัท เค เพาเวอร์ เอ็นจิเนียริ่ง  จำกัด,3.0,,46599,,กรุงเทพมหานคร,DBD API (TaxID),ยังดำเนินกิจการอยู่
11x1616,บริษัท เบสทอล เกลซ  จำกัด,20.0,,41002,,กรุงเทพมหานคร,DBD API (TaxID),ยังดำเนินกิจการอยู่
11x1617,บริษัท เมนเทนแนนซ์ แอนด์ คอนสตรัคชั่น เซอร์วิส จำกัด,,,,,,,
11x1618,บริษัท เอ็ม พี ซัพพลายแอนด์เซอร์วิส จำกัด,1.0,,ไม่พบข้อมูล,,,Customer ID (Direct),
11x1619,บริษัท ฟีคันด์ ฟิตติ้ง สเตนเลส จำกัด,,,,,,,
11x1620,บริษัท นูมาน แอนด์ เอสเชอร์ เซ้าท์ อีสต์ เอเซีย จำกัด,140.0,,28199,,ระยอง,DBD API (TaxID),ยังดำเนินกิจการอยู่
11x1621,บริษัท โฟลว์ซิสเท็มส์ คอร์ปอเรชั่น  จำกัด,1.0,,47523,,กรุงเทพมหานคร,DBD API (TaxID),เสร็จการชำระบัญชี
11x1622,บริษัท ยูโร สยาม เอ็นจิเนียริ่ง  จำกัด,,,,,,,
11x1623,บริษัท ศารายา เอ็มเอฟจี. (ไทยแลนด์)  จำกัด,303.0,1314,20231,,ชลบุรี,DIW register,
11x1624,บริษัท ไทโย ก๊าซ จำกัด,54.680445,0,46613,,ระยอง,DIW register,
11x1625,บริษัท ลีโอ เพ้นท์ จำกัด,20.0,,20221,,ปทุมธานี,DBD API (TaxID),ร้าง
11x1626,ห้างหุ้นส่วนจำกัด ชากพงบริการ,,,,,,,
11x1627,บริษัท โตโยต้า ไดฮัทสุ เอ็นจิเนียริ่ง,,,,,,,
11x1628,บริษัท ฮาเคม เพ้นท์ จำกัด,18.0,508,20221,,นนทบุรี,DIW register,
11x1629,บริษัท ฟิตส์ จำกัด,,,,,,,
11x1630,บริษัท แทเลนท์ ฟลูอิด เทรด จำกัด,1.0,,46599,,กรุงเทพมหานคร,DBD API (TaxID),ร้าง
11x1631,บริษัท ซาน มิเกล เบียร์ (ประเทศไทย)  จำกัด,0.0,17443,11030,,ปทุมธานี,DIW register,
11x1632,บริษัท ปัญญารักษา จำกัด,106.0,3258.35,24101,,กาญจนบุรี,DIW register,
11x1633,ห้างหุ้นส่วนจำกัด แอสซิส แมนเนจเม้นท์,,,,,,,
11x1634,บริษัท มหพันธ์กระเบื้องคอนกรีต  จำกัด,,,,,,,
11x1635,บริษัท อัลฟ่า อิควิปเม้นท์  จำกัด,,,,,,,
11x1636,บริษัท นครชัยปราการ เคมีภัณฑ์  จำกัด,204.0,,20299,,ชลบุรี,DBD API (TaxID),ยังดำเนินกิจการอยู่
11x1637,บริษัท ครอส เทคโนโลยี  จำกัด,1.0,,46593,,กรุงเทพมหานคร,DBD API (TaxID),เสร็จการชำระบัญชี
11x1638,บริษัท ไทยแอดวานซ์ อิเล็คทริค เซลส์แอนด์เซอร์วิส จำกัด,,,,,,,
11x1639,บริษัท กิบไทย จำกัด,30.0,,46441,,กรุงเทพมหานคร,DBD API (TaxID),ยังดำเนินกิจการอยู่
11x1640,บริษัท จีเอฟพีที จำกัด (มหาชน),227.0,41925.79,10111,,สมุทรปราการ,DIW register,
11x1641,บริษัท อาร์.ซี.ซัพพลายเคมีภัณฑ์  จำกัด,14.0,319,20113,,สมุทรสงคราม,DIW register,
11x1642,ห้างหุ้นส่วนจำกัด ฟลาวเวอร์ฟูด,50.0,,ไม่พบข้อมูล,,,Customer ID (Direct),
11x1643,บริษัท ช้างอวอดส์ (1959)  จำกัด,163.15,7323.95,10302,,เชียงใหม่,DIW register,
11x1644,บริษัท พี พี เอ็ม วอเตอร์แคร์  จำกัด,,,,,,,
11x1645,บริษัท ทีเคเค คอร์ปอเรชั่น จำกัด,50.0,,46593,,กรุงเทพมหานคร,DBD API (TaxID),ยังดำเนินกิจการอยู่
11x1646,บริษัท เอเวอรี่ เวอร์ค เอ็นจิเนียริ่ง  จำกัด,3.0,,23951,,สมุทรปราการ,DBD API (TaxID),ยังดำเนินกิจการอยู่
11x1647,บริษัท รุ่งเรือง อินสตรูเม้นท์ จำกัด,1.0,,ไม่พบข้อมูล,,,Customer ID (Direct),
11x1648,บริษัท บริจวิว จำกัด,1985.15,,55101,,กรุงเทพมหานคร,DBD API (TaxID),ยังดำเนินกิจการอยู่
11x1649,ซีพีเอฟ,,,,,,,
11x1650,บริษัท เชฟรอน ออฟชอร์ (ประเทศไทย) จำกัด,106.53,,46599,,กรุงเทพมหานคร,DBD API (TaxID),ยังดำเนินกิจการอยู่
11x1651,บริษัท อิงค์ เทค แอนด์ เคมิคอล  จำกัด,10.0,,20222,,สมุทรปราการ,DBD API (TaxID),ยังดำเนินกิจการอยู่
11x1652,บริษัท อิมพีเรียล เรียลเอสเตท  จำกัด,100.0,,68104,,สมุทรปราการ,DBD API (TaxID),ยังดำเนินกิจการอยู่
11x1653,GLOBAL WATER ENGINEERING LTD.,,,,,,,
11x1654,บริษัท ยูนิ-เพรสซิเดนท์ (ประเทศไทย)  จำกัด,369.4,12339.7,10302,,นครปฐม,DIW register,
11x1655,บริษัท นิปปอน ไฮ-แพค (ประเทศไทย)  จำกัด,,,,,,,
11x1656,ห้างหุ้นส่วนจำกัด โอ เค ทู เอ็นจิเนียริ่ง,0.1,,43210,,กรุงเทพมหานคร,DBD API (TaxID),ยังดำเนินกิจการอยู่
11x1657,บริษัท ทรานส์ ไทย-มาเลเซีย (ประเทศไทย) จำกัด,6343.6,,49400,,สงขลา,DBD API (TaxID),ยังดำเนินกิจการอยู่
11x1658,บริษัท เอสทูจี จำกัด,,,,,,,
11x1659,บริษัท เอ็มทีอี  จำกัด,100.0,,ไม่พบข้อมูล,,,Customer ID (Direct),
11x1660,ห้างหุ้นส่วนจำกัด ไดนามิค เพาเวอร์ แอนด์ เซอร์วิส,5.0,,43210,,ระยอง,DBD API (TaxID),แปรสภาพ
11x1661,บริษัท ไฮมาสเตอร์โฟมโปรดักส์ จำกัด,135.0,555.79999999999995,20131,,สมุทรสาคร,DIW register,
11x1662,บริษัท บุญพิศาล จำกัด,58.0,2041.9,10801,,ฉะเชิงเทรา,DIW register,
11x1663,บริษัท มั่นชัย แมชชินเนอรี่ จำกัด,20.0,413.5,25949,,สมุทรสาคร,DIW register,
11x1664,บริษัท สีไทยกันไซเพ้นท์ จำกัด(รง.อีสเทิร์น),,,,,,,
11x1665,บริษัท เบเวอเรจ คอนซัลติ้ง แอนด์ เอ็นจิเนียริ่ง จำกัด,,,,,,,
11x1666,บริษัท เอ็มทีไอ เอ็นจิเนียริ่ง  จำกัด,3.0,,ไม่พบข้อมูล,,,Customer ID (Direct),
11x1667,บริษัท ปัญญารักษา จำกัด (ยกเลิก),,,,,,,
11x1668,บริษัท โพลีแมกซ์ อินเตอร์เนชั่นแนล จำกัด,,,,,,,
11x1669,บริษัท เอ พี ที เอ็นจิเนียริ่ง จำกัด,,,,,,,
11x1670,บริษัท เอ็มคอน อินเตอร์เนชั่นแนล จำกัด,5.0,,37000,,กรุงเทพมหานคร,DBD API (TaxID),ยังดำเนินกิจการอยู่
11x1671,ห้างหุ้นส่วนจำกัด ที.เอส.พัฒนกิจ,,,,,,,
11x1672,บริษัท ซัมมิท สเตียริง วีล จำกัด,122.57,2141,29309,,สมุทรปราการ,DIW register,
11x1673,การไฟฟ้าฝ่ายผลิตแห่งประเทศไทย,4439.624573,7930185.8200000003,35101,,สมุทรปราการ,DIW register,
11x1674,บริษัท แซม วัน เทคโนโลยี จำกัด,15.0,,42201,,สมุทรสาคร,DBD API (TaxID),ยังดำเนินกิจการอยู่
11x1675,บริษัท ซี.เค.อี. แอนด์ เอส.  จำกัด,23.1,197.5,28230,,สมุทรสาคร,DIW register,
11x1676,บริษัท ออโต้อินโฟ  จำกัด,20.0,,73200,,กรุงเทพมหานคร,DBD API (TaxID),ยังดำเนินกิจการอยู่
11x1677,บริษัท กฤษณะมงคล จำกัด,15.0,159620.46,17012,,นครปฐม,DIW register,
11x1678,บริษัท มั่นใจเอ็นจิเนียริ่ง แอนด์ ทรานสปอร์ต จำกัด,5.0,,41002,,สมุทรปราการ,DBD API (TaxID),ยังดำเนินกิจการอยู่
11x1679,บริษัท หนองแค โคเจนเนอเรชั่น จำกัด,0.0,876496.6,35101,,สระบุรี,DIW register,
11x1680,บริษัท รังสรรค์ เอ็นจิเนียริ่ง แอนด์ เซอร์วิส จำกัด,1.0,,ไม่พบข้อมูล,,,Customer ID (Direct),
11x1681,ห้างหุ้นส่วนจำกัด รุ่งเรืองผลเขาฉกรรจ์,,,,,,,
11x1682,บริษัท จันทบุรีซีฟู้ดส์ จำกัด,,,,,,,
11x1683,บริษัท ไทยนิสชิน เซฟุง  จำกัด,300.0,0,10133,,สมุทรปราการ,DIW register,
11x1684,บริษัท ชินวา โคเงียว (ประเทศไทย) จำกัด,,,,,,,
11x1685,บริษัท บีเอเอสเอฟ โพลียูรีเธนส์ (ประเทศไทย) จำกัด,,,,,,,
11x1686,บริษัท ดีมายเออร์ จำกัด,23.0,106.1,25130,,ลพบุรี,DIW register,
11x1687,บริษัท พลวัตร จำกัด,53.0,350.11,27101,,นครปฐม,DIW register,
11x1688,บริษัท โนเบล เอ็นซี จำกัด,139.7,34339.050000000003,20291,,ชัยนาท,DIW register,
11x1689,บริษัท ศรีพิพัฒน์ เอ็นจิเนียริ่ง จำกัด,47.0,136.30000000000001,25922,,กรุงเทพมหานคร,DIW register,
11x1690,บริษัท ที อาร์ แมคคานิค มาร์แชล จำกัด(เปลี่ยนชื่อ),,,,,,,
11x1691,บริษัท เทอร์โบเมค (ไทยแลนด์)  จำกัด,100.0,,46599,,ระยอง,DBD API (TaxID),ยังดำเนินกิจการอยู่
11x1692,ห้างหุ้นส่วนจำกัด เอส.เอ.ซี.อีควิปเม้นท์,1.0,,46421,,เชียงใหม่,DBD API (TaxID),ยังดำเนินกิจการอยู่
11x1693,บริษัท ช.พัฒนา อพาร์ทเมนต์ จำกัด,12.0,,43223,,นครปฐม,DBD API (TaxID),ยังดำเนินกิจการอยู่
11x1694,ห้างหุ้นส่วนจำกัด นาดีเทค เอ็นจิเนียริ่ง,,,,,,,
11x1695,บริษัท โมดูล่าร์ คอมพาวด์ จำกัด,19.87,700.77,20299,,นครปฐม,DIW register,
11x1696,บริษัท สายไฟฟ้าบางกอกเคเบิ้ล จำกัด,275.0,17434,27320,,สมุทรปราการ,DIW register,
11x1697,บริษัท อีเทอนอล ซากาตะ อิ้งซ์  จำกัด,109.531518,1055.75,20222,,กรุงเทพมหานคร,DIW register,
11x1698,บริษัท มหาชัยอาหารไทย  จำกัด,0.0,1748.2,10774,,สมุทรสาคร,DIW register,
11x1699,บริษัท เอทีที อินดัสตรีส์  จำกัด,1.0,,28199,,กรุงเทพมหานคร,DBD API (TaxID),ยังดำเนินกิจการอยู่
11x1700,ห้างหุ้นส่วนจำกัด ส.กมลวัฒนา,175.0,429.2,19209,,ปัตตานี,DIW register,
11x1701,ห้างหุ้นส่วนจำกัด สุรีย์พร ซัพพลาย,,,,,,,
11x1702,บริษัท ซินธีส (ประเทศไทย) จำกัด,0.0,973,20131,,สมุทรปราการ,DIW register,
11x1703,บริษัท ไทย-อิชิ อินเตอร์เทรด จำกัด,1.0,,ไม่พบข้อมูล,,,Customer ID (Direct),
11x1704,บริษัท ไทย ไอโซนอล จำกัด,1.0,,20221,,สมุทรสาคร,DBD API (TaxID),ยังดำเนินกิจการอยู่
11x1705,บริษัท ซี.เอส.บี.แมชชีนกรุ๊ป จำกัด,4.0,,ไม่พบข้อมูล,,กรุงเทพมหานคร,DBD API (TaxID),ยังดำเนินกิจการอยู่
11x1706,ห้างหุ้นส่วนจำกัด พิฆนา,,,,,,,
11x1707,บริษัท ไฮโดร อินสทรูเมนท์ คอนโทรล (ประเทศไทย) จำกัด,15.0,,28199,,ปทุมธานี,DBD API (TaxID),ยังดำเนินกิจการอยู่
11x1708,บริษัท คลาสสิค โปรดักส์ (ประเทศไทย)  จำกัด,36.0,11099.53,15110,,สมุทรปราการ,DIW register,
11x1709,บริษัท ลองไชน์ (ประเทศไทย) จำกัด,2.0,,ไม่พบข้อมูล,,,Customer ID (Direct),
11x1710,บริษัท ย่งฮง (ประเทศไทย) จำกัด,20.0,,46102,,กรุงเทพมหานคร,DBD API (TaxID),ยังดำเนินกิจการอยู่
11x1711,บริษัท เอฟแอนด์เอฟฟู้ด  จำกัด,79.1,5362.01,10139,,สุพรรณบุรี,DIW register,
11x1712,บริษัท ไอเอ็มไอ อินดัสตรีส์  จำกัด,50.0,,ไม่พบข้อมูล,,,Customer ID (Direct),
11x1713,บริษัท โกลเด้น แอรโร โค้ทติ้ง จำกัด,150.0,,20221,,สมุทรปราการ,DBD API (TaxID),ยังดำเนินกิจการอยู่
11x1714,บริษัท เอบาร่า (ไทยแลนด์) จำกัด,33.7125,224.6,27103,,ปทุมธานี,DIW register,
11x1715,เอ.พี. ฮีตติ้งซีสเต็ม,,,,,,,
11x1716,ห้างหุ้นส่วนจำกัด ธนพงษ์อุปกรณ์ก่อสร้าง,1.8,,46639,,กรุงเทพมหานคร,DBD API (TaxID),ยังดำเนินกิจการอยู่
11x1717,บริษัท สายไฟฟ้าไทย-ยาซากิ จำกัด,1257.12,4959.8,27320,,สมุทรปราการ,DIW register,
11x1718,บริษัท ปูนซีเมนต์นครหลวง จำกัด (มหาชน),1224.5,1569103.36,23941,,สระบุรี,DIW register,
11x1719,บริษัท วาย.ยู.ดี. เท็กซ์ไทล์ จำกัด,63.0,16295,13131,,สมุทรสาคร,DIW register,
11x1720,บริษัท ชิพเชพ ซี สโตร์ จำกัด,8.0,,47739,,กรุงเทพมหานคร,DBD API (TaxID),ยังดำเนินกิจการอยู่
11x1721,บริษัท เฉียวฟู เอ็นเตอร์ไพรส์ จำกัด,75.0,,22299,,สมุทรปราการ,DBD API (TaxID),ยังดำเนินกิจการอยู่
11x1722,บริษัท ฟรอนท์ วีล จำกัด,5.0,,64921,,กรุงเทพมหานคร,DBD API (TaxID),ยังดำเนินกิจการอยู่
11x1723,บริษัท คอปโก้ โฟลเทค จำกัด,0.5,,43210,,กรุงเทพมหานคร,DBD API (TaxID),ร้าง
11x1724,บริษัท ดี.เอช.เอ.สยามวาลา จำกัด,1599.325,4632.22,17011,,พระนครศรีอยุธยา,DIW register,
11x1725,บริษัท สยามเคมีคอลอินดัสตรี้ จำกัด,1122.0,20820.22,20113,,สมุทรปราการ,DIW register,
11x1726,บริษัท ไทยคอนเทนเนอร์ (ทีซีซี) จำกัด,,,,,,,
11x1727,บริษัท เวลโรล จำกัด,36.0,386,24109,,สมุทรปราการ,DIW register,
11x1728,บริษัท วีร่า อัลลายด์ แมนูแฟคเจอริ่ง จำกัด,0.0,101.5,20231,,ปทุมธานี,DIW register,
11x1729,บริษัท สวารอฟสกี้ เจมสโตนส์ (ประเทศไทย) จำกัด,126.0,85,32113,,สมุทรปราการ,DIW register,
11x1730,บริษัท กิจจา วอเตอร์ปั๊ม เอ็นจิเนียริ่ง จำกัด,,,,,,,
11x1731,บริษัท เค้นท์ฟอร์ดแมชินเนอรี่  จำกัด,,,,,,,
11x1732,บริษัท คิวเทค เทคโนโลยี จำกัด,1.0,,46599,,นนทบุรี,DBD API (TaxID),ยังดำเนินกิจการอยู่
11x1733,บริษัท มิลเลนเนียม เทคโนโลยี จำกัด,5.0,,ไม่พบข้อมูล,,,Customer ID (Direct),
11x1734,บริษัท ปิโตรเวิร์ค จำกัด,50.0,,46614,,กรุงเทพมหานคร,DBD API (TaxID),ยังดำเนินกิจการอยู่
11x1735,บริษัท จันทบุรี โฟรเซ่นฟู้ด จำกัด,130.0,346,10212,,สมุทรสาคร,DIW register,
11x1736,บริษัท เพอร์เฟค เอ็นจิเนียริ่ง แอนด์ เทคโนโลยี จำกัด,30.0,,71102,,ระยอง,DBD API (TaxID),ยังดำเนินกิจการอยู่
11x1737,บริษัท คอนแนลล์ บราเดอร์ส (ประเทศไทย) จำกัด,,,,,,,
11x1738,บริษัท เอ๊คก้า เคมิคอล ไทยแลนด์ จำกัด,,,,,,,
11x1739,บลู เทรดดิ้ง,,,,,,,
11x1740,บริษัท วิศวจักษ์  จำกัด,3.0,,41002,,สมุทรปราการ,DBD API (TaxID),ยังดำเนินกิจการอยู่
11x1741,บริษัท เฮดดิ้ง เทรดดิ้ง ไทย จำกัด,1.5,,46499,,กรุงเทพมหานคร,DBD API (TaxID),ยังดำเนินกิจการอยู่
11x1742,บริษัท ไทยซินคอน แอนด์ ซัพพลาย จำกัด,110.0,142,25111,,ฉะเชิงเทรา,DIW register,
11x1743,บริษัท ฟลูอิด แอดวานซ์ (ประเทศไทย) จำกัด,2.0,,46530,,สมุทรปราการ,DBD API (TaxID),ยังดำเนินกิจการอยู่
11x1744,บริษัท มนัสชัยการช่าง แอนด์ ทรานสปอร์ต จำกัด,,,,,,,
11x1745,บริษัท ที เอ็นจิเนียร์ริ่ง คอร์เปอร์เรชั่น จำกัด (มหาชน),4451.54,,41002,,กรุงเทพมหานคร,DBD API (TaxID),ยังดำเนินกิจการอยู่
11x1746,บริษัท กม.18 วิศวกรรม จำกัด,215.0,428.65,28299,,พระนครศรีอยุธยา,DIW register,
11x1747,บริษัท พนาพัฒน์ จำกัด,,,,,,,
11x1748,บริษัท ด็อทแบมบู(กรุงเทพ) จำกัด,65.0,,46691,,นนทบุรี,DBD API (TaxID),ยังดำเนินกิจการอยู่
11x1749,บริษัท บลูรีฟริกเจอเรชั่น จำกัด,1.0,,46599,,ปทุมธานี,DBD API (TaxID),ยังดำเนินกิจการอยู่
11x1750,บริษัท เบนซ์มาร์ค อิเลคทรอนิคส์(ประเทศไทย) จำกัด (มหาชน),5105.12,,26402,,,Customer ID (Direct),
11x1751,บริษัท โรงงานสุราพิเศษสุวรรณภูมิ จำกัด,240.0,5851.94,11011,,นครปฐม,DIW register,
11x1752,บริษัท อีสเทิร์นฟีดมิลล์  จำกัด,3.3,1541.14,10801,,ชลบุรี,DIW register,
11x1753,บริษัท ไทยคอนเทนเนอร์ (ทีซีซี)  จำกัด,,,,,,,
11x1754,ห้างหุ้นส่วนจำกัด ธีรไทยเทรดดิ้ง,1.5,,ไม่พบข้อมูล,,,Customer ID (Direct),
11x1755,ซี พี เอส ซัพพลาย,,,,,,,
11x1756,บริษัท อายิโนะโมะโต๊ะ เอ็นจิเนียริ่ง 2001 (ประเทศไทย) จำกัด,160.0,,71102,,กรุงเทพมหานคร,DBD API (TaxID),ยังดำเนินกิจการอยู่
11x1757,บริษัท ซินเมค  จำกัด,1.0,,47524,,กรุงเทพมหานคร,DBD API (TaxID),ยังดำเนินกิจการอยู่
11x1758,ห้างหุ้นส่วนจำกัด เอส.พี.เค. ไฮเทค,,,,,,,
11x1759,บริษัท อินโนเวชั่น เพาเวอร์เทค เอ็นจิเนียริ่ง จำกัด,6.0,,ไม่พบข้อมูล,,,Customer ID (Direct),
11x1760,ธนาคารกรุงไทย จำกัด (มหาชน),,,,,,,
11x1761,ห้างหุ้นส่วนจำกัด เอ็น.อี.ที.มาร์เก็ตติ้ง,,,,,,,
11x1762,บริษัท ลีโอ เพ้นท์ จำกัด,20.0,,20221,,ปทุมธานี,DBD API (TaxID),ร้าง
11x1763,บริษัท คอสมอส บริวเวอรี่ (ประเทศไทย) จำกัด,3902.0,23604.17,11030,,พระนครศรีอยุธยา,DIW register,
11x1764,บริษัท ศรีโพธิ์ทองเมตัลเวิร์ค จำกัด,4.2,1329.6,24101,,กรุงเทพมหานคร,DIW register,
11x1765,บริษัท โกลบอล อัลลายแอนซ์ เซอร์วิส จำกัด,4.0,,ไม่พบข้อมูล,,,Customer ID (Direct),
11x1766,บริษัท ทรอยสยาม จำกัด,90.0,8595.43,20113,,ปราจีนบุรี,DIW register,
11x1767,บริษัท พีวี (ประเทศไทย) จำกัด,6.0,,46499,,กรุงเทพมหานคร,DBD API (TaxID),ยังดำเนินกิจการอยู่
11x1768,บริษัท ธนารักษ์ จำกัด,,,,,,,
11x1769,บริษัท ยูทิลิตี้ วัน จำกัด,10.0,,47524,,ปทุมธานี,DBD API (TaxID),ยังดำเนินกิจการอยู่
11x1770,บริษัท แม็คคานิคส์ เอ็นจิเนียริ่ง เซอร์วิส จำกัด,4.5,253.45,27101,,สมุทรปราการ,DIW register,
11x1771,บริษัท วีระสุวรรณ จำกัด,36.0,876.4,10491,,สมุทรสาคร,DIW register,
11x1772,บริษัท เอ็นอีพีเอสเอส(ไทยแลนด์) จำกัด,,,,,,,
11x1773,บริษัท อมรไชย จำกัด (สาขาท่าเรือ),,,,,,,
11x1774,บริษัท แบนโด แมนูแฟคเจอริ่ง (ประเทศไทย) จำกัด,55.0,1351.2,13922,,สมุทรสาคร,DIW register,
11x1775,บริษัท ไดน่าเทค (ประเทศไทย) จำกัด,5.0,,22299,,กรุงเทพมหานคร,DBD API (TaxID),ยังดำเนินกิจการอยู่
11x1776,บริษัท โพเคียวเมนท์ เซลล์ แอนด์ เซอร์วิส จำกัด,1.0,,82990,,สมุทรสาคร,DBD API (TaxID),ร้าง
11x1777,บริษัท ออกัส เทคโนโลยี จำกัด,1.0,,ไม่พบข้อมูล,,,Customer ID (Direct),
11x1778,บริษัท แวนด้าโฟรเซ่น จำกัด,80.0,271,52101,,กาญจนบุรี,DIW register,
11x1779,บริษัท วัฒนชัย  เซฟตี้กลาส จำกัด,295.0,2108,23101,,สมุทรสาคร,DIW register,
11x1780,บริษัท เอ เค โซลูชั่นส์ จำกัด,,,,,,,
11x1781,บริษัท โดล ไทยแลนด์ จำกัด  (ชุมพร),773.0,,10302,,กรุงเทพมหานคร,DBD API (TaxID),ยังดำเนินกิจการอยู่
11x1782,บริษัท อินเตอร์สเตท สเมร์อฟิท-สโตน (ประเทศไทย) จำกัด,,,,,,,
11x1783,บริษัท ฉายแสง เอ็นจิเนียริ่ง พาร์ท แอนด์ ซัพพลาย จำกัด,1.0,,46593,,กรุงเทพมหานคร,DBD API (TaxID),ยังดำเนินกิจการอยู่
11x1784,ห้างหุ้นส่วนจำกัด ศรีรามา แอสโซซิเอท,4.0,,ไม่พบข้อมูล,,,Customer ID (Direct),
11x1785,บริษัท สตาร์ เทค เคมีคอล อินดัสเทรียล จำกัด,7.5,94,20221,,กรุงเทพมหานคร,DIW register,
11x1786,บริษัท ครัวการบินกรุงเทพ จำกัด,666.5,4953.29,10743,,สมุทรปราการ,DIW register,
11x1787,บริษัท ปาร์คเกอร์ เอ็นยิเนียริ่ง (ไทยแลนด์) จำกัด,0.58,113,,,ระยอง,DIW register,
11x1788,บริษัท เอสซีจี ผลิตภัณฑ์ก่อสร้าง จำกัด,621.117,1098.8,23953,,สระบุรี,DIW register,
11x1789,บริษัท ยูนิลีเวอร์ ไทยเทรดดิ้ง จำกัด,4046.0,,47912,,กรุงเทพมหานคร,DBD API (TaxID),ยังดำเนินกิจการอยู่
11x1790,บริษัท ผลิตไฟฟ้า จำกัด (มหาชน),5300.0,,35101,,กรุงเทพมหานคร,DBD API (TaxID),ยังดำเนินกิจการอยู่
11x1791,บริษัท นิคเคสยามอลูมิเนียม จำกัด,358.613,23974.34,24101,,ปทุมธานี,DIW register,
11x1792,บริษัท สุพรีม ซัพพอร์ท อิมเม็กซ์ จำกัด,5.0,,46599,,กรุงเทพมหานคร,DBD API (TaxID),ยังดำเนินกิจการอยู่
11x1793,บริษัท เซ็มโก จำกัด,2.0,,47721,,กรุงเทพมหานคร,DBD API (TaxID),ยังดำเนินกิจการอยู่
11x1794,บริษัท ซี.เอ็ม.พี เซ็นเตอร์ ดีเวลล๊อปเม้นท์ จำกัด,,,,,,,
11x1795,บริษัท แสงธารา จำกัด,1.0,,41002,,นนทบุรี,DBD API (TaxID),เสร็จการชำระบัญชี
11x1796,บริษัท วอเตอร์เทคโนโลยีแอนด์อินสทรูเม็นส์ จำกัด,0.5,,47721,,กรุงเทพมหานคร,DBD API (TaxID),ยังดำเนินกิจการอยู่
11x1797,บริษัท สมจิต แมนชั่น จำกัด,,,,,,,
11x1798,บริษัท ซี.เอส.ดับบลิว.แมนชั่น จำกัด,1.0,,ไม่พบข้อมูล,,,Customer ID (Direct),
11x1799,บริษัท แหลมทองสหการ จำกัด,12.0,25101.9,1630,,สมุทรปราการ,DIW register,
11x1800,THE PERFECT SEAL & SERVICES,,,,,,,
11x1801,บริษัท ไทยซิงอิอุตสาหกรรม จำกัด,24.5,806.5,28299,,ราชบุรี,DIW register,
11x1802,บริษัท ไทยยูเนี่ยน สกรูน็อต จำกัด,40.0,260,25910,,สมุทรสาคร,DIW register,
11x1803,บริษัท เฮเว่น เฮิร์บ จำกัด,0.0,1744.0241000000001,21001,,ปทุมธานี,DIW register,
11x1804,บริษัท เอไอ พอร์ตส์ แอนด์ เทอร์มินัลส์ จำกัด,,,,,,,
11x1805,บริษัท ออลปั๊มส์ จำกัด,1.0,,46599,,กรุงเทพมหานคร,DBD API (TaxID),ยังดำเนินกิจการอยู่
11x1806,บริษัท ไฮโดรพลัส จำกัด,3.0,,46599,,สมุทรปราการ,DBD API (TaxID),ยังดำเนินกิจการอยู่
11x1807,บริษัท ไอซิน ทาคาโอก้า ฟาวน์ดริ บางปะกง จำกัด,3602.77,41450.46,24101,,ชลบุรี,DIW register,
11x1808,บริษัท พี.ไพศาล วิศวกรรม จำกัด,1.0,,ไม่พบข้อมูล,,,Customer ID (Direct),
11x1809,บริษัท บิสซิเนส แอพพลิเคชั่น จำกัด,10.0,,46510,,กรุงเทพมหานคร,DBD API (TaxID),ยังดำเนินกิจการอยู่
11x1810,บริษัท พรูฟ เอ็นเทค จำกัด,1.0,,71102,,สมุทรปราการ,DBD API (TaxID),ยังดำเนินกิจการอยู่
11x1811,ห้างหุ้นส่วนจำกัด เอส.เจ โกลบอลเทรด,2.0,,ไม่พบข้อมูล,,,Customer ID (Direct),
11x1812,ห้างหุ้นส่วนจำกัด พันชนิด เทรดดิ้ง,,,,,,,
11x1813,ห้างหุ้นส่วนจำกัด ที.ที.เอ็น.สแตนเลส,11.605,369.22,25910,,สมุทรสาคร,DIW register,
11x1814,บริษัท เอ็นไลน์ อะกริคัลเช่อร์ จำกัด,2.0,,46530,,นครปฐม,DBD API (TaxID),ยังดำเนินกิจการอยู่
11x1815,บริษัท หลักสี่ออกแบบและวิศวกรรม จำกัด,15.0,,71102,,สมุทรปราการ,DBD API (TaxID),ยังดำเนินกิจการอยู่
11x1816,บริษัท อายิโนะโมะโต๊ะ (ประเทศไทย)  จำกัด,17.0,92.01,10722,,สมุทรปราการ,DIW register,
11x1817,บริษัท คาลบี้ธนาวัธน์ จำกัด,98.8,2842.1,10712,,สมุทรปราการ,DIW register,
11x1818,บริษัท โตชิบาคอนซูมเมอร์โปรดัคส์ (ประเทศไทย) จำกัด,30.0,27869.08,27101,,ปทุมธานี,DIW register,
11x1819,บริษัท ไทยคอนเทนเนอร์ (ทีซีซี) จำกัด,,,,,,,
11x1820,บริษัท นายปิโตร จำกัด,1.0,,ไม่พบข้อมูล,,,Customer ID (Direct),
11x1821,บริษัท เพรซิเดนท์ไรซ์โปรดักส์ จำกัด (มหาชน),149.7,,10742,,กรุงเทพมหานคร,DBD API (TaxID),ควบ
11x1822,บริษัท กัลฟ์ ยะลา กรีน จำกัด,,,,,,,
11x1823,บริษัท ปัญจพลไฟเบอร์คอนเทนเนอร์  จำกัด,100.0,4751.91,17020,,สมุทรปราการ,DIW register,
11x1824,บริษัท มาร์ส เพ็ทแคร์ (ประเทศไทย) จำกัด,0.0,0,10801,,ชลบุรี,DIW register,
11x1825,บริษัท ไวส์ เอนเตอร์ไพรส์ จำกัด,1.0,,63113,,กรุงเทพมหานคร,DBD API (TaxID),ยังดำเนินกิจการอยู่
11x1826,บริษัท บี.พี.แอร์ แอนด์ เอ็นจิเนียริ่ง จำกัด,24.748,162.5,25949,,ปทุมธานี,DIW register,
11x1827,บริษัท วีเอส เคม (1970) จำกัด,451.6,60.1,20299,,สมุทรปราการ,DIW register,
11x1828,ห้างหุ้นส่วนจำกัด สราวุธการช่าง (2000),2.0,,41002,,สุรินทร์,DBD API (TaxID),ยังดำเนินกิจการอยู่
11x1829,บริษัท บางกอกวอเตอร์เทรด จำกัด,,,,,,,
11x1830,บริษัท เค.เอส.อินเตอร์คูล เอ็นจิเนียริ่ง จำกัด,17.1,68.8,27101,,สมุทรสาคร,DIW register,
11x1831,บริษัท เอ็น เอส เค ซัพพลาย แอนด์ เซอร์วิส จำกัด,1.0,,ไม่พบข้อมูล,,,Customer ID (Direct),
11x1832,บริษัท ชูบุราชบุรี อีเลคทริคเซอร์วิส จำกัด,20.0,,35101,,ราชบุรี,DBD API (TaxID),ยังดำเนินกิจการอยู่
11x1833,บริษัท เค.ที.เอ็นจิเนียริ่ง แอนด์ อินดัสตรี้ จำกัด,,,,,,,
11x1834,บริษัท ยูไนเต็ด ซัพพลาย แอนด์ มัลติเทรด จำกัด,2.0,,46209,,สงขลา,DBD API (TaxID),ยังดำเนินกิจการอยู่
11x1835,บริษัท เอ็นทีเอ็น แมนูแฟคเจอริ่ง (ไทยแลนด์) จำกัด,0.0,0,29309,,ชลบุรี,DIW register,
11x1836,บริษัท เอส ไรคส์ จำกัด,1.0,,46599,,กรุงเทพมหานคร,DBD API (TaxID),ยังดำเนินกิจการอยู่
11x1837,รุ่งเจริญ เซอร์วิส,,,,,,,
11x1838,บริษัท ยูนิลีเวอร์ ไทย เซอร์วิสส์ จำกัด,,,,,,,
11x1839,บริษัท เพียวไบโอดีเซล จำกัด,500.0,2191.09,20113,,ระยอง,DIW register,
11x1840,ห้างหุ้นส่วนจำกัด ไอซ์แลนด์อุปกรณ์เครื่องเย็น,2.0,,47111,,กรุงเทพมหานคร,DBD API (TaxID),ยังดำเนินกิจการอยู่
11x1842,บริษัท เอเชี่ยนเคมีคัล แอนด์ เอ็นยิเนียริ่ง จำกัด,960.0,339.5,23103,,ฉะเชิงเทรา,DIW register,
11x1843,บริษัท คิดกัน จำกัด,182.0,,30912,,ระยอง,DBD API (TaxID),เสร็จการชำระบัญชี
11x1844,Carbide Chemical (Thailand) Ltd.,7.6,,20299,,กรุงเทพมหานคร,DBD API (TaxID),ยังดำเนินกิจการอยู่
11x1845,บริษัท ระยองอินดัสเตรียล เซอร์วิส แอนด์ ซัพพลาย จำกัด,1.0,,46109,,ระยอง,DBD API (TaxID),ยังดำเนินกิจการอยู่
11x1846,บริษัท ไออาร์พีซี โพลีออล จำกัด,380.0,473.8,20113,,ระยอง,DIW register,
11x1847,บริษัท ที.เอ็น.เอฟ เอ็นจิเนียริ่ง อินดัสตรี  จำกัด,3.0,,35101,,ปทุมธานี,DBD API (TaxID),ยังดำเนินกิจการอยู่
11x1848,บริษัท เอ็กซ์เฟิร์ทซัพพลายแอนด์เซอร์วิส จำกัด,,,,,,,
11x1849,บริษัท ไทยลู้บเบส จำกัด (มหาชน),9650.0,127824.02,19201,,ชลบุรี,DIW register,
11x1850,บริษัท โพสโค- ไทยน๊อคซ์  จำกัด (มหาชน),15.4,2956,25910,,ชลบุรี,DIW register,
11x1851,บริษัท อุตสาหกรรมน้ำตาลอีสาน จำกัด,345.0,151889,10721,,กาฬสินธุ์,DIW register,
11x1852,บริษัท ควอลิเมอร์ จำกัด,100.0,8315.75,20299,,ชลบุรี,DIW register,
11x1853,DOW  CHEMICAL THAILAND LIMITED,10110.47,,46694,,กรุงเทพมหานคร,DBD API (TaxID),ยังดำเนินกิจการอยู่
11x1854,บริษัท เอ็กซ์เธอร์แอน (ประเทศไทย) จำกัด,60.0,,28199,,กรุงเทพมหานคร,DBD API (TaxID),ยังดำเนินกิจการอยู่
11x1855,บริษัท อินเตอร์เนชั่นแนล ดีไซน์ โซลูชั่น จำกัด,,,,,,,
11x1856,บริษัท ไทยแท้งค์เทอร์มินัล จำกัด,126.17,14505.17,20113,,ระยอง,DIW register,
11x1857,บริษัท ไทยเคนเปเปอร์ จำกัด (มหาชน),265.4,90181.3,17012,,ปราจีนบุรี,DIW register,
11x1858,บริษัท สตาร์ พลัส เคมีคอล จำกัด,0.0,3587.88,20292,,ระยอง,DIW register,
11x1859,บริษัท นิปปอนเพนต์ (ประเทศไทย)  จำกัด (อมตะนคร),,,,,,,
11x1860,บริษัท ไทยดีเอนทีเพนท์ จำกัด,170.277,702.99,20221,,ชลบุรี,DIW register,
11x1861,บริษัท อินเตอร์โฟลว์  จำกัด,7.0,,46599,,สงขลา,DBD API (TaxID),ยังดำเนินกิจการอยู่
11x1862,บริษัท เอ็มแอนด์อาร์ แลบเบอราทอรี่ จำกัด,100.0,1120.79,10616,,พระนครศรีอยุธยา,DIW register,
11x1863,บริษัท ไชน่าการค้า (กรุงเทพฯ) จำกัด,5.0,,ไม่พบข้อมูล,,,Customer ID (Direct),
11x1864,บริษัท ซีโน-แปซิฟิค เทรดดิ้ง (ไทยแลนด์) จำกัด,118.665126,2993.32,52293,,สมุทรปราการ,DIW register,
11x1865,บริษัท ไทยลู้บเบล็นดิ้ง จำกัด,750.0,2108,19209,,ชลบุรี,DIW register,
11x1866,บริษัท เอ็กโก เอ็นจิเนียริ่ง แอนด์ เซอร์วิส จำกัด,400.0,,71209,,กรุงเทพมหานคร,DBD API (TaxID),ยังดำเนินกิจการอยู่
11x1867,บริษัท สยามคอมเพรสเซอร์ อุตสาหกรรม จำกัด,8686.67,4022,27101,,ชลบุรี,DIW register,
11x1868,บริษัท สีเดลต้า จำกัด,0.0,0,20221,,กรุงเทพมหานคร,DIW register,
11x1869,บริษัท วนชัย กรุ๊ป จำกัด (มหาชน),1200.0,25449.41,16210,,สระบุรี,DIW register,
11x1870,WATER (THAILAND) LIMITED PARTNERSHIP,,,,,,,
11x1871,"RIVER ENGINEERING CO.,LTD.",,,,,,,
11x1872,บริษัท เบสท์โปรดักส์ เทรดดิ้ง จำกัด,1.0,,47524,,ปทุมธานี,DBD API (TaxID),ยังดำเนินกิจการอยู่
11x1873,บริษัท เมกก้า ซายน์ จำกัด,2.0,,20115,,กรุงเทพมหานคร,DBD API (TaxID),ยังดำเนินกิจการอยู่
11x1874,บริษัท ท่าอากาศยานไทย จำกัด (มหาชน)   สาขาท่าอากาศยานสุวรรณภูมิ,,,,,,,
11x1875,บริษัท ไทยชินเรียว จำกัด,14.07,,46421,,กรุงเทพมหานคร,DBD API (TaxID),ยังดำเนินกิจการอยู่
11x1876,บริษัท พีเจ แอสเซท จำกัด,1.0,,81292,,นนทบุรี,DBD API (TaxID),ยังดำเนินกิจการอยู่
11x1877,บริษัท ไทยแอลกอฮอล์ จำกัด (มหาชน),470.0,124787.84,20114,,นครปฐม,DIW register,
11x1878,บริษัท อินโดรามา โพลีเอสเตอร์ อินดัสตรี้ส์ จำกัด (มหาชน),1108.0,105892.99,20131,,ระยอง,DIW register,
11x1879,"Thai Tokai Carbon Product Rojana Co., Ltd. (TCP-R)",,,,,,,
11x1880,บริษัท ไทยโพลีอะซีทัล จำกัด,0.0,79326.710000000006,20113,,ระยอง,DIW register,
11x1881,บริษัท ไทยโพลีคาร์บอเนต จำกัด,7100.0,70511,20113,,ระยอง,DIW register,
11x1882,บริษัท 104 เอ็นจิเนียริ่ง จำกัด,0.35,96.5,29109,,นครปฐม,DIW register,
11x1883,บริษัท ถนอมวงศ์บริการ จำกัด,22.105263,464.1,19209,,พระนครศรีอยุธยา,DIW register,
11x1884,ลาซาล พาร์ค คอนโดมิเนียม อาคาร.ซี,,,,,,,
11x1885,บริษัท ไฮโดรควิพ จำกัด,25.0,505,29109,,ปทุมธานี,DIW register,
11x1886,บริษัท แอมเพิลไลท์ แมนูแฟคเจอริ่ง จำกัด,57.0,1389.5626,13922,,ระยอง,DIW register,
11x1887,บริษัท ไอ.ที.ซี.(1993)  จำกัด,122.720436,74.5,25922,,ปทุมธานี,DIW register,
11x1888,บริษัท พีทีที ฟีนอล จำกัด,3556.022,52004.5,20113,,ระยอง,DIW register,
11x1889,บริษัท เอนริช (ประเทศไทย) จำกัด,1.0,,46599,,ชลบุรี,DBD API (TaxID),ยังดำเนินกิจการอยู่
11x1890,บริษัท เซอร่า เซรามิก จำกัด,89.0,,23923,,ชลบุรี,DBD API (TaxID),ยังดำเนินกิจการอยู่
11x1891,บริษัท ทีไอจี แอร์เคมีคัล จำกัด,,,,,,,
11x1892,บริษัท ดีไอซี กราฟฟิค (ประเทศไทย) จำกัด,0.0,3829.85,20222,,ชลบุรี,DIW register,
11x1893,บริษัท เซาเทิร์น พีเอสเอส จำกัด,,,,,,,
11x1894,บริษัท สิริฉัตร อินดัสเตรียล แอนด์ เซอร์วิส จำกัด,,,,,,,
11x1895,บริษัท คิวเทค เอ็นจิเนียริ่ง จำกัด,,,,,,,
11x1896,บริษัท ฟาร์เธอร์ แอสฟัลท์ จำกัด,8.4,160,19209,,ปราจีนบุรี,DIW register,
11x1897,บริษัท วอเตอร์ฟิลด์เอเซีย จำกัด,16.0,,46599,,กรุงเทพมหานคร,DBD API (TaxID),ยังดำเนินกิจการอยู่
11x1898,บริษัท ออสคอน จำกัด,10.0,,47721,,สมุทรปราการ,DBD API (TaxID),ยังดำเนินกิจการอยู่
11x1899,บริษัท พี เอส วิคตอรี่ ซิสเต็ม เอ็นเตอร์ไพรส์ จำกัด,1.0,,43210,,กรุงเทพมหานคร,DBD API (TaxID),ยังดำเนินกิจการอยู่
11x1900,บริษัท ไมลอทท์ แลบบอราทอรีส์ จำกัด,14.5,93.2,21001,,สมุทรปราการ,DIW register,
11x1901,บริษัท อินดัสเตรียล มินเนอรัล ดิวิลอปเมนท์ จำกัด,39.4,665,23939,,สระบุรี,DIW register,
11x1902,บริษัท เอ็นจิเนียริ่ง เซ็นเตอร์ ซัพพลาย จำกัด,1.0,,46900,,กรุงเทพมหานคร,DBD API (TaxID),ยังดำเนินกิจการอยู่
11x1903,บริษัท สยามซินเนอร์ยี จำกัด,,,,,,,
11x1904,บริษัท เอเชีย ซิลิโคนส์ โมโนเมอร์ จำกัด,340.0,79321.67,20113,,ระยอง,DIW register,
11x1905,บริษัท วอทรีท จำกัด,,,,,,,
11x1906,บริษัท ไทยแมกซ์เวล อินดัสเทรียล เซอร์วิส จำกัด,3.0,102.2,16230,,ระยอง,DIW register,
11x1907,บริษัท เอส พี เอส อินเตอร์เทรด แอนด์ เอ็นจิเนียริ่ง จำกัด,1.0,,46593,,กรุงเทพมหานคร,DBD API (TaxID),ยังดำเนินกิจการอยู่
11x1908,บริษัท ออลเน็กซ์ (ประเทศไทย) จำกัด,977.0,10266.14,20113,,ระยอง,DIW register,
11x1909,บริษัท สุขุมพาณิชย์ จำกัด,13.4,490.1,10774,,นนทบุรี,DIW register,
11x1910,บริษัท ทีพีซี เพสต์ เรซิน จำกัด,1614.194,7742,20113,,ระยอง,DIW register,
11x1911,บริษัท พูแรค (ประเทศไทย) จำกัด,1924.148,38475.14,20113,,ระยอง,DIW register,
11x1912,"TOP UNION CO., LTD.",,,,,,,
11x1913,บริษัท ไทยโอลีโอเคมี จำกัด,7400.0,,20113,,กรุงเทพมหานคร,DBD API (TaxID),แปรสภาพ
11x1914,บริษัท โกลว์ พลังงาน จำกัด (มหาชน),10003.398238,838652.57,35101,,ระยอง,DIW register,
11x1915,บริษัท อุตสาหกรรมน้ำปลาระยอง จำกัด,5.2,718.5,10774,,ระยอง,DIW register,
11x1916,บริษัท เวบพริ้นท์ (ประเทศไทย)  จำกัด,1.0,,10711,,กรุงเทพมหานคร,DBD API (TaxID),ยังดำเนินกิจการอยู่
11x1917,บริษัท กิจชาญชัย เอ็นจิเนียริ่ง แอนด์ ซัพพลาย จำกัด,,,,,,,
11x1918,บริษัท ที เอส ซัพพลาย แอนด์ คอนสตรัคชั่น จำกัด,3.5,88.75,25949,,กรุงเทพมหานคร,DIW register,
11x1919,บริษัท ไทยสตีลโปรไฟล์ จำกัด (มหาชน),480.0,40054,24101,,ระยอง,DIW register,
11x1920,ห้างหุ้นส่วนจำกัด พีเอ็นพี เอ็นจิเนียริ่ง แอนด์ ซัพพลาย,,,,,,,
11x1921,บริษัท มาบตาพุดโอเลฟินส์ จำกัด,1256.997,407112.61,20113,,ระยอง,DIW register,
11x1922,บริษัท ซี เอส อาร์ มารีน จำกัด,1.1,,47630,,กรุงเทพมหานคร,DBD API (TaxID),ยังดำเนินกิจการอยู่
11x1923,บริษัท ท้อปแก๊ส จำกัด,5.0,,71102,,กรุงเทพมหานคร,DBD API (TaxID),ยังดำเนินกิจการอยู่
11x1924,"DANIELI FAR EAST CO., LTD.",,,,,,,
11x1925,บริษัท เจนเนอรัล บิซิเนส เอ็นจิเนียริ่ง จำกัด,5.0,,43210,,กรุงเทพมหานคร,DBD API (TaxID),ยังดำเนินกิจการอยู่
11x1926,บริษัท บอสเทค อินเตอร์เนชั่นแนล จำกัด,1.0,,82301,,กรุงเทพมหานคร,DBD API (TaxID),ยังดำเนินกิจการอยู่
11x1927,บริษัท เทส มัลติเฟส เมเชอร์เมนท์ จำกัด,20.0,,46599,,กรุงเทพมหานคร,DBD API (TaxID),ยังดำเนินกิจการอยู่
11x1928,บริษัท สหรุ่งพัฒนา 15 จำกัด,25.0,,46421,,สมุทรปราการ,DBD API (TaxID),ยังดำเนินกิจการอยู่
11x1929,บริษัท ทองไทยการทอ จำกัด,151.0,852.06,14120,,กรุงเทพมหานคร,DIW register,
11x1930,บริษัท ดีโก้ โปรเจค เซอร์วิส จำกัด,12.0,,41002,,ระยอง,DBD API (TaxID),ยังดำเนินกิจการอยู่
11x1931,บริษัท นิว สากลซัพพลาย จำกัด,1.0,,82911,,สมุทรปราการ,DBD API (TaxID),ยังดำเนินกิจการอยู่
11x1932,บริษัท เฮสส์ (ไทยแลนด์)  จำกัด,,,ไม่พบข้อมูล,,,DBD API (TaxID),
11x1933,บริษัท ฟูจิตสึ เจเนอรัล (ประเทศไทย) จำกัด,4160.028,2303.3000000000002,27101,,ชลบุรี,DIW register,
11x1934,ห้างหุ้นส่วนจำกัด เอ.เอ็น.เอส.พรีซีชั่น,1.0,,41002,,ชลบุรี,DBD API (TaxID),ยังดำเนินกิจการอยู่
11x1935,บริษัท บางจากไบโอฟูเอล จำกัด,1143.0,56063.9,10491,,พระนครศรีอยุธยา,DIW register,
11x1936,บริษัท อินเตอร์ แปซิฟิค เปเปอร์ จำกัด,1095.0,62924.9,17012,,ปราจีนบุรี,DIW register,
11x1937,บริษัท มาสเตอร์เทค เทคโนโลยี จำกัด,,,,,,,
11x1938,ห้างหุ้นส่วนจำกัด พี.เอส.เอ็ม.แมชชีนเนอรี่,5.0,,46696,,กรุงเทพมหานคร,DBD API (TaxID),ยังดำเนินกิจการอยู่
11x1939,บริษัท อิวอนิก ไทย แอโรซิล จำกัด,372.0,,23999,,ระยอง,DBD API (TaxID),ยังดำเนินกิจการอยู่
11x1940,บริษัท ดาต้ากรีน จำกัด,,,,,,,
11x1941,บริษัท ซาบิก อินโนเวทีฟ พลาสติคส์ (ประเทศไทย) จำกัด,953.532,4342.8,22230,,ระยอง,DIW register,
11x1942,บริษัท พีพีที เอ็นจิเนียร์ จำกัด,5.0,,46521,,สมุทรปราการ,DBD API (TaxID),ยังดำเนินกิจการอยู่
11x1943,"THAI SYNTHETIC RUBBERS CO., LTD.",,,,,,,
11x1944,บริษัท แปซิฟิค ยูนิเทรด จำกัด,15.0,,46900,,กรุงเทพมหานคร,DBD API (TaxID),ร้าง
11x1945,บริษัท ซี.แอนด์ พี. จำกัด,200.0,,50121,,กรุงเทพมหานคร,DBD API (TaxID),ยังดำเนินกิจการอยู่
11x1946,บริษัท บางกอกอินดัสเทรียลแก๊ส จำกัด,114.0,1190,20111,,สระบุรี,DIW register,
11x1947,บริษัท อัลสตอม (ประเทศไทย) จำกัด,,,,,,,
11x1948,บริษัท ซี.เจ.ไอ. (ไทยแลนด์) จำกัด,1.0,,74901,,กรุงเทพมหานคร,DBD API (TaxID),ยังดำเนินกิจการอยู่
11x1949,บริษัท เอ็น ไอ บี โกลบอล จำกัด,30.0,,46591,,กรุงเทพมหานคร,DBD API (TaxID),ยังดำเนินกิจการอยู่
11x1950,บริษัท สิงห์ เบเวอเรช จำกัด,133.5,429.44,10616,,นครปฐม,DIW register,
11x1951,บริษัท ทีพีที ปิโตรเคมิคอลส์ จำกัด (มหาชน),8500.0,358255.45,20113,,ระยอง,DIW register,
11x1952,บริษัท ไทยชินกงอินดัสตรี คอร์ปอเรชั่น จำกัด,906.31,39013.82,20113,,ระยอง,DIW register,
11x1953,บริษัท อีพีเอสเอ็ม (ไทยแลนด์) จำกัด,,,,,,,
11x1954,บริษัท ไทยโพลิเอททีลีน  จำกัด,30357.0,51865.599999999999,20113,,ระยอง,DIW register,
11x1955,บริษัท บางกอกโพลีเอสเตอร์ จำกัด (มหาชน),,,,,,,
11x1956,บริษัท ซันโย กาเซ (ไทยแลนด์) จำกัด,6.5315,8636.16,20299,,ระยอง,DIW register,
11x1957,บริษัท การ์เดียนอินดัสทรีส์ คอร์ป จำกัด,0.0,104459.8,23101,,สระบุรี,DIW register,
11x1958,บริษัท วี.เอ.พี.เซอร์วิส (1997) จำกัด,,,,,,,
11x1959,บริษัท มาบตาพุด แทงค์ เทอร์มินัล จำกัด,2355.0,24091.15,20113,,ระยอง,DIW register,
11x1960,บริษัท พรีเท็ค เอ็นจิเนียริ่ง อินดัสทรี จำกัด,,,,,,,
11x1961,บริษัท โซลูชั่น ยัวส์  จำกัด,,,,,,,
11x1962,บริษัท วินแชนซ์ ฟู้ดส์ จำกัด,0.0,0,10302,,สมุทรปราการ,DIW register,
11x1963,บริษัท ยูไนเต็ดไวน์เนอรี่แอนด์ดิสทิลเลอรี่ จำกัด,448.785788,29791.5,11011,,นครปฐม,DIW register,
11x1964,บริษัท ทีเอ็น เมกเกอร์ จำกัด,,,,,,,
11x1965,บริษัท เค.เจ.รับเบอร์พาร์ท แอนด์ แมชชินเนอรี่ จำกัด,,,,,,,
11x1966,บริษัท อูเบะ เคมิคอลส์  (เอเชีย)  จำกัด (มหาชน),0.0,9416.83,20131,,ระยอง,DIW register,
11x1967,บริษัท กิจไพศาล อิมปอร์ต เอ็กซ์ปอร์ต ระนอง จำกัด,5.0,,46900,,ระนอง,DBD API (TaxID),ยังดำเนินกิจการอยู่
11x1968,บริษัท โจตันไทย  จำกัด,1421.448,7811.58,20221,,ชลบุรี,DIW register,
11x1969,บริษัท ซิเลซติกา ( ประเทศไทย)  จำกัด,0.0,0,26402,,ชลบุรี,DIW register,
11x1970,บริษัท การ์เดียนอินดัสทรีส์ ระยอง จำกัด,2900.0,91673.59,23101,,ระยอง,DIW register,
11x1971,บริษัท โกลว์ ไอพีพี จำกัด,4555.13,0,35101,,ชลบุรี,DIW register,
11x1972,บริษัท ซัมม่า เอ็น.เค.คอนแทรคติ้ง จำกัด,13.25,1392.49,25111,,ปทุมธานี,DIW register,
11x1973,บริษัท วรีพิทักษ์ จำกัด,5.0,,46593,,ชลบุรี,DBD API (TaxID),ยังดำเนินกิจการอยู่
11x1974,บริษัท อัครา ไมนิ่ง จำกัด,,,,,,,
11x1975,บริษัท บางกอกโพลีเอททีลีน จำกัด (มหาชน),,,,,,,
11x1976,ร้าน พรชัย บริการ,,,,,,,
11x1977,บริษัท ธาริกัน จำกัด,5.0,,46319,,กรุงเทพมหานคร,DBD API (TaxID),ยังดำเนินกิจการอยู่
11x1978,บริษัท เจนเนอเรเตอร์ซิสเต็ม จำกัด,1.0,,28199,,กรุงเทพมหานคร,DBD API (TaxID),ยังดำเนินกิจการอยู่
11x1979,บริษัท ปูนซีเมนต์เอเซีย จำกัด  (มหาชน),6603.0,418867.9,23941,,สระบุรี,DIW register,
11x1980,บริษัท ไดกิ้น อินดัสทรีส์ (ประเทศไทย) จำกัด,4500.0,12147.87,27101,,ชลบุรี,DIW register,
11x1981,บริษัท เรทโทร เพาเวอร์ จำกัด,1.0,,45301,,กรุงเทพมหานคร,DBD API (TaxID),ยังดำเนินกิจการอยู่
11x1982,บริษัท ฟอสเตอร์ วีลเลอร์ อินเตอร์ เนชั่นแนล คอร์ปอเรชั่น,,,ไม่พบข้อมูล,,,DBD API (TaxID),
11x1983,ห้างหุ้นส่วนจำกัด เอส.พี.เค.ไฮโดรลิค,,,,,,,
11x1984,บริษัท เอสทีซี นิกกะ จำกัด,11.119915,812.77,20113,,สมุทรปราการ,DIW register,
11x1985,บริษัท เหล็กสยามยามาโตะ จำกัด,0.0,0,25922,,ชลบุรี,DIW register,
11x1986,บริษัท ระยองเพียวริฟายเออร์ จำกัด (มหาชน),,,,,,,
11x1987,บริษัท ไอ ริช จำกัด,1.0,,46594,,กรุงเทพมหานคร,DBD API (TaxID),ยังดำเนินกิจการอยู่
11x1988,บริษัท เทรด เอ็นทรีฟรีเนอ จำกัด,,,,,,,
11x1989,บริษัท เอสเคอีซี (ไทย) จำกัด,5.0,,41002,,กรุงเทพมหานคร,DBD API (TaxID),ยังดำเนินกิจการอยู่
11x1990,ห้างหุ้นส่วนจำกัด เอ็น แอนด์ ดี ซัพพลาย เอ็นจิเนียริง,,,,,,,
11x1991,บริษัท เพรซิเดนท์ไรซ์โปรดักส์ จำกัด (มหาชน),149.7,,10742,,กรุงเทพมหานคร,DBD API (TaxID),ควบ
11x1992,บริษัท แวนด้าแพค จำกัด,462.0,160.5,22220,,ชลบุรี,DIW register,
11x1993,บริษัท โคฮากุ คิไค อินเตอร์เทรด จำกัด,,,,,,,
11x1994,ห้างหุ้นส่วนจำกัด เอ็น.อี.ที.มาร์เก็ตติ้ง,,,,,,,
11x1995,บริษัท วินเทอมส์ จำกัด,13.0,99,22299,,ระยอง,DIW register,
11x1996,บริษัท วาเคไทย (ไทยแลนด์) จำกัด,800.0,,55101,,กรุงเทพมหานคร,DBD API (TaxID),ยังดำเนินกิจการอยู่
11x1997,บริษัท โตชิบา แคเรียร์ (ประเทศไทย) จำกัด,0.0,4458.45,27101,,ปทุมธานี,DIW register,
11x1998,บริษัท สตาร์-บอนด์ (ไทยแลนด์) จำกัด,76.0,197.95,20292,,ชลบุรี,DIW register,
11x1999,บริษัท ไออีซี แพลนท์ แมชชีนเนอรี่ จำกัด,2.0,,46593,,สมุทรปราการ,DBD API (TaxID),ยังดำเนินกิจการอยู่
11x2000,บริษัท แอ็บโซลูท เดนิม จำกัด,3962.0,29040.6,13132,,สมุทรสาคร,DIW register,
11x2001,บริษัท เบทาโกรนอร์ธเทอร์น จำกัด,40.0,,68104,,เชียงใหม่,DBD API (TaxID),เสร็จการชำระบัญชี
11x2002,ห้างหุ้นส่วนจำกัด สยาม ณครพรรณ,0.2,,33200,,กรุงเทพมหานคร,DBD API (TaxID),ยังดำเนินกิจการอยู่
11x2003,บริษัท เอไอ เอนเนอร์จี จำกัด (มหาชน),240.0,28453.62,10491,,สมุทรสาคร,DIW register,
11x2004,บริษัท ทีเอสเอ็มอาร์ เอ็นจิเนียริ่ง จำกัด,4.0,,46599,,กรุงเทพมหานคร,DBD API (TaxID),ยังดำเนินกิจการอยู่
11x2005,บริษัท ซีเกท เทคโนโลยี(ประเทศไทย) จำกัด,10565.390864,24742.28,26202,,สมุทรปราการ,DIW register,
11x2006,บริษัท บุญยฤทธิ์ จำกัด,3.0,,46599,,กรุงเทพมหานคร,DBD API (TaxID),ยังดำเนินกิจการอยู่
11x2007,บริษัท จอห์นสัน แอนด์ จอห์นสัน (ไทย) จำกัด,374.553,2586.11,17011,,กรุงเทพมหานคร,DIW register,
11x2008,ห้างหุ้นส่วนจำกัด เค.ซี.วี.เอ็นจิเนียริ่ง (1998),5.0,,46599,,กรุงเทพมหานคร,DBD API (TaxID),ยังดำเนินกิจการอยู่
11x2009,บริษัท ไทยการซอง จำกัด,39.87,195.6,17020,,สมุทรปราการ,DIW register,
11x2010,บริษัท เต็ดตรา แพ้ค (ประเทศไทย) จำกัด,518.0,2583,22230,,ระยอง,DIW register,
11x2011,บริษัท กรุงเทพอุตสาหกรรมเลเซอร์และโมลด์ จำกัด,2.3,65.5,25910,,กรุงเทพมหานคร,DIW register,
11x2012,บริษัท นครหลวงคอนกรีต จำกัด,45.0,264.14,23953,,กรุงเทพมหานคร,DIW register,
11x2013,บริษัท คราวน์ เซรามิคส์ จำกัด,162.0,3671.66,23939,,ราชบุรี,DIW register,
11x2014,บริษัท โซลเวย์ เพอรอกซิไทย  จำกัด,1125.0,7242,20113,,ระยอง,DIW register,
11x2015,บริษัท จูเคียว ยูชิ (ประเทศไทย) จำกัด,149.94,0,20113,,ชลบุรี,DIW register,
11x2016,บริษัท เอส ที อาร์ อาร์ เอ็นจิเนียริ่ง จำกัด,33.7,373,25111,,ระยอง,DIW register,
11x2017,Emas Offshore Construction  And Production Pte Ltd.,,,,,,,
11x2018,บริษัท จ.แสงศิริ จำกัด,7.0,,46599,,กรุงเทพมหานคร,DBD API (TaxID),ยังดำเนินกิจการอยู่
11x2019,บริษัท จีเอส เอ็นจิเนียริ่ง แอนด์ คอนสตรัคชั่น คอร์ปอเรชั่น,,,ไม่พบข้อมูล,,,DBD API (TaxID),
11x2020,ห้างหุ้นส่วนจำกัด พี เอ็นจิเนียริ่งส์ แอนท์ มัลติ ซิสเต็มส์,0.5,,33122,,ปทุมธานี,DBD API (TaxID),ยังดำเนินกิจการอยู่
11x2021,บริษัท โพรเซส เทคโนโลยี แอนด์ เซอร์วิส จำกัด,20.0,,46109,,ระยอง,DBD API (TaxID),ยังดำเนินกิจการอยู่
11x2022,ห้างหุ้นส่วนจำกัด พี.เค.เค.เทค,1.0,,46530,,กรุงเทพมหานคร,DBD API (TaxID),ยังดำเนินกิจการอยู่
11x2023,บริษัท ไดอะล็อก ซิสเต็มส์ (ประเทศไทย) จำกัด,2.9,,46614,,กรุงเทพมหานคร,DBD API (TaxID),ยังดำเนินกิจการอยู่
11x2024,การไฟฟ้า ฝ่ายผลิตแห่งประเทศไทย,4439.624573,7930185.8200000003,35101,,สมุทรปราการ,DIW register,
11x2025,บริษัท ซูมิโตโม รับเบอร์ (ไทยแลนด์) จำกัด,871.85,1907.5,28230,,ระยอง,DIW register,
11x2026,บริษัท อยุธยา อินดัสเตรียล แก๊ส จำกัด,1086.929999,21695.5,20111,,พระนครศรีอยุธยา,DIW register,
11x2027,บริษัท วิปเทล จำกัด,5.0,9.08,27101,,สมุทรปราการ,DIW register,
11x2028,บริษัท วี - เอฟ ไล้ท์ติ้ง จำกัด,31.5,1268.75,32901,,สมุทรปราการ,DIW register,
11x2029,สมชาย เซอร์วิส,,,ไม่พบข้อมูล,,,DBD API (TaxID),
11x2030,บริษัท นิตโต เดนโกะ แมททีเรียล (ประเทศไทย) จำกัด,460.0,,26109,,พระนครศรีอยุธยา,DBD API (TaxID),ยังดำเนินกิจการอยู่
11x2031,บริษัท นวพลาสติกอุตสาหกรรม(สระบุรี) จำกัด,0.0,18774.66,22230,,สระบุรี,DIW register,
11x2032,บริษัท พัฒนนันท์ พี ที เอ็น จำกัด,,,,,,,
11x2033,บริษัท บริดจสโตน เอ็นซีอาร์ จำกัด,248.53,7012.06,29309,,ระยอง,DIW register,
11x2034,บริษัท แก๊สซัพพลายส์ จำกัด,5.0,,82920,,เชียงใหม่,DBD API (TaxID),ยังดำเนินกิจการอยู่
11x2035,บริษัท ไอ ออน เอ็คซเซ้นจ์  เอเซีย แปซิฟิค (ประเทศไทย) จำกัด,4.0,,46691,,กรุงเทพมหานคร,DBD API (TaxID),ยังดำเนินกิจการอยู่
11x2036,บริษัท ทริปเปิ้ล เอ เอ็นจิเนียริ่ง แอนด์ ซัพพลาย จำกัด,5.0,,26309,,ชลบุรี,DBD API (TaxID),ยังดำเนินกิจการอยู่
11x2037,จุฬาลงกรณ์มหาวิทยาลัย,,,,,,,
11x2038,ศูนย์บริการวิชาการแห่งจุฬาลงกรณ์มหาวิทยาลัย,,,,,,,
11x2039,บริษัท เอสแอนด์เจโปรดักท์ จำกัด,40.95,577.28,1630,,ลำพูน,DIW register,
11x2040,บริษัท คิวแฟค จำกัด,15.994826,17.27,20210,,สมุทรปราการ,DIW register,
11x2041,บริษัท ดาว เทรดดิ้ง จำกัด,,,,,,,
11x2042,บริษัท ซีรีคลอร์ คอร์ปอเรชั่น (ประเทศไทย) จำกัด,5.3,115,19209,,เพชรบุรี,DIW register,
11x2043,บริษัท น้ำตาลพิษณุโลก จำกัด,1555.0,350633.86,10721,,พิษณุโลก,DIW register,
11x2044,บริษัท บางกอก ที.เอ็ม.เครื่องดื่ม จำกัด,12.0,1225,11049,,กรุงเทพมหานคร,DIW register,
11x2045,บริษัท เอส.บี.เอ็น.เอ็นจิเนียริ่ง จำกัด,,,,,,,
11x2046,บริษัท นำวิวัฒน์การช่าง (1992) จำกัด,12.0,355,25922,,สมุทรปราการ,DIW register,
11x2047,บริษัท คัมมิ่นส์ ดีเคเอสเอช (ประเทศไทย) จำกัด,70.0,181.73,27101,,พระนครศรีอยุธยา,DIW register,
11x2048,บริษัท เก็คโค่-วัน จำกัด,0.0,0,35101,,ระยอง,DIW register,
11x2049,บริษัท เค.เอ็ม.เคมีคอล คอร์ปอเรชั่น จำกัด,130.0,281,20113,,นครปฐม,DIW register,
11x2050,บริษัท แมกซ์เวล เซอร์วิส เซ็นเตอร์ จำกัด,2.0,,46422,,นครปฐม,DBD API (TaxID),ยังดำเนินกิจการอยู่
11x2051,บริษัท อีเกิ้ล อินเตอร์ทรานส์ จำกัด,84.0,,ไม่พบข้อมูล,,กรุงเทพมหานคร,DBD API (TaxID),ยังดำเนินกิจการอยู่
11x2052,บริษัท เอ็นบีซี (เอเชีย) จำกัด,220.0,,20221,,ชลบุรี,DBD API (TaxID),เสร็จการชำระบัญชี
11x2053,บริษัท ไทยเซ็นทรัลเคมี จำกัด  (มหาชน),291.15,12609.29,20121,,สมุทรปราการ,DIW register,
11x2054,บริษัท ท็อปพ้อยท์ คอร์ปอเรชั่น จำกัด,45.0,,32301,,ระยอง,DBD API (TaxID),ล้มละลาย
11x2055,บริษัท นวพลาสติกอุตสาหกรรม จำกัด,15.34,227.34,22299,,ปทุมธานี,DIW register,
11x2056,บริษัท เกรซฟู้ด  จำกัด,373.85,2984.05,10304,,เชียงราย,DIW register,
11x2057,"IWASE (THAILAND) CO., LTD.",,,,,,,
11x2058,บริษัท จอห์นสัน คอนโทรลส์ แอนด์ ซัมมิท อินทีเรียส์ จำกัด,0.0,0,13922,,ระยอง,DIW register,
11x2059,บริษัท นวพลาสติกอุตสาหกรรม  จำกัด,15.34,227.34,22299,,ปทุมธานี,DIW register,
11x2060,บริษัท ฟินิกส์ แมชชีนเนอรี่ จำกัด,,,ไม่พบข้อมูล,,,DBD API (TaxID),
11x2061,"SAMSUNG ENGINEERING CO., LTD.",,,,,,,
11x2062,ห้างหุ้นส่วนจำกัด คิ้ม แอนด์ เอส อีควิปเมนท์,0.2,,28199,,กรุงเทพมหานคร,DBD API (TaxID),ยังดำเนินกิจการอยู่
11x2063,บริษัท  เน็กไลน์  จำกัด,12.0,,43221,,ระยอง,DBD API (TaxID),ล้มละลาย
11x2064,บริษัท เอ็มซี สยาม โลจีสติคส์ จำกัด,24.5361,2982,20113,,สมุทรปราการ,DIW register,
11x2065,บริษัท พี.เอส.พี. ทรานสปอร์ต จำกัด,228.0,,82301,,กรุงเทพมหานคร,DBD API (TaxID),แปรสภาพ
11x2066,"Thai Engineering Professional Co.,Ltd.",,,,,,,
11x2067,บริษัท เอเชีย เอ็นเนอยี่ เทคโนโลยี  จำกัด,5.0,,63111,,กรุงเทพมหานคร,DBD API (TaxID),ยังดำเนินกิจการอยู่
11x2068,บริษัท อิมเมจ อิงค์ จำกัด,4.0,246.5,20221,,ฉะเชิงเทรา,DIW register,
11x2069,บริษัท จามจุรี วาณิช จำกัด,3.0,,26511,,กรุงเทพมหานคร,DBD API (TaxID),ยังดำเนินกิจการอยู่
11x2070,บริษัท อมตะ บี.กริม เพาเวอร์ 2 จำกัด,1437.0,0,35101,,ชลบุรี,DIW register,
11x2071,TIG Air Chemicals Limited,,,,,,,
11x2072,บริษัท แม่สอดพลังงานสะอาด จำกัด,1844.0,14738,20114,,ตาก,DIW register,
11x2073,บริษัท บริการเชื้อเพลิงการบินกรุงเทพ จำกัด (มหาชน),637.5,,52239,,กรุงเทพมหานคร,DBD API (TaxID),ยังดำเนินกิจการอยู่
11x2074,บริษัท คูริฮารา (ประเทศไทย) จำกัด,50.0,,71102,,กรุงเทพมหานคร,DBD API (TaxID),ยังดำเนินกิจการอยู่
11x2075,บริษัท เค็พเลอร์ อินเตอร์เนชั่นแนล จำกัด,26.3,186.5,28230,,นครปฐม,DIW register,
11x2076,บริษัท โกลว์ เอสพีพี 2 จำกัด,431.24,409453.91,35101,,ระยอง,DIW register,
11x2077,บริษัท เอส.ซี.อาร์ เอ็นจิเนียริ่ง แอนด์ เซอร์วิส จำกัด,1.0,,78200,,นนทบุรี,DBD API (TaxID),ยังดำเนินกิจการอยู่
11x2078,GS Engineering & Construction Corporation,,,ไม่พบข้อมูล,,,DBD API (TaxID),
11x2079,บริษัท  เวสท์โคสท์ เอ็นจิเนียริ่ง  จำกัด,186.238073,495.35,25910,,ประจวบคีรีขันธ์,DIW register,
11x2080,บริษัท  ปฐมศิลาสหมิตร  จำกัด,55.0,,08101,,ราชบุรี,DBD API (TaxID),ยังดำเนินกิจการอยู่
11x2081,บริษัท  ศรีปฐมอุตสาหกรรม  จำกัด,50.0,,46631,,ราชบุรี,DBD API (TaxID),ยังดำเนินกิจการอยู่
11x2082,บริษัท ทีไอจี แอร์เคมีคัล จำกัด(ยกเลิก),,,,,,,
11x2083,เอส.ที. อินเตอร์เทรด,,,,,,,
11x2084,บริษัท แอดวานซ์ ไบโอเคมิคอล (ประเทศไทย) จำกัด,3750.09,6889.51,20113,,ระยอง,DIW register,
11x2085,บริษัท สุริยอนันต์ วิศวกรรม จำกัด,3.0,,71102,,ชลบุรี,DBD API (TaxID),ยังดำเนินกิจการอยู่
11x2086,บริษัท ไทสัน โพลทรี่ (ไทยแลนด์) จำกัด,106.611629,2618.17,10120,,ปทุมธานี,DIW register,
11x2087,"Process Technology and Services Co.,Ltd",,,,,,,
11x2088,บริษัท อินโดรามา ปิโตรเคม จำกัด,13621.84,129031.3,20113,,ระยอง,DIW register,
11x2089,บริษัท ทีอาร์ซี คอนสตรัคชั่น จำกัด (มหาชน),100.0,2080.8000000000002,25111,,ระยอง,DIW register,
11x2090,ห้างหุ้นส่วนจำกัด พี.ซับคอน 333,1.0,,25922,,สมุทรปราการ,DBD API (TaxID),ยังดำเนินกิจการอยู่
11x2091,บริษัท คูริตะ-จีเค เคมีคอล จำกัด,45.0,12060,20113,,สมุทรปราการ,DIW register,
11x2092,บริษัท บีแอล บราเดอร์ จำกัด,1.0,,46521,,กรุงเทพมหานคร,DBD API (TaxID),ยังดำเนินกิจการอยู่
11x2093,บริษัท ลีดเดอร์ ซัพพลาย แอนด์ เซอร์วิส จำกัด,1.0,,46900,,สงขลา,DBD API (TaxID),ยังดำเนินกิจการอยู่
11x2094,บริษัท เอเชียบางนา จำกัด,32.0,,11041,,สมุทรปราการ,DBD API (TaxID),ยังดำเนินกิจการอยู่
11x2095,บริษัท เค เค กลอเรียส จำกัด,5.0,,64991,,กรุงเทพมหานคร,DBD API (TaxID),ยังดำเนินกิจการอยู่
11x2096,บริษัท แฟคตอรี่ ออโตเมชั่น ซิสเต็ม จำกัด,1.0,,47411,,ปทุมธานี,DBD API (TaxID),ยังดำเนินกิจการอยู่
11x2097,บริษัท พีพีจี โคทติ้งส์ (ประเทศไทย) จำกัด,301.4,1362.07,20221,,สมุทรปราการ,DIW register,
11x2098,บริษัท วีเอส ไฮโดรเทค จำกัด,1.0,,46530,,ปทุมธานี,DBD API (TaxID),ร้าง
11x2099,บริษัท ไวท์เฮ้าส์คลีนนิ่ง โปรดักส์ จำกัด,55.0,,20113,,สมุทรปราการ,DBD API (TaxID),ยังดำเนินกิจการอยู่
11x2100,ห้างหุ้นส่วนจำกัด โรงงานอุตสาหกรรมการยางยืนยง,2.0,650.20000000000005,22191,,สมุทรปราการ,DIW register,
11x2101,บริษัท ครอบครัวขนส่ง จำกัด,,,,,,,
11x2102,บริษัท เกษตรภัณฑ์อุตสาหกรรม จำกัด,665.0,1366.4,25939,,สมุทรปราการ,DIW register,
11x2103,บริษัท อ.ศิริชัยพัฒนา จำกัด,,,,,,,
11x2104,บริษัท โยแมน เอ็นจิเนียริ่ง แอนด์ เซอร์วิส จำกัด,1.0,,28250,,สมุทรปราการ,DBD API (TaxID),ยังดำเนินกิจการอยู่
11x2105,บริษัท ไทยไบโอ อ๊อกซีน จำกัด,,,,,,,
11x2106,บริษัท ระยองวิศวกรรมและซ่อมบำรุง จำกัด,50.0,,71102,,กรุงเทพมหานคร,DBD API (TaxID),ยังดำเนินกิจการอยู่
11x2107,บริษัท แอมโม จำกัด,,,,,,,
11x2108,บริษัท ประวัติสุขนวล จำกัด,2.0,,41002,,กรุงเทพมหานคร,DBD API (TaxID),ยังดำเนินกิจการอยู่
11x2109,บริษัท เอ็กซ์เซลเล้นท์ รับเบอร์ จำกัด,370.0,,15201,,ชลบุรี,DBD API (TaxID),เลิก
11x2110,บริษัท ไนเตรทไทย จำกัด,0.0,16299.56,20113,,ระยอง,DIW register,
11x2111,เอ็น พี ยู มาเกตติ้ง,,,,,,,
11x2112,บริษัท เอเวอร์กรีน อินเตอร์เนชั่นแนล โฮเต็ล พรอเพอตี้ (กรุงเทพฯ)จำกัด,110.94,,55101,,สมุทรปราการ,DBD API (TaxID),ยังดำเนินกิจการอยู่
11x2113,บริษัท บางกอกโนเวล จำกัด,1.0,,46201,,กรุงเทพมหานคร,DBD API (TaxID),ยังดำเนินกิจการอยู่
11x2114,บริษัท คินเดน (ประเทศไทย) จำกัด,21.1,,43210,,กรุงเทพมหานคร,DBD API (TaxID),ยังดำเนินกิจการอยู่
11x2115,ห้างหุ้นส่วนจำกัด จ.เจริญกรุง,1.05,,47524,,กรุงเทพมหานคร,DBD API (TaxID),ยังดำเนินกิจการอยู่
11x2116,บริษัท แอดวานซ์ อินดัสเทรียล เซอร์วิส จำกัด,1.1,180,33121,,สระบุรี,DIW register,
11x2117,บริษัท กัลฟ์ เพาเวอร์ เจเนอเรชั่น จำกัด,9607.0,,35101,,สระบุรี,DBD API (TaxID),ยังดำเนินกิจการอยู่
11x2118,บริษัท อมตะ บี.กริม เพาเวอร์ 1  จำกัด,0.0,536878.80000000005,35101,,ชลบุรี,DIW register,
11x2119,บริษัท โกลว์ พลังงาน จำกัด (มหาชน),10003.398238,838652.57,35101,,ระยอง,DIW register,
11x2120,บริษัท อาหารเบทเทอร์ จำกัด,793.0,9868.67,10131,,ปทุมธานี,DIW register,
11x2121,บริษัท ฝาจีบ จำกัด (มหาชน),1150.0,496,22230,,ปทุมธานี,DIW register,
11x2122,บริษัท ออโต้ อินทีเรียร์ โปรดักส์ จำกัด,220.0,2063.9,29309,,ชลบุรี,DIW register,
11x2123,บริษัท ซีทีซีไอ(ประเทศไทย) จำกัด,46.0,590.6,25111,,ระยอง,DIW register,
11x2124,บริษัท ยูเนี่ยนโฟรเซนโปรดักส์ จำกัด,203.0,418.31,10131,,สมุทรสาคร,DIW register,
11x2125,บริษัท ดับเบิ้ลยูจีซี จำกัด,120.0,21290.99,10722,,นครปฐม,DIW register,
11x2126,บริษัท สตาร์ ซานิทารีแวร์ จำกัด (มหาชน),662.39,,38300,,กรุงเทพมหานคร,DBD API (TaxID),ยังดำเนินกิจการอยู่
11x2127,ห้างหุ้นส่วนจำกัด เอ็น แอนด์ ดี ซัพพลาย เอ็นจิเนียริ่ง,3.0,,46599,,กรุงเทพมหานคร,DBD API (TaxID),ยังดำเนินกิจการอยู่
11x2128,บริษัท ไทยซัมมิท เทป จำกัด,15.0,,24209,,ระยอง,DBD API (TaxID),ยังดำเนินกิจการอยู่
11x2129,บริษัท บางกอกโคมัตสุ จำกัด,3289.98,20340.41,28299,,ชลบุรี,DIW register,
11x2130,บริษัท เอส.ที.เมนเทนแนนซ์ แอนด์ คอนสทรัคชั่น จำกัด,5.0,,43210,,ระยอง,DBD API (TaxID),ยังดำเนินกิจการอยู่
11x2131,บริษัท ยูโรเทค นิวทรีชั่น(ไทยแลนด์) จำกัด,,,,,,,
11x2132,บริษัท อเลคซ์ คอร์ปอเรชั่น 99 จำกัด,5.0,,45103,,กรุงเทพมหานคร,DBD API (TaxID),ร้าง
11x2133,บริษัท โรงน้ำปลาตั้งไถ่เชียง จำกัด,0.425,258,10774,,ระยอง,DIW register,
11x2134,บริษัท เจ้าคุณเกษตรพืชผล จำกัด,210.0,3135.5,10612,,สระบุรี,DIW register,
11x2135,บริษัท บีอีอี - บอยเลอร์ เอ็นเนอจี แอนด์ เอนไวเรินเมนท์ เซอร์วิส จำกัด,,,,,,,
11x2136,บริษัท ไทยโพลิโพรไพลีน จำกัด,,,,,,,
11x2137,บริษัท ซี พี เอ็น ทรานสฟอร์เมอร์ จำกัด,19.0,65.239999999999995,27101,,นครปฐม,DIW register,
11x2138,"Johnson Control International (Thailand) Co., Ltd.",,,,,,,
11x2139,บริษัท สไตโรลูชั่น (ประเทศไทย) จำกัด,1270.0,,46108,,ระยอง,DBD API (TaxID),ยังดำเนินกิจการอยู่
11x2140,บริษัท เอทีเซรามิกส์ จำกัด,,,,,,,
11x2141,บริษัท หยั่น หว่อ หยุ่น จำกัด,658.0,10772,10774,,สมุทรสาคร,DIW register,
11x2142,บริษัท อาซาฮีคาเซอิ พลาสติก (ประเทศไทย) จำกัด,0.0,2685.35,22230,,พระนครศรีอยุธยา,DIW register,
11x2143,บริษัท ไทยเคนเมนทิแนนซ์แอนด์เซอร์วิส จำกัด,5.0,,43223,,สมุทรปราการ,DBD API (TaxID),ยังดำเนินกิจการอยู่
11x2144,บริษัท  เมคทรอนิกซ์  อินดัสเทรียล ซัพพลาย จำกัด,1.0,,46599,,สุราษฎร์ธานี,DBD API (TaxID),ร้าง
11x2145,บริษัท ไอ.เอส.โอ.พาเนล จำกัด,20.0,,64921,,ปทุมธานี,DBD API (TaxID),ยังดำเนินกิจการอยู่
11x2146,บริษัท ตราสิน จำกัด,2.5,,46441,,กรุงเทพมหานคร,DBD API (TaxID),ยังดำเนินกิจการอยู่
11x2147,บริษัท โปรไวเดอร์ เอ็นจิเนียริ่ง คอนสตรัคชั่น จำกัด,,,,,,,
11x2148,บริษัท อาร์พีซี เอ็นจิเนียริ่ง จำกัด,2.0,,46599,,กรุงเทพมหานคร,DBD API (TaxID),ยังดำเนินกิจการอยู่
11x2149,บริษัท ทิทโก้ กรุงเทพ จำกัด,4.0,,45301,,สมุทรปราการ,DBD API (TaxID),ยังดำเนินกิจการอยู่
11x2150,บริษัท เพิร์ล ออย (ประเทศไทย) จำกัด,100.0,,19201,,กรุงเทพมหานคร,DBD API (TaxID),ยังดำเนินกิจการอยู่
11x2151,บริษัท พีทีที โกลบอล เคมิคอล จำกัด (มหาชน),89.0,200,36002,,ระยอง,DIW register,
11x2152,บริษัท เคซีอี เทคโนโลยี จำกัด,262.5,2900,26402,,พระนครศรีอยุธยา,DIW register,
11x2153,บริษัท ปูนซิเมนต์ไทย (ทุ่งสง) จำกัด (โรงงานทุ่งสง),700.0,,23941,,นครศรีธรรมราช,DBD API (TaxID),ยังดำเนินกิจการอยู่
11x2154,บริษัท โกลด์เกียร์ เอ็นเตอร์ไพร์ส จำกัด,,,,,,,
11x2155,GLOW SPP 1 COMPANY LIMITED,,,,,,,
11x2156,บริษัท ไทสัน โพลทรี่ (ไทยแลนด์)  จำกัด,106.611629,2618.17,10120,,ปทุมธานี,DIW register,
11x2157,"INNOVEK SOLUTION CO., LTD.",,,,,,,
11x2158,บริษัท ออปอเรชั่น เอ็นจิเนียริ่ง เซอร์วิส จำกัด,30.0,,42202,,กรุงเทพมหานคร,DBD API (TaxID),ยังดำเนินกิจการอยู่
11x2159,บริษัท เอเชียน เทค แอนด์ เอ็นจิเนียริ่ง จำกัด,19.5,86,27101,,สมุทรปราการ,DIW register,
11x2160,บริษัท พี.อาร์.ฟู้ดแลนด์ จำกัด,70.0,,10791,,นครราชสีมา,DBD API (TaxID),ยังดำเนินกิจการอยู่
11x2161,บริษัท ซันสตาร์ เคมีคัล(ประเทศไทย) จำกัด,170.0,1926.25,20113,,สมุทรปราการ,DIW register,
11x2162,บริษัท อิวอนิก ยูไนเต็ด ซิลิกา (สยาม) จำกัด,403.0,18787.419999999998,20113,,ระยอง,DIW register,
11x2163,บริษัท ชาร์พ แอพพลายแอนซ์ (ประเทศไทย) จำกัด,20.0,21645.200000000001,27101,,ฉะเชิงเทรา,DIW register,
11x2164,บริษัท ไอดี โซลูชั่น จำกัด,50.0,,43210,,ปทุมธานี,DBD API (TaxID),ยังดำเนินกิจการอยู่
11x2165,บริษัท เอส.ที.อิเล็คทริคอลโปรดักส์ จำกัด,5.0,,27101,,กรุงเทพมหานคร,DBD API (TaxID),ยังดำเนินกิจการอยู่
11x2166,บริษัท เอสเอฟเอฟ กรุ๊ป จำกัด,1.0,,29201,,สมุทรปราการ,DBD API (TaxID),ยังดำเนินกิจการอยู่
11x2167,บริษัท เซเรบอส (ประเทศไทย) จำกัด,100.0,,46109,,กรุงเทพมหานคร,DBD API (TaxID),ยังดำเนินกิจการอยู่
11x2168,บริษัท วิคกี้เอ็นจิเนียริ่ง จำกัด,25.0,,46599,,กรุงเทพมหานคร,DBD API (TaxID),ยังดำเนินกิจการอยู่
11x2169,บริษัท ฤทธา จำกัด,100.0,493.61,23953,,ปทุมธานี,DIW register,
11x2170,บริษัท มารูอิ อินดัสตรี (ไทยแลนด์) จำกัด,348.442929,3674.63,29309,,ปราจีนบุรี,DIW register,
11x2171,บริษัท สหไทยอาวากระดาษ จำกัด,130.0,17945.66,17011,,ปราจีนบุรี,DIW register,
11x2172,บริษัท  เอสเอฟซี นิวเมติคส์  จำกัด,25.0,,46593,,สมุทรสาคร,DBD API (TaxID),ยังดำเนินกิจการอยู่
11x2173,บริษัท วนชัย กรุ๊ป จำกัด (มหาชน),1200.0,25449.41,16210,,สระบุรี,DIW register,
11x2174,บริษัท เนสท์เล่ (ไทย) จำกัด,110.0,12812.69,10503,,กรุงเทพมหานคร,DIW register,
11x2175,บริษัท โอลิโอฟายน์ ออกานิก (ประเทศไทย) จำกัด,62.0,673.5,20113,,ลพบุรี,DIW register,
11x2176,บริษัท พี.เอส.ซี.ที.เอ็นจิเนียริ่ง (2009) จำกัด,1.0,,33122,,สมุทรปราการ,DBD API (TaxID),ยังดำเนินกิจการอยู่
11x2177,บริษัท จอห์นสัน คอนโทรลส์ แอนด์ ซัมมิท อินทีเรียส์  จำกัด,0.0,0,13922,,ระยอง,DIW register,
11x2178,บริษัท ซีทู โซลูชั่น แอนด์ อินโนเวชั่น จำกัด,1.0,,28199,,สมุทรปราการ,DBD API (TaxID),ยังดำเนินกิจการอยู่
11x2179,ห้างหุ้นส่วนจำกัด อ.แสงสุวรรณ ทูลส์,0.4,,25922,,สมุทรปราการ,DBD API (TaxID),ยังดำเนินกิจการอยู่
11x2180,บริษัท หยั่น หว่อ หยุ่น  จำกัด,658.0,10772,10774,,สมุทรสาคร,DIW register,
11x2181,ซีพีเอฟ - มีนบุรี2,,,,,,,
11x2182,บริษัท ซีพีเอฟ (ประเทศไทย) จำกัด  (มหาชน),41.5,9220.49,10111,,กรุงเทพมหานคร,DIW register,
11x2183,บริษัท ซีพีเอฟ  (ประเทศไทย) จำกัด (มหาชน),41.5,9220.49,10111,,กรุงเทพมหานคร,DIW register,
11x2184,บริษัท ซีพีเอฟ (ประเทศไทย) จำกัด(มหาชน),41.5,9220.49,10111,,กรุงเทพมหานคร,DIW register,
11x2185,บริษัท ซีพีเอฟ  ( ประเทศไทย) จำกัด (มหาชน),41.5,9220.49,10111,,กรุงเทพมหานคร,DIW register,
11x2186,บริษัท ซีพีเอฟ (ประเทศไทย)  จำกัด (มหาชน),41.5,9220.49,10111,,กรุงเทพมหานคร,DIW register,
11x2187,บริษัท ซีพีเอฟ (ประเทศไทย)  จำกัด(มหาชน),41.5,9220.49,10111,,กรุงเทพมหานคร,DIW register,
11x2188,บริษัท เอ็กซอนโมบิล เอ็กซ์โพลเรชั่น แอนด์โพรดักชั่น โคราช อิงค์,,,ไม่พบข้อมูล,,,DBD API (TaxID),
11x2189,บริษัท ไทยเบฟเวอเรจ เอ็นเนอร์ยี่ จำกัด,304.28,4108.51,38300,,ปทุมธานี,DIW register,
11x2190,บริษัท ที.เอส.พาร์ท จำกัด,7.0,,47420,,สมุทรปราการ,DBD API (TaxID),ยังดำเนินกิจการอยู่
11x2191,บริษัท สุรีย์ เทรดดิ้ง จำกัด,2.0,,46510,,สมุทรปราการ,DBD API (TaxID),ยังดำเนินกิจการอยู่
11x2192,บริษัท โรงงานแม่รวย จำกัด,51.075251,1977.5,10734,,กรุงเทพมหานคร,DIW register,
11x2193,บริษัท ทัสโก้ ทราโฟ จำกัด,866.0,,27102,,สมุทรปราการ,DBD API (TaxID),ยังดำเนินกิจการอยู่
11x2194,บริษัท คอนแอนด์บิลด์ แมชชินเนอรี่ จำกัด,5.0,,46639,,กรุงเทพมหานคร,DBD API (TaxID),ยังดำเนินกิจการอยู่
11x2195,บริษัท พีทีที เมนเทนแนนซ์ แอนด์ เอนจิเนียริง จำกัด,200.0,,82990,,ระยอง,DBD API (TaxID),ยังดำเนินกิจการอยู่
11x2196,บริษัท ที.พี.ซี.บลาสติ้ง แอนด์ เอ็นไวรอนเม้นท์ เซอร์วิส จำกัด,1.0,,28221,,สมุทรปราการ,DBD API (TaxID),ร้าง
11x2197,บริษัท แสงประดิษฐ์ เอ็นยิเนียริ่ง จำกัด,30.0,,43210,,กรุงเทพมหานคร,DBD API (TaxID),ยังดำเนินกิจการอยู่
11x2198,บริษัท ยูเอสอี.โฟล-ไลน์ จำกัด,285.5,570.44000000000005,30990,,ปทุมธานี,DIW register,
11x2199,ห้างหุ้นส่วนจำกัด ดี เอส เอ็นจิเนียริ่ง แอนด์ ซัพพลาย,1.0,,25922,,ชลบุรี,DBD API (TaxID),ยังดำเนินกิจการอยู่
11x2200,บริษัท โรเดีย ไทย โฮลดิ้งส์ จำกัด,,,,,,,
11x2201,บริษัท โตโยต้า โบโชคุ เกตเวย์(ประเทศไทย) จำกัด,486.0,5552.5,29309,,ฉะเชิงเทรา,DIW register,
11x2202,บริษัท ไอ.เอส.เอ.แวลู จำกัด,5596.0,24995.29,10302,,นครปฐม,DIW register,
11x2203,บริษัท แซส เทค โซลูชั่น จำกัด,81.0,36.6,24109,,ระยอง,DIW register,
11x2204,บริษัท สหฟาร์ม จำกัด,1195.0,13784.43,10111,,ลพบุรี,DIW register,
11x2205,บริษัท โกลว์ พลังงาน  จำกัด (มหาชน),10003.398238,838652.57,35101,,ระยอง,DIW register,
11x2206,บริษัท เอ็น ซัพพลาย จำกัด,1.0,,46593,,กรุงเทพมหานคร,DBD API (TaxID),ยังดำเนินกิจการอยู่
11x2207,บริษัท ซีโร่-ลีก จำกัด,0.0,187,22199,,กรุงเทพมหานคร,DIW register,
11x2208,ห้างหุ้นส่วนจำกัด จิรสินแมชชีนเนอรี่เซอร์วิส,5.0,252.27,25922,,กรุงเทพมหานคร,DIW register,
11x2209,บริษัท ซียูอีแอล จำกัด,1.0,5496.56,28299,,ชลบุรี,DIW register,
11x2210,บริษัท ซี.เอส.โอ.ปิโตรเลียม จำกัด,50.0,,46612,,เชียงใหม่,DBD API (TaxID),ยังดำเนินกิจการอยู่
11x2211,บริษัท ไดนามิก้า เอ็นจิเนียริ่ง จำกัด,1.0,,28299,,กรุงเทพมหานคร,DBD API (TaxID),ยังดำเนินกิจการอยู่
11x2212,บริษัท อดิสสิโอ เทรดดิ้ง (ประเทศไทย) จำกัด,103.0,,46206,,กรุงเทพมหานคร,DBD API (TaxID),ยังดำเนินกิจการอยู่
11x2213,"Navanakorn Electric Co.,Ltd.",,,,,,,
11x2214,บริษัท กรีน รีฟายน์ จำกัด,10.5,1710.5,38300,,สมุทรปราการ,DIW register,
11x2215,บริษัท นาติก้า เอ็นจิเนียริ่ง จำกัด,2.0,,28199,,ชลบุรี,DBD API (TaxID),ยังดำเนินกิจการอยู่
11x2216,บริษัท เคมิคอลไลน์ จำกัด,0.5,,47595,,นนทบุรี,DBD API (TaxID),ยังดำเนินกิจการอยู่
11x2217,บริษัท แบงค็อก โฮเทล โลตัส สุขุมวิท จำกัด,24.0,,90002,,กรุงเทพมหานคร,DBD API (TaxID),ยังดำเนินกิจการอยู่
11x2218,บริษัท  ไทยโพลิเอททีลีน  จำกัด,30357.0,51865.599999999999,20113,,ระยอง,DIW register,
11x2219,บริษัท อินเตอร์เนชั่นเเนล แลบบอราทอรีส์ จำกัด,500.0,,20232,,สมุทรปราการ,DBD API (TaxID),ยังดำเนินกิจการอยู่
11x2220,บริษัท ไอเอซีซี เคมิคอล โซลูชั่นส์ จำกัด,172.791,0,20113,,สมุทรปราการ,DIW register,
11x2221,บริษัท สิริณ อินเตอร์ ซัพพลาย จำกัด,5.0,,46593,,กรุงเทพมหานคร,DBD API (TaxID),ยังดำเนินกิจการอยู่
11x2222,บริษัท พี ซี ซี ไพศาลสิน จำกัด,10.0,70,25910,,กรุงเทพมหานคร,DIW register,
11x2223,บริษัท ไทยอิสเทอนอินดัสทรี้ จำกัด,0.0,6709.5,13131,,นครปฐม,DIW register,
11x2224,บริษัท น้ำมัน ไออาร์พีซี จำกัด,200.0,2865.74,19209,,สมุทรปราการ,DIW register,
11x2225,บริษัท ดีพี เจริญเอ็นจิเนียริ่ง จำกัด,1.0,,43909,,ชลบุรี,DBD API (TaxID),ยังดำเนินกิจการอยู่
11x2226,บริษัท บี.อี.คอน จำกัด,5.0,,70209,,กรุงเทพมหานคร,DBD API (TaxID),ยังดำเนินกิจการอยู่
11x2227,บริษัท อูเบะ เคมิคอลส์ (เอเชีย) จำกัด (มหาชน),0.0,9416.83,20131,,ระยอง,DIW register,
11x2228,บริษัท โซเก็น เคมิคอล เอเชีย จำกัด,0.0,2314.14,23991,,ชลบุรี,DIW register,
11x2229,บริษัท กาญจนสิงขร จำกัด,700.0,,35101,,กรุงเทพมหานคร,DBD API (TaxID),ยังดำเนินกิจการอยู่
11x2230,บริษัท เพียวเคมม์ จำกัด,12.0,18405.580000000002,10629,,สมุทรปราการ,DIW register,
11x2231,บริษัท นวนครการไฟฟ้า จำกัด,160.0,282.54000000000002,36002,,ปทุมธานี,DIW register,
11x2232,บริษัท ท็อปเวลล์ อิลาสติกส์ เทคโนโลยี จำกัด,80.0,,46691,,สมุทรปราการ,DBD API (TaxID),ยังดำเนินกิจการอยู่
11x2233,บริษัท วี-สมาร์ท แมชชีน จำกัด,,,,,,,
11x2234,บริษัท  ซีพีเอฟ (ประเทศไทย)  จำกัด (มหาชน),41.5,9220.49,10111,,กรุงเทพมหานคร,DIW register,
11x2235,บริษัท เทวนตี้ โฟร์ เทวนตี้ โฟร์ จำกัด,1.0,,55101,,กรุงเทพมหานคร,DBD API (TaxID),เสร็จการชำระบัญชี
11x2236,บริษัท อิมโก้ ฟู๊ดแพ็ค จำกัด,0.0,11823,22220,,ฉะเชิงเทรา,DIW register,
11x2237,บริษัท ภาคภูมิ สแปพาร์ต จำกัด,1.0,,46530,,กรุงเทพมหานคร,DBD API (TaxID),ยังดำเนินกิจการอยู่
11x2238,บริษัท  ซีพีเอฟ (ประเทศไทย) จำกัด (มหาชน),41.5,9220.49,10111,,กรุงเทพมหานคร,DIW register,
11x2239,บริษัท วิลสันอาร์ท (ประเทศไทย) จำกัด,44.5,6587.27,23991,,สมุทรสาคร,DIW register,
11x2240,บริษัท ไฮสปีด เอ็นจิเนียริ่ง จำกัด,3.0,,43909,,ระยอง,DBD API (TaxID),ยังดำเนินกิจการอยู่
11x2241,บริษัท ไทยแทฟฟิต้า จำกัด,120.0,11722.31,13111,,ระยอง,DIW register,
11x2242,บริษัท เอส เอ็น ซี ซาวด์ พรู๊ฟ จำกัด,155.25,2603.2399999999998,29309,,ชลบุรี,DIW register,
11x2243,บริษัท ดับบลิว ซี เอส คาร์เซ็นเตอร์ จำกัด,5.0,,77101,,สมุทรปราการ,DBD API (TaxID),ยังดำเนินกิจการอยู่
11x2244,บริษัท เทสโก้ แมน (ประเทศไทย) จำกัด,1.0,,46599,,สระบุรี,DBD API (TaxID),ยังดำเนินกิจการอยู่
11x2245,บริษัท ธนคอนสตรัคชั่น (1994) จำกัด,41.8,491.85,19209,,อุตรดิตถ์,DIW register,
11x2246,บริษัท สตาร์ ปิโตรเลียม รีไฟน์นิ่ง จำกัด (มหาชน),24536.11,149639.29,19201,,ระยอง,DIW register,
11x2247,บริษัท แอดวานซ์ อินดัสทรี เทคโน แอนด์ เซอร์วิส จำกัด,5.0,,71209,,ปทุมธานี,DBD API (TaxID),ยังดำเนินกิจการอยู่
11x2248,บริษัท ไทยยูเนี่ยน ฟีดมิลล์  จำกัด,1585.035445,54814.91,10801,,สมุทรสาคร,DIW register,
11x2249,บริษัท โบ ทรี เอ็นจิเนียริ่ง จำกัด,10.0,,46593,,กรุงเทพมหานคร,DBD API (TaxID),ยังดำเนินกิจการอยู่
11x2250,บริษัท อุตสาหกรรมหลอมโลหะไทย จำกัด,1.7,1462.61,24101,,ราชบุรี,DIW register,
11x2251,บริษัท อินฟินิออน พลัส จำกัด,2.0,,46691,,กรุงเทพมหานคร,DBD API (TaxID),ยังดำเนินกิจการอยู่
11x2252,บริษัท เคียววา เทรดดิ้ง (ประเทศไทย) จำกัด,2.0,,46900,,กรุงเทพมหานคร,DBD API (TaxID),ยังดำเนินกิจการอยู่
11x2253,บริษัท ลินเด้ (ประเทศไทย) จำกัด (มหาชน),650.0,163,20111,,สมุทรปราการ,DIW register,
11x2254,บริษัท ลินเด้ แอร์เคมีคัล จำกัด,91.0,7026.3,20111,,ระยอง,DIW register,
11x2255,บริษัท ไทย-ชาญ สเตนเลส ซัพพลาย จำกัด,11.0,196.82,25910,,สมุทรสาคร,DIW register,
11x2256,บริษัท เนชั่นแนล สตาร์ช แอนด์ เคมิเคิล (ไทยแลนด์)  จำกัด,,,,,,,
11x2257,บริษัท ไทย โคโคนัท จำกัด,370.0,14501.2,10302,,ราชบุรี,DIW register,
11x2258,บริษัท เอ็มทีพี เอชพีพีโอ แมนูแฟคเจอริ่ง จำกัด,14906.0,69532.289999999994,20113,,ระยอง,DIW register,
11x2259,บริษัท เอ็น เอช เค สปริง (ประเทศไทย) จำกัด,0.0,9341.49,29309,,สมุทรปราการ,DIW register,
11x2260,บริษัท ซีพีเอฟ (ประเทศไทย)  จำกัด  (มหาชน),41.5,9220.49,10111,,กรุงเทพมหานคร,DIW register,
11x2261,ห้างหุ้นส่วนจำกัด บำรุงรักษ์เทคนิคและเครื่องชั่ง,5.0,,46599,,สงขลา,DBD API (TaxID),แปรสภาพ
11x2262,บริษัท ญาสิทธิ์ จำกัด,4.0,,46599,,กรุงเทพมหานคร,DBD API (TaxID),ยังดำเนินกิจการอยู่
11x2263,บริษัท ไทย วู รี เอ็นจิเนียริ่ง จำกัด,1472.92,,42101,,กรุงเทพมหานคร,DBD API (TaxID),ยังดำเนินกิจการอยู่
11x2264,บริษัท ไฮโดรเท็ค จำกัด (มหาชน),,,,,,,
11x2265,ห้างหุ้นส่วนจำกัด โรจนกิจ เอ็นจิเนียริ่ง,1.0,,45301,,กรุงเทพมหานคร,DBD API (TaxID),ยังดำเนินกิจการอยู่
11x2266,บริษัท วีเอ็มซี คอนซัลแต็น จำกัด,,,,,,,
11x2267,บริษัท ไดเฮ็น อิเล็คทริค จำกัด,473.161607,12643.35,27101,,ฉะเชิงเทรา,DIW register,
11x2268,บริษัท อีเลคโทรไทย จำกัด(ยกเลิก),,,,,,,
11x2269,บริษัท ครอมตั้น อิเล็คทริค มอเตอร์ (ประเทศไทย) จำกัด,,,,,,,
11x2270,บริษัท พีชเชอร์แอนด์พายเคิล แอพพลายแอนเซส(ไทยแลนด์)จำกัด,1750.0,,27501,,ระยอง,DBD API (TaxID),ยังดำเนินกิจการอยู่
11x2271,บริษัท สยาม เปเปอร์ เดคคอร์ จำกัด,141.0,406.24,31001,,นนทบุรี,DIW register,
11x2272,บริษัท เครสค่อน จำกัด,118.0,,71101,,กรุงเทพมหานคร,DBD API (TaxID),พิทักษ์ทรัพย์เด็ดขาด
11x2273,บริษัท อี.เอส.ไอ.(ไทยแลนด์) จำกัด,1.0,,33122,,ระยอง,DBD API (TaxID),ยังดำเนินกิจการอยู่
11x2274,บริษัท บีเอสที สเปเชียลตี้ จำกัด,25.1,5689.34,20113,,ระยอง,DIW register,
11x2275,บริษัท กรุงเทพ ซินธิติกส์ จำกัด,5225.16,16480.89,20113,,ระยอง,DIW register,
11x2276,บริษัท เอ็ม ไอจี โปรดักชั่น จำกัด,204.0,53623,20111,,ระยอง,DIW register,
11x2277,บริษัท สยามซานิทารีแวร์อินดัสทรี (หนองแค)จำกัด,563.38328,8377.31,23939,,สระบุรี,DIW register,
11x2278,บริษัท ต้ากงเคมีคอลอินดัสเทรียล (ไทยแลนด์) จำกัด,60.0,1397.5,22230,,กรุงเทพมหานคร,DIW register,
11x2279,บริษัท โกลเด้น คิตส์ จำกัด,3.0,,43210,,สมุทรสงคราม,DBD API (TaxID),ยังดำเนินกิจการอยู่
11x2280,ห้างหุ้นส่วนจำกัด เกีย ออโต้แก๊ส ราชบุรี,5.0,,47300,,ราชบุรี,DBD API (TaxID),ร้าง
11x2281,ห้างหุ้นส่วนจำกัด เกีย ออโต้แก๊ส,5.0,,47300,,สมุทรสงคราม,DBD API (TaxID),ร้าง
11x2282,บจก.ไทยนิปปอน สตีล แอนด์ ซูมิคิน เอ็นจิเนียริ่ง แอนด์ คอนสตัคชั่น คอร์,,,,,,,
11x2283,บริษัท ราชบุรี เอทานอล จำกัด,800.4,16441.8,20114,,ราชบุรี,DIW register,
11x2284,บริษัท คาร์ลตัน อินเตอร์เนชั่นแนล (ประเทศไทย)  จำกัด,30.0,,47300,,กรุงเทพมหานคร,DBD API (TaxID),ยังดำเนินกิจการอยู่
11x2285,บริษัท แกดเทรดดิ้ง จำกัด,2.0,,47593,,นนทบุรี,DBD API (TaxID),คืนสู่ทะเบียน
11x2286,ห้างหุ้นส่วนจำกัด อาเจเมล เอ็นจิเนียริ่ง,0.5,,46521,,นนทบุรี,DBD API (TaxID),ยังดำเนินกิจการอยู่
11x2287,บริษัท น้ำตาลราชบุรี จำกัด,90.0,179166.45,10721,,ราชบุรี,DIW register,
11x2288,บริษัท บี เอ็น เค เฟรม จำกัด,,,,,,,
11x2289,บริษัท เอเชี่ยนเทค เอ็นเตอร์ไพรซ์ จำกัด,,,,,,,
11x2290,บริษัท วชิรสุ คอร์ปอเรชั่น จำกัด,1.0,,41002,,กรุงเทพมหานคร,DBD API (TaxID),ยังดำเนินกิจการอยู่
11x2291,ห้างหุ้นส่วนจำกัด สุณัฎฐา ซัพพลาย,,,,,,,
11x2292,บริษัท กวิน วิศวกรรม (ประเทศไทย) จำกัด,5.0,,47523,,ระยอง,DBD API (TaxID),ยังดำเนินกิจการอยู่
11x2293,บริษัท เทคนิป เอ็นจิเนียริ่ง (ประเทศไทย) จำกัด,,,,,,,
11x2294,บริษัท พี.เอส.อโกร-อินดัสเตรียล เซอร์วิส จำกัด,2.0,,28199,,กรุงเทพมหานคร,DBD API (TaxID),ยังดำเนินกิจการอยู่
11x2295,บริษัท สมาย คอนเทนเนอร์ อุตสาหกรรม จำกัด,2.2833,66,17020,,สมุทรปราการ,DIW register,
11x2296,บริษัท เมเจอร์ เอ็นจิเนียริ่ง แอนด์ ซัพพลาย จำกัด,5.0,,46593,,ชลบุรี,DBD API (TaxID),ยังดำเนินกิจการอยู่
11x2297,บริษัท มิตรสตีล จำกัด (สาขา),500.0,,24109,,สมุทรปราการ,DBD API (TaxID),ยังดำเนินกิจการอยู่
11x2298,บริษัท ซอสพริกไทยรุ่งเรือง จำกัด,51.3,1593.5,10774,,สมุทรสาคร,DIW register,
11x2299,บริษัท คอร์น โปรดักส์ (ประเทศไทย) จำกัด,1429.22,,10621,,สมุทรปราการ,DBD API (TaxID),ยังดำเนินกิจการอยู่
11x2300,บริษัท ไทยพาราไซลีน จำกัด,6800.0,39961.54,20113,,ชลบุรี,DIW register,
11x2301,บริษัท อีโคโน่เทค จำกัด,5.0,,46421,,นนทบุรี,DBD API (TaxID),เลิก
11x2302,บริษัท สีมาธุรกิจ จำกัด,283.1,12344.81,11011,,นครสวรรค์,DIW register,
11x2303,บริษัท นางาซากิ คิคิ (ประเทศไทย) จำกัด,10.0,,46599,,กรุงเทพมหานคร,DBD API (TaxID),ยังดำเนินกิจการอยู่
11x2304,บริษัท เอส.อาร์.แอกโกรแพค จำกัด,4.0,890.23,28240,,เชียงใหม่,DIW register,
11x2305,ร้าน จ.การช่าง,,,,,,,
11x2306,บริษัท เอส.พี.เทคโนเทรด จำกัด,1.5,,25922,,เชียงใหม่,DBD API (TaxID),เลิก
11x2307,บริษัท มิลล์คอน บูรพา จำกัด,313.72,6330.83,24101,,ระยอง,DIW register,
11x2308,บริษัท จี อินโนเวชั่น จำกัด,25.0,,33200,,กรุงเทพมหานคร,DBD API (TaxID),ยังดำเนินกิจการอยู่
11x2309,บริษัท แฟร์เทค จำกัด,1.0,,46599,,ชลบุรี,DBD API (TaxID),ยังดำเนินกิจการอยู่
11x2310,บริษัท ฟาร์มาสันต์ แล็บบอราตอรี่ส์ จำกัด,627.0,3156,21001,,นนทบุรี,DIW register,
11x2311,บริษัท เอเชีย บิซิเนส เทรดดิ้ง จำกัด,1.0,,46421,,หนองคาย,DBD API (TaxID),ร้าง
11x2312,บริษัท เกรทโฟม โปรดักส์ จำกัด,76.2,319,22210,,ฉะเชิงเทรา,DIW register,
11x2313,บริษัท ไทยผลิตภัณฑ์ยิบซั่ม จำกัด (มหาชน),275.0,3989.2,23941,,พระนครศรีอยุธยา,DIW register,
11x2314,บริษัท ดับบลิว พี เอ็ม เอ็นจิเนียริ่ง แอนด์ เซอร์วิส จำกัด,1.0,,46599,,สงขลา,DBD API (TaxID),ยังดำเนินกิจการอยู่
11x2315,บริษัท ซี.เอ็ม.พี.พระนคร จำกัด,50.0,,43210,,นนทบุรี,DBD API (TaxID),ยังดำเนินกิจการอยู่
11x2316,บริษัท บางปูเคมีเคิลส์ จำกัด,,,,,,,
11x2317,บริษัท เพิร์ล ออย บางกอก จำกัด,,,,,,,
11x2318,บริษัท อีโคโน่ ซัพพลาย จำกัด,,,,,,,
11x2319,บริษัท พีทีที แอลเอ็นจี จำกัด,940.0,29721.3,35101,,ระยอง,DIW register,
11x2320,ห้างหุ้นส่วนจำกัด อร่ามเรือง เอ็นจิเนียริ่ง,2.0,,46599,,นนทบุรี,DBD API (TaxID),ยังดำเนินกิจการอยู่
11x2321,บริษัท  แมกซ์เอนส์ จำกัด,250.0,,49323,,กรุงเทพมหานคร,DBD API (TaxID),พิทักษ์ทรัพย์เด็ดขาด
11x2322,บริษัท สุจิต สุมิตร จำกัด,,,,,,,
11x2323,บริษัท เค.เอ็ม.ซี.วอเตอร์ ซัพพลาย จำกัด,1.0,,46593,,กรุงเทพมหานคร,DBD API (TaxID),ยังดำเนินกิจการอยู่
11x2324,บริษัท รุ่งเรืองผล  จำกัด,2.0,1331.3,1630,,สระแก้ว,DIW register,
11x2325,บริษัท ฮาร์โมนี อินดัสตรี้ จำกัด,16.0,318.66000000000003,22230,,สมุทรปราการ,DIW register,
11x2326,บริษัท ซิเบลโก้ มิเนอร์รัลส์ (ประเทศไทย)  จำกัด,15.5,1633,23939,,ลำปาง,DIW register,
11x2327,บริษีท ทีเอ็น เมกเกอร์ จำกัด,1.0,,46599,,กรุงเทพมหานคร,DBD API (TaxID),ยังดำเนินกิจการอยู่
11x2328,บริษัท คอมมานเดอร์ อิเล็คทริค จำกัด,5.0,,46591,,ปทุมธานี,DBD API (TaxID),ยังดำเนินกิจการอยู่
11x2329,ห้างหุ้นส่วนจำกัด ด๊อกเตอร์ แก๊ส รถยนต์,4.0,,50221,,ปทุมธานี,DBD API (TaxID),ร้าง
11x2330,บริษัท ซันไรส์ แดรี่ จำกัด,17.3,900.83,10501,,นครราชสีมา,DIW register,
11x2331,บริษัท ทีดับเบิ้ลยู ลีดเดอร์ เอ็นจิเนียริ่ง จำกัด,2.0,,46530,,กรุงเทพมหานคร,DBD API (TaxID),ยังดำเนินกิจการอยู่
11x2332,บี.เอส เซอร์วิส,,,,,,,
11x2333,บริษัท นิตโต้ มาเทค (ประเทศไทย) จำกัด,0.0,1409.58,22199,,ชลบุรี,DIW register,
11x2334,บริษัท เอ็ม ซี เอส ออโตเมชั่น เทคโนโลยี จำกัด,30.0,,46510,,กรุงเทพมหานคร,DBD API (TaxID),ยังดำเนินกิจการอยู่
11x2335,บริษัท เอ พี แอนด์ อี เอ็นจิเนียริ่ง จำกัด,15.0,,41002,,กรุงเทพมหานคร,DBD API (TaxID),ยังดำเนินกิจการอยู่
11x2336,บริษัท ริชเทค อินโนเวชั่น จำกัด,150.0,,08999,,กรุงเทพมหานคร,DBD API (TaxID),ยังดำเนินกิจการอยู่
11x2337,บริษัท เอ็น เค เค จำกัด,1.0,,46599,,กรุงเทพมหานคร,DBD API (TaxID),ล้มละลาย
11x2338,Chevron Thailand Exploration and Production.Ltd.,,,,,,,
11x2339,บริษัท ระยองอินทาเนีย จำกัด,11.0,428,25922,,ระยอง,DIW register,
11x2340,บริษัท เจมาโก จำกัด,,,,,,,
11x2341,บริษัท เนชั่นแนล เพาเวอร์ แพลนท์ 5 เอ จำกัด,95.108026,2593.5500000000002,52102,,ปราจีนบุรี,DIW register,
11x2342,บริษัท เอสซีจี เคมิคอลส์ จำกัด,114453.15,,70209,,กรุงเทพมหานคร,DBD API (TaxID),แปรสภาพ
11x2343,บริษัท กรุงเทพโฟม ซี.เอส.เอ.จำกัด,19.0,106.5,22199,,สมุทรปราการ,DIW register,
11x2344,บริษัท สยาม เนเชอรัล เอนเนอจี จำกัด,1.0,,46421,,ชลบุรี,DBD API (TaxID),ยังดำเนินกิจการอยู่
11x2345,บริษัท มิลล์คอน สตีล จำกัด (มหาชน),1163.3,18364.84,24101,,กรุงเทพมหานคร,DIW register,
11x2346,บริษัท บีเอส แมนนูแฟคเจอริ่ง จำกัด,40.0,4094.38,52101,,สมุทรปราการ,DIW register,
11x2347,ELECTROTHAI COMPANY LIMITED,,,,,,,
11x2348,บริษัท เอ.พี.ที.พี.เอ็นจิเนียริ่ง แอนด์ ซัพพลาย จำกัด,,,,,,,
11x2349,บริษัท ซอสซิ่ง 360 จำกัด,2.0,,55101,,กรุงเทพมหานคร,DBD API (TaxID),ยังดำเนินกิจการอยู่
11x2350,บริษัท เอเชียเพาเวอร์ แอนด์ ดีเวลลอปเมนต์ จำกัด,5.0,,46107,,กรุงเทพมหานคร,DBD API (TaxID),ยังดำเนินกิจการอยู่
11x2351,บริษัท ทีโอเอ-ชินโต (ไทยแลนด์) จำกัด,62.0,491,20221,,สมุทรปราการ,DIW register,
11x2352,บริษัท บิโช(ประเทศไทย) จำกัด,2.0,,46593,,กรุงเทพมหานคร,DBD API (TaxID),เสร็จการชำระบัญชี
11x2353,บริษัท ธรรมพร พาณิชย์ จำกัด,1.0,,46599,,สมุทรปราการ,DBD API (TaxID),คืนสู่ทะเบียน
11x2354,บริษัท คลีนเฮ้าส์ เซอร์วิส จำกัด,11.75,2879.15,28269,,สมุทรปราการ,DIW register,
11x2355,บริษัท โพรดิจี คอนโทรล จำกัด,1.0,,46109,,ลำปาง,DBD API (TaxID),ร้าง
11x2356,บริษัท สยามเซลลูโลส จำกัด,,,,,,,
11x2357,บริษัท สกายฟู้ด จำกัด,370.0,8157,10139,,ปทุมธานี,DIW register,
11x2358,ห้างหุ้นส่วนจำกัด คอนสแตนติน,1.0,,33200,,สระบุรี,DBD API (TaxID),ยังดำเนินกิจการอยู่
11x2359,บริษัท นารายณ์ อินเตอร์ ซัพพลาย จำกัด,1.0,,46593,,นนทบุรี,DBD API (TaxID),ยังดำเนินกิจการอยู่
11x2360,บริษัท เซอร์วิส ออยล์ แอนด์ โซลูชั่น จำกัด,1.0,,46614,,พิษณุโลก,DBD API (TaxID),ร้าง
11x2361,บริษัท เจ.เอส.โฟม จำกัด,84.5,247.26,22199,,นครปฐม,DIW register,
11x2362,บริษัท เฮงเกอร์ เอ็ม.เอฟ.อาร์.จำกัด,5.0,,68104,,ปทุมธานี,DBD API (TaxID),ยังดำเนินกิจการอยู่
11x2363,บริษัท หะรินต่อเรือ จำกัด,16.9,1435.32,33151,,กรุงเทพมหานคร,DIW register,
11x2364,การไฟฟ้าฝ่ายผลิต แห่งประเทศไทย,4439.624573,7930185.8200000003,35101,,สมุทรปราการ,DIW register,
11x2365,บริษัท ฟรอนท์ วีล เทค จำกัด,1.0,,33200,,ปทุมธานี,DBD API (TaxID),ยังดำเนินกิจการอยู่
11x2366,บริษัท มิตรผล ไบโอฟูเอล จำกัด,1555.0,6800,20114,,ชัยภูมิ,DIW register,
11x2367,บริษัท ชิไทยยูเนี่ยน อิมพอร์ต จำกัด,2.0,,46102,,กรุงเทพมหานคร,DBD API (TaxID),ยังดำเนินกิจการอยู่
11x2368,บริษัท เอส.ที.อินเว็นชั่น จำกัด,3.0,,46102,,กรุงเทพมหานคร,DBD API (TaxID),ยังดำเนินกิจการอยู่
11x2369,บริษัท บีเอส แมนนูแฟคเจอริ่ง  จำกัด,40.0,4094.38,52101,,สมุทรปราการ,DIW register,
11x2370,ห้างหุ้นส่วนจำกัด แม็กซ์โฟลปั๊ม อินเตอร์เทรด,1.0,,46593,,กรุงเทพมหานคร,DBD API (TaxID),ร้าง
11x2371,บริษัท ทีซี เอ็นสเตจ จำกัด,70.0,,46599,,ระยอง,DBD API (TaxID),ยังดำเนินกิจการอยู่
11x2372,บริษัท นำวัฒนา (เวิลด์ไวด์) จำกัด,10.5,95,17092,,สมุทรปราการ,DIW register,
11x2373,บริษัท พาตาร์ แลบ (2517) จำกัด,320.0,2600,21001,,ปทุมธานี,DIW register,
11x2374,บริษัท เอเชียไฮโดรเซอร์วิสแอนด์พาร์ท จำกัด,10.0,,46599,,สมุทรปราการ,DBD API (TaxID),ยังดำเนินกิจการอยู่
11x2375,บริษัท แฟคตอรี่ฮับ ดิสทริบิวชั่น จำกัด,4.95,,46599,,กรุงเทพมหานคร,DBD API (TaxID),ยังดำเนินกิจการอยู่
11x2376,ห้างหุ้นส่วนจำกัด สยามอนันต์กิจ,4.0,,33121,,กรุงเทพมหานคร,DBD API (TaxID),ยังดำเนินกิจการอยู่
11x2377,บริษัท แกรนด์ เบสท์ เทค จำกัด,3.0,,43210,,ระยอง,DBD API (TaxID),ยังดำเนินกิจการอยู่
11x2378,บริษัท สยามคราฟท์อุตสาหกรรม  จำกัด,7.8417,220,23991,,นนทบุรี,DIW register,
11x2379,บริษัท พานาโซนิค แมนูแฟคเจอริ่ง อยุธยา จำกัด,3202.630123,7434.85,26402,,พระนครศรีอยุธยา,DIW register,
11x2380,ห้างหุ้นส่วนจำกัด พีเอสที อินเตอร์ซัพพลาย,1.0,,46593,,นนทบุรี,DBD API (TaxID),ยังดำเนินกิจการอยู่
11x2381,บริษัท ยูบิส พรีมาเทค จำกัด,150.0,1027,20292,,สมุทรสาคร,DIW register,
11x2382,บริษัท อาร์ แอนด์ บี ฟู้ด ซัพพลาย จำกัด,55.0,265.25,10711,,กรุงเทพมหานคร,DIW register,
11x2383,บริษัท มิตรผล ไบโอฟูเอล  จำกัด,1555.0,6800,20114,,ชัยภูมิ,DIW register,
11x2384,บริษัท  ซีพีเอฟ  (ประเทศไทย) จำกัด (มหาชน),41.5,9220.49,10111,,กรุงเทพมหานคร,DIW register,
11x2385,บริษัท พริซิชั่น ทูลส์ เซอร์วิส (ประเทศไทย) จำกัด,,,,,,,
11x2386,บริษัท เคเอสพี พรีซิชั่น เทคโนโลยี่ จำกัด,1.0,,46593,,สมุทรปราการ,DBD API (TaxID),ยังดำเนินกิจการอยู่
11x2387,บริษัท คอปโก้ เคมเทค จำกัด,3.0,,46599,,กรุงเทพมหานคร,DBD API (TaxID),ยังดำเนินกิจการอยู่
11x2388,บริษัท อูเด้ห์ (ประเทศไทย) จำกัด,31.0,,71102,,กรุงเทพมหานคร,DBD API (TaxID),ยังดำเนินกิจการอยู่
11x2389,บริษัท ที ที การ์เดียน สตรีม จำกัด,1.0,,46599,,กรุงเทพมหานคร,DBD API (TaxID),ยังดำเนินกิจการอยู่
11x2390,บริษัท กลุ่มสยามบรรจุภัณฑ์ จำกัด,29.0,0,17020,,สมุทรปราการ,DIW register,
11x2391,บริษัท นอร์ธเทอร์น ฟู้ด คอมเพล็กซ์ จำกัด,9.938,2466.0500000000002,10774,,เชียงราย,DIW register,
11x2392,บริษัท ยู-เทค อินสตรูเมนท์ จำกัด,1.0,,71209,,ปทุมธานี,DBD API (TaxID),ยังดำเนินกิจการอยู่
11x2393,สำนักงานเทศบาลนครนนทบุรี,9.6107,80.650000000000006,35101,,นนทบุรี,DIW register,
11x2394,บริษัท มิตรอุดม เอ็นจิเนียริ่ง จำกัด,8.0,,28199,,สมุทรปราการ,DBD API (TaxID),ยังดำเนินกิจการอยู่
11x2395,ห้างหุ้นส่วนจำกัด ธวัชชัย ที.เอส.พี. แก๊ส,1.0,,47300,,สมุทรสาคร,DBD API (TaxID),ยังดำเนินกิจการอยู่
11x2396,บริษัท ไทย ตรินิตรี้ จำกัด,15.0,,33200,,กรุงเทพมหานคร,DBD API (TaxID),ยังดำเนินกิจการอยู่
11x2397,บริษัท มิตรผล  ไบโอฟูเอล จำกัด,1555.0,6800,20114,,ชัยภูมิ,DIW register,
11x2398,ห้างหุ้นส่วนจำกัด เคเอส เทค,2.0,,43223,,ปทุมธานี,DBD API (TaxID),ยังดำเนินกิจการอยู่
11x2399,บริษัท ที.ไอ.พี.เกียร์ เอ็นเตอร์ไพรส์ จำกัด,2.0,,46593,,สมุทรปราการ,DBD API (TaxID),ยังดำเนินกิจการอยู่
11x2400,บริษัท ฮันฮวา เคมิคัล (ไทยแลนด์) จำกัด,410.988,15810.8,22210,,สมุทรปราการ,DIW register,
11x2401,EMERSON (THAILAND) LIMITED (ยกเลิก) เปลี่ยนที่อยู่,,,,,,,
11x2402,บริษัท ไทยนิสชิน เทคโนมิค จำกัด,90.0,0,10743,,สมุทรปราการ,DIW register,
11x2403,ห้างหุ้นส่วนจำกัด เอ็มพี โรจนะคอนสตรัคชั่น,1.0,,43909,,ระยอง,DBD API (TaxID),เสร็จการชำระบัญชี
11x2404,บริษัท เอสทีซี ไดคาสติ้ง (ไทยแลนด์) จำกัด,90.0,,27501,,ระยอง,DBD API (TaxID),ยังดำเนินกิจการอยู่
11x2405,บริษัท ไทยบิทูเมน จำกัด,98.95,2782,19209,,สุราษฎร์ธานี,DIW register,
11x2406,บริษัท จีซี สไตรีนิคส์ จำกัด,190.0,,20131,,กรุงเทพมหานคร,DBD API (TaxID),เลิก
11x2407,บริษัท แซฟทรอล จำกัด,9.0,,74902,,กรุงเทพมหานคร,DBD API (TaxID),ยังดำเนินกิจการอยู่
11x2408,บริษัท เอ็ม.ที.คอนโทรล แอนด์ เทคโนโลยี จำกัด,5.0,,46593,,สมุทรปราการ,DBD API (TaxID),ยังดำเนินกิจการอยู่
11x2409,บริษัท เมเยอร์เรซิ่น จำกัด,80.0,5059.82,20131,,สมุทรปราการ,DIW register,
11x2410,บริษัท ธนภักดี จำกัด,442.4,12826.05,11011,,เชียงใหม่,DIW register,
11x2411,บริษัท สุราพิเศษทิพราช จำกัด,800.0,10103.780000000001,11011,,กาญจนบุรี,DIW register,
11x2412,บริษัท เอ็มพี บี5 (ประเทศไทย) จำกัด,,,,,,,
11x2413,บริษัท แอมเจย์ จำกัด,,,,,,,
11x2414,บริษัท อิเมอร์สัน อิเล็คทริค (ประเทศไทย) จำกัด,473.670812,2912.8,26402,,ปราจีนบุรี,DIW register,
11x2415,บริษัท อัคคีปราการ จำกัด (มหาชน),190.07,0,37000,,สมุทรปราการ,DIW register,
11x2416,บริษัท ไทยศิลป์ลาเบลแพค จำกัด,316.39057,5080.0600000000004,22220,,สมุทรปราการ,DIW register,
11x2417,บริษัท สยามไฟเบอร์กลาส จำกัด,41.86,167.93,23101,,สระบุรี,DIW register,
11x2418,บริษัท เอทูเอส เอ็นจิเนียริ่ง จำกัด,1.0,,33200,,กรุงเทพมหานคร,DBD API (TaxID),ยังดำเนินกิจการอยู่
11x2419,บริษัท คันไซ เรซิน (ประเทศไทย) จำกัด,423.0,12385.46,20221,,ระยอง,DIW register,
11x2420,บริษัท ฟิฟธ์ เอพริล เอ็นจิเนียริ่ง จำกัด,5.0,,71209,,กรุงเทพมหานคร,DBD API (TaxID),ยังดำเนินกิจการอยู่
11x2421,บริษัท บางปะอิน โคเจนเนอเรชั่น จำกัด,10120.75,492560,35101,,พระนครศรีอยุธยา,DIW register,
11x2422,บริษัท เอส พาเนล จำกัด,52.7,476.8,25111,,สมุทรสาคร,DIW register,
11x2423,บริษัท โซลเวย์ (ประเทศไทย) จำกัด,0.0,0,20113,,ระยอง,DIW register,
11x2424,บริษัท ไพร์ม โปรดักส์ วิศวกรรม จำกัด,1.0,,46599,,กรุงเทพมหานคร,DBD API (TaxID),ยังดำเนินกิจการอยู่
11x2425,บริษัท หลักชัยค้าสุรา จำกัด,230.0,12787.588,11011,,ราชบุรี,DIW register,
11x2426,บริษัท พี.อาร์.พาราเท็กซ์ จำกัด,1.0,,41002,,กรุงเทพมหานคร,DBD API (TaxID),ยังดำเนินกิจการอยู่
11x2427,บริษัท ยูเนี่ยนไทย-นิจิบัน จำกัด,492.53,0,22199,,กรุงเทพมหานคร,DIW register,
11x2428,บริษัท คลีน เท็กซ์ (ไทยแลนด์) จำกัด,67.415,574.21,22230,,ชลบุรี,DIW register,
11x2429,บริษัท ยัมมิกซ์ จำกัด,16.5,,10799,,สมุทรปราการ,DBD API (TaxID),ร้าง
11x2430,บริษัท เอ็นไวร์ โอเปอเรชั่น จำกัด,3.0,,ไม่พบข้อมูล,,กรุงเทพมหานคร,DBD API (TaxID),คืนสู่ทะเบียน
11x2431,ห้างหุ้นส่วนจำกัด เชื่อมไมตรี คอนสตรัคชั่น,4.0,,41002,,ชลบุรี,DBD API (TaxID),ยังดำเนินกิจการอยู่
11x2432,บริษัท นาคากาวะ เคมิคัล อีควิปเม้นท์ (ประเทศไทย) จำกัด,4.0,,71102,,กรุงเทพมหานคร,DBD API (TaxID),เสร็จการชำระบัญชี
11x2433,บริษัท ราชสีมา ผลิตเหล็ก จำกัด,3250.0,9505.99,24101,,นครราชสีมา,DIW register,
11x2434,บริษัท ไซม์ ดาร์บี้ เพาเวอร์ จำกัด,1490.0,,35102,,กรุงเทพมหานคร,DBD API (TaxID),ยังดำเนินกิจการอยู่
11x2435,บริษัท อินสทรูเทค เอ็นจิเนียริ่ง จำกัด,1.0,,33131,,กรุงเทพมหานคร,DBD API (TaxID),ยังดำเนินกิจการอยู่
11x2436,บริษัท เอก กู๊ดคาร์ จำกัด,,,,,,,
11x2437,บริษัท เอ็นเอชเค แอนโทลิน (ประเทศไทย) จำกัด,374.56,92.06,29309,,สมุทรปราการ,DIW register,
11x2438,บริษัท ไทยน้ำทิพย์ แมนูแฟคเจอริ่ง จำกัด,5.95,16629.39,11042,,นครราชสีมา,DIW register,
11x2439,บริษัท ลิกซิล (ประเทศไทย) จำกัด (มหาชน),172.461824,9918.5,23939,,ปทุมธานี,DIW register,
11x2440,บริษัท พี.วี.ไมนิ่ง แอนด์ เอ็กซ์พลอเรชั่น จำกัด,30.0,,64999,,กรุงเทพมหานคร,DBD API (TaxID),ยังดำเนินกิจการอยู่
11x2441,บริษัท เนเชอรัล เลเท็กซ์ แมทเทรส อินดัสตรี(ไทยแลนด์) จำกัด,10.0,,31003,,ปทุมธานี,DBD API (TaxID),ยังดำเนินกิจการอยู่
11x2442,บริษัท แอร์โฟลว์ (ประเทศไทย) จำกัด,1.0,,46599,,กรุงเทพมหานคร,DBD API (TaxID),ยังดำเนินกิจการอยู่
11x2443,บริษัท พีซีซี ไพศาลสิน จำกัด,10.0,70,25910,,กรุงเทพมหานคร,DIW register,
11x2444,บริษัท เอเชี่ยน ไวร์โปรดักส์ จำกัด,445.6,19489,24101,,นครราชสีมา,DIW register,
11x2445,บริษัท วันเนส เซอร์วิส แอนด์ ซัพพลาย จำกัด,1.0,,33200,,พระนครศรีอยุธยา,DBD API (TaxID),ยังดำเนินกิจการอยู่
11x2446,บริษัท ทีเอ็มซี เอ็นจิเนียริ่ง แอนด์ เซอร์วิส จำกัด,5.0,,46593,,สงขลา,DBD API (TaxID),เสร็จการชำระบัญชี
11x2447,บริษัท มหานครสากลมาร์เก็ตติ้ง จำกัด,5.0,,47999,,กรุงเทพมหานคร,DBD API (TaxID),ยังดำเนินกิจการอยู่
11x2448,บริษัท เจเอสอาร์ บีเอสที อิลาสโตเมอร์ จำกัด,4335.0,83303.649999999994,20113,,ระยอง,DIW register,
11x2449,บริษัท อะควาทรีท เคมิคอล จำกัด,69.25,202.2,20113,,นครราชสีมา,DIW register,
11x2450,บริษัท แสงวิทย์ 2000 จำกัด,10.0,,82990,,กรุงเทพมหานคร,DBD API (TaxID),ยังดำเนินกิจการอยู่
11x2451,บริษัท โรงงานเหล็กกรุงเทพฯ จำกัด,0.0,4916,24101,,สมุทรปราการ,DIW register,
11x2452,บริษัท ไทยเพรซิเดนท์ฟูดส์ จำกัด (มหาชน),317.90311,6933.73,10743,,ชลบุรี,DIW register,
11x2453,บริษัท โปรพีคส์ จำกัด,1.0,,46599,,กรุงเทพมหานคร,DBD API (TaxID),ยังดำเนินกิจการอยู่
11x2454,บริษัท โซลเวย์ (บางปู) สเปเชียลตี้ เคมีคอลส์ จำกัด,0.0,1501.6,20113,,สมุทรปราการ,DIW register,
11x2455,บริษัท พีเจ ซีลแอนด์อิเล็คทรอนิกส์ จำกัด,1.0,,46593,,สมุทรปราการ,DBD API (TaxID),ยังดำเนินกิจการอยู่
11x2456,บริษัท พรีเมียร์ แทงค์ คอร์ปอเรชั่น จำกัด (มหาชน),205.0,,46612,,กรุงเทพมหานคร,DBD API (TaxID),ยังดำเนินกิจการอยู่
11x2457,บริษัท ทรัพย์ทิพย์ จำกัด,36.0,260,10801,,ลพบุรี,DIW register,
11x2458,บริษัท เจดับบลิวเทค จำกัด,200.0,,64921,,กรุงเทพมหานคร,DBD API (TaxID),ยังดำเนินกิจการอยู่
11x2459,บริษัท อมตะ บี.กริม เพาเวอร์ (ระยอง) 1  จำกัด,4965.01,259719.13,35101,,ระยอง,DIW register,
11x2460,บริษัท วิลเลรอย แอนด์ บอค (ประเทศไทย) จำกัด,856.476677,28512,23921,,สระบุรี,DIW register,
11x2461,บริษัท วิลเลรอย แอนด์ บอค (ประเทศไทย)  จำกัด,856.476677,28512,23921,,สระบุรี,DIW register,
11x2462,บริษัท เอสวีอาร์ เอ็นจิเนียริ่งแอนด์ซัพพลาย จำกัด,5.0,,71102,,กรุงเทพมหานคร,DBD API (TaxID),ยังดำเนินกิจการอยู่
11x2463,บริษัท คิว แพลน จำกัด,10.0,,41002,,นนทบุรี,DBD API (TaxID),ยังดำเนินกิจการอยู่
11x2464,บริษัท เด เอนจิเนียริ่ง จำกัด,25.0,,77309,,กรุงเทพมหานคร,DBD API (TaxID),ยังดำเนินกิจการอยู่
11x2465,บริษัท มารีน อินเตอร์เนชั่นแนล ซัพพลาย จำกัด,5.0,,46593,,กรุงเทพมหานคร,DBD API (TaxID),ยังดำเนินกิจการอยู่
11x2466,บริษัท เจียไต๋ จำกัด,242.0,198.3,20210,,พระนครศรีอยุธยา,DIW register,
11x2467,บริษัท ยูเซ็น โลจิสติกส์ (ประเทศไทย) จำกัด,146.949629,209.61,10801,,ชลบุรี,DIW register,
11x2468,ซาลามานเดอร์ เอนเนอร์ยี่ (บัวหลวง) ลิมิเต็ด,,,ไม่พบข้อมูล,,,DBD API (TaxID),
11x2469,บริษัท ปทุมรีไซเคิล จำกัด,82.0,1935,38211,,ปทุมธานี,DIW register,
11x2470,บริษัท ไบโอซินเนอร์จี จำกัด,36.0,3476,38300,,นครราชสีมา,DIW register,
11x2471,บริษัท โพลี ซัน จำกีด,20.0,,47721,,นนทบุรี,DBD API (TaxID),เสร็จการชำระบัญชี
11x2472,บริษัท รูเบียอุตสาหกรรม จำกัด,35.0,1176.03,10739,,สมุทรปราการ,DIW register,
11x2473,ห้างหุ้นส่วนจำกัด ไทยสามัญซัพพลาย แอนด์ เซอร์วิส,0.3,,46599,,สมุทรสาคร,DBD API (TaxID),ยังดำเนินกิจการอยู่
11x2474,ห้างหุ้นส่วนจำกัด คัดสรรเซอร์วิส,5.0,,41002,,ระยอง,DBD API (TaxID),ยังดำเนินกิจการอยู่
11x2475,บริษัท สยามอุตสาหกรรมยิปซัม (สระบุรี) จำกัด,194.0,681,23953,,สระบุรี,DIW register,
11x2476,บริษัท สยามอุตสาหกรรมยิปซัม (สระบุรี)  จำกัด,194.0,681,23953,,สระบุรี,DIW register,
11x2477,บริษัท เคเอสบีที เอ็นจิเนียริ่ง จำกัด,5.0,,46692,,กรุงเทพมหานคร,DBD API (TaxID),ยังดำเนินกิจการอยู่
11x2478,บริษัท เกรียงวิศวกรรม จำกัด,1.0,,46593,,ปทุมธานี,DBD API (TaxID),ยังดำเนินกิจการอยู่
11x2479,บริษัท อินโนเวชั่น เมนเทนแนนซ์ เซอร์วิสเซส จำกัด,5.0,,33122,,ชลบุรี,DBD API (TaxID),ยังดำเนินกิจการอยู่
11x2480,บริษัท อาเซียนโปแตชชัยภูมิ จำกัด (มหาชน),,,,,,,
11x2481,บริษัท โรป้า อินดัสตรี จำกัด,5.0,,46593,,กรุงเทพมหานคร,DBD API (TaxID),ยังดำเนินกิจการอยู่
11x2482,บริษัท บีทีจี ฟีดมิลล์ จำกัด,200.0,,10294,,กรุงเทพมหานคร,DBD API (TaxID),เสร็จการชำระบัญชี
11x2483,บริษัท งามดี จำกัด,3.05,6357.07,13111,,กรุงเทพมหานคร,DIW register,
11x2484,บริษัท มิ่งเจริญเทรดดิ้ง จำกัด,4.0,,46599,,กรุงเทพมหานคร,DBD API (TaxID),ยังดำเนินกิจการอยู่
11x2485,บริษัท เฉลิมชัยชาญ จำกัด,121.769,3644.69,20222,,กรุงเทพมหานคร,DIW register,
11x2486,บริษัท เฟื่องฟูอนันต์ จำกัด,199.4,12587.96,11011,,ปราจีนบุรี,DIW register,
11x2487,บริษัท ยูไนเตดแอสฟัลท์โปรดักซ์ จำกัด,104.0,1500,19209,,ขอนแก่น,DIW register,
11x2488,บริษัท นำไท อีควิปเม้นท์ จำกัด,2.4,,46691,,กรุงเทพมหานคร,DBD API (TaxID),ยังดำเนินกิจการอยู่
11x2489,บริษัท แนททูร่า วัน จำกัด,136.3,487.17,10420,,สุราษฎร์ธานี,DIW register,
11x2490,บริษัท แมกโซ่เพ้นท์ จำกัด,50.0,210,20221,,สมุทรสาคร,DIW register,
11x2491,บริษัท ไลม์ ควอลิตี้ พัลพ์ 2 จำกัด,,,,,,,
11x2492,บริษัท เอ.เอ.เอส.เอ็นจิเนียริ่ง แอนด์ ซัพพลาย จำกัด,2.0,,46599,,สมุทรปราการ,DBD API (TaxID),ยังดำเนินกิจการอยู่
11x2493,บริษัท ภัทรา พอร์ซเลน จำกัด,57.0,215,22210,,สระบุรี,DIW register,
11x2494,บริษัท อัลติม่าโพลีเมอร์ จำกัด,9.5,,28199,,ปทุมธานี,DBD API (TaxID),ยังดำเนินกิจการอยู่
11x2495,บริษัท ซี.เอช.ยู.เอ็นจิเนียริ่ง จำกัด,2.0,,43223,,กรุงเทพมหานคร,DBD API (TaxID),ยังดำเนินกิจการอยู่
11x2496,บริษัท มอนเดลีซ อินเตอร์เนชันแนล (ประเทศไทย) จำกัด,0.0,6341,10739,,กรุงเทพมหานคร,DIW register,
11x2497,บริษัท เอชแอนด์อาร์ เคมฟาร์ม (ประเทศไทย) จำกัด,705.0,3086.9,19209,,ชลบุรี,DIW register,
11x2498,บริษัท ทูเอฟ อินเตอร์พาร์ท แอนด์ ซัพพลาย จำกัด,3.0,,43120,,สมุทรปราการ,DBD API (TaxID),ยังดำเนินกิจการอยู่
11x2499,ห้างหุ้นส่วนจำกัด โอ.เค.เค.เอ็นจิเนียริ่ง ซัพพลาย,1.0,,22199,,สมุทรสาคร,DBD API (TaxID),ร้าง
11x2500,บริษัท เฮงเค็ล (สยาม) แอ็ดฮีซีฟ เทคโนโลยี่ส์ จำกัด,116.0,,20292,,กรุงเทพมหานคร,DBD API (TaxID),ยังดำเนินกิจการอยู่
11x2501,บริษัท ถาวร เอ็นจิเนียริ่ง แอนด์ คอนสตรัคชั่น จำกัด,10.0,,46592,,กรุงเทพมหานคร,DBD API (TaxID),ยังดำเนินกิจการอยู่
11x2502,บริษัท พาราเคมีภัณฑ์ จำกัด,69.0,8546.6,20131,,สมุทรปราการ,DIW register,
11x2503,บริษัท ไทย ลีคเลส คอร์ปอเรชั่น จำกัด,279.59,2622.66,22199,,สงขลา,DIW register,
11x2504,พี.บี.ทูลส์,,,ไม่พบข้อมูล,,,DBD API (TaxID),
11x2505,บริษัท อิเล็กโทรไทย จำกัด (มหาชน),100.0,,33121,,กรุงเทพมหานคร,DBD API (TaxID),ยังดำเนินกิจการอยู่
11x2506,บริษัท ดีมายเออร์ แฟลบ จำกัด,23.0,106.1,25130,,ลพบุรี,DIW register,
11x2507,"CEC International, Ltd. (Thailand Branch)",,,ไม่พบข้อมูล,,,DBD API (TaxID),
11x2508,ห้างหุ้นส่วนจำกัด แอลฟ่า ซีสเท็ม คอนโทรล,1.0,,46422,,นครปฐม,DBD API (TaxID),ร้าง
11x2509,บริษัท สยามเซมเพอร์เมด จำกัด,,,,,,,
11x2510,บริษัท แม็ททอล อินเตอร์ เทคโนโลยี  จำกัด,1.0,,46599,,กรุงเทพมหานคร,DBD API (TaxID),ยังดำเนินกิจการอยู่
11x2511,บริษัท เคเอ็มเจ เอ็นจิเนียริ่ง จำกัด,5.0,,41002,,สมุทรปราการ,DBD API (TaxID),ยังดำเนินกิจการอยู่
11x2512,ยกเลิก,,,,,,,
11x2513,บริษัท กัปตัน โค๊ทติ้ง จำกัด,116.0,1716.5,20221,,สมุทรปราการ,DIW register,
11x2514,บริษัท ที.เค.ที.คอมเมอร์เชียล จำกัด,300.0,,42909,,กรุงเทพมหานคร,DBD API (TaxID),ยังดำเนินกิจการอยู่
11x2515,บริษัท น้ำตาลไทยเอทานอล จำกัด,400.0,18141,20114,,กาญจนบุรี,DIW register,
11x2516,ห้างหุ้นส่วนจำกัด ที.เอส.เอ็น แมชชีนเนอร์รี่,5.0,,46696,,สมุทรปราการ,DBD API (TaxID),ยังดำเนินกิจการอยู่
11x2517,บริษัท สยามมองดี จำกัด,1.0,,46104,,ชลบุรี,DBD API (TaxID),ยังดำเนินกิจการอยู่
11x2518,บริษัท เค.ไอ.เอ็ม.เอ็นจิเนียริ่ง จำกัด,1.0,,46599,,กรุงเทพมหานคร,DBD API (TaxID),ยังดำเนินกิจการอยู่
11x2519,บริษัท มุนินทร์ เม็กซ์ จำกัด,17.559226,483.86,28199,,ประจวบคีรีขันธ์,DIW register,
11x2520,บริษัท ไทย วี เค คอร์ปอเรชั่น จำกัด,5.0,,46593,,นนทบุรี,DBD API (TaxID),ยังดำเนินกิจการอยู่
11x2521,บริษัท สยาม สตีล มิลล์ เซอร์วิสเซส จำกัด,87.742,235,24101,,สระบุรี,DIW register,
11x2522,บริษัท พิคาโซ่ เนเชอรัลส์ แลบบอราทอรี่ จำกัด,92.0,1044.98,20231,,กรุงเทพมหานคร,DIW register,
11x2523,บริษัท กรีนสวิลล์ จำกัด,111.5,593.67999999999995,20232,,ฉะเชิงเทรา,DIW register,
11x2524,บริษัท เอควิป จำกัด,10.0,,46593,,สมุทรปราการ,DBD API (TaxID),ยังดำเนินกิจการอยู่
11x2525,บริษัท ไอเอ็กซ์แอล จำกัด,5.0,,23992,,กรุงเทพมหานคร,DBD API (TaxID),ยังดำเนินกิจการอยู่
11x2526,บริษัท ราชบุรีเพาเวอร์ จำกัด,338.8,5217735.4000000004,35101,,ราชบุรี,DIW register,
11x2527,ห้างหุ้นส่วนจำกัด เอส.พี.แมชินเนอรี่ (2014),2.0,,46593,,นครศรีธรรมราช,DBD API (TaxID),ยังดำเนินกิจการอยู่
11x2528,บริษัท สีไทยกันไซเพ้นท์  จำกัด(รง.เกตุเวย์),,,,,,,
11x2529,บริษัท แอ๊ดวานซ์ เอ็นเนอร์ยี ดีเวลลอปเมนท์ จำกัด,125.0,,71102,,ชลบุรี,DBD API (TaxID),ยังดำเนินกิจการอยู่
11x2530,บริษัท อธิมาตร จำกัด,281.5,12773.32,11011,,บุรีรัมย์,DIW register,
11x2531,บริษัท ท็อป เอสพีพี จำกัด,12500.0,894428.97,35101,,ชลบุรี,DIW register,
11x2532,บริษัท ทวีคูณไฮโดร นิวเมติก แอนด์ เอ็นจิเนียริ่ง จำกัด,1.0,,71102,,สมุทรปราการ,DBD API (TaxID),ยังดำเนินกิจการอยู่
11x2533,บริษัท พิดิไลต์ แบมโก จำกัด,0.0,1021.3,19209,,สมุทรปราการ,DIW register,
11x2534,บริษัท วาย.เอส.เอส.(ประเทศไทย) จำกัด,114.70763,2095.38,30912,,สมุทรปราการ,DIW register,
11x2535,บริษัท ดีแฟม จำกัด,1.0,,46433,,กรุงเทพมหานคร,DBD API (TaxID),ยังดำเนินกิจการอยู่
11x2536,พีทีทีอีพี เอสพี ลิมิเต็ด,,,ไม่พบข้อมูล,,,DBD API (TaxID),
11x2537,บริษัท คิมเบอร์ลี่ย์-คล๊าค แมนูแฟคเจอริ่ง (ประเทศไทย) จำกัด,400.0,,17091,,กรุงเทพมหานคร,DBD API (TaxID),ยังดำเนินกิจการอยู่
11x2538,บริษัท คิมเบอร์ลี่ย์-คล๊าค แมนูแฟคเจอริ่ง(ประเทศไทย) จำกัด,400.0,,17091,,กรุงเทพมหานคร,DBD API (TaxID),ยังดำเนินกิจการอยู่
11x2539,บริษัท อีซึ่น เพ้นท์ จำกัด (มหาชน),213.0,1906.5,20221,,ชลบุรี,DIW register,
11x2540,บริษัท อิวัลสา เอ็นจิเนียริ่ง แอนด์ เซอร์วิสเซส จำกัด,24.0,163.33000000000001,28299,,ระยอง,DIW register,
11x2541,บริษัท เพอร์เฟค แพคเกจจิ้ง จำกัด,247.0,2045.37,22220,,สมุทรสาคร,DIW register,
11x2542,CHINA PETROLEUM PIPELINE BUREAU,,,ไม่พบข้อมูล,,,DBD API (TaxID),
11x2543,บริษัท สยาม แท้งค์ เทอร์มินอลส์ จำกัด,23.41336,150,52293,,สมุทรปราการ,DIW register,
11x2544,บริษัท ซีพีเอฟ (ประเทศไทย)จำกัด (มหาชน),41.5,9220.49,10111,,กรุงเทพมหานคร,DIW register,
11x2545,บริษัท เมโทรแมชีนเนอรี่  จำกัด,265.0,918.56,28160,,สมุทรปราการ,DIW register,
11x2546,บริษัท ไทยมัลลิเอเบิลไอออนแอนด์สตีล จำกัด,85.8,6262,24101,,ปทุมธานี,DIW register,
11x2547,บริษัท อลิอันซ์ เฟล็กทรอนิกส์ จำกัด,30.0,,35101,,กรุงเทพมหานคร,DBD API (TaxID),ยังดำเนินกิจการอยู่
11x2548,บริษัท กรุนด์ฟอส (ประเทศไทย)จำกัด,130.0,,46530,,กรุงเทพมหานคร,DBD API (TaxID),ยังดำเนินกิจการอยู่
11x2549,บริษัท เอสที แฟคทอรี่ ออโตเมชั่น จำกัด,1.0,,46599,,กรุงเทพมหานคร,DBD API (TaxID),ยังดำเนินกิจการอยู่
11x2550,บริษัท ทีพีไอ โพลีน เพาเวอร์ จำกัด,950.300926,66995.5,35302,,สระบุรี,DIW register,
11x2551,บริษัท มิตซุย ไฮยีน แมททีเรียลส์ (ประเทศไทย) จำกัด,4777.229999,28616.02,22230,,ระยอง,DIW register,
11x2552,บริษัท อเมริกัน แอ็คเซิล แอนด์ แมนูแฟคเจอริ่ง (ประเทศไทย) จำกัด,0.0,2947.54,29309,,ระยอง,DIW register,
11x2553,บริษัท ทีพีซี เพสต์ เรซิน  จำกัด,1614.194,7742,20113,,ระยอง,DIW register,
11x2554,บริษัท สโคมี่ ออยล์ทูลส์ (ประเทศไทย) จำกัด,93.0,,77309,,กรุงเทพมหานคร,DBD API (TaxID),ยังดำเนินกิจการอยู่
11x2555,บริษัท โกลบอล อินทิเกรทเต็ด โซลูชั่น จำกัด,30.0,,43210,,กรุงเทพมหานคร,DBD API (TaxID),ยังดำเนินกิจการอยู่
11x2556,บริษัท อีบี เอ็นจิเนียริ่ง (ประเทศไทย) จำกัด,3.0,,46105,,กรุงเทพมหานคร,DBD API (TaxID),ยังดำเนินกิจการอยู่
11x2557,บริษัท โออีเอ็ม อิเล็คตริคอล จำกัด,5.0,,46521,,กรุงเทพมหานคร,DBD API (TaxID),ยังดำเนินกิจการอยู่
11x2558,บริษัท นีโอเซ็น จำกัด,5.0,,47599,,สมุทรปราการ,DBD API (TaxID),ยังดำเนินกิจการอยู่
11x2559,บริษัท ไทย ฮิราคาวา จำกัด,11.5,358.42,25949,,สมุทรปราการ,DIW register,
11x2560,บริษัท ดับเบิ้ล  เอ็นจิเนียริ่ง จำกัด,1.0,,46593,,กรุงเทพมหานคร,DBD API (TaxID),ยังดำเนินกิจการอยู่
11x2561,บริษัท เทยิน คอร์ปอเรชั่น (ประเทศไทย) จำกัด,549.18,1040.8499999999999,22230,,พระนครศรีอยุธยา,DIW register,
11x2562,บริษัท ไอทีที ฟลูอิด เทคโนโลยี่ อินเตอร์เนชั่นแนล จำกัด,74.01,,33121,,ระยอง,DBD API (TaxID),ยังดำเนินกิจการอยู่
11x2563,บริษัท ชูชื่นวัฒนา จำกัด,1.1,147,28160,,กรุงเทพมหานคร,DIW register,
11x2564,บริษัท เอสอีดับเบิลยู ยูโรไดรฟ(ประเทศไทย) จำกัด,197.778,1154,27101,,ชลบุรี,DIW register,
11x2565,บริษัท เค.อาร์.เอส.จักรกล จำกัด,2.8,194,25922,,สมุทรปราการ,DIW register,
11x2566,ห้างหุ้นส่วนจำกัด ศรีศุภโชค,5.0,,41002,,สุพรรณบุรี,DBD API (TaxID),แปรสภาพ
11x2567,บริษัท คองโก เคมีฟาไทย จำกัด,7.0,212.47,20292,,ปทุมธานี,DIW register,
11x2568,บริษัท ไทยธุรกิจอุตสาหกรรม จำกัด,5.0,,28199,,กรุงเทพมหานคร,DBD API (TaxID),ยังดำเนินกิจการอยู่
11x2569,ห้างหุ้นส่วนจำกัด ดีอาร์เค.เอ็นจิเนียริ่ง แอนด์ เซอร์วิส,5.0,,46421,,นนทบุรี,DBD API (TaxID),ยังดำเนินกิจการอยู่
11x2570,บริษัท ริเก้น อีลาสโตเมอร์ (ประเทศไทย) จำกัด,678.0,3937.34,22230,,พระนครศรีอยุธยา,DIW register,
11x2571,บริษัท มิชลิน อาร์โอเอช จำกัด,200.0,,70103,,กรุงเทพมหานคร,DBD API (TaxID),ยังดำเนินกิจการอยู่
11x2572,บริษัท เฉียวฟู(ไทยแลนด์)จำกัด,75.0,,22299,,สมุทรปราการ,DBD API (TaxID),ยังดำเนินกิจการอยู่
11x2573,บริษัท อุตสาหกรรมผลิตยางไทยสิน จำกัด,5.702266,18308.95,22112,,สมุทรสาคร,DIW register,
11x2574,บริษัท ไฮโดร วอเตอร์ ซัพพลาย จำกัด,5.0,,46593,,ปทุมธานี,DBD API (TaxID),ยังดำเนินกิจการอยู่
11x2575,บริษัท ภคนันท์ เอ็นจิเนียริ่ง จำกัด,1.0,,33200,,ระยอง,DBD API (TaxID),ยังดำเนินกิจการอยู่
11x2576,บริษัท เอ็ม ที อาร์ (ประเทศไทย) จำกัด,10.0,,46614,,กรุงเทพมหานคร,DBD API (TaxID),ยังดำเนินกิจการอยู่
11x2577,บริษัท พลังงานบริสุทธิ์ จำกัด (มหาชน),0.0,29133.8,10491,,ปราจีนบุรี,DIW register,
11x2578,สมชัย เซอร์วิส,,,ไม่พบข้อมูล,,,DBD API (TaxID),
11x2579,บริษัท แอซเซ็ท เพอฟอร์แมนซ์ โซลูชั่น จำกัด,5.0,,28199,,กรุงเทพมหานคร,DBD API (TaxID),ยังดำเนินกิจการอยู่
11x2580,บริษัท ซันสยาม จำกัด,22.7,159.5,19209,,ปทุมธานี,DIW register,
11x2581,บริษัท 504 แอล เค คอนสทรัคชั่น จำกัด,2.5,60.16,28120,,กรุงเทพมหานคร,DIW register,
11x2582,บริษัท เอ.พี.วิชั่น เอ็นจิเนียริ่ง จำกัด,2.0,,46593,,กรุงเทพมหานคร,DBD API (TaxID),ยังดำเนินกิจการอยู่
11x2583,บริษัท อิเมอร์สัน (ประเทศไทย) จำกัด,177.0,,46599,,กรุงเทพมหานคร,DBD API (TaxID),ยังดำเนินกิจการอยู่
11x2584,บริษัท สยามเอกมีอาหารสัตว์น้ำ จำกัด,125.0,,10802,,กรุงเทพมหานคร,DBD API (TaxID),เสร็จการชำระบัญชี
11x2585,บริษัท โอเรียนเต็ล เพนท์ แอนด์ เคมิคอล จำกัด,18.5,329,20221,,ชลบุรี,DIW register,
11x2586,บริษัท ไอที อิมเมจ จำกัด,1.0,,46510,,กรุงเทพมหานคร,DBD API (TaxID),ยังดำเนินกิจการอยู่
11x2587,บริษัท ซีพีเอฟ  (ประเทศไทย)  จำกัด (มหาชน),41.5,9220.49,10111,,กรุงเทพมหานคร,DIW register,
11x2588,บริษัท บี แอล และบุตร จำกัด,1.0,,46421,,กรุงเทพมหานคร,DBD API (TaxID),ยังดำเนินกิจการอยู่
11x2589,ห้างหุ้นส่วนจำกัด เค เอส.อิเลคทรอนิคส์ แอนด์ เซอร์วิส,2.0,,49339,,พระนครศรีอยุธยา,DBD API (TaxID),ยังดำเนินกิจการอยู่
11x2590,บริษัท เอสเธติค พลัส จำกัด,45.5,495,20232,,นครปฐม,DIW register,
11x2591,บริษัท ไทยไฟเบอร์ออพติคส์ จำกัด,100.0,2532.89,22230,,สมุทรปราการ,DIW register,
11x2592,บริษัท มาร์แชล ฟลูอิด จำกัด,5.0,,46593,,กรุงเทพมหานคร,DBD API (TaxID),ยังดำเนินกิจการอยู่
11x2593,บริษัท เอสซีลอร์ แมนูแฟ็คเจอริ่ง(ประเทศไทย) จำกัด,12337.58,15655,26701,,กรุงเทพมหานคร,DIW register,
11x2594,บริษัท โกลบอล คอนเน็คชั่นส์ จำกัด (มหาชน),220.0,,46691,,สมุทรปราการ,DBD API (TaxID),ยังดำเนินกิจการอยู่
11x2595,บริษัท สยามพาที จำกัด,3.0,,46599,,นครราชสีมา,DBD API (TaxID),ยังดำเนินกิจการอยู่
11x2596,บริษัท ไทยแหลมฉบัง เทอร์มินัล จำกัด,680.0,,52221,,ชลบุรี,DBD API (TaxID),ยังดำเนินกิจการอยู่
11x2597,บริษัท ฮัทชิสัน แหลมฉบัง เทอร์มินัล จำกัด,4500.0,,52221,,ชลบุรี,DBD API (TaxID),ยังดำเนินกิจการอยู่
11x2598,บริษัท เพชรธารา  จำกัด,275.06,5757,10612,,นครราชสีมา,DIW register,
11x2599,บริษัท โกลบอล เพาเวอร์ ซินเนอร์ยี่ จำกัด (มหาชน),8855.0,976681.18,35101,,ชลบุรี,DIW register,
11x2600,บริษัท เวนเดอร์ริช จำกัด,5.0,,26201,,สมุทรสาคร,DBD API (TaxID),ยังดำเนินกิจการอยู่
11x2601,บริษัท ดีมายเออร์ เซอร์วิส จำกัด,21.0,,20232,,ปทุมธานี,DBD API (TaxID),ยังดำเนินกิจการอยู่
11x2602,บริษัท ฟินิคส์ อินดัสเทรียล โปรดักส์ จำกัด,1.0,,46593,,สมุทรปราการ,DBD API (TaxID),ยังดำเนินกิจการอยู่
11x2603,บริษัท เน็ตพาวเวอร์ เทคโนโลยี จำกัด,1.0,,62023,,สมุทรปราการ,DBD API (TaxID),ยังดำเนินกิจการอยู่
11x2604,บริษัท ไอชิปั๊ม แอนด์ พาร์ท จำกัด,1.0,,46530,,สมุทรปราการ,DBD API (TaxID),ยังดำเนินกิจการอยู่
11x2605,บริษัท อินคำราษฎร์ เซอร์วิส จำกัด,3.0,,46421,,เลย,DBD API (TaxID),ยังดำเนินกิจการอยู่
11x2606,บริษัท อะเดกะ ไฟน์ เคมิคัล (ไทยแลนด์) จำกัด,0.0,2379.8200000000002,20113,,ระยอง,DIW register,
11x2607,บริษัท ซีวี เคม จำกัด,1.25,,46599,,กรุงเทพมหานคร,DBD API (TaxID),ยังดำเนินกิจการอยู่
11x2608,บริษัท ฟรีสแลนด์คัมพิน่า (ประเทศไทย) จำกัด (มหาชน),170.0,39143.760000000002,10502,,สมุทรปราการ,DIW register,
11x2609,บริษัท น้ำตาลขอนแก่น จำกัด (มหาชน),333.0,566291.44999999995,10721,,ขอนแก่น,DIW register,
11x2610,บริษัท สวนส้ม ทรายทอง จำกัด,100.0,,46313,,เชียงใหม่,DBD API (TaxID),ยังดำเนินกิจการอยู่
11x2611,บริษัท เบทาโกรภาคใต้ จำกัด,270.0,,01499,,สงขลา,DBD API (TaxID),เสร็จการชำระบัญชี
11x2612,บริษัท บิโช เอนจิเนียริ่ง เอเชีย  จำกัด,5.0,,41002,,สมุทรปราการ,DBD API (TaxID),ยังดำเนินกิจการอยู่
11x2613,บริษัท ธวัช เทคโนโลยี ซิสเต็มส์ จำกัด,380.0,479.97,25999,,ปทุมธานี,DIW register,
11x2614,บริษัท บีพีพี เอ็นเตอร์ไพร์ส จำกัด,1.0,,46593,,กรุงเทพมหานคร,DBD API (TaxID),ยังดำเนินกิจการอยู่
11x2615,บริษัท มาตาเหล็ก จำกัด,1.0,,72109,,กรุงเทพมหานคร,DBD API (TaxID),ยังดำเนินกิจการอยู่
11x2616,บริษัท พีที โปรเกรส อินดัสตรีส์ จำกัด,2.0,,46105,,กรุงเทพมหานคร,DBD API (TaxID),ยังดำเนินกิจการอยู่
11x2617,บริษัท เคลล็อก (ประเทศไทย) จำกัด,571.374,0,10615,,ระยอง,DIW register,
11x2618,บริษัท บีวอชเชอร์ จำกัด,1.0,,86202,,สมุทรสาคร,DBD API (TaxID),ยังดำเนินกิจการอยู่
11x2619,บริษัท เอ็นที เอ็นจิเนียริ่ง แอนด์ ดีไซด์ จำกัด,1.0,,46599,,สมุทรปราการ,DBD API (TaxID),ยังดำเนินกิจการอยู่
11x2620,บริษัท เอ็มเคเค เอเซีย จำกัด,15.0,,41002,,กรุงเทพมหานคร,DBD API (TaxID),ยังดำเนินกิจการอยู่
11x2621,บริษัท เปรม กรุ๊ป เอ็นจิเนียริ่ง จำกัด,100.0,,58202,,กรุงเทพมหานคร,DBD API (TaxID),ยังดำเนินกิจการอยู่
11x2622,บริษัท จีไอเอส กรุ๊ป จำกัด,30.0,,43210,,กรุงเทพมหานคร,DBD API (TaxID),ยังดำเนินกิจการอยู่
11x2623,บริษัท กรุงเทพ ซินธิติกส์  จำกัด,5225.16,16480.89,20113,,ระยอง,DIW register,
11x2624,บริษัท ลีน่า (ประเทศไทย) จำกัด,2.25,544,20221,,ปทุมธานี,DIW register,
11x2625,บริษัท เมโทร ปาร์ติเกิล จำกัด,355.0,2841.51,17011,,นนทบุรี,DIW register,
11x2626,บริษัท เชียงใหม่ทูลส์ จำกัด,33.0,,47521,,เชียงใหม่,DBD API (TaxID),ยังดำเนินกิจการอยู่
11x2627,บริษัท อีเกิ้ล ออตตาวา (ประเทศไทย) จำกัด,233.0,1755.34,15110,,ระยอง,DIW register,
11x2628,บริษัท เอสเอฟซี เอกเซลเล้นซ์ จำกัด,182.564996,1969,19209,,สมุทรปราการ,DIW register,
11x2629,บริษัท ทีทีซีแอล จำกัด (มหาชน),896.0,,41002,,กรุงเทพมหานคร,DBD API (TaxID),ยังดำเนินกิจการอยู่
11x2630,บริษัท เอ็น.เอ็น. วัฒนกิจ จำกัด,1.0,,46599,,กรุงเทพมหานคร,DBD API (TaxID),ยังดำเนินกิจการอยู่
11x2631,บริษัท ราชพฤกษ์ ออโต้แก๊ส จำกัด,1.0,,47735,,นนทบุรี,DBD API (TaxID),ยังดำเนินกิจการอยู่
11x2632,บริษัท เคียวเอะอิ จำกัด,4.0,,28292,,กรุงเทพมหานคร,DBD API (TaxID),ยังดำเนินกิจการอยู่
11x2633,บริษัท เคเอ็นเอ็ม โปรเจ็คส์ (ประเทศไทย) จำกัด,4.0,,71102,,กรุงเทพมหานคร,DBD API (TaxID),คืนสู่ทะเบียน
11x2634,บริษัท อัครา รีซอร์สเซส จำกัด (มหาชน),1215.6,9058.2999999999993,24101,,พิจิตร,DIW register,
11x2635,บริษัท วิริยะประกันภัย จำกัด (มหาชน),2000.0,,65120,,กรุงเทพมหานคร,DBD API (TaxID),ยังดำเนินกิจการอยู่
11x2636,ร้านโพรเกรส เอ็นจิเนียริ่ง,,,ไม่พบข้อมูล,,,DBD API (TaxID),
11x2637,บริษัท ดวงกมล โพลิเมอร์ส จำกัด,20.0,,22192,,ปทุมธานี,DBD API (TaxID),ยังดำเนินกิจการอยู่
11x2638,บริษัท น้ำมัน ไออาร์พีซี  จำกัด,200.0,2865.74,19209,,สมุทรปราการ,DIW register,
11x2639,บริษัท ไทยพอยท์ โกลบอล เทคโนโลยี จำกัด,1.0,,46900,,ระยอง,DBD API (TaxID),ยังดำเนินกิจการอยู่
11x2640,บริษัท ดูเพล็กซ์ เอนจิเนียริ่ง จำกัด,1.0,,46594,,กรุงเทพมหานคร,DBD API (TaxID),ยังดำเนินกิจการอยู่
11x2641,บริษัท ยู-อินดัสเทรียล เทค จำกัด,25.0,,27101,,กรุงเทพมหานคร,DBD API (TaxID),ยังดำเนินกิจการอยู่
11x2642,บริษัท ออโต้ทรานเฟอร์ เซอร์วิส จำกัด,20.0,,71102,,เชียงใหม่,DBD API (TaxID),ยังดำเนินกิจการอยู่
11x2643,บริษัท นินจา โฟโต้ก๊อปปี้ เซ็นเตอร์ จำกัด,0.5,,74200,,กรุงเทพมหานคร,DBD API (TaxID),ร้าง
11x2644,บริษัท พี พี ไอ จำกัด,44.0,96,20221,,พระนครศรีอยุธยา,DIW register,
11x2645,บริษัท เดลต้า เอลเม็ก จำกัด,5.0,,46593,,กรุงเทพมหานคร,DBD API (TaxID),ยังดำเนินกิจการอยู่
11x2646,บริษัท ดราโคนิคส์ เทรด จำกัด,1.0,,82990,,ปทุมธานี,DBD API (TaxID),ยังดำเนินกิจการอยู่
11x2647,ว่าที่ ร.ต. ชัยโย มณีจักร์,,,ไม่พบข้อมูล,,,DBD API (TaxID),
11x2648,บริษัท ทีพีไอ โพลีน ชีวะอินทรีย์ จำกัด,1.64,75,20210,,สระบุรี,DIW register,
11x2649,บริษัท แมกทริก เอ็นจิเนียริ่ง จำกัด,1.0,,43210,,กรุงเทพมหานคร,DBD API (TaxID),ยังดำเนินกิจการอยู่
11x2650,ห้างหุ้นส่วนจำกัด ศรีศรัณย์ เอ็นจิเนียริ่ง,2.0,,41002,,กรุงเทพมหานคร,DBD API (TaxID),ยังดำเนินกิจการอยู่
11x2651,บริษัท ซีลิค คอร์พ จำกัด,255.0,2849.3,20292,,กรุงเทพมหานคร,DIW register,
11x2652,บริษัท โคเวสโตร (ประเทศไทย) จำกัด,592.0,78480.570000000007,20113,,ระยอง,DIW register,
11x2653,บริษัท กรีน ออยล์ ซัพพลาย เซอร์วิส จำกัด,5.0,,46599,,กรุงเทพมหานคร,DBD API (TaxID),ยังดำเนินกิจการอยู่
11x2654,คริสเอ็นเนอร์ยี่ (กัลฟ์ ออฟ ไทยแลนด์) ลิมิเต็ด,,,ไม่พบข้อมูล,,,DBD API (TaxID),
11x2655,บริษัท กลุ่มสยามบรรจุภัณฑ์  จำกัด,29.0,0,17020,,สมุทรปราการ,DIW register,
11x2656,บริษัท ได-แดน (ประเทศไทย) จำกัด,20.0,,43210,,กรุงเทพมหานคร,DBD API (TaxID),ยังดำเนินกิจการอยู่
11x2657,บริษัท ไทย จีซีไอ เรซิท็อป จำกัด,292.0,6014.47,20113,,ระยอง,DIW register,
11x2658,บริษัท โกลบอล เอ็นจิเนียริ่ง โปรดัก ซัพพลาย จำกัด,3.0,,33121,,นครราชสีมา,DBD API (TaxID),ยังดำเนินกิจการอยู่
11x2659,บริษัท ไทยซัมมิท เคเบิ้ล แอนด์ พาร์ท จำกัด,381.46,694,22210,,ชลบุรี,DIW register,
11x2660,บริษัท ฟรียาบาดี (ประเทศไทย) จำกัด,160.0,1926.1,10732,,ระยอง,DIW register,
11x2661,บริษัท วิศวกรรมเคมี จำกัด,30.0,,37000,,กรุงเทพมหานคร,DBD API (TaxID),ยังดำเนินกิจการอยู่
11x2662,บริษัท พีรพัฒน์ เทคโนโลยี จำกัด (มหาชน),26.0,347.6,20113,,เพชรบุรี,DIW register,
11x2663,บริษัท ทีอาร์เอฟ ฟีดมิลล์ จำกัด,649.0,14895.89,10801,,สมุทรสาคร,DIW register,
11x2664,บริษัท พรีเมี่ยม อิควิปเม้นท์ แอนด์ เอ็นจิเนียริ่ง จำกัด,570.0,409.78,27101,,กรุงเทพมหานคร,DIW register,
11x2665,บริษัท โยโกกาวา (ประเทศไทย) จำกัด,120.0,,42101,,กรุงเทพมหานคร,DBD API (TaxID),ยังดำเนินกิจการอยู่
11x2666,บริษัท โรจนะเพาเวอร์ จำกัด,4715.0,255844.36,35101,,พระนครศรีอยุธยา,DIW register,
11x2667,บริษัท วี.พี.เค.อินสตรูเม้นท์ เซลส์ แอนด์ เซอร์วิส จำกัด,3.0,,82990,,ชลบุรี,DBD API (TaxID),ยังดำเนินกิจการอยู่
11x2668,บริษัท แอดวานซ์ นิวทริชั่นแนล โซลูชั่นส์ จำกัด,4.0,,46206,,กรุงเทพมหานคร,DBD API (TaxID),ยังดำเนินกิจการอยู่
11x2669,บริษัท มากอตโต  จำกัด,2839.32,23767.07,24101,,สระบุรี,DIW register,
11x2670,บริษัท ไนซัส (ประเทศไทย) จำกัด,3.0,,46510,,กรุงเทพมหานคร,DBD API (TaxID),ยังดำเนินกิจการอยู่
11x2671,บริษัท พีพีโฟกัส จำกัด,1.0,,46599,,ระยอง,DBD API (TaxID),เลิก
11x2672,บริษัท เซเรบอส  (ประเทศไทย)  จำกัด,100.0,,46109,,กรุงเทพมหานคร,DBD API (TaxID),ยังดำเนินกิจการอยู่
11x2673,ห้างหุ้นส่วนจำกัด เอส โอ เอส รับเบอร์ แอนด์ โมลด์,1.0,,46593,,กรุงเทพมหานคร,DBD API (TaxID),ยังดำเนินกิจการอยู่
11x2674,บริษัท ซิสทาโน่ จำกัด,5.0,,46105,,กรุงเทพมหานคร,DBD API (TaxID),ยังดำเนินกิจการอยู่
11x2675,บริษัท สยาม พาร์บอยล์ ไรซ์ จำกัด,203.5,28105.9,10611,,อ่างทอง,DIW register,
11x2676,บริษัท ริโก้ (ประเทศไทย) จำกัด,85.5,127.39,17011,,สมุทรปราการ,DIW register,
11x2677,บริษัท ไอกะ หาดใหญ่ จำกัด,289.44,5885.74,20113,,สงขลา,DIW register,
11x2678,บริษัท บี นิธิ จำกัด,0.5,,47300,,สมุทรสงคราม,DBD API (TaxID),ยังดำเนินกิจการอยู่
11x2679,บริษัท ไชโย พลังงานทดแทน จำกัด,8.6,432,35101,,อ่างทอง,DIW register,
11x2680,บริษัท จาดา เทคนิคคอลซัพพลาย จำกัด,1.0,,47190,,กรุงเทพมหานคร,DBD API (TaxID),ยังดำเนินกิจการอยู่
11x2681,บริษัท เอส.ที. เซเว่น ไทย จำกัด,2.0,,46593,,ชลบุรี,DBD API (TaxID),ยังดำเนินกิจการอยู่
11x2682,บริษัท ทำได้ จำกัด,5.0,,46593,,ปทุมธานี,DBD API (TaxID),ยังดำเนินกิจการอยู่
11x2683,บริษัท คอสเมด อินโนเวชั่น จำกัด,176.537189,2025.684,20231,,สมุทรสาคร,DIW register,
11x2684,บริษัท อีสเทอร์นอินสตรูเมนท์ซัพพลาย จำกัด,5.0,,46593,,ระยอง,DBD API (TaxID),ยังดำเนินกิจการอยู่
11x2685,บริษัท บุณวุฒิ วิศวกรรม จำกัด,,,ไม่พบข้อมูล,,,DBD API (TaxID),
11x2686,บริษัท ซีนเนอร์จี เอ็นจิเนียริ่ง แอดแวนเทจ (ประเทศไทย) จำกัด,,,ไม่พบข้อมูล,,,DBD API (TaxID),
11x2687,บริษัท วงแหวน ออโต้แก๊ส จำกัด,,,ไม่พบข้อมูล,,,DBD API (TaxID),
11x2688,บริษัท เซอร์คูลาร์ เจพีพี เอนจิเนียริ่ง โซลูชั่น แอนด์ ซัพพลาย จำกัด,,,ไม่พบข้อมูล,,,DBD API (TaxID),
11x2689,บริษัท จี สตีล จำกัด (มหาชน),13650.0,509900.78,24109,,ระยอง,DIW register,
11x2690,บริษัท ช.ไพบูลย์วิศวกรรม จำกัด,,,ไม่พบข้อมูล,,,DBD API (TaxID),
11x2691,บริษัท ฟลูอิด อีควิปเม้นท์ จำกัด,,,ไม่พบข้อมูล,,,DBD API (TaxID),
11x2692,บริษัท แอดวานซ์ ไซแอม เทค จำกัด,,,ไม่พบข้อมูล,,,DBD API (TaxID),
11x2693,บริษัท บัญชากิจ  จำกัด,20.0,3651.22,19209,,ปทุมธานี,DIW register,
11x2694,บริษัท พี.เค. โพรเกรสซีฟ เซอร์วิส จำกัด,5.0,,33200,,กรุงเทพมหานคร,DBD API (TaxID),ยังดำเนินกิจการอยู่
11x2695,บริษัท สุราบางยี่ขัน   จำกัด,1739.44204,85499.85,11011,,ปทุมธานี,DIW register,
11x2696,บริษัท อีเอส ไฟเบอร์ วิชั่นส์ (ประเทศไทย) จำกัด,0.0,4927.82,20131,,ระยอง,DIW register,
11x2697,บริษัท นภัส ซัพพลาย จำกัด,1.0,,46900,,ระยอง,DBD API (TaxID),ยังดำเนินกิจการอยู่
11x2698,บริษัท ธิสเซ่นครุปป์ อินดัสเตรียล โซลูชั่น (ประเทศไทย) จำกัด,31.0,,71102,,กรุงเทพมหานคร,DBD API (TaxID),ยังดำเนินกิจการอยู่
11x2699,บริษัท ทีพีเอ็ม ออโต้เทค จำกัด,1.0,,46510,,สมุทรปราการ,DBD API (TaxID),ยังดำเนินกิจการอยู่
11x2700,บริษัท เอสซีจี เซรามิกส์  จำกัด (มหาชน),73.4,42887.06,23939,,สระบุรี,DIW register,
11x2701,ซี.ยู.เค. เอ็นจิเนี่ยริ่ง,,,ไม่พบข้อมูล,,,DBD API (TaxID),
11x2702,บริษัท จอห์น บีน เทคโนโลยี่ส์ (ประเทศไทย) จำกัด,20.0,,46599,,กรุงเทพมหานคร,DBD API (TaxID),ยังดำเนินกิจการอยู่
11x2703,บริษัท โนเบิล แอ๊ดว๊านซ์ เอ็นจิเนียริ่ง จำกัด,5.0,,33121,,กรุงเทพมหานคร,DBD API (TaxID),ร้าง
11x2704,บริษัท ฟีลาแพค จำกัด,3.0,,33121,,กรุงเทพมหานคร,DBD API (TaxID),ยังดำเนินกิจการอยู่
11x2705,บริษัท ระยอง เทอร์มินัล จำกัด,0.0,259.95999999999998,20113,,ระยอง,DIW register,
11x2706,บริษัท เอกศรา ซัพพลายเซอร์วิส จำกัด,1.0,,46599,,กรุงเทพมหานคร,DBD API (TaxID),ยังดำเนินกิจการอยู่
11x2707,บริษัท แพน-เอเชีย เคมีเคิล จำกัด,5.0,,46614,,กรุงเทพมหานคร,DBD API (TaxID),ยังดำเนินกิจการอยู่
11x2708,บริษัท ที พี เค เอทานอล จำกัด,1424.9,,68104,,นครราชสีมา,DBD API (TaxID),ยังดำเนินกิจการอยู่
11x2709,ห้างหุ้นส่วนจำกัด ยงอุดมการทอ,15.0,470.68,13999,,กรุงเทพมหานคร,DIW register,
11x2710,บริษัท กรุงไทย ไอบีเจ ลิสซิ่ง จำกัด,100.0,,66301,,กรุงเทพมหานคร,DBD API (TaxID),ยังดำเนินกิจการอยู่
11x2711,ห้างหุ้นส่วนจำกัด จันทร์-เจริญ ทองสุข,0.3,,41002,,สระบุรี,DBD API (TaxID),ยังดำเนินกิจการอยู่
11x2712,บริษัท เคมเทค เอ็นจิเนียริ่ง แอนด์ ซัพพลายด์ จำกัด,1.0,,43221,,กรุงเทพมหานคร,DBD API (TaxID),ยังดำเนินกิจการอยู่
11x2713,บริษัท ออโตเมชั่น เทคนิคอล เอเซีย จำกัด,5.0,,46599,,สมุทรปราการ,DBD API (TaxID),ยังดำเนินกิจการอยู่
11x2714,บริษัท สเตพไวส์ เอ็นจิเนียริ่ง จำกัด,5.0,,47593,,นนทบุรี,DBD API (TaxID),ยังดำเนินกิจการอยู่
11x2715,บริษัท บูม โกลบอล จำกัด,6.0,496,20221,,ฉะเชิงเทรา,DIW register,
11x2716,บริษัท ราชาแดรี่ จำกัด,10.0,,46314,,ลพบุรี,DBD API (TaxID),ยังดำเนินกิจการอยู่
11x2717,บริษัท ซันโก้เคมิคอลส์ จำกัด,2.0,710,20221,,กรุงเทพมหานคร,DIW register,
11x2718,บริษัท กรีนคอร์ป จำกัด,1.0,,46441,,กรุงเทพมหานคร,DBD API (TaxID),ยังดำเนินกิจการอยู่
11x2719,บริษัท นวกิจกรุ๊ป จำกัด,3.0,,46530,,นนทบุรี,DBD API (TaxID),ยังดำเนินกิจการอยู่
11x2720,บริษัท เอ็กโก โคเจนเนอเรชั่น จำกัด,67.465,7208.6719999999996,35101,,ระยอง,DIW register,
11x2721,ห้างหุ้นส่วนจำกัด เนตรธนา ก๊าซ,0.5,,47300,,สมุทรสาคร,DBD API (TaxID),ยังดำเนินกิจการอยู่
11x2722,บริษัท โกลบอล เอ็นไวรอนเมนทอล เทคโนโลยี จำกัด,200.0,,74902,,สมุทรปราการ,DBD API (TaxID),ยังดำเนินกิจการอยู่
11x2723,บริษัท เอเชี่ยน แอสฟัลท์ จำกัด,68.0,8428.5,19209,,ลำปาง,DIW register,
11x2724,บริษัท พีเอสพี เครื่องมืออุตสาหกรรม จำกัด,1.5,,25922,,ชลบุรี,DBD API (TaxID),ร้าง
11x2725,ห้างหุ้นส่วนจำกัด เอ็น ทูลส์,2.0,,28199,,ปทุมธานี,DBD API (TaxID),ยังดำเนินกิจการอยู่
11x2726,บริษัท ภู ซัพพลาย จำกัด,1.0,,28199,,สมุทรปราการ,DBD API (TaxID),ยังดำเนินกิจการอยู่
11x2727,บริษัท ไทยเอทานอล พาวเวอร์ จำกัด (มหาชน),660.0,27222.7,20114,,ขอนแก่น,DIW register,
11x2728,บริษัท ไลอ้อน (ประเทศไทย) จำกัด,170.0,14935.34,20231,,ชลบุรี,DIW register,
11x2729,บริษัท โกลบอลกรีนเคมิคอล จำกัด (มหาชน),312.47,472.57,20231,,ชลบุรี,DIW register,
11x2730,บริษัท รักษ์ป่าสัก จำกัด,68.9287,266,20299,,ระยอง,DIW register,
11x2731,บริษัท บี.กริม เพาเวอร์ (แหลมฉบัง) 1 จำกัด,4348.0,270390.90000000002,35101,,ชลบุรี,DIW register,
11x2732,บริษัท สยามโฟมแมชชีนเนอรี่ จำกัด,5.0,,28299,,พระนครศรีอยุธยา,DBD API (TaxID),ยังดำเนินกิจการอยู่
11x2733,ห้างหุ้นส่วนจำกัด มีศรี เอ็นจิเนียริ่ง ซัพพลาย,3.0,,46599,,สระบุรี,DBD API (TaxID),ร้าง
11x2734,บริษัท โนวาเท็ค ปั๊ม โซลูชั่น จำกัด,3.0,,46593,,กรุงเทพมหานคร,DBD API (TaxID),ยังดำเนินกิจการอยู่
11x2735,บริษัท เศรษฐสัมพันธ์ แมคคานิค จำกัด,6.3,100,25939,,สมุทรสาคร,DIW register,
11x2736,บริษัท มั่นยืน เซอร์วิส แอนด์ วิศวกรรม จำกัด,2.0,,33200,,ปทุมธานี,DBD API (TaxID),เลิก
11x2737,บริษัท ยูไนเต็ดฟีดมิลล์ จำกัด,753.397,3655.16,10801,,สระบุรี,DIW register,
11x2738,บริษัท พีพีทีซี จำกัด,0.0,174426.88,35101,,กรุงเทพมหานคร,DIW register,
11x2739,บริษัท ทีโอเอ เพอฟอร์มมานซ์ โค๊ทติ้ง คอร์ปอเรชั่น จำกัด,99.0,495,20221,,สมุทรปราการ,DIW register,
11x2740,บริษัท ไทยเมทัลโพรเซสซิ่ง จำกัด,308.909,13259.67,24101,,ฉะเชิงเทรา,DIW register,
11x2741,บริษัท ไทยรุ่งเรืองพลังงาน จำกัด,94.0,71331.66,20114,,สระบุรี,DIW register,
11x2742,บริษัท เมทเทคโน พาเนลลี่ (ไทยแลนด์) จำกัด,48.0,546.9,29109,,สมุทรปราการ,DIW register,
11x2743,บริษัท นิวโมชั่น ปั๊ม แอนด์ เซอร์วิส จำกัด,5.0,,46599,,ชลบุรี,DBD API (TaxID),ยังดำเนินกิจการอยู่
11x2744,บริษัท อธิวัฒน์ เอ็นจิเนียริ่ง จำกัด,3.0,,68102,,สมุทรปราการ,DBD API (TaxID),ยังดำเนินกิจการอยู่
11x2745,บริษัท ทีพีไอ คอนกรีต จำกัด,11.0,248.3,23953,,กรุงเทพมหานคร,DIW register,
11x2746,ห้างหุ้นส่วนจำกัด เค บี แพ็คเกอร์ แอนด์ มูฟ,2.0,,52293,,กรุงเทพมหานคร,DBD API (TaxID),ยังดำเนินกิจการอยู่
11x2747,บริษัท เอ็นอาร์ซี อินเตอร์เทค จำกัด,1.0,,46900,,ชลบุรี,DBD API (TaxID),ยังดำเนินกิจการอยู่
11x2748,บริษัท ไทยเอเชีย แปซิฟิค บริวเวอรี่ จำกัด,0.0,18173.13,11030,,นนทบุรี,DIW register,
11x2749,บริษัท เอเซีย แปซิฟิค ปิโตรเคมิคอล จำกัด,192.14,212.21,20113,,สมุทรปราการ,DIW register,
11x2750,บริษัท อินฟินิท คอนโทรล จำกัด,10.0,,46521,,สมุทรปราการ,DBD API (TaxID),ยังดำเนินกิจการอยู่
11x2751,บริษัท จี เจ สตีล จำกัด (มหาชน),15600.0,142816.16,24101,,ชลบุรี,DIW register,
11x2752,บริษัท ท๊อป เอ็นเนอร์ยี่ แอนด์ เอ็นจิเนียริ่ง จำกัด,5.0,,26511,,กรุงเทพมหานคร,DBD API (TaxID),ยังดำเนินกิจการอยู่
11x2753,บริษัท อินนิออส สไตโรลูชั่น (ประเทศไทย) จำกัด,787.35,45969.22,20113,,ระยอง,DIW register,
11x2754,บริษัท เคมโมโก้ จำกัด,18.9,156,20221,,ปทุมธานี,DIW register,
11x2755,บริษัท ร่ำรวย คาร์เซ็นเตอร์ จำกัด,5.0,,45101,,กรุงเทพมหานคร,DBD API (TaxID),ยังดำเนินกิจการอยู่
11x2756,บริษัท ผลิตโชควิศวกรรม จำกัด,3.0,,33131,,นครราชสีมา,DBD API (TaxID),ยังดำเนินกิจการอยู่
11x2757,ห้างหุ้นส่วนจำกัด ใบบริบาล,60.0,,41002,,พิษณุโลก,DBD API (TaxID),ยังดำเนินกิจการอยู่
11x2758,บริษัท สีไดโน จำกัด,14.38,587,20221,,สมุทรปราการ,DIW register,
11x2759,ธนาคารไทยพาณิชย์ จำกัด (มหาชน),70000.0,,64191,,กรุงเทพมหานคร,DBD API (TaxID),ยังดำเนินกิจการอยู่
11x2760,บริษัท เจ เจ พี ซัพพลาย จำกัด,30.0,,46599,,กรุงเทพมหานคร,DBD API (TaxID),ยังดำเนินกิจการอยู่
11x2761,บริษัท ไทย เคียววะ ไบโอเทคโนโลยีส์ จำกัด,2627.05,13168.08,20113,,ระยอง,DIW register,
11x2762,ห้างหุ้นส่วนจำกัด คิงดอม เอ็นจิเนียริ่ง,1.0,,28199,,ปทุมธานี,DBD API (TaxID),ยังดำเนินกิจการอยู่
11x2763,บริษัท เชซ อินดัสเตรียล จำกัด,0.0,629.25,24101,,ฉะเชิงเทรา,DIW register,
11x2764,ห้างหุ้นส่วนจำกัด ไทย ซี.เค.เทคโนโลยี,0.3,,46599,,กรุงเทพมหานคร,DBD API (TaxID),ยังดำเนินกิจการอยู่
11x2765,บริษัท สยาม โปรเกรส (2014) จำกัด,1.0,,33121,,ชลบุรี,DBD API (TaxID),ร้าง
11x2766,บริษัท เอสวายเอ็น เจแปน เบฟเวอเรจ จำกัด,900.0,,20114,,กรุงเทพมหานคร,DBD API (TaxID),ยังดำเนินกิจการอยู่
11x2767,บริษัท อุตสาหกรรมมิตรมงคล จำกัด,225.0,29.5,20231,,กรุงเทพมหานคร,DIW register,
11x2768,บริษัท ส.กิจชัย เอ็ม ดี เอฟ จำกัด,600.0,,16210,,ระยอง,DBD API (TaxID),แปรสภาพ
11x2769,บริษัท เท็กซ์แมค จำกัด,0.8,,46593,,สมุทรสาคร,DBD API (TaxID),ยังดำเนินกิจการอยู่
11x2770,บริษัท นานมีอุตสาหกรรม จำกัด,3.0,2679.82,32902,,สมุทรปราการ,DIW register,
11x2771,บริษัท อมตะ บี.กริม เพาเวอร์ (ระยอง) 2 จำกัด,4965.0,260472.05,35101,,ระยอง,DIW register,
11x2772,บริษัท เอ็มเออาร์ซี (ไทยแลนด์) จำกัด,0.0,382.9,27101,,ระยอง,DIW register,
11x2773,การไฟฟ้าส่วนภูมิภาค,,,ไม่พบข้อมูล,,,DBD API (TaxID),
11x2774,บริษัท พีที. นครินทร์ จำกัด,1.0,,68103,,สมุทรปราการ,DBD API (TaxID),ยังดำเนินกิจการอยู่
11x2775,บริษัท ไอพีจี 2008 จำกัด,1.0,,64921,,กรุงเทพมหานคร,DBD API (TaxID),คืนสู่ทะเบียน
11x2776,บริษัท เจเอเอฟ คอนโทรล เทคนิค จำกัด,1.0,,33122,,กรุงเทพมหานคร,DBD API (TaxID),ยังดำเนินกิจการอยู่
11x2777,บริษัท กัลปพฤกษ์ เนเชอรัล แก๊ส ซัพพลาย (2008) จำกัด,13.0,,45201,,กรุงเทพมหานคร,DBD API (TaxID),ยังดำเนินกิจการอยู่
11x2778,บริษัท พริ้นท์ มาสเตอร์ จำกัด,1113.51,3581.33,22220,,สมุทรปราการ,DIW register,
11x2779,บริษัท สุธี แท็งเกอร์ แอนด์ สเปเชียลทรัค จำกัด,25.0,1673.5,25949,,ระยอง,DIW register,
11x2780,บริษัท อินเด็กซ์ อินเตอร์เนชั่นแนล กรุ๊ป จำกัด,175.0,,71102,,ปทุมธานี,DBD API (TaxID),ยังดำเนินกิจการอยู่
11x2781,บริษัท ยูนิวานิชน้ำมันปาล์ม จำกัด (มหาชน),100.0,306.52,52102,,กระบี่,DIW register,
11x2782,บริษัท ฮ.พัฒนาเอ็นจิเนีย (กรุ๊ป) จำกัด,1.0,,28131,,สมุทรสาคร,DBD API (TaxID),ยังดำเนินกิจการอยู่
11x2783,บริษัท ตะวันแดง 1999 จำกัด,3000.0,19022.829000000002,11011,,ชัยนาท,DIW register,
11x2784,บริษัท เอ็นไวรอนเม็นท์พัลพ์ แอนด์ เปเปอร์ จำกัด,2800.0,159119.64000000001,16292,,นครสวรรค์,DIW register,
11x2785,บริษัท แอมรอน อินดัสทรี จำกัด,5.0,,71209,,กรุงเทพมหานคร,DBD API (TaxID),ยังดำเนินกิจการอยู่
11x2786,บริษัท ซี บี อินเตอร์โปรดักส์ จำกัด,5.0,,46599,,กรุงเทพมหานคร,DBD API (TaxID),ยังดำเนินกิจการอยู่
11x2787,บริษัท เบทาโกร จำกัด (มหาชน),48.434088,7238.85,10801,,สมุทรปราการ,DIW register,
11x2788,บริษัท นิชิยามะ คอร์ปอเรชั่น (ประเทศไทย) จำกัด,2.0,,46593,,กรุงเทพมหานคร,DBD API (TaxID),ยังดำเนินกิจการอยู่
11x2789,บริษัท คิวเอ็ม แอดดิทีฟ จำกัด,31.5,122.56,38300,,ลพบุรี,DIW register,
11x2790,บริษัท ไดนามิค โฟลว์ไลน์ จำกัด,50.0,,47523,,กรุงเทพมหานคร,DBD API (TaxID),ยังดำเนินกิจการอยู่
11x2791,บริษัท คิวเซอร์รอน (ประเทศไทย) จำกัด,3.0,,64921,,ฉะเชิงเทรา,DBD API (TaxID),ยังดำเนินกิจการอยู่
11x2792,บริษัท จี อินนอฟ จำกัด,1.0,,28250,,สมุทรสาคร,DBD API (TaxID),ยังดำเนินกิจการอยู่
11x2793,บริษัท ดีโกล อุตสาหกรรม จำกัด,1.0,,46691,,ชลบุรี,DBD API (TaxID),ยังดำเนินกิจการอยู่
11x2794,บริษัท ชาร์เตอร์ เมต (ประเทศไทย) จำกัด,4.0,,20115,,กรุงเทพมหานคร,DBD API (TaxID),ยังดำเนินกิจการอยู่
11x2795,บริษัท เบอร์ล่า คาร์บอน (ไทยแลนด์) จำกัด (มหาชน),1631.856,125767.02,20222,,อ่างทอง,DIW register,
11x2796,บริษัท เพ็ท โฟกัส จำกัด,1195.0,24136,10801,,ลพบุรี,DIW register,
11x2797,บริษัท ยูเนี่ยน คอมปาวด์ จำกัด,56.76,237.63,20113,,นครปฐม,DIW register,
11x2798,บริษัท พรเทพ ไลท์ เอนจิเนียริ่ง จำกัด,1.0,,43210,,กรุงเทพมหานคร,DBD API (TaxID),ยังดำเนินกิจการอยู่
11x2799,บริษัท หลุยส์ผลิตภัณฑ์กาวเทป จำกัด,22.983,87.52,23991,,สมุทรปราการ,DIW register,
11x2800,บริษัท วรรธนสิทธิ์ คอนสตรัคชั่น จำกัด,5.0,,47300,,กรุงเทพมหานคร,DBD API (TaxID),ยังดำเนินกิจการอยู่
11x2801,บริษัท ไพรม์ พาริซัน จำกัด,5.0,,46109,,กรุงเทพมหานคร,DBD API (TaxID),ยังดำเนินกิจการอยู่
11x2802,บริษัท เวิลด์ ไวด์ โซลูชั่นส์ 2014 จำกัด,3.0,,78200,,กรุงเทพมหานคร,DBD API (TaxID),ยังดำเนินกิจการอยู่
11x2803,ห้างหุ้นส่วนจำกัด วี.โอ.พี.ซัพพลาย,,,ไม่พบข้อมูล,,,DBD API (TaxID),
11x2804,บริษัท กลอเรียส เอ็นจิเนียริ่ง จำกัด,5.0,,ไม่พบข้อมูล,,,DBD API (TaxID),
11x2805,บริษัท บีเค เอ็นจิเนียริ่ง แอนด์ เซอร์วิส จำกัด,,,ไม่พบข้อมูล,,,DBD API (TaxID),
11x2806,บริษัท นันยางการทออุตสาหกรรม จำกัด,495.0,58692.79,13999,,สมุทรสาคร,DIW register,
11x2807,ห้างหุ้นส่วนจำกัด แพร่มีรัตน,,,ไม่พบข้อมูล,,,DBD API (TaxID),
11x2808,บริษัท ที ดับบลิว อินเตอร์เทรด จำกัด,,,ไม่พบข้อมูล,,,DBD API (TaxID),
11x2809,บริษัท จีเอสอี ไลนิ่ง เทคโนโลยี จำกัด,180.0,11852.72,22230,,ระยอง,DIW register,
11x2810,บริษัท แสงโสม  จำกัด,830.0,13300.21,11012,,กาญจนบุรี,DIW register,
11x2811,ห้างหุ้นส่วนจำกัด ที ที เอ็ม วิศวกรรม,,,ไม่พบข้อมูล,,,DBD API (TaxID),
11x2812,บริษัท ซี เค เค ออโตเมชั่น จำกัด,,,ไม่พบข้อมูล,,,DBD API (TaxID),
11x2813,บริษัท โปร ทรี เอส จำกัด,,,ไม่พบข้อมูล,,,DBD API (TaxID),
11x2814,บริษัท เจ.ไอ.ที.อีควิปเม้นท์ จำกัด,,,ไม่พบข้อมูล,,,DBD API (TaxID),
11x2815,บริษัท มิตรผล (2534) จำกัด,,,,,,,
11x2816,บริษัท พัฒน์กล แมนนูแฟคเจอริ่ง จำกัด,300.0,1854.5,28299,,เพชรบุรี,DIW register,
11x2817,บริษัท เอปซิคอนส์ จำกัด,,,ไม่พบข้อมูล,,,DBD API (TaxID),
11x2818,บริษัท แพรนด้า จิวเวลรี่ จำกัด (มหาชน),1253.0,1101.3699999999999,32111,,กรุงเทพมหานคร,DIW register,
11x2819,บริษัท ไทยพลาสติก และ เคมีภัณฑ์ จำกัด (มหาชน),7866.19,61887.37,20113,,ระยอง,DIW register,
11x2820,บริษัท  พีเออี (ประเทศไทย) จำกัด (มหาชน),0.0,235.62,23951,,กำแพงเพชร,DIW register,
11x2821,บริษัท ซี.ทู.ซี. โซลูชั่นส์ จำกัด,70.0,2878.56,35101,,สิงห์บุรี,DIW register,
11x2822,บริษัท โซลเทคโซลูชั่นส์ จำกัด,322.0,11996.65,35101,,ฉะเชิงเทรา,DIW register,
11x2823,บริษัท วาย เจ เซอร์วิส แอนด์ ซัพพลาย จำกัด,,,ไม่พบข้อมูล,,,DBD API (TaxID),
11x2824,บริษัท ไทยโพลีเอสเตอร์ จำกัด,460.0,63296.22,20131,,ชลบุรี,DIW register,
11x2825,บริษัท แสนทวี อินเตอร์กรุ๊ป จำกัด,65.0,431,13111,,สมุทรปราการ,DIW register,
11x2826,บริษัท วายเคเค (ประเทศไทย) จำกัด,244.674,11054.925999999999,25910,,สมุทรปราการ,DIW register,
11x2827,บริษัท ไมดาส แพคเกอร์ จำกัด,,,ไม่พบข้อมูล,,,DBD API (TaxID),
11x2828,บริษัท คิเนทิค จำกัด,,,ไม่พบข้อมูล,,,DBD API (TaxID),
11x2829,บริษัท เฮอร์บีเกอร์ (ประเทศไทย) จำกัด,17.15,181.04,28299,,ระยอง,DIW register,
11x2830,บริษัท ซี.แอล.โอ.ทู จำกัด,155.0,2024.54,20113,,ปราจีนบุรี,DIW register,
11x2831,บริษัท กู๊ดเอิร์ท เมอชันไดซซิ่ง จำกัด,,,ไม่พบข้อมูล,,,DBD API (TaxID),
11x2832,บริษัท เนพ เอ็นจิเนียริ่ง จำกัด,,,ไม่พบข้อมูล,,,DBD API (TaxID),
11x2833,บริษัท เอ. เอ็ม. เอ็นจิเนียริ่ง แอนด์ ซัพพลายส์ จำกัด,,,ไม่พบข้อมูล,,,DBD API (TaxID),
11x2834,บริษัท ไทยเบฟเวอเรจ เอ็นเนอร์ยี่  จำกัด,304.28,4108.51,38300,,ปทุมธานี,DIW register,
11x2835,บริษัท ออนเนอร์ จำกัด,,,ไม่พบข้อมูล,,,DBD API (TaxID),
11x2836,บริษัท ไทรอัมพ์ เอวิเอชั่น เซอร์วิสเซส เอเชีย จำกัด,,,ไม่พบข้อมูล,,,DBD API (TaxID),
11x2837,บริษัท ดาวทอง ปิโตรเลี่ยม จำกัด,,,ไม่พบข้อมูล,,,DBD API (TaxID),
11x2838,บริษัท ศุภวิศว์ ซัพพลาย แอนด์ เอ็นจิเนียริ่ง จำกัด,,,ไม่พบข้อมูล,,,DBD API (TaxID),
11x2839,ห้างหุ้นส่วนจำกัด เอส.อี.เอ็ม (ไทยแลนด์),,,ไม่พบข้อมูล,,,DBD API (TaxID),
11x2840,บริษัท ไทย โรตารี่ เอ็นจิเนียริ่ง จำกัด (มหาชน),166.4,5976.15,25910,,ระยอง,DIW register,
11x2841,ห้างหุ้นส่วนจำกัด ทีอาร์พี เอ็นจิเนียริ่ง แอนด์ ซัพพลาย,,,ไม่พบข้อมูล,,,DBD API (TaxID),
11x2842,บริษัท เอส ซี คอร์ปอเรชั่น จำกัด,800.0,1080,46613,,ฉะเชิงเทรา,DIW register,
11x2843,บริษัท อมตะ บี.กริม เพาเวอร์ (ระยอง)  5 จำกัด,0.0,0,35101,,ระยอง,DIW register,
11x2844,บริษัท เจลลี เบลลี แคนดี้ คอมปานี (ประเทศไทย) จำกัด,0.0,4584.78,10739,,ระยอง,DIW register,
11x2845,บริษัท เอเซียมอเตอร์ เซอร์วิส เซ็นเตอร์ จำกัด,22.5,2880.39,27101,,ปทุมธานี,DIW register,
11x2846,บริษัท นิชชิน อีเลคทริค (ประเทศไทย) จำกัด,1145.0,281.11,27101,,ปทุมธานี,DIW register,
11x2847,บริษัท เอสเอสยูที จำกัด,,,ไม่พบข้อมูล,,,DBD API (TaxID),
11x2848,บริษัท พีอีจี อินเตอร์เทค จำกัด,,,ไม่พบข้อมูล,,,DBD API (TaxID),
11x2849,บริษัท ลิควิด เพียวริฟิเกชั่น เอ็นจิเนียริ่ง อินเตอร์เนชั่นแนล จำกัด,6.4,92.3,33190,,นนทบุรี,DIW register,
11x2850,บริษัท ประกันคุ้มภัย จำกัด (มหาชน),,,ไม่พบข้อมูล,,,DBD API (TaxID),
11x2851,บริษัท ไอ ออน เอ็คซเช้นจ์ พีเอสเอส จำกัด,,,ไม่พบข้อมูล,,,DBD API (TaxID),
11x2852,ห้างหุ้นส่วนจำกัด สยามเซ็นเตอร์ แมชชีน พาร์ท,,,ไม่พบข้อมูล,,,DBD API (TaxID),
11x2853,ห้างหุ้นส่วนจำกัดแสงไทยวัฒนา,8.5,685,10739,,กรุงเทพมหานคร,DIW register,
11x2854,บริษัท ไพรัตน์อุตสาหกรรม จำกัด,16.1,930.69,10774,,นครสวรรค์,DIW register,
11x2855,บริษัท ทรัพย์ทวีกิจ รุ่งเรือง เทรดดิ้ง จำกัด,,,ไม่พบข้อมูล,,,DBD API (TaxID),
11x2856,ห้างหุ้นส่วนจำกัด เยอ เอ็นจิเนียริ่ง,,,ไม่พบข้อมูล,,,DBD API (TaxID),
11x2857,บริษัท เซนวิโก จำกัด,,,ไม่พบข้อมูล,,,DBD API (TaxID),
11x2858,บริษัท เคเอสพี อินโนเวชั่น เทคโนโลยี จำกัด,,,ไม่พบข้อมูล,,,DBD API (TaxID),
11x2859,นิติบุคคลอาคารชุดมิลเลนเนียม เรสซิเดนท์,,,ไม่พบข้อมูล,,,DBD API (TaxID),
11x2860,บริษัท อาร์ต อุตสาหกรรม จำกัด,22.0,2808.65,31001,,กรุงเทพมหานคร,DIW register,
11x2861,บริษัท อิโนแอ็ค (ประเทศไทย) จำกัด,641.35,1959.67,22230,,ระยอง,DIW register,
11x2862,บริษัท เอส เอส พี อาร์ (ประเทศไทย) จำกัด,,,ไม่พบข้อมูล,,,DBD API (TaxID),
11x2863,บริษัท  กลุ่มสยามบรรจุภัณฑ์  จำกัด,29.0,0,17020,,สมุทรปราการ,DIW register,
11x2864,บริษัท แอนท์ เอ็นจิเนียริ่ง แอนด์ ซัพพลาย จำกัด,,,ไม่พบข้อมูล,,,DBD API (TaxID),
11x2865,บริษัท พรรณธร เอ็นจิเนียริง แอนด์ ซัพพลาย จำกัด,,,ไม่พบข้อมูล,,,DBD API (TaxID),
11x2866,บริษัท ไดนามิค เคมิคอล ซิสเต็ม จำกัด,,,ไม่พบข้อมูล,,,DBD API (TaxID),
11x2867,บริษัท เอส พี เอช เอ็นจิเนียริ่ง จำกัด,,,ไม่พบข้อมูล,,,DBD API (TaxID),
11x2868,บริษัท วินวินบิซ เอเจนซี่ จำกัด,,,ไม่พบข้อมูล,,,DBD API (TaxID),
11x2869,บริษัท เอเชียนาออฟชอร์ จำกัด,,,ไม่พบข้อมูล,,,DBD API (TaxID),
11x2870,บริษัท ไฮล์ เทรลเลอร์ เอเซีย จำกัด,285.0,0,29109,,พระนครศรีอยุธยา,DIW register,
11x2871,ห้างหุ้นส่วนจำกัด ชลบุรี เมทัล,,,ไม่พบข้อมูล,,,DBD API (TaxID),
11x2872,บริษัท ยูนิเวอร์แซล โปรเซส เคมิคอล แอนด์ อีควิปเม้นต์ เซอร์วิส จำกัด,5.0,,ไม่พบข้อมูล,,,DBD API (TaxID),
11x2873,ห้างหุ้นส่วนจำกัด วีอาร์ ปิโตรเลียม วังน้อย,,,ไม่พบข้อมูล,,,DBD API (TaxID),
11x2874,บริษัท บี-เซอร์วีซีโอ เอ็นจิเนียริ่ง จำกัด,,,ไม่พบข้อมูล,,,DBD API (TaxID),
11x2875,บริษัท โตโยต้ากรุงเทพยนต์ ผู้จำหน่ายโตโยต้า จำกัด,70.9,56.18,33121,,กรุงเทพมหานคร,DIW register,
11x2876,บริษัท บิ๊กเบน เพนท์ จำกัด,1.0,146.69999999999999,20221,,สมุทรสาคร,DIW register,
11x2877,บริษัท ไมย์เออร์ อินดัสตรีส์ จำกัด,2268.282,41268.94,25910,,ชลบุรี,DIW register,
11x2878,บริษัท ไฮมิก จำกัด,113.4,1484.06,22230,,ชลบุรี,DIW register,
11x2879,บริษัท ธนบุรีประกอบรถยนต์  จำกัด,60.0,59.61,33121,,กรุงเทพมหานคร,DIW register,
11x2880,บริษัท เศรษฐธนานันท์ จำกัด,,,ไม่พบข้อมูล,,,DBD API (TaxID),
11x2881,บริษัท อินเตอร์ อิสเทิร์น คอนเทนเนอร์ จำกัด,195.0,6030.16,17020,,ปราจีนบุรี,DIW register,
11x2882,บริษัท ทีโอซี ไกลคอล จำกัด,,,ไม่พบข้อมูล,,,DBD API (TaxID),
11x2883,บริษัท โปรเซส เอ็นจิเนียริ่ง เซอร์วิส จำกัด,,,ไม่พบข้อมูล,,,DBD API (TaxID),
11x2884,ห้างหุ้นส่วนจำกัด ทรัพย์พลัสวัน แอลพีจี,,,ไม่พบข้อมูล,,,DBD API (TaxID),
11x2885,บริษัท ดับบลิวเอส เจริญสุข เอ็นเตอร์ไพร์ส จำกัด,,,ไม่พบข้อมูล,,,DBD API (TaxID),
11x2886,โอเฟียร์ ไทยแลนด์ (บัวหลวง) ลิมิเต็ด,,,,,,,
11x2887,บริษัท เอสอาร์ เอ็นเนอร์จี้ แอนด์ เอ็นจิเนียริ่ง จำกัด,,,ไม่พบข้อมูล,,,DBD API (TaxID),
11x2888,บริษัท ลีดเดอร์ พรีซิชั่น กรุ๊ป (ประเทศไทย) จำกัด,,,ไม่พบข้อมูล,,,DBD API (TaxID),
11x2889,บริษัท ฐิโอกะ เอ็นเตอร์ไพร์ส จำกัด,,,ไม่พบข้อมูล,,,DBD API (TaxID),
11x2890,บริษัท ไทยอ๊อฟเซท จำกัด,210.0,1833.42,17092,,กรุงเทพมหานคร,DIW register,
11x2891,บริษัท ทีไอบี ออลล์ จำกัด,,,ไม่พบข้อมูล,,,DBD API (TaxID),
11x2892,บริษัท กัลฟ์ เจพี เอ็นแอลแอล จำกัด,,,ไม่พบข้อมูล,,,DBD API (TaxID),
11x2893,บริษัท เมกะ อินเตอร์เนชั่นแนล จำกัด,,,ไม่พบข้อมูล,,,DBD API (TaxID),
11x2894,บริษัท ชิโยดะ โคฮาน (ประเทศไทย) จำกัด,,,ไม่พบข้อมูล,,,DBD API (TaxID),
11x2895,บริษัท น้ำตาลเอกผล จำกัด,,,ไม่พบข้อมูล,,,DBD API (TaxID),
11x2896,บริษัท เวิร์คเคม จำกัด,6.3,475.9,20113,,ชลบุรี,DIW register,
11x2897,บริษัท ดี วัน อินเตอร์ พาร์ท เทคโนโลยีส์ จำกัด,,,ไม่พบข้อมูล,,,DBD API (TaxID),
11x2898,บริษัท โพลีเทค เอเชีย จำกัด,,,ไม่พบข้อมูล,,,DBD API (TaxID),
11x2899,บริษัท เจ๊บเซ่น แอนด์ เจ๊สเซ่น เทคโนโลยี่ (ที) จำกัด,,,ไม่พบข้อมูล,,,DBD API (TaxID),
11x2900,บริษัท บิ๊กแมน ซัพพลาย แอนด์ คอนเซาท์แตนต์ จำกัด,,,ไม่พบข้อมูล,,,DBD API (TaxID),
11x2901,บริษัท เอ็กโซโกร จำกัด,,,ไม่พบข้อมูล,,,DBD API (TaxID),
11x2902,บริษัท สหการวิศวกร จำกัด,,,ไม่พบข้อมูล,,,DBD API (TaxID),
11x2903,บริษัท คงพัฒน์สานนท์ จำกัด,,,ไม่พบข้อมูล,,,DBD API (TaxID),
11x2904,บริษัท สวนอุตสาหกรรมโรจนะ จำกัด (มหาชน),42.4,512,37000,,พระนครศรีอยุธยา,DIW register,
11x2905,บริษัท จำรัส คอนสตรัคชั่น แอนด์ ซัพพลาย จำกัด,,,ไม่พบข้อมูล,,,DBD API (TaxID),
11x2906,บริษัท อีเอ็มซี เอ็นเตอร์ไพรส์ จำกัด,,,ไม่พบข้อมูล,,,DBD API (TaxID),
11x2907,บริษัท ไท-โย เพนท์ (ประเทศไทย) จำกัด,46.0,1907.1,20221,,กรุงเทพมหานคร,DIW register,
11x2908,บริษัท พีพีพี กรีน คอมเพล็กซ์ จำกัด,3375.0,79629.850000000006,10491,,ประจวบคีรีขันธ์,DIW register,
11x2909,บริษัท มีเทรดเซ็นเตอร์ จำกัด,,,ไม่พบข้อมูล,,,DBD API (TaxID),
11x2910,บริษัท โปรวินเนอร์ (ไทยแลนด์) จำกัด,,,ไม่พบข้อมูล,,,DBD API (TaxID),
11x2911,บริษัท พงศ์พารา โพลิเมอร์ จำกัด,33.976,5587.1,22199,,สมุทรสาคร,DIW register,
11x2912,บริษัท พี แอนด์ ไอดี เอ็นจิเนียร์ริ่ง จำกัด,,,ไม่พบข้อมูล,,,DBD API (TaxID),
11x2913,บริษัท ซีอาร์ เอเซีย (ประเทศไทย) จำกัด,,,,,,,
11x2914,บริษัท อนันธนทรัพย์ วิศวกรรม จำกัด,,,ไม่พบข้อมูล,,,DBD API (TaxID),
11x2915,บริษัท สุรากระทิงแดง  (1988) จำกัด,2999.0,13872.25,11011,,กำแพงเพชร,DIW register,
11x2916,บริษัท โร โซลูชั่น จำกัด,,,ไม่พบข้อมูล,,,DBD API (TaxID),
11x2917,บริษัท อินเตอร์เนชั่นแนลโปรเคียวเม้นท์ จำกัด,5.0,,46421,,กรุงเทพมหานคร,DBD API (TaxID),ยังดำเนินกิจการอยู่
11x2918,บริษัท แม็กซิโฟลว์ เอ็นจิเนียริ่ง จำกัด,,,ไม่พบข้อมูล,,,DBD API (TaxID),
11x2919,บริษัท สยาม ไพรม แมชชีนเนอรี่ จำกัด,,,ไม่พบข้อมูล,,,DBD API (TaxID),
11x2920,โตโย เอ็นจีเนียริ่ง คอร์ปอเรชั่น,,,ไม่พบข้อมูล,,,DBD API (TaxID),
11x2921,บริษัท สยาม สแตรี่ เซอร์วิสส์ จำกัด,282.232247,0,10309,,ชลบุรี,DIW register,
11x2922,บริษัท อินโดรามา ปิโตรเคม  จำกัด,13621.84,129031.3,20113,,ระยอง,DIW register,
11x2923,บริษัท คูณคมเพชร จำกัด,,,ไม่พบข้อมูล,,,DBD API (TaxID),
11x2924,บริษัท ทีเอพี พาร์ท เอ็นจิเนียริ่ง จำกัด,,,ไม่พบข้อมูล,,,DBD API (TaxID),
11x2925,บริษัท เอวีแอล เอสอีเอ แอนด์ ออสเตรเลีย จำกัด,,,ไม่พบข้อมูล,,,DBD API (TaxID),
11x2926,บริษัท แกร็บแท็กซี่ (ประเทศไทย) จำกัด,,,ไม่พบข้อมูล,,,DBD API (TaxID),
11x2927,บางกอก ทูลส์ เซ็นเตอร์,,,ไม่พบข้อมูล,,,DBD API (TaxID),
11x2928,บริษัท เนส เทคนิค จำกัด,,,ไม่พบข้อมูล,,,DBD API (TaxID),
11x2929,บริษัท แอ็ดวานซ์ พรีแฟบ จำกัด,1.5,1118.8,23103,,ชลบุรี,DIW register,
11x2930,บริษัท จุกเสม็ด พอร์ต จำกัด,,,ไม่พบข้อมูล,,,DBD API (TaxID),
11x2931,บริษัท เด็มโก้ อินดัสตรี่ จำกัด,,,ไม่พบข้อมูล,,,DBD API (TaxID),
11x2932,บริษัท อนาไลติคอล แอนด์ คอนโทรล เทคโนโลยี 2000 จำกัด,,,ไม่พบข้อมูล,,,DBD API (TaxID),
11x2933,บริษัท สุขภัค ซัพพลาย จำกัด,,,ไม่พบข้อมูล,,,DBD API (TaxID),
11x2934,บริษัท ไทยเบฟเวอเรจ  เอ็นเนอร์ยี่  จำกัด,304.28,4108.51,38300,,ปทุมธานี,DIW register,
11x2935,บริษัท อินโนเซฟ จำกัด,,,ไม่พบข้อมูล,,,DBD API (TaxID),
11x2936,บริษัท ฮาร์ทฟอร์ด เพ้นท์ จำกัด,12.0,445.6,20221,,สมุทรปราการ,DIW register,
11x2937,บริษัท แอคูชเน็ท ไทเทิลลิสท์ (ประเทศไทย) จำกัด,1777.836011,13913.58,32309,,ระยอง,DIW register,
11x2938,บริษัท ชูพันธุ์อินดัสเทรียลเซอร์วิสเซส จำกัด,,,ไม่พบข้อมูล,,,DBD API (TaxID),
11x2939,บริษัท ผลิตไฟฟ้าและน้ำเย็น จำกัด,1347.0,172129.9,35101,,สมุทรปราการ,DIW register,
11x2940,บริษัท สวนอุตสาหกรรมโรจนะ จำกัด  (มหาชน),42.4,512,37000,,พระนครศรีอยุธยา,DIW register,
11x2941,บริษัท  โรจนะ อินดัสเตรียล แมเนจเม้นท์ จำกัด,97.64,469,37000,,พระนครศรีอยุธยา,DIW register,
11x2942,บริษัท จีเอฟพีที นิชิเร (ประเทศไทย) จำกัด,109.315,22745.08,10111,,ชลบุรี,DIW register,
11x2943,บริษัท โพรวิก้า เอ็นจิเนียริ่ง จำกัด,,,ไม่พบข้อมูล,,,DBD API (TaxID),
11x2944,บริษัท พี เอ พี แก็ส แอนด์ ออยล์ จำกัด,104.61276,270,46613,,นครสวรรค์,DIW register,
11x2945,บริษัท เอสพี.โปร เซอร์วิส จำกัด,,,ไม่พบข้อมูล,,,DBD API (TaxID),
11x2946,บริษัท สตาร์วู๊ด เคมีคอล จำกัด,186.0,4391.5,20292,,ระยอง,DIW register,
11x2947,บริษัท แม็กซิส อินเตอร์เนชั่นแนล (ประเทศไทย) จำกัด,14875.44,55482.67,22112,,ระยอง,DIW register,
11x2948,บริษัท พนัสโภคภัณฑ์ จำกัด,140.6963,8054.29,10801,,ชลบุรี,DIW register,
11x2949,บริษัท พี.เอส.พาวเวอร์ เทรดดิ้ง จำกัด,,,ไม่พบข้อมูล,,,DBD API (TaxID),
11x2950,บริษัท อีเอส เพาเวอร์ จำกัด,790.0,21399,20114,,สระแก้ว,DIW register,
11x2951,ห้างหุ้นส่วนจำกัด เอ็นเทคซิสเท็มเอ็นจิเนียริ่ง,,,ไม่พบข้อมูล,,,DBD API (TaxID),
11x2952,บริษัท นูร่า ออร์กาไนเซอร์ จำกัด,,,ไม่พบข้อมูล,,,DBD API (TaxID),
11x2953,บริษัท บิสซิเนสอะไลเม้นท์ จำกัด (มหาชน),,,ไม่พบข้อมูล,,,DBD API (TaxID),
11x2954,บริษัท รอแยล เมอิวะ แพ็คซ์ จำกัด,566.0,490.26,22220,,สมุทรสาคร,DIW register,
11x2955,บริษัท บางจากไบโอเอทานอล (ฉะเชิงเทรา) จำกัด,21.0,19182.3,10612,,ฉะเชิงเทรา,DIW register,
11x2956,บริษัท โอพีจีเทค จำกัด,,,ไม่พบข้อมูล,,,DBD API (TaxID),
11x2957,บริษัท วโรปกรณ์ จำกัด (มหาชน),19.85,5977.61,24101,,สมุทรปราการ,DIW register,
11x2958,บริษัท พี.วี.มั่นคงดี เซอร์วิส (2004) จำกัด,,,ไม่พบข้อมูล,,,DBD API (TaxID),
11x2959,บริษัท จูโน่ ซัพพลาย จำกัด,,,ไม่พบข้อมูล,,,DBD API (TaxID),
11x2960,บริษัท ไทย-อบิลิตี้ เอ็นจิเนียริ่ง จำกัด,21.1,351.55,25111,,ระยอง,DIW register,
11x2961,บริษัท พีทูเค เทคโนโลยี จำกัด,,,ไม่พบข้อมูล,,,DBD API (TaxID),
11x2962,บริษัท พลัสแม็กซ์ คอร์ปอเรชั่น จำกัด,,,,,,,
11x2963,บริษัท รับ คอร์เนอร์ จำกัด,,,ไม่พบข้อมูล,,,DBD API (TaxID),
11x2964,บริษัท เจนซีสเทค จำกัด,,,ไม่พบข้อมูล,,,DBD API (TaxID),
11x2965,บริษัท ดับเบิ้ลยู.ที. วิกเตอร์ จำกัด,,,ไม่พบข้อมูล,,,DBD API (TaxID),
11x2966,บริษัท อมตะ สปริง ดีเวลลอปเม้นท์ จำกัด,,,ไม่พบข้อมูล,,,DBD API (TaxID),
11x2967,บริษัท เอส.บี.ฟู้ด จำกัด,89.0,1718.53,10743,,ระยอง,DIW register,
11x2968,บริษัท ธาดาดล จำกัด,,,ไม่พบข้อมูล,,,DBD API (TaxID),
11x2969,บริษัท ยูเอซี โกลบอล จำกัด (มหาชน),149.0,4802.8100000000004,35101,,เชียงใหม่,DIW register,
11x2970,บริษัท เอลโม เทค จำกัด,,,ไม่พบข้อมูล,,,DBD API (TaxID),
11x2971,บริษัท โวลูเทค แมชชีนเนอรี่ จำกัด,,,ไม่พบข้อมูล,,,DBD API (TaxID),
11x2972,บริษัท ระยองเอ็นจิเนียริ่งโซลูชั่น จำกัด,,,ไม่พบข้อมูล,,,DBD API (TaxID),
11x2973,บริษัท โกลว์ เอสพีพี 11 จำกัด,2500.0,223769.82,35101,,ระยอง,DIW register,
11x2974,บริษัท บางกอกอินดัสเตรียลบอยเลอร์ จำกัด,51.470707,2433.6,25130,,ปราจีนบุรี,DIW register,
11x2975,บริษัท ซินเมนเทค จำกัด,,,ไม่พบข้อมูล,,,DBD API (TaxID),
11x2976,บริษัท พลาสแมท จำกัด,,,ไม่พบข้อมูล,,,DBD API (TaxID),
11x2977,ห้างหุ้นส่วนจำกัด เอ็นเอสที พรีเว็นชั่น เอ็นจิเนียริ่ง,,,ไม่พบข้อมูล,,,DBD API (TaxID),
11x2978,บริษัท กิจการร่วมค้า สยามราช และ ทีฆทัศน์ จำกัด,,,ไม่พบข้อมูล,,,DBD API (TaxID),
11x2979,บริษัท บอสตัน เอ็นจิเนียริ่ง จำกัด,11.15,540.78,22199,,สมุทรสาคร,DIW register,
11x2980,บริษัท เอจีซี คอร์ปอเรชั่น จำกัด,,,ไม่พบข้อมูล,,,DBD API (TaxID),
11x2981,บริษัท อาร์ ไอ แอล 1996 จำกัด,71.0,196.26,38300,,ระยอง,DIW register,
11x2982,บริษัท ทรายทอง เอ็นจีวี จำกัด,,,ไม่พบข้อมูล,,,DBD API (TaxID),
11x2983,บริษัท อินทรี อีโคไซเคิล จำกัด,345.0,4975,38300,,สระบุรี,DIW register,
11x2984,บริษัท ทีฆทัศน์ จำกัด,,,ไม่พบข้อมูล,,,DBD API (TaxID),
11x2985,บริษัท เจนเนอรัล มอเตอร์ส เพาเวอร์เทรน (ประเทศไทย) จำกัด,0.0,3192,28110,,ระยอง,DIW register,
11x2986,บริษัท เอ็กเชน ทาวเวอร์ จำกัด,,,ไม่พบข้อมูล,,,DBD API (TaxID),
11x2987,บริษัท เอ.พี.ดี. กรุ๊ป จำกัด,,,ไม่พบข้อมูล,,,DBD API (TaxID),
11x2988,บริษัท เจ.เอ.พี กรุ๊ป จำกัด,,,ไม่พบข้อมูล,,,DBD API (TaxID),
11x2989,บริษัท ดับบลิว.พี.เจ เอ็นจิเนียริ่ง จำกัด,,,ไม่พบข้อมูล,,,DBD API (TaxID),
11x2990,บริษัท พี.เอ็น.วี.อินโนเทค จำกัด,,,ไม่พบข้อมูล,,,DBD API (TaxID),
11x2991,บริษัท พี.ซี.สยามปิโตรเลียม จำกัด,,,ไม่พบข้อมูล,,,DBD API (TaxID),
11x2992,บริษัท โรห์ม แอนด์ ฮาสส์ เคมิคอล (ประเทศไทย) จำกัด,,,ไม่พบข้อมูล,,,DBD API (TaxID),
11x2993,บริษัท ดี.ซี.โกดังและโรงงาน จำกัด,,,ไม่พบข้อมูล,,,DBD API (TaxID),
11x2994,บริษัท ทีเอ็นทีที เซอร์วิส จำกัด,,,ไม่พบข้อมูล,,,DBD API (TaxID),
11x2995,บริษัท ฮ.พัฒนารุ่งเรือง จำกัด,47.5,458.6,25130,,สมุทรสาคร,DIW register,
11x2996,บริษัท ไทยโอซูก้า จำกัด,603.0,26480,21001,,สมุทรสาคร,DIW register,
11x2997,บริษัท โปรดักทีฟ เอ็นเตอร์ไพรส์ จำกัด,,,ไม่พบข้อมูล,,,DBD API (TaxID),
11x2998,บริษัท รีไซเคิล เอ็นจิเนียริ่ง จำกัด,90.0,2662.19,37000,,ชลบุรี,DIW register,
11x2999,บริษัท ไทรอัมฟ์ เอ็นจิเนียริ่ง จำกัด,115.0,2971.33,28299,,ราชบุรี,DIW register,
11x3000,บริษัท สเปเชี่ยล ฟอร์ซ อินโนเวชั่น จำกัด,,,ไม่พบข้อมูล,,,DBD API (TaxID),
11x3001,ห้างหุ้นส่วนจำกัด หนึ่งเครื่องเรือน 1989,,,ไม่พบข้อมูล,,,DBD API (TaxID),
11x3002,บริษัท ธนชัยชล จำกัด,,,ไม่พบข้อมูล,,,DBD API (TaxID),
11x3003,บริษัท มิตรสิบ ลิสซิ่ง จำกัด (มหาชน),,,ไม่พบข้อมูล,,,DBD API (TaxID),
11x3004,บริษัท โมเมนทีฟ เพอร์ฟอร์แมนซ์ แมททีเรียลส์ (ประเทศไทย) จำกัด,153.756,9862.9,20113,,ระยอง,DIW register,
11x3005,บริษัท นวนคร จำกัด (มหาชน),931.35538,1632.74,36002,,ปทุมธานี,DIW register,
11x3006,บริษัท เอส ซี แมชชินเนค เอเชีย จำกัด,,,ไม่พบข้อมูล,,,DBD API (TaxID),
11x3007,บริษัท ฟูลสเกล เทคโนโลยี จำกัด,,,ไม่พบข้อมูล,,,DBD API (TaxID),
11x3008,บริษัท เด็นโซ่ (ประเทศไทย) จำกัด,185.0,6440.51,29309,,สมุทรปราการ,DIW register,
11x3009,บริษัท มิอุระ อินดัสทรีส์ (ประเทศไทย) จำกัด,,,ไม่พบข้อมูล,,,DBD API (TaxID),
11x3010,บริษัท เซรามิคซิเมนต์ไทย จำกัด,,,ไม่พบข้อมูล,,,DBD API (TaxID),
11x3011,บริษัท ดูเวลเทค (ประเทศไทย) จำกัด,,,ไม่พบข้อมูล,,,DBD API (TaxID),
11x3012,บริษัท สหโคเจน (ชลบุรี) จำกัด (มหาชน),1350.0,590930.5,35101,,ชลบุรี,DIW register,
11x3013,บริษัท น้ำมันมะพร้าวไทย จำกัด,15.804,591.20000000000005,10491,,สมุทรสาคร,DIW register,
11x3014,บริษัท ปตท. น้ำมันและการค้าปลีก จำกัด (มหาชน),160.0,341.8,52293,,กรุงเทพมหานคร,DIW register,
11x3015,บริษัท โนว์ฮาว ทรานสเฟอร์ จำกัด,30.0,433.5,25910,,ฉะเชิงเทรา,DIW register,
11x3016,บริษัท กัมพุวัฑฒ์ จำกัด,,,ไม่พบข้อมูล,,,DBD API (TaxID),
11x3017,บริษัท เอ็นชัวร์ อินเตอร์เนชั่นแนล จำกัด,,,ไม่พบข้อมูล,,,DBD API (TaxID),
11x3018,บริษัท จี.พี. คอนสทรัคชั่น จำกัด,0.95,294,25922,,พระนครศรีอยุธยา,DIW register,
11x3019,บริษัท รสสุพร จำกัด,,,ไม่พบข้อมูล,,,DBD API (TaxID),
11x3020,บริษัท พีพี เกรท โซลูชั่น จำกัด,,,ไม่พบข้อมูล,,,DBD API (TaxID),
11x3021,บริษัท เอสซีจี เซรามิกส์ จำกัด (มหาชน),73.4,42887.06,23939,,สระบุรี,DIW register,
11x3022,บริษัท น้ำตาลครบุรี จำกัด (มหาชน),280.0,341692,10721,,นครราชสีมา,DIW register,
11x3023,บริษัท ซิโน-ไทย เอ็นจีเนียริ่ง แอนด์ คอนสตรัคชั่น จำกัด (มหาชน),33.1,426,23951,,นนทบุรี,DIW register,
11x3024,บริษัท ไทยแมคคานิคัล คอนสตรัคชั่น จำกัด,3.45,168.57,25111,,ระยอง,DIW register,
11x3025,บริษัท ไฮเปอร์เวฟ อินเตอร์เนชั่นแนล (ประเทศไทย) จำกัด,,,ไม่พบข้อมูล,,,DBD API (TaxID),
11x3026,บริษัท ยัวซ่าแบตเตอรี่ ประเทศไทย จำกัด (มหาชน),1047.152528,16103.68,27200,,สมุทรปราการ,DIW register,
11x3027,บริษัท มงคลสมัย จำกัด,198.8,9598.6200000000008,11011,,อุตรดิตถ์,DIW register,
11x3028,บริษัท ที.เจ.ซี. เคมี จำกัด,623.936377,1430.3,20121,,สมุทรปราการ,DIW register,
11x3029,บริษัท ทองภู โฟร์คลิฟท์ จำกัด,,,ไม่พบข้อมูล,,,DBD API (TaxID),
11x3030,บริษัท นิวสตาร์พาแนล จำกัด,,,ไม่พบข้อมูล,,,DBD API (TaxID),
11x3031,บริษัท เอ็ม ดี เอ็กซ์ จำกัด (มหาชน),,,ไม่พบข้อมูล,,,DBD API (TaxID),
11x3032,บริษัท สยามเฆมี จำกัด (มหาชน),19.0,701.6,20113,,สมุทรปราการ,DIW register,
11x3033,บริษัท ไดอิชิแพคเกจจิ้ง จำกัด,4.15,6362.12,22220,,ฉะเชิงเทรา,DIW register,
11x3034,บริษัท เจนเนอรัล เทคโนโลยี พาร์ท จำกัด,,,ไม่พบข้อมูล,,,DBD API (TaxID),
11x3035,บริษัท ดับเบิลยู เอส เค เซอร์วิส จำกัด,,,ไม่พบข้อมูล,,,DBD API (TaxID),
11x3036,บริษัท ซิลิก้า ฮิลล์ จำกัด,12.0,180,23959,,สงขลา,DIW register,
11x3037,บริษัท ออลทาเนีย จำกัด,,,ไม่พบข้อมูล,,,DBD API (TaxID),
11x3038,บริษัท เอ็นเทคโพลิเมอร์ จำกัด,1020.0,5069,22191,,มุกดาหาร,DIW register,
11x3039,บริษัท ไทยเพรซิเดนท์ฟูดส์ จำกัด  (มหาชน),317.90311,6933.73,10743,,ชลบุรี,DIW register,
11x3040,บริษัท เอส ดับเบิลยู พลัส เอ็นจิเนียริ่ง จำกัด,,,ไม่พบข้อมูล,,,DBD API (TaxID),
11x3041,บริษัท มีชัย กรุ๊ป จำกัด,,,ไม่พบข้อมูล,,,DBD API (TaxID),
11x3042,บริษัท คามิน เอ็นจิเนียริ่ง แอนด์ เซอร์วิส จำกัด,,,ไม่พบข้อมูล,,,DBD API (TaxID),
11x3043,บริษัท ไอ ซี เอส เทค จำกัด,,,ไม่พบข้อมูล,,,DBD API (TaxID),
11x3044,บริษัท ทานตะวัน คอนสตรัคชั่น แอนด์ เซอร์วิส จำกัด,7.9,485,25910,,ระยอง,DIW register,
11x3045,บริษัท แอมคอร์ เฟล็กซิเบิ้ล เพชรบุรี จำกัด,200.0,5800.69,17092,,เพชรบุรี,DIW register,
11x3046,บริษัท สยามเบสท์ เอ็นจีวี จำกัด,,,ไม่พบข้อมูล,,,DBD API (TaxID),
11x3047,บริษัท สยาม ดับบลิวพี กรุ๊ป จำกัด,,,ไม่พบข้อมูล,,,DBD API (TaxID),
11x3048,บริษัท เอสซีจี แพคเกจจิ้ง จำกัด (มหาชน),,,ไม่พบข้อมูล,,,DBD API (TaxID),
11x3049,บริษัท เอ็มพี จี11 (ประเทศไทย) จำกัด,,,,,,,
11x3050,บริษัท ตั้งเซียะปิงโลหะกิจ จำกัด,10.0,2794.5,25910,,สมุทรปราการ,DIW register,
11x3051,บริษัท สตาร์โปร ซันวา อยุธยา โมดิฟาย สตาร์ช จำกัด,710.0,473.7,10612,,พระนครศรีอยุธยา,DIW register,
11x3052,ชิโนเปค อินเตอร์เนชั่นแนล ปิโตรเลียม เซอร์วิส คอร์ปอเรชั่น,,,ไม่พบข้อมูล,,,DBD API (TaxID),
11x3053,บริษัท แอมคอร์ เฟล็กซิเบิ้ล กรุงเทพ จำกัด (มหาชน),1185.73272,11177.5,25999,,สมุทรปราการ,DIW register,
11x3054,บริษัท ไมย์เออร์ อลูมิเนียม (ประเทศไทย) จำกัด,970.0,9246.3700000000008,24101,,ชลบุรี,DIW register,
11x3055,บริษัท พีเอสเอ เคมเทค จำกัด,50.0,588.5,25949,,นครปฐม,DIW register,
11x3056,บริษัท เพอร์เฟค กรุ๊ป (ประเทศไทย) จำกัด,,,ไม่พบข้อมูล,,,DBD API (TaxID),
11x3057,บริษัท บุญทวีเคมีภัณฑ์ จำกัด,,,ไม่พบข้อมูล,,,DBD API (TaxID),
11x3058,บริษัท เฟิร์สเม็ด จำกัด,,,,,,,
11x3059,บริษัท พี.โอ.อาร์.ซัพพลาย จำกัด,,,ไม่พบข้อมูล,,,DBD API (TaxID),
11x3060,บริษัท อมตะ บี.กริม เพาเวอร์ 5 จำกัด,5209.9,257111.2,35101,,ชลบุรี,DIW register,
11x3061,บริษัท ไวทยะโชติ จำกัด,,,ไม่พบข้อมูล,,,DBD API (TaxID),
11x3062,บริษัท เอ็นเอ็น แอนด์ พีพี เอ็นจิเนียริ่ง จำกัด,,,ไม่พบข้อมูล,,,DBD API (TaxID),
11x3063,บริษัท โอเคเค โรลเลอร์ จำกัด,,,ไม่พบข้อมูล,,,DBD API (TaxID),
11x3064,บริษัท วีอีอี เอ็นจิเนียริ่ง จำกัด,,,ไม่พบข้อมูล,,,DBD API (TaxID),
11x3065,บริษัท เคลฟเวอร์ เอ็นซิสเต็ม จำกัด,,,ไม่พบข้อมูล,,,DBD API (TaxID),
11x3066,บริษัท ผลิตภัณฑ์กระดาษไทย  จำกัด,974.0,41758.730000000003,16292,,ราชบุรี,DIW register,
11x3067,บริษัท เอ็ม เอ ซี เอส จำกัด,160.0,110.6,25910,,ระยอง,DIW register,
11x3068,ห้างหุ้นส่วนจำกัด ลำปางศิริโรจน์,,,ไม่พบข้อมูล,,,DBD API (TaxID),
11x3069,บริษัท โตนานเอเชีย จำกัด,,,ไม่พบข้อมูล,,,DBD API (TaxID),
11x3070,บริษัท ยัวร์ ซัพพลายเออร์ จำกัด,,,ไม่พบข้อมูล,,,DBD API (TaxID),
11x3071,ห้างหุ้นส่วนจำกัด โชคชัยกิจเจริญ,4.2,105.18,28219,,อุดรธานี,DIW register,
11x3072,ห้างหุ้นส่วนจำกัด ภวรวัฒน์,,,ไม่พบข้อมูล,,,DBD API (TaxID),
11x3073,บริษัท บางกอก เอ็นจีวี เอ็นจิเนียริง จำกัด,,,ไม่พบข้อมูล,,,DBD API (TaxID),
11x3074,บริษัท กัลยวรรธน์ แมชชินทูล จำกัด,,,ไม่พบข้อมูล,,,DBD API (TaxID),
11x3075,บริษัท อีซูซุสงวนไทยกรุงเทพ จำกัด,47.687912,173.2,33121,,สมุทรปราการ,DIW register,
11x3076,บริษัท ทิปโก้ เอฟแอนด์บี จำกัด,649.0,8357.35,10302,,พระนครศรีอยุธยา,DIW register,
11x3077,บริษัท เอเชียน อินซูเลเตอร์ จำกัด (มหาชน),371.581645,11980.6,27103,,สิงห์บุรี,DIW register,
11x3078,บริษัท พีทีที แทงค์ เทอร์มินัล จำกัด,3899.0,9919.32,20113,,ระยอง,DIW register,
11x3079,บริษัท แอ๊บโฟลว์ เอ็นจิเนียริ่ง จำกัด,,,ไม่พบข้อมูล,,,DBD API (TaxID),
11x3080,บริษัท สปี ออยล์ แอนด์ แก๊ส เซอร์วิสเซส (ประเทศไทย) จำกัด,,,ไม่พบข้อมูล,,,DBD API (TaxID),
11x3081,บริษัท สาลี่ คัลเล่อร์ จำกัด (มหาชน),717.66,1906.43,22230,,สมุทรปราการ,DIW register,
11x3082,บริษัท ไทยเคนเปเปอร์ จำกัด  (มหาชน),265.4,90181.3,17012,,ปราจีนบุรี,DIW register,
11x3083,บริษัท พีทีที เอ็มซีซี ไบโอเคม จำกัด,1.916,7623.77,20113,,ระยอง,DIW register,
11x3084,บริษัท อังกอร์ วัน จำกัด,,,ไม่พบข้อมูล,,,DBD API (TaxID),
11x3085,บริษัท ซันฟีด จำกัด,1971.271367,11835.46,10801,,สระบุรี,DIW register,
11x3086,บริษัท อินไซท์ เมคคานิคอล จำกัด,,,ไม่พบข้อมูล,,,DBD API (TaxID),
11x3087,บริษัทโมลิเมอร์ โพลิเทค (ไทยแลนด์) จำกัด,6.0,297.95999999999998,22230,,สมุทรปราการ,DIW register,
11x3088,บริษัท เอ็นเอส-สยามยูไนเต็ดสตีล จำกัด,16976.0,93083,24101,,ระยอง,DIW register,
11x3089,บริษัท อารีย์ฟาแลน จำกัด,182.0,485.96,10131,,ฉะเชิงเทรา,DIW register,
11x3090,บริษัท ไวต้า จำกัด,0.0,1819.65,10801,,สมุทรปราการ,DIW register,
11x3091,โครงการปริญญาตรี ภาคพิเศษ คณะวิทยาการจัดการ,,,ไม่พบข้อมูล,,,DBD API (TaxID),
11x3092,บริษัท เอเชีย แคน แมนูแฟคเจอริ่ง จำกัด,2100.0,5904,25949,,ฉะเชิงเทรา,DIW register,
11x3093,บริษัท ยูบีที เอนจิเนียริ่ง จำกัด,,,ไม่พบข้อมูล,,,DBD API (TaxID),
11x3094,บริษัท ก้าวหน้า เทค อินเตอร์เนชั่นแนล จำกัด,,,ไม่พบข้อมูล,,,DBD API (TaxID),
11x3095,บริษัท ไทย กลีเซอรีน จำกัด,802.105938,29010.9,20231,,สมุทรสาคร,DIW register,
11x3096,บริษัท โลไฮเซอวิส จำกัด,,,ไม่พบข้อมูล,,,DBD API (TaxID),
11x3097,บริษัท พรีเมียร์ แทงค์ คอร์ปอเรชั่น จำกัด  (มหาชน),205.0,,46612,,กรุงเทพมหานคร,DBD API (TaxID),ยังดำเนินกิจการอยู่
11x3098,บริษัท กังวาลเท็กซ์ไทล์ จำกัด,883.0,67847.226999999999,13113,,ราชบุรี,DIW register,
11x4034,บริษัท มากอตโต จำกัด,2839.32,23767.07,24101,,สระบุรี,DIW register,
11x4214,"GOULDS PUMPS CO.,LTD.",,,,,,,
11x4245,"POWERKING PUMP CO.,LTD.",,,,,,,
11x4277,"TOA COATING (CAMBODIA) CO., LTD.",,,,,,,
11x4281,Linden Bucks Sdn Bhd,,,,,,,
11x4424,คุณสุรพงษ์ ปลัดศรี,,,ไม่พบข้อมูล,,,DBD API (TaxID),
11x4561,บริษัท โมลิเมอร์ โพลิเทค (ไทยแลนด์) จำกัด,6.0,297.95999999999998,22230,,สมุทรปราการ,DIW register,
11x4681,CARIGALI-PTTEPI OPERATING COMPANY,,,,,,,
11x4750,บริษัท ซีพีเอฟ  (ประเทศไทย)  จำกัด  (มหาชน),41.5,9220.49,10111,,กรุงเทพมหานคร,DIW register,
11x4767,บริษัท เคเอสแอล กรีน อินโนเวชั่น จำกัด (มหาชน),80.0,315.3,20121,,ขอนแก่น,DIW register,
11x4771,บริษัท ไทย ไดโซ แอโรโซล จำกัด,47.0,192.14,20232,,ชลบุรี,DIW register,
11x4775,บริษัท บี.พี.เอส. เมนเทนแนนซ์เซอร์วิส จำกัด,,,ไม่พบข้อมูล,,,DBD API (TaxID),
11x4815,บริษัทไอ-คอนส์ เอเชีย จำกัด,1.8,178.7,13922,,ขอนแก่น,DIW register,
11x5073,ST,,,,,,,
11x5833,บริษัท อินโดรามา โพลีเอสเตอร์ อินดัสตรี้ส์ จำกัด,1108.0,105892.99,20131,,ระยอง,DIW register,
11x5959,บริษัท ปตท. จำกัด (มหาชน),230.22,64.42,32501,,พระนครศรีอยุธยา,DIW register,
11x8694,ีืunknown company,,,,,,,
11x8815,สุรพงษ์ ปลัดศรี,,,,,,,
11x9017,"Advance Industrial Techno and Survices Co.,LTD",,,,,,,
11x9019,IRICH,,,,,,,
11x9021,TIPCO ASPHALT,,,,,,,
11x9024,"NEP Engineering Co.,Ltd.",,,,,,,
11x9027,บริษัท น้ำตาลมิตรผล จำกัด,2230.0,79.088179999999994,10721,,ชัยภูมิ,DIW register,
11x9030,Danisco Singapore,,,,,,,
11x9033,Aica Hatyai co. ltd,,,,,,,
11x9051,TTCL,,,,,,,
11x9055,Unknow Customer,,,,,,,
11x9094,บริษัท วนชัย พาเนล อินดัสทรี่ส์ จํากัด,,,,,,,
11x9097,บริษัท ไรท์ คอร์ปอเรชั่น จำกัด,,,ไม่พบข้อมูล,,,DBD API (TaxID),
11x9100,Aditya Birla Chemicals (Thailand) Limited,,,,,,,
11x9102,บริษัท ถิงอัน ก่อสร้าง จำกัด,,,,,,,
11x9107,Thyssen,,,,,,,
11x9111,ZOLA ASPHALT,,,,,,,
11x9115,TIB ALL,,,,,,,
11x9117,PEPSI COLA,,,,,,,
11x9119,"Thioka enterprise co.,ltd",,,,,,,
11x9546,Kadsun Service Ltd.,,,,,,,
11x9567,บริษัท ไอริช จำกัด,1.0,,46594,,กรุงเทพมหานคร,DBD API (TaxID),ยังดำเนินกิจการอยู่
11x9571,"บริษัท โกลบอลแอดวานซ์อินดัสตรี จำกัด (Global Advance Industry Co.,Ltd.)",,,,,,,
11x9576,ห้างหุ้นส่วนจำกัด เอส.เค. เจริญทรัพย์วิศวกรรม,,,,,,,
11x9579,HMC Polymers,3790.07,,19209,,กรุงเทพมหานคร,DBD API (TaxID),ยังดำเนินกิจการอยู่
11x9584,POYRY,,,,,,,
11x9596,"UGS Sales and Services Co.,Ltd.",,,,,,,
11x9598,บริษัท เคมบริดจ์ คอนซัลทิ่ง กรุ๊ป จำกัด,,,,,,,
11x9601,ห้างหุ้นส่วนจำกัดโชคชัยกิจเจริญ,4.2,105.18,28219,,อุดรธานี,DIW register,
11x9603,บริษัท ออโต แมชชีน พาร์ท (ประเทศไทย),,,,,,,
11x9606,DOW CHEMICAL THAILAND LIMITED,10110.47,,46694,,กรุงเทพมหานคร,DBD API (TaxID),ยังดำเนินกิจการอยู่
11x9609,Purac,,,,,,,
11x9612,PTT Global Chemical Public Company Limited,,,,,,,
11x9626,E.O.C.,,,,,,,
11x9629,Nueman & Esser,,,,,,,
11x9631,THAI OIL,,,,,,,
11x9635,Thairotary,,,,,,,
11x9637,บริษัท ยูทิลิตี้ บิสิเนส อัลลายแอนซ์ จำกัด (UBA),,,,,,,
11x9639,CHIMEC Thailand,,,,,,,
11x9641,บริษัท ฮีทอะเวย์ จำกัด,260.0,933.4,28160,,ฉะเชิงเทรา,DIW register,
11x9645,SCG TPC,,,,,,,
11x9653,ซีพีเอฟ-กม.21,,,,,,,
11x9657,SCG Chemical,,,,,,,
11x9659,Adisorn,,,,,,,
11x9661,บริษัท อนิวรรต ซัพพลาย จำกัด,,,ไม่พบข้อมูล,,,DBD API (TaxID),
11x9667,"Bangkok Synthetics Co., Ltd. (BST)",,,,,,,
11x9670,Jardine Engineering Company Limited,,,,,,,
11x9673,PTTEP Siam Limited,,,,,,,
11x9675,VS chem 1970,,,,,,,
11x9677,S.D.B. Construction CO LTD,,,,,,,
11x9683,"HIKARI ENGINEERING CO.,LTD.",,,,,,,
11x9686,Advanced Industrial Techno and Services Co,,,,,,,
11x9688,PTT Tank Terminal Company Limited,,,,,,,
11x9692,บริษัท เอสเอ็นยู ซัพพลาย แอนด์ เซอร์วิส จำกัด,,,ไม่พบข้อมูล,,,DBD API (TaxID),
11x9719,บริษัท สยาม เคเอ็น เอ็นจิเนียริ่ง จำกัด,,,ไม่พบข้อมูล,,,DBD API (TaxID),
11x9734,ห้างหุ้นส่วนจำกัด เอ็นเคเอส แบริ่ง,,,ไม่พบข้อมูล,,,DBD API (TaxID),
11x9738,ห้างหุ้นส่วนจำกัด ศิลาเพชรสุพรรณบุรี,20.0,2130,23961,,สุพรรณบุรี,DIW register,
11x9780,บริษัท จีซีพี แอพพลายด์ เทคโนโลยีส์ โฮลดิ้งส์ (ไทยแลนด์) จำกัด,0.0,0,20113,,สมุทรปราการ,DIW register,
11x9799,Star Petroleum Refining Public Company Limited,,,,,,,
11x9810,INDUSTRIAL CONSTRUCTION & MAINTENANCE SERVICES PUBLIC COMPANY LIMITED (ICS),,,,,,,
11x9811,PSP Specialty,,,,,,,
11x9819,Veolia Water Technologies (Thailand) Ltd.,,,,,,,
11x9822,บริษัท อาร์ซีไอ แล็บสแกน จำกัด,191.321098,4009.45,20113,,สมุทรสาคร,DIW register,
11x9831,ซีพีเอฟ-ปักธงชัย,,,,,,,
11x9835,BRS INTERTRAD,,,,,,,
11x9837,จี อินนอฟ,1.0,,28250,,สมุทรสาคร,DBD API (TaxID),ยังดำเนินกิจการอยู่
11x9841,ESI,,,,,,,
11x9844,บริษัท แอดวานซ์ อีควิปเม้นท์ เซ็นเตอร์ จำกัด,,,,,,,
11x9849,บริษัท โปร-คิว พลัสแพค จำกัด,,,ไม่พบข้อมูล,,,DBD API (TaxID),
11x9852,I mechanic,,,,,,,
11x9862,Neuman&Esser,,,,,,,
11x9864,IRPC,,,,,,,
11x9875,หจก.ไทย แฟบเทค,,,,,,,
11x9881,บริษัท ทวิวรรณพลัส จำกัด,,,,,,,
11x9885,ซีพีเอฟ-พิษณุโลก,,,,,,,
11x9895,เอช,,,,,,,
11x9901,"P.P.Packaging Co., Ltd",,,,,,,
11x9910,บริษัท ซีลิค เคมีคอล จำกัด,,,,,,,
11x9915,น้ำมันพืชโอลีน,,,,,,,
11x9920,Evonik United Silica (Siam) Limited,,,,,,,
11x9927,Thai Styrenics Company Limited,,,,,,,
11x9930,"M Force Co.,Ltd",,,,,,,
11x9956,บริษัท ฮิการิ เอ็นจิเนียริ่ง แอนด์ โลจิสติกส์ จำกัด,,,ไม่พบข้อมูล,,,DBD API (TaxID),
11x9960,บริษัท โปร-คิว (ไทยแลนด์) จำกัด,,,,,,,
11x9970,บริษัท มากอตโต   จำกัด,2839.32,23767.07,24101,,สระบุรี,DIW register,
11x9974,สหกิจท่าเรือบริการ,,,ไม่พบข้อมูล,,,DBD API (TaxID),
11x9977,GENERATOR SYSTEM,,,,,,,
11x9982,บริษัท ยูเอชเอ็ม จำกัด,,,ไม่พบข้อมูล,,,DBD API (TaxID),
11x9985,บริษัท นำวัฒนา แพ็คแอนด์พริ้นท์ จำกัด,1296.310997,498.5,22220,,ฉะเชิงเทรา,DIW register,
11x9987,บริษัท พี พลัส โกลด์ อิเล็คทริคคอล แอนด์ ซัพพลาย จำกัด,,,,,,,
11x9992,บริษัท เออร์โก้ เฮลธ์แคร์ โพรดัคส์ จำกัด,175.3,,21001,,,DBD API (TaxID),
11x10020,PETRACHEM,,,,,,,
11x10030,บริษัท กุลธรพรีเมียร์ จำกัด,0.0,19886.599999999999,28160,,ปราจีนบุรี,DIW register,
11x10032,ฟาเท็ค เวิร์คส์,66.0,951.19,22199,,ปทุมธานี,DIW register,
11x10074,"TSK Engineering (Thailand) Co.,Ltd.",,,,,,,
11x10127,บริษัท แพนอินเตอร์เนชั่นแนล (ประเทศไทย) จำกัด,,,,,,,
11x10131,บริษัท เกรทเทสท์ เพ็ทแคร์ จำกัด,100.0,10792,10801,,พระนครศรีอยุธยา,DIW register,
11x10146,บริษัท ยูจีเอส เซลส์ แอนด์ เซอร์วิส จำกัด,,,ไม่พบข้อมูล,,,DBD API (TaxID),
11x10343,Danisco Singapore Pte. Ltd.,,,,,,,
11x10348,บริษัท ปตท. จํากัด (มหาชน),,,,,,,
11x10887,"VINA KRAFT PAPER CO., LTD.",,,,,,,
11x10958,บริษัท เอ็น-เทคโนโลยี คอนซัลแตนท์ จำกัด,90.42,415,38300,,สมุทรปราการ,DIW register,
11x11013,GIG KARASEK GMBH,,,,,,,
11x11503,CARIGALI HESS OPERATING COMPANY SDN. BHD.,,,,,,,
11x11801,TOA COATING (MYANMAR) COMPANY LIMITED,,,,,,,
11x11838,บริษัท โอตานิ เรเดียล จำกัด,5390.0,77775.460000000006,22112,,นครปฐม,DIW register,
11x11840,บริษัท บางกอก วอเตอร์เวิร์ก จำกัด,,,,,,,
11x11847,TPI POLENE,,,,,,,
11x11884,"Thai Asahi Kasei Spandex Co.,LTD.",,,,,,,
11x11895,"P.S.POWER TRADING CO.,LTD.",,,,,,,
11x11947,บริษัท ซีเคไอดี,,,,,,,
11x11957,ไทย อบิลิตี้ เอ็นจิเนียริ่ง,21.1,351.55,25111,,ระยอง,DIW register,
11x11961,ซีพีเอฟ-ศรีราชา,,,,,,,
11x11964,Eagle Intertran,,,,,,,
11x11978,บริษัท ไทย อคริลิค ไฟเบอร์ จำกัด,1066.8,67616.19,20131,,สระบุรี,DIW register,
11x11983,Kurita,,,,,,,
11x12157,บริษัท เอ็นเอส บลูสโคป (ประเทศไทย) จำกัด,5030.4,26807,24101,,ระยอง,DIW register,
11x12172,JSR BST Elastomer (JBE),,,,,,,
11x12176,TOMITA ASIA,,,,,,,
11x12183,บริษัท ริเวอร์โปร์ พัลพ แอนด์ เพเพอร์ จำกัด,12187.879088,12655.07,17012,,สระบุรี,DIW register,
11x12197,THAI UNIION SCREW NUT,,,,,,,
11x12248,"SCG Chemicals Co.,Ltd.",,,,,,,
11x12258,FOCUS MECHANIC,,,,,,,
11x12270,Top Gas,,,,,,,
11x12288,ซีพีเอฟ-ราชบุรี,,,,,,,
11x12302,"TAIKISHA (THAILAND) CO., LTD.",,,,,,,
11x12334,C.P. Vietnam Corporation - Binh Duong,,,,,,,
11x12398,"Bangkok Synthetics Co.,Ltd. (ยกเลิก)",,,,,,,
11x12459,บริษัท อุตสาหกรรม วินิลเทค จำกัด,92.0,1549.15,22230,,สมุทรปราการ,DIW register,
11x12491,"PETROLEUM TRADING LAO CO.,LTD",,,,,,,
11x12534,บริษัท โนวาเท็ค จำกัด (ยกเลิก),,,,,,,
11x12579,นางสาว ภัทรสุดา เหลืองสุขวิมล,,,,,,,
11x12647,นายสันติ สาลีสี,,,,,,,
11x12779,นางสาวรสรินทร์ แก่นทอง,,,,,,,
11x12806,"LAO ME SAI CO.,LTD.",,,,,,,
11x12864,PTT Polyethylene Company Limited (ยกเลิก),,,,,,,
11x12899,บริษัท ยูทิลิตี้ บิสิเนส อัลลายแอนซ์  จำกัด,300.0,,ไม่พบข้อมูล,,,Customer ID (Direct),
11x13242,CHAROEN POKPHAND FOODS PHILIPPINES CORPORATION,,,,,,,
11x13342,VICHET KUNG,,,,,,,
11x13480,C.P. VIETNAM CORPORATION HAI DUONG BRANCH,,,,,,,
11x13799,นายเตชิต ชลสงคราม,,,,,,,
11x13911,คุณธนพล เอื้อวงศ์กูล,,,,,,,
11x14014,IDEX Asia Pacific Pte Ltd,,,,,,,
11x14080,HMC Polymers Company Limited (ยกเลิก),,,,,,,
11x14240,บริษัท สยามราชธานี (ตะวันออก) จำกัด.,90.0,,46599,,ระยอง,DBD API (TaxID),แปรสภาพ
11x14597,บริษัท แม็ททอล อินเตอร์ เทคโนโลยี จำกัด,1.0,,46599,,กรุงเทพมหานคร,DBD API (TaxID),ยังดำเนินกิจการอยู่
11x14646,CP Viet Nam Corporation -  Binh Dinh Feed Mill,,,,,,,
11x14831,United Tradewind Trading Sdn.Bhd.,,,,,,,
11x15134,"Myanmar C.P Livestock Co.,Ltd.",,,,,,,
11x15151,"C.P.CAMBODIA CO.,LTD.",,,,,,,
11x15167,นายสมยศ โชตินอก,,,ไม่พบข้อมูล,,,DBD API (TaxID),
11x15263,บริษัท ซีพีเอฟ (ประเทศไทย) จำกัด (มหาชน),41.5,9220.49,10111,,กรุงเทพมหานคร,DIW register,
11x15313,"Mitr Lao Sugar Co.,Ltd.",,,,,,,
11x15344,คุณ สุวภัทร บุตรโคตร,,,ไม่พบข้อมูล,,,DBD API (TaxID),
11x15735,คุณวรานิษฐ์  สุวรรณนาวาพล,,,,,,,
11x15802,Siemens AG Energy Sector,,,,,,,
11x15834,บริษัท เอ็มเค เค เอเซีย จำกัด(ยกเลิก),,,,,,,
11x16057,"ASIA TYCOONS GROUP CO., LTD.",,,,,,,
11x16252,บริษัท สวนส้มทรายทอง จำกัด,100.0,,46313,,เชียงใหม่,DBD API (TaxID),ยังดำเนินกิจการอยู่
11x16881,นาย ขวัญเมือง ปานเรือง,,,ไม่พบข้อมูล,,,DBD API (TaxID),
11x17345,C.P.VIETNAM CORPORATION,,,,,,,
11x17720,"C.P.LAOS CO.,LTD",,,,,,,
11x17818,นาย อรรณพ  เหลืองปฐมอร่าม,,,,,,,
11x18752,คุณวิชัย แสงสุขเอี่ยม,,,ไม่พบข้อมูล,,,DBD API (TaxID),
11x19385,นายสาธิต พรวัฒนา,,,ไม่พบข้อมูล,,,DBD API (TaxID),
11x20028,บริษัท กิตติวดีศิลาพาณิชย์  จำกัด,80.0,6090,23961,,อุบลราชธานี,DIW register,
11x20448,บริษัท เอส เอส พี เพลส จำกัด,,,,,,,
11x20457,STOCK NGV,,,,,,,
11x20469,คุณจรูญรัตน์ อิ่มมั่น,,,ไม่พบข้อมูล,,,DBD API (TaxID),
11x20483,บริษัท ไทยเซรามิคพาวเวอร์ จำกัด (ยกเลิก),,,,,,,
11x20493,ห้างหุ้นส่วนจำกัด พี.เอส. อโกร-อินดัสเตรียล เซอร์วิส(ยกเลิก),,,,,,,
11x20501,momentive,,,,,,,
11x20503,บริษัท ซันฟู้ด อินเตอร์เนชั่นแนล จำกัด,133.575,42523.9,10111,,สระบุรี,DIW register,
11x20505,บริษัท ทีโอเอ เคมิคอล อินดัสตรีส์ จำกัด,800.0,,20299,,สมุทรปราการ,DBD API (TaxID),ยังดำเนินกิจการอยู่
11x20576,บริษัท อดิตยา เบอร์ล่า เคมีคัลส์ (ประเทศไทย) จำกัด,1293.596,10550,20299,,สมุทรปราการ,DIW register,
11x20606,KRIS  ENERGY,,,,,,,
11x20608,ซีพีเอฟ-หนองแค,,,,,,,
11x20610,FLORADUNAR,,,,,,,
11x20613,พีอีจี อินเตอร์เทค,,,ไม่พบข้อมูล,,,DBD API (TaxID),
11x20627,"Continental Petrochemicals (Thailand) Co., Ltd.",,,,,,,
11x20629,Absolute Vac,,,,,,,
11x20652,ไก่สดเซนทาโก,96.262267,3371.7,10111,,ปทุมธานี,DIW register,
11x20655,เอ็นเอชเค แอนโทลิน (ประเทศไทย),374.56,92.06,29309,,สมุทรปราการ,DIW register,
11x20666,ผลิตภัณฑ์ตราเพชร,166.0,5469.66,23953,,สระบุรี,DIW register,
11x20697,บริษัท วี.ซี.เอฟ กรุ๊ป จำกัด,12.8,157.63,23951,,พิจิตร,DIW register,
11x20707,นิคมอุตสาหกรรม304,,,,,,,
11x20717,บริษัท โตแมค เอเซีย จำกัด,,,,,,,
11x20842,พีเอพี แก็ส วัน จำกัด,,,,,,,
11x20856,Acushnet Titleist,,,,,,,
11x20885,บริษัท โกลบอลแอดวานซ์อินดัสตรี จำกัด,375.0,3003.17,20292,,ปราจีนบุรี,DIW register,
11x20888,บริษัท รีฟริเทค  จำกัด,76.55444,315.62,27101,,ปทุมธานี,DIW register,
11x20891,บริษัท ไทยลักซ์ เอ็นเตอร์ไพรส์ (ประเทศไทย) จำกัด,291.0,6071.81,10802,,เพชรบุรี,DIW register,
11x20943,AJINOMOTO กำแพงเพชร,,,,,,,
11x20946,"TKK Corporation Co.,Ltd.",,,,,,,
11x20980,"WS Pump.co.,ltd",,,,,,,
11x21014,BOONKASEM,,,,,,,
11x21023,น้ำมันพืชปทุม,846.0,115103.7,10419,,ปทุมธานี,DIW register,
11x21026,บริษัท เจบีเอฟ จำกัด,143.861755,9325.14,10801,,นครปฐม,DIW register,
11x21152,หจก. พิกมลบริการ,,,,,,,
11x21154,SCF,,,,,,,
11x21155,NFC,,,,,,,
11x21159,Operational Energy Group Limited,,,,,,,
11x21218,ฟีดสเปเชียลตี้,21.52,3227.65,10801,,ปทุมธานี,DIW register,
11x21227,ซีพีเอฟ-โคกกรวด,,,,,,,
11x21229,ราชาฟีดส์,75.0,476.8,10801,,สระบุรี,DIW register,
11x21237,มากอตโต-หัวปลวก,,,,,,,
11x21239,ซีพีเอฟ-โคกตูม,,,,,,,
11x21249,ซีพีเอฟ-กบินทร์บุรี,,,,,,,
11x21259,เอ็น.ที.เอส. สตีลกรุ๊ป,9306.0,137738.87,24101,,ชลบุรี,DIW register,
11x21262,บริษัท ฮอน ชวน (ประเทศไทย) จำกัด,427.486505,8980.93,22220,,ปทุมธานี,DIW register,
11x21265,ซีพีเอฟสัตว์น้ำ-มหาชัย,,,,,,,
11x21309,เบทาโกร-รง.3,,,,,,,
11x21311,บริษัท ซี บี เค เอ็นจิเนียริ่ง กรุ๊ป จำกัด,,,,,,,
11x21313,บริษัท ซูมิเพ็กซ์ (ประเทศไทย) จำกัด,0.0,3135.6,22230,,สมุทรปราการ,DIW register,
11x21334,บริษัท อาซาฮี คาเซอิ สปันบอนด์ (ประเทศไทย) จำกัด,3168.0,43054.32,13922,,ชลบุรี,DIW register,
11x21340,บริษัท ไทย อาซาฮี คาเซอิ สแปนเด็กซ์ จำกัด,1407.4,11347.88,20131,,ชลบุรี,DIW register,
11x21346,บริษัท อยุธยากล๊าส อินดัสทรี จำกัด,718.6,95959.54,23101,,พระนครศรีอยุธยา,DIW register,
11x21347,บริษัท พีเจ เทค ซัพพลาย จำกัด,,,,,,,
11x21348,บริษัท ไทย มาลายา กลาส จำกัด,1740.0,32770.82,23101,,สระบุรี,DIW register,
11x21349,บริษัท สแตนดาร์ด อินซูเลเตอร์ จำกัด.,74.0,1113.22,23101,,สมุทรปราการ,DIW register,
11x21357,บริษัท ซาเดซ่า (ประเทศไทย) จำกัด,82.353225,11666.44,15110,,พระนครศรีอยุธยา,DIW register,
11x21360,บริษัท วีเอ็น แอ็ดเทค จำกัด,,,,,,,
11x21363,บริษัท บลูฟาโล่ จำกัด,169.5,4913.7,10801,,นครปฐม,DIW register,
11x21364,INDORAMA  PETROCHEM LIMITED,,,,,,,
11x21366,บริษัท เอส วาย เทค คอปอร์เรชั่น จำกัด,,,,,,,
11x21368,บริษัท เอ็มทีอี จำกัด,100.0,,ไม่พบข้อมูล,,,Customer ID (Direct),
11x21369,บริษัท โอราโนส จำกัด,89.0,63,20113,,ฉะเชิงเทรา,DIW register,
11x21371,บริษัท เอเชี่ยน ฟีด จำกัด,117.1,15267.95,10801,,เพชรบุรี,DIW register,
11x21427,ห้างหุ้นส่วนจำกัด สหกิจท่าเรือบริการ,,,ไม่พบข้อมูล,,,DBD API (TaxID),
11x21429,ห้างหุ้นส่วนจำกัด พิทกมลบริการ,,,ไม่พบข้อมูล,,,DBD API (TaxID),
11x21482,"Advanced Industrial Techno and Services Co.,Ltd.",,,,,,,
11x21484,บริษัท มิสซิเบิล เทคโนโลยี่ จำกัด,,,,,,,
11x21487,B Living Property (Condo),,,,,,,
11x21489,I RICH,,,,,,,
11x21497,EXTERRAN,,,,,,,
11x21520,"A-WAN ENGINEERING CO.,LTD",,,,,,,
11x21578,"B.P.S. MAINTENANCE SERVICE CO.,LTD.",,,,,,,
11x21592,"SYNERGY SERVICES CO.,LTD.",,,,,,,
11x21634,AJINOMOTO พระประแดง,,,,,,,
11x21636,บริษัท โนวาซิล (ไทยแลนด์) จำกัด,435.423,0,21001,,สมุทรปราการ,DIW register,
11x21651,"STAR PLUS Chemical Co.,Ltd",,,,,,,
11x21658,บริษัท คาร์กิลล์สยาม จำกัด (รง.เพชรบุรี),,,,,,,
11x21707,วาย.โอ.เยนเนอรัล ซัพพลาย(1983) จำกัด,5.0,,43302,,กรุงเทพมหานคร,DBD API (TaxID),ยังดำเนินกิจการอยู่
11x21709,บริษัท ปั๊มเซิร์ฟ จำกัด,,,,,,,
11x21712,SCB,,,,,,,
11x21718,PPP GREEN,,,,,,,
11x21722,บริษัท เคสเทรล เทค จำกัด,,,,,,,
11x21825,B.P. Air,,,,,,,
11x21861,REPCO,,,,,,,
11x21886,บริษัทไนโตรเคมีอุตสาหกรรม  จำกัด,53.0,17366.78,20291,,สมุทรสาคร,DIW register,
11x21900,"B-TAC Industrial Automation Co.,Ltd.",,,,,,,
11x21936,ABFLOW,,,,,,,
11x21945,"Siam Mitsui PTA Co.,Ltd.",,,,,,,
11x21954,ATT Consultants,,,,,,,
11x21977,Bangchak Biofuel Company Limited,,,,,,,
11x21990,Veolia Water Technologies,,,,,,,
11x22004,Corbion,,,,,,,
11x22027,มิตรภาพอาหารสัตว์,270.770351,4601.8999999999996,10801,,ลพบุรี,DIW register,
11x22041,บริษัท เวิลด์ไวด์ โซลูชั่นส์ 2014 จำกัด,3.0,,78200,,กรุงเทพมหานคร,DBD API (TaxID),ยังดำเนินกิจการอยู่
11x22067,มากอตโต-หนองแค,,,,,,,
11x22073,รอแยลแคนอินดัสทรีส์,230.0,3280.86,10302,,สมุทรสาคร,DIW register,
11x22171,สเมทริคอล,,,,,,,
11x22191,TACTONIC,,,,,,,
11x22201,บริษัท ยูโรเปี้ยนสแนคฟู้ด จำกัด,118.0,4061.3,10712,,สมุทรปราการ,DIW register,
11x22237,บริษัท พรีแพค ประเทศไทย จำกัด,227.6,4501,22220,,ระยอง,DIW register,
11x22247,บริษัท แอบโซลูท แวค จำกัด,,,ไม่พบข้อมูล,,,DBD API (TaxID),
11x22258,บริษัท บีแทค อินดัสเตรียล ออโตเมชั่น จำกัด,,,ไม่พบข้อมูล,,,DBD API (TaxID),
11x22263,"Glow Energy Public Co., Ltd.",,,,,,,
11x22272,บริษัท ทองพูน เอ็นจิเนียริ่ง จำกัด,,,ไม่พบข้อมูล,,,DBD API (TaxID),
11x22274,ห้างหุ้นส่วนจำกัด อภินันทน์,,,,,,,
11x22284,SUMITOMO RUBBER,,,,,,,
11x22324,บางกอกแร้นช์ จำกัด (มหาชน),0.0,3587,1461,,เพชรบูรณ์,DIW register,
11x22327,ไทสัน ฟีด (ไทยแลนด์) จำกัด,1000.0,6253.17,10801,,ลพบุรี,DIW register,
11x22365,THAI STEAM,,,,,,,
11x22368,สุขภัคซัพพลาย,,,ไม่พบข้อมูล,,,DBD API (TaxID),
11x22376,บริษัท เจเทค ออโตเมชั่น เซ็นเตอร์ จำกัด,,,,,,,
11x22402,บริษัท เทคนิคัล โซลูชั่น,,,,,,,
11x22419,หจก. ธันวา เซลล์แอนด์เซอร์วิส,,,ไม่พบข้อมูล,,,DBD API (TaxID),
11x22430,บริษัท คาร์กิลล์สยาม จำกัด (รง.โคราช),,,,,,,
11x22547,คาร์กิลล์สยาม-ฉะเชิงเทรา,,,,,,,
11x22552,"Process Engineering Services Co., Ltd.",,,,,,,
11x22631,PSS Group of Companies (ONEPSS),,,,,,,
11x22636,Akesara,,,,,,,
11x22637,Eaksara,,,,,,,
11x22655,บริษัท ไก่สดเซนทาโก จำกัด,96.262267,3371.7,10111,,ปทุมธานี,DIW register,
11x22669,บริษัท เคพี เพาเวอร์เทค จำกัด,,,ไม่พบข้อมูล,,,DBD API (TaxID),
11x22685,บริษัท ซีอีเอส. เอ็นจิเนียริ่ง แอนด์ เมนเทนแนนซ์ เซอร์วิสเซส จำกัด,38.4,982,25922,,สงขลา,DIW register,
11x22722,บริษัท ฟิล์มมาสเตอร์ จำกัด,430.28,2572.4,22230,,สมุทรสาคร,DIW register,
11x22755,บริษัท คาร์กิลล์มีทส์ (ไทยแลนด์) จำกัด (รง.สระบุรี),,,,,,,
11x22766,ซีพีเอฟ-ขอนแก่น,,,,,,,
11x22822,"MONDELEZ INTERNATINAL(THAILAND)CO.,LTD.",,,,,,,
11x22838,Linde,,,,,,,
11x22931,บริษัท โอจิ เปเปอร์ (ไทยแลนด์) จำกัด,1412.5,22627.48,17012,,ปราจีนบุรี,DIW register,
11x22935,ฮ.รุ่งเรืองพัฒนา,,,,,,,
11x22936,บริษัท ปัญจพล พัลพ์ อินดัสตรี้ จำกัด(มหาชน),285.0,47003.65,17012,,พระนครศรีอยุธยา,DIW register,
11x22943,"WE SERVE ENGINEERING AND SERVICE CO., LTD.",,,,,,,
11x22964,ซีพี เมจิ,804.1,16451.46,10501,,สระบุรี,DIW register,
11x22976,Cosmic Engineering,,,,,,,
11x23051,บริษัท สงวนวงษ์อุตสาหกรรม จำกัด,145.0,2308.9899999999998,10622,,นครราชสีมา,DIW register,
11x23074,บริษัท วี.เอส.เค โมชั่น แอนด์ คอนโทรล จำกัด.,,,,,,,
11x23077,"big construction gas co.,Ltd",,,,,,,
11x23083,บริษัท ซีพีเอฟ  (ประเทศไทย) จำกัด  (มหาชน),41.5,9220.49,10111,,กรุงเทพมหานคร,DIW register,
11x23101,LIXIL (Thailand) Public Company Limited,,,,,,,
11x23103,TECHTRONIC,,,,,,,
11x23156,MOTOLOGY,,,,,,,
11x23164,ห้างหุ้นส่วนจำกัด ทีทีเอ็ม วิศวกรรม,,,ไม่พบข้อมูล,,,DBD API (TaxID),
11x23167,"ASSA INTERNATIONAL CO.,LTD",,,,,,,
11x23172,ซีพีเอฟ-สงขลา,,,,,,,
11x23173,Solvay,,,,,,,
11x23206,AQUIP,,,,,,,
11x23267,MODELEZ,,,,,,,
11x23318,บริษัท เอ็ม.ที.ที. เอ็นเตอร์ไพรส์ จำกัด,,,,,,,
11x23321,GFPT,,,,,,,
11x23323,GETEC,,,,,,,
11x23340,ไทย จี ซี ไอ เรซิน ท๊อป,,,,,,,
11x23350,PLUSMAX,,,,,,,
11x23352,การประปาส่วนภูมิภาค,17.6,475,36002,,ระยอง,DIW register,
11x23356,บริษัท ดู เดย์ ดรีม จำกัด (มหาชน),311.0,1493.44,20232,,พระนครศรีอยุธยา,DIW register,
11x23358,บริษัท วานิชย์เจริญ เทรดดิ้ง จำกัด,,,,,,,
11x23360,บริษัท ไทยซัมมิท ฮาร์เนส จำกัด (มหาชน),780.451,474.73,29309,,ชลบุรี,DIW register,
11x23370,บริษัท ไบร์ท ออโตเมชั่น (ประเทศไทย) จำกัด,,,ไม่พบข้อมูล,,,DBD API (TaxID),
11x23400,อาหารเบทเทอร์,793.0,9868.67,10131,,ปทุมธานี,DIW register,
11x23404,เบทาโกร-รง.ปากช่อง,,,,,,,
11x23437,ซีพีเอฟ มีนบุรี1,,,,,,,
11x23448,บริษัท จอห์นสัน แอนด์ จอห์นสัน คอนซูเมอร์ (ประเทศไทย),,,,,,,
11x23455,ENRICH,,,,,,,
11x23463,เบทาโกร-รง.4,,,,,,,
11x23469,เบทาโกร-วิศวกรรมส่วนกลาง,,,,,,,
11x23502,UBE,,,,,,,
11x23544,บริษัท โอ เอ เซลส์ แอนด์ เซอร์วิส  จำกัด,,,,,,,
11x23548,"TOKA ENGINEERING CO., LTD.",,,,,,,
11x23622,เอ็น ยู ที แมชชินเนอรี่,,,,,,,
11x23700,DOLE THAILAND,,,,,,,
11x23719,All Pumps,,,,,,,
11x23749,Asia Silicone Monomer,,,,,,,
11x23750,Asia Silicone Monomer (ASM),,,,,,,
11x23752,CALBEE,,,,,,,
11x23764,RACHABURI  ELECTRICAL,,,,,,,
11x23819,"INEOS Styrolution (Thailand) Co., Ltd.",,,,,,,
11x23927,บริษัท ลิกซิล (ประเทศไทย) จำกัด  (มหาชน),172.461824,9918.5,23939,,ปทุมธานี,DIW register,
11x23946,บริษัท  โตโยอิ๊งค์ (ประเทศไทย)  จำกัด,116.0,0,20222,,กรุงเทพมหานคร,DIW register,
11x24031,General Motor,,,,,,,
11x24033,Prime Parison,,,,,,,
11x24043,บริษัท บาฟส์ อินเทค จำกัด,130.0,490.16,29109,,สมุทรปราการ,DIW register,
11x24048,เบทาโกร -เซฟตี้มีท,,,,,,,
11x24054,บริษัท เอจีซี แฟลทกลาส (ประเทศไทย) จำกัด (มหาชน),7393.589554,26100.79,23101,,สมุทรปราการ,DIW register,
11x24064,DARAMIC,,,,,,,
11x24134,ซีพีเอฟ-วิศวกรรมส่วนกลาง,,,,,,,
11x24146,ผู้รับเหมา-โครงการไทยฟู้ดส์กบินทร์บุรี,,,,,,,
11x24172,บริษัทโอตานิ เรเดียล จำกัด,5390.0,77775.460000000006,22112,,นครปฐม,DIW register,
11x24185,บริษัท ทวีทรัพย์ แมชชินเนอรี่ แอนด์ เซอร์วิส จำกัด,1.0,,ไม่พบข้อมูล,,,DBD API (TaxID),
11x24212,บริษัท เดอะซีบอร์ด โฮลดิ้ง จำกัด,,,,,,,
11x24222,บริษัท น้ำเชี่ยว จำกัด,,,,,,,
11x24224,ซีพีเอฟ-ท่าเรือ,,,,,,,
11x24377,บริษัท อิมเพรส เอทานอล จำกัด,1500.0,16821.5,20114,,ฉะเชิงเทรา,DIW register,
11x24402,บริษัท ไทย เคเค อุตสาหกรรม จำกัด,727.00433,4659.84,17092,,สมุทรปราการ,DIW register,
11x24431,U-Services(สระบุรี),,,,,,,
11x24484,บริษัท น้ำตาลและอ้อยตะวันออก จำกัด (มหาชน),1668.61,383944.6,10721,,สระแก้ว,DIW register,
11x24494,วีทรีพี เอ็นจิเนียริ่ง,,,ไม่พบข้อมูล,,,DBD API (TaxID),
11x24507,THAI BITUMEN,,,,,,,
11x24553,ธาริกัน,5.0,,46319,,กรุงเทพมหานคร,DBD API (TaxID),ยังดำเนินกิจการอยู่
11x24628,บริษัท สยามมิชลิน จำกัด (สระบุรี),,,,,,,
11x24649,บริษัท มูบาดาลา ปิโตรเลียม (ประเทศไทย) จำกัด,,,,,,,
11x24681,บริษัท เพาเวอร์ อะไลน์เม้นท์ จำกัด,,,,,,,
11x24683,อายิโนะโมะโต๊ะ เบทาโกร สเปเชียลตี้ ฟู้ดส์,451.1,7446.67,10139,,ลพบุรี,DIW register,
11x24686,LENZING (THAILAND) COMPANY LIMITED,,,,,,,
11x24730,บริษัท ศรีราชาเอ็นจิเนียริ่งดีเวลลอปเมนท์ จำกัด,,,,,,,
11x24732,PROWINNER,,,,,,,
11x24758,Siam WP Group,,,,,,,
11x24765,โรงงานซีพีเอฟ ธุรกิจอาหารสำเร็จรูป สระบุรี (CPF),,,,,,,
11x24770,บริษัท แอ็คท์ (ประเทศไทย) จำกัด,,,,,,,
11x24798,PTTPLC,,,,,,,
11x24817,บริษัท นิปปอนเพนต์ (ประเทศไทย)  จำกัด,766.240611,6167.45,20221,,สมุทรปราการ,DIW register,
11x24827,EMC,,,,,,,
11x24862,พีแอนด์เอ็น อินเทลลิเจ้นท์ โพรวิชชั่น,,,,,,,
11x24912,บริษัท พาวเวอร์ เค จำกัด,,,,,,,
11x24929,บริษัท ทิสโก้ โตเกียว ลีสซิ่ง จำกัด,,,ไม่พบข้อมูล,,,DBD API (TaxID),
11x24963,บริษัท ดีเอส แอดว๊านซ์ เทค จำกัด,,,,,,,
11x24984,บริษัท แป้งมันเม่งเส็ง จำกัด,310.0,15463.9,10612,,นครราชสีมา,DIW register,
11x24989,"INNOVEK ASIA CO.,LTD",,,,,,,
11x24997,ศิรายุทธ,45.0,192.75,28160,,ปทุมธานี,DIW register,
11x25020,บริษัท คิงส์ ออฟ วาล์ว (หาดใหญ่) จำกัด,,,,,,,
11x25025,ซีพีเอฟ สระบุรี,,,,,,,
11x25029,DARAMIC (THAILAND),,,,,,,
11x25031,BLUREFIC,,,,,,,
11x25059,บริษัท เวิด์ล คูล เอ็นจิเนียริ่ง จำกัด.,,,ไม่พบข้อมูล,,,DBD API (TaxID),
11x25064,บริษัท นากิ เอ็นจิเนียริ่ง จำกัด,,,,,,,
11x25070,TPCC-TPAC,,,,,,,
11x25101,บริษัท วีพีเอฟ กรุ๊ป (1973) จำกัด,354.7,4224.42,10111,,เชียงใหม่,DIW register,
11x25103,ซีพีเอฟ-ลำพูน,,,,,,,
11x25108,เบทาโกร-ลำพูน,,,,,,,
11x25136,พีเอส เอ็นจิเนียริ่ง,,,,,,,
11x25152,บริษัท บางกอก เจนเนอรัล ซัพพลาย(ประเทศไทย) จำกัด,,,ไม่พบข้อมูล,,,DBD API (TaxID),
11x25188,บริษัท ซันเรนเดอร์ริ่ง จำกัด,94.2661,20519.16,10294,,สระบุรี,DIW register,
11x25220,บริษัท ไบโอมีเดีย (ประเทศไทย) จำกัด,,,,,,,
11x25240,บริษัท น้ำตาลครบุรี จำกัด,280.0,341692,10721,,นครราชสีมา,DIW register,
11x25245,บริษัท เบสต้า กู้ด โปร จำกัด,0.3,421,20221,,สมุทรปราการ,DIW register,
11x25259,UBT ENGINEERING,,,,,,,
11x25279,บริษัท มาสด้า พาวเวอร์เทรน แมนูแฟคเจอริ่ง (ประเทศไทย) จำกัด,6692.66,960.06,28110,,ชลบุรี,DIW register,
11x25285,ผลิตไฟฟ้าราชบุรี,7040.0,1012466.4,35101,,ราชบุรี,DIW register,
11x25294,คณะวิทยาการจัดการ มก.วิทยาเขตศรีราชา,,,,,,,
11x25299,ไทย ฟู้ดส์ อาหารสัตว์-ปราจีนบุรี,,,,,,,
11x25301,คาร์กิลล์สยาม-ปราจีนบุรี,,,,,,,
11x25394,"Advance Power Conversion Co.,Ltd.",,,,,,,
11x25464,คณะวิทยาการจัดการ มหาวิทยาลัยเกษตรศาสตร์,,,ไม่พบข้อมูล,,,DBD API (TaxID),
11x25472,บริษัท ไออาร์พีซี จำกัด  (มหาชน),100.0,334.56,20113,,ระยอง,DIW register,
11x25520,Gulf TS2 Company Limited,,,,,,,
11x25583,YUASA BATTERY,,,,,,,
11x25651,บริษัท ทรัพย์ทิพย์ กรีน เอ็นเนอร์ยี่ จำกัด,35.53,427,16299,,ลพบุรี,DIW register,
11x25836,"Turbo Elite Machinery (Thailand) Co., Ltd.",,,,,,,
11x25877,บริษัท พี เอส เอ็นจิเนียริ่ง แอนด์ ออโตเมชั่น จำกัด,,,ไม่พบข้อมูล,,,DBD API (TaxID),
11x25887,บริษัท เอส. วาย. เทค คอร์ปอเรชั่น จำกัด,,,ไม่พบข้อมูล,,,DBD API (TaxID),
11x25899,ซีพีสัตว์น้ำ-หนองแค,,,,,,,
11x25900,ซีพีสัตว์น้ำ-บ้านบึง,,,,,,,
11x25902,บริษัท แพน เมคแคนิค เอ็นจิเนียริ่ง จำกัด,43.0,277,28299,,ระยอง,DIW register,
11x25909,บริษัท อุบล ไบโอ เอทานอล จำกัด (มหาชน),1352.0,33643,20114,,อุบลราชธานี,DIW register,
11x25955,"THEREC ENGINEERING & CONSULTING CO., LTD.",,,,,,,
11x26003,บริษัท ไอ.พี.แมนูแฟคเจอริ่ง จำกัด,107.0,0,20231,,สมุทรปราการ,DIW register,
11x26020,บริษัท โทโดโรกิ (ไทยแลนด์) จำกัด,,,,,,,
11x26025,Siegwerk (Thailand) Ltd.,,,,,,,
11x26189,บริษัท โทกะ เอ็นจิเนียริ่ง จำกัด,,,ไม่พบข้อมูล,,,DBD API (TaxID),
11x26225,บริษัท เค.ซี.เอ็นจิเนียริ่ง ซิสเต็มส์ จำกัด,,,,,,,
11x26314,NFCT,,,,,,,
11x26423,"CES. Engineering & Maintenance Services Co.,Ltd.",,,,,,,
11x26438,SECO ASPHALT,,,,,,,
11x26525,ห้างหุ้นส่วนจำกัด ธันวา เซลล์แอนด์เซอร์วิส,,,ไม่พบข้อมูล,,,DBD API (TaxID),
11x26536,บริษัท เอ-วัลย์ เอ็นจิเนียริ่ง จำกัด,4.895,419.7,25949,,สมุทรสาคร,DIW register,
11x26563,"TECH LINE ENGINEERING CO.,LTD.",,,,,,,
11x26565,AJINOMOTO อยุธยา,,,,,,,
11x26567,PTT GSP,,,,,,,
11x26599,ซีพีเอฟ มีนบุรี2,,,,,,,
11x26604,บริษัท ซีพี-เมจิ จำกัด,804.1,16451.46,10501,,สระบุรี,DIW register,
11x26631,Seika,,,,,,,
11x26648,N.I.M. Company Limited,,,,,,,
11x26687,ซี. วาย. อีควิปเม้นท์ จำกัด,,,ไม่พบข้อมูล,,,DBD API (TaxID),
11x26689,MKK ASIA,,,,,,,
11x26717,บริษัท วิบูลย์วัฒนอุตสาหกรรม จำกัด,51.0,1233.4100000000001,16210,,ฉะเชิงเทรา,DIW register,
11x26738,SRF Industries (Thailand) Ltd.,,,,,,,
11x26750,โรงงาน บจก.เหล็กก่อสร้างสยาม ระยอง,,,,,,,
11x26768,ศุภภัฑณ์และบุตร,,,,,,,
11x26800,เทคโทนิค,,,,,,,
11x26934,BRS,,,,,,,
11x27097,CHU Engineering,,,,,,,
11x27126,Siam PKK Tech,,,,,,,
11x27143,บริษัท เอ็ม.ดี.เอ็กซ์ จำกัด,,,ไม่พบข้อมูล,,,DBD API (TaxID),
11x27192,บริษัท ออลล์ คอมพลีท จำกัด,,,,,,,
11x27197,บริษัท บัซเท็กซ์ จำกัด,,,,,,,
11x27261,บริษัท ออโตเมชั่น คอนซัลท์ แอนด์ เอ็นจิเนียริ่ง จำกัด,,,,,,,
11x27263,MCIC,,,,,,,
11x27265,บริษัท โชคประชา อิมพอร์ต แอนด์ เอ็กซ์พอร์ต จำกัด,,,,,,,
11x27344,บริษัท เจเจพี ซัพพลาย จำกัด,30.0,,46599,,กรุงเทพมหานคร,DBD API (TaxID),ยังดำเนินกิจการอยู่
11x27414,เอสพีอาร์ แมนทาแน้นท์,,,,,,,
11x27437,บริษัท ไทย ซูปาโก้ เอ็นจิเนียริ่ง แอนด์ ซัพพลาย จำกัด,,,,,,,
11x27515,"Mitsubishi Chemical Performance Polymers (Thailand) Co., Ltd.",,,,,,,
11x27528,เอสพี เทคโนเทรด,1.5,,25922,,เชียงใหม่,DBD API (TaxID),เลิก
11x27531,"TECH  VICE CO., LTD.",,,,,,,
11x27552,SIAM M AND J,,,,,,,
11x27597,Clean Energy System,,,,,,,
11x27600,"Reaxo Pharma & Chem Co., Ltd.,",,,,,,,
11x27636,"Unipower Advance Group Co., Ltd.",,,,,,,
11x27639,นิคมอุตสาหกรรมนวนคร,,,,,,,
11x27643,PTT LNG,,,,,,,
11x27684,คุณประเสริฐ พึ่งบุญพระ,,,,,,,
11x27686,RETRO POWER,,,,,,,
11x27693,บริษัท ฟ้าขวัญทิพย์ จำกัด,217.0,9601.9500000000007,20114,,ปราจีนบุรี,DIW register,
11x27706,บริษัท ไทยไดโซ แอโรโซล จำกัด,47.0,192.14,20232,,ชลบุรี,DIW register,
11x27715,"MULTIPHASE CORPORATION CO.,LTD.",,,,,,,
11x27718,"POLYSOUCE CO.,LTD",,,,,,,
11x27743,บริษัท ไซม์ ดาร์บี้ ออยส์ มรกต จำกัด (มหาชน),630.784637,17729.689999999999,10491,,สมุทรปราการ,DIW register,
11x27770,CROWN Khmer Beverage Cans Limited,,,,,,,
11x27772,"ACS Technology (Thailand) Co.,Ltd",,,,,,,
11x27773,SCG MOC,,,,,,,
11x27786,สนามกอร์ฟ ราชนาวี,,,,,,,
11x27792,บริษัท ซูเทค เอ็นจิเนียริ่ง จำกัด,2448.00091,7652.83,28299,,ราชบุรี,DIW register,
11x27816,สำนักการระบายน้ำ กรุงเทพมหานคร,,,,,,,
11x27821,หจก. ฐิติคุณ เอ็นจิเนียริ่ง เเอนด์ ซับพลาย,,,,,,,
11x27836,Siam Yamato Steel,,,,,,,
11x27853,บริษัท เจนซิส ออโตเมชั่น จำกัด,,,ไม่พบข้อมูล,,,DBD API (TaxID),
11x27857,APEX INDUSTRIAL,,,,,,,
11x27894,Phattana,,,,,,,
11x27898,บริษัท ธนา เเอนด์ ปันปัน เอ็นจิเนียริ่ง จำกัด,,,,,,,
11x27903,บริษัท ซันแฟลค(ประเทศไทย) จำกัด,1231.94457,32595.8,20131,,พระนครศรีอยุธยา,DIW register,
11x27908,เคเอ็นพี เซอร์วิช,,,,,,,
11x27910,กัลฟ์ เชียงรากน้อย,,,,,,,
11x27913,พีพีเอส อีเนอร์จี,,,,,,,
11x27970,บริษัท ดันล้อป แอดฮีซีฟส์ (ประเทศไทย) จำกัด,88.637795,146.41,20292,,ชลบุรี,DIW register,
11x28169,sys steel,,,,,,,
11x28206,บริษัท ชัยภูมิพืชผล จำกัด,135.0,9268.09,10612,,นครราชสีมา,DIW register,
11x28227,Nishiyama,,,,,,,
11x28231,"Continental Tyres (Thailand) Co., Ltd.",,,,,,,
11x28233,เบอร์รี่ยุคเกอร์ ฟูดส์,,,,,,,
11x28277,บริษัท เค ไอ เอทานอล จำกัด,327.0,8693.7000000000007,20114,,นครราชสีมา,DIW register,
11x28282,บริษัท เอี่ยมรุ่งเรือง อุตสาหกรรม จำกัด,445.0,10367.5,10612,,นครราชสีมา,DIW register,
11x28355,สยาม คริสตัล ไรซ์,75.0,2569.5,10491,,ฉะเชิงเทรา,DIW register,
11x28362,Crown Beverage Cans Myanmar Ltd.,,,,,,,
11x28434,"Mars Petcare (Thailand) Co., Ltd.",,,,,,,
11x28437,"Patthana Part & Service Co.,Ltd.",,,,,,,
11x28456,บริษัท ทีเทค อินโนเวชั่น จำกัด,,,ไม่พบข้อมูล,,,DBD API (TaxID),
11x28491,บริษัท เอ็มพี จี1 (ประเทศไทย) จำกัด,,,,,,,
11x28498,"YUSEN LOGISTICS (THAILAND) CO., LTD.",,,,,,,
11x28526,YONGHONG,,,,,,,
11x28536,บริษัท ไทยเต็มฟ้า จำกัด,,,ไม่พบข้อมูล,,,DBD API (TaxID),
11x28542,หจก.รุ่งนภาออยล์แอนด์ทรานสปอร์ต,,,,,,,
11x28568,บริษัท ซี. วาย. อีควิปเม้นท์ จำกัด,,,ไม่พบข้อมูล,,,DBD API (TaxID),
11x28609,บริษัท กรุงไทยอาหาร จำกัด (มหาชน),160.0,20600.96,10801,,สมุทรปราการ,DIW register,
11x28615,บริษัท มิตซูบิชิ เคมิคอล เพอร์ฟอร์มแมนซ์ โพลิเมอร์ส (ประเทศไทย) จำกัด,246.004,3470.66,22230,,ชลบุรี,DIW register,
11x28626,คุณณรงฤทธิ์ มุ่งอ้อมกลาง,,,ไม่พบข้อมูล,,,DBD API (TaxID),
11x28638,บริษัท ปุณ เอ็นจิเนียริ่ง แอนด์ ซัพพลาย จำกัด,,,,,,,
11x28641,เทอคิส,,,,,,,
11x28646,Tos Plant,,,,,,,
11x28673,ทรัพย์พลัสวัน,,,,,,,
11x28685,บริษัท ครีเอชั่น เซนเตอร์ จำกัด,,,ไม่พบข้อมูล,,,DBD API (TaxID),
11x28693,Diamond key International,,,,,,,
11x28811,Trans Thai-Malaysia (Thailand) Limited,,,,,,,
11x28817,บริษัท โอลิค (ประเทศไทย) จำกัด,695.0,0,21001,,พระนครศรีอยุธยา,DIW register,
11x28824,OEG,,,,,,,
11x28827,เหล็กก่อสร้างสยาม,4538.0,371126.8,24101,,ระยอง,DIW register,
11x28866,Electricity Generating Authority of Thailand (EGAT),,,,,,,
11x28910,บริษัท เอ ซี เอส เทคโนโลยี (ไทยแลนด์) จำกัด,,,ไม่พบข้อมูล,,,DBD API (TaxID),
11x28921,อมตะ สปริง คันทรีคลับ,,,,,,,
11x28924,"Toshiba Consumer Products (Thailand) Co.,Ltd.",,,,,,,
11x28934,"Sime Darby Oils Morakot Public Co., Ltd.",,,,,,,
11x29033,เกรทเทส เพ็ท แคร์,,,,,,,
11x29076,บริษัท เอ็น.ดี. รับเบอร์ จำกัด (มหาชน),140.239265,13385.6,22112,,ชลบุรี,DIW register,
11x29087,บริษัท เมตริก จำกัด,,,,,,,
11x29093,PREMIER LUBRICANT,,,,,,,
11x29145,"American Axle & Manufacturing (Thailand)Co.,Ltd",,,,,,,
11x29149,"FACO TECHNOLOGY CO.LTD,",,,,,,,
11x29151,บีพีฟู้ด,,,,,,,
11x29153,"HUAWEI TECHNOLOGIES (THAILAND) CO., LTD.",,,,,,,
11x29155,บริษัท ไอเมคคานิคส์ จำกัด,,,,,,,
11x29193,TN Maker,,,,,,,
11x29197,บริษัท เทคโทรนิค จำกัด,,,ไม่พบข้อมูล,,,DBD API (TaxID),
11x29199,PRODUCTIVE,,,,,,,
11x29203,บริษัท แอดวานซ์ พลัส เทคโนโลยี จำกัด,,,ไม่พบข้อมูล,,,DBD API (TaxID),
11x29207,บริษัท สีไทยกันไซเพ้นท์ จำกัด,13.29738,606.79999999999995,20221,,สมุทรปราการ,DIW register,
11x29222,บริษัท ทีโอเอ - ชูโกกุ เพ้นท์ จำกัด,190.0,2408,20221,,ฉะเชิงเทรา,DIW register,
11x29225,"Sumiden Steel Wire (Thailand) Co.,Ltd.",,,,,,,
11x29232,"Siam Waterjetting Supplies & Rental Co.,Ltd.",,,,,,,
11x29288,บริษัท สหศิลาภัณฑ์ราชบุรี จํากัด,,,,,,,
11x29298,ซีพีเอฟ - บ้านนา,,,,,,,
11x29299,บริษัท ไทย ฟู้ดส์ อาหารสัตว์ จำกัด,539.0,54129.57,10801,,ปราจีนบุรี,DIW register,
11x29367,PTT MCC,,,,,,,
11x29404,KCS,,,,,,,
11x29445,บริษัท ชัวร์ เทรดดิ้ง แอนด์ เซอร์วิส จำกัด,,,,,,,
11x29453,บริษัท ขอนแก่นกล๊าส อินดัสทรี จำกัด,102.0,2124,35302,,ขอนแก่น,DIW register,
11x29460,คาร์กิลล์มีทส์-โคราช,,,,,,,
11x29463,ไทย ฟู้ดส์ อาหารสัตว์-สุพรรณ,,,,,,,
11x29468,เพอร์เฟค คอมพาเนียน,,,,,,,
11x29503,-,,,,,,,
11x29507,"Zeon Chemicals (Thailand) Co., LTD.",,,,,,,
11x29519,บริษัท เวลล์ เทค เอ็นจิเนียริ่ง เซนเตอร์แอนด์แมชชีน จำกัด,,,,,,,
11x29597,บริษัท สยามรัฐ จำกัด,10.4,475.86,17092,,กรุงเทพมหานคร,DIW register,
11x29741,"Jiangsu Muyang Group Co., Ltd",,,,,,,
11x29849,BLUE REFRIGERATION,,,,,,,
11x29917,บริษัท เอ็มซี อินดัสเทรียลเคมิคัล จำกัด,,,ไม่พบข้อมูล,,,DBD API (TaxID),
11x29945,บริษัท เมตริก วิศวกรที่ปรึกษาและสถาปนิก จำกัด,,,,,,,
11x29948,Rohm & Haas Chemical,,,,,,,
11x29951,บริษัทไทยเบฟเวอเรจ จำกัด (มหาชน),,,,,,,
11x30020,บริษัท คอมเพล็กชั่น ซายน์ จำกัด,,,ไม่พบข้อมูล,,,DBD API (TaxID),
11x30048,บริษัท ยูนิโปร เเมนูเเฟคเจอริ่ง จำกัด (สำนักงานใหญ๋),,,,,,,
11x30051,THAI KYOWA,,,,,,,
11x30069,"N.T.S. Steel Group Public Co.,Ltd.",,,,,,,
11x30106,BYM TRADING,,,,,,,
11x30108,BERLI JUCKER FOODS,,,,,,,
11x30119,TNS ACCESSORIES,,,,,,,
11x30121,บริษัท เอ็นเชจ จำกัด,,,,,,,
11x30127,ไทย อะโกร เอ็นเนอร์ยี่,152.0,75200.94,20114,,สุพรรณบุรี,DIW register,
11x30181,จาร์ดีน เอ็นจิเนียริ่ง,,,ไม่พบข้อมูล,,,DBD API (TaxID),
11x30212,บริษัท กิตติ แมนูแฟคเจอริ่ง จำกัด,4.5,82,22220,,ปทุมธานี,DIW register,
11x30223,บริษัท ไซม์ ดาร์บี้ ออยส์,,,,,,,
11x30254,บริษัท เวิด์ล คูล เอ็นจิเนียริ่ง จำกัด,,,ไม่พบข้อมูล,,,DBD API (TaxID),
11x30261,MILLCON STEEL PLC.,,,,,,,
11x30280,Double A (1991) Public Company Limited,,,,,,,
11x30284,บริษัท อีมัลซิเฟลกซ์ จำกัด,,,ไม่พบข้อมูล,,,DBD API (TaxID),
11x30292,บริษัท อีซี่คอนโทรล ซิสเต็ม จำกัด,,,,,,,
11x30326,Water Tech System,,,,,,,
11x30335,บริษัท เอ็นเซจ จำกัด,,,,,,,
11x30365,Tomsa Destil,,,,,,,
11x30368,PROGRESS ENGINEERING AND SUPPLY,,,,,,,
11x30381,บริษัท เชฟเฟิร์ด เทค คอนซัลแตนซี่ ไพรเวท จำกัด,,,ไม่พบข้อมูล,,,DBD API (TaxID),
11x30383,บริษัท ธนา แอนด์ ปันปัน เอ็นจิเนียริ่ง จำกัด,,,ไม่พบข้อมูล,,,DBD API (TaxID),
11x30485,วนชัย เคมิคอล อินดัสทรี่ย์ จำกัด,,,,,,,
11x30499,Global Power Synergy Public Company Limited,,,,,,,
11x30646,ดับบลิวเทค คอร์ปอเรชั่น,,,,,,,
11x30817,กบทองเนรมิต,,,,,,,
11x30824,"AutoAlliance(Thailand) Co., Ltd.",,,,,,,
11x30866,NS BLUE SCOPE,,,,,,,
11x30869,MAP TA PHUT TANK TERMINAL,,,,,,,
11x30887,Rent Direct Asia,,,,,,,
11x30935,"Genos Innovation Service Co., Ltd.",,,,,,,
11x30996,บริษัท ทวีทรัพย์ แมชชินเนอร์รี่ แอนด์ เซอร์วิส จำกัด,,,,,,,
11x30998,บริษัท สมิหลา โคลต์ สโตเรจ จำกัด,,,,,,,
11x31091,"B.M.C Construction & Engineering Co.,Ltd.",,,,,,,
11x31139,"SOMWANGSUB ENGINEERING CO.,LTD.",,,,,,,
11x31186,บริษัท สยาม พีเคเค เทค จำกัด,,,ไม่พบข้อมูล,,,DBD API (TaxID),
11x31230,A.P.S.P. CONTROL,,,,,,,
11x31232,Next tech Engineering,,,,,,,
11x31415,บริษัท สเตพไวส์ จำกัด,,,ไม่พบข้อมูล,,,DBD API (TaxID),
11x31540,แอดวานซ์ แอนด์ เอ็กซิคิวชั่น จำกัด,,,ไม่พบข้อมูล,,,DBD API (TaxID),
11x31604,บริษัท เมคคานิก โพรวายเดอร์ แอนด์ เดเวลอปเม้นต์ จำกัด,,,ไม่พบข้อมูล,,,DBD API (TaxID),
11x31615,บริษัท เอ็ม พี ที เทคโนโลยี จำกัด,,,ไม่พบข้อมูล,,,DBD API (TaxID),
11x31619,บริษัท คิงส์สเตลล่า แลบบอราทอรี่ จำกัด,25.1,88.75,10801,,สมุทรปราการ,DIW register,
11x31623,KSL GREEN INNOVATION PUBLIC COMPANY LIMITED,,,,,,,
11x31695,บริษัท จีซีพี แอพพลายด์ เทคโนโลยีส์ โฮลดิ้งส์(ไทยแลนด์) จำกัด,0.0,0,20113,,สมุทรปราการ,DIW register,
11x31726,"EOC POLYMERS (THAILAND) CO.,LTD.",,,,,,,
11x31752,บริษัท ยู.อาร์. เคมีคอล จำกัด,55.0,1587.53,20221,,สมุทรปราการ,DIW register,
11x31767,บริษัท เบสแทคเคมิคอล จำกัด,8.0,547,20292,,สมุทรปราการ,DIW register,
11x31865,บริษัท เปอร์มาเฟล็กซ์ จำกัด,0.0,786.86,20292,,สมุทรปราการ,DIW register,
11x31868,บริษัท ฟิกส์เวลล์ จำกัด,10.8,480.5,20292,,สมุทรปราการ,DIW register,
11x31933,BIG,,,,,,,
11x31950,NSC,,,,,,,
11x31987,บริษัท พี เอส ซี อินดัสตรีย์ จำกัด,,,,,,,
11x32000,Buzztex,,,,,,,
11x32011,ห้างหุ้นส่วนจากัด เจเอสเอส ซัพพลาย แอนด์ เซอร์วิส,,,,,,,
11x32017,Tosplant,,,,,,,
11x32021,RAYCOL,,,,,,,
11x32123,บริษัท เค.ซี.พี.มาสเตอร์ไทย จำกัด,8.76656,76.819999999999993,22210,,นนทบุรี,DIW register,
11x32128,บริษัท เอเซียเปเปอร์ทิ้ว จำกัด,15.4,3656,14200,,พระนครศรีอยุธยา,DIW register,
11x32134,บริษัท ทรีบอนด์ แมนูแฟคเจอริ่ง (ประเทศไทย) จำกัด,75.0,858.85,20292,,ชลบุรี,DIW register,
11x32142,บริษัท ยูเนี่ยนปรอพเปอร์ตี้ จำกัด,60.0,2505.1,22210,,ปทุมธานี,DIW register,
11x32158,บริษัท เฮงเค็ล (ประเทศไทย) จำกัด,2261.84,1293.32,20113,,สมุทรปราการ,DIW register,
11x32198,บริษัท แอ็พพลาย ดีบี จำกัด (มหาชน) จำกัด,,,,,,,
11x32200,บริษัท ฟอร์คอนไทย ซีลแล้นท์ จำกัด,21.7,85.25,20292,,ปทุมธานี,DIW register,
11x32204,บริษัท วิลักษณานนท์ จำกัด,8.6,98.24,20292,,ปทุมธานี,DIW register,
11x32208,บริษัท พลิค เฟิร์สตัน (ประเทศไทย) จำกัด,8.8,94,20292,,ปทุมธานี,DIW register,
11x32211,บริษัท ไทยซีลีคอน แอ็คฮีชีฟเคมีคอล จำกัด,16.0,69,20292,,ชลบุรี,DIW register,
11x32235,บริษัท วี เทคนิค จำกัด,,,ไม่พบข้อมูล,,,DBD API (TaxID),
11x32280,บริษัท อัพเวนเจอร์ จำกัด,5614.122,65274.82,20114,,นครราชสีมา,DIW register,
11x32316,บริษัท ฮาร์ดฟอร์ด เพ้นท์ จำกัด,,,,,,,
11x32318,บริษัท พี.เอส.ซี. สตีลดัมส์ จำกัด,,,,,,,
11x32357,เจต้าแบค,,,,,,,
11x32361,บริษัท ศุภภัณฑ์และบุตร จำกัด,13.3,80,25949,,ฉะเชิงเทรา,DIW register,
11x32365,"Apex Industrial Co., Ltd.",,,,,,,
11x32374,บริษัท ซิกเวอร์ค (ประเทศไทย) จำกัด,0.0,780,20222,,สมุทรสาคร,DIW register,
11x32385,บริษัท ฟาเท็ค แอดวานซ์ อินซูเลชั่น จำกัด,,,,,,,
11x32391,บริษัท เซออน เคมิคัลส์ (ไทยแลนด์) จำกัด,515.0,0,20113,,ระยอง,DIW register,
11x32419,บริษัท เอส.ที.อี.พี.อิเล็กทริคอลโปรดักส์ จำกัด,,,ไม่พบข้อมูล,,,DBD API (TaxID),
11x32425,บริษัท สยาม คริสตัล ไรซ์ จำกัด,75.0,2569.5,10491,,ฉะเชิงเทรา,DIW register,
11x32428,บริษัท แอดวานซ์ แอนด์ เอ็กซิคิวชั่น จำกัด,,,ไม่พบข้อมูล,,,DBD API (TaxID),
11x32433,บริษัท สตาร์ บอนด์ (ไทยแลนด์) จำกัด,76.0,197.95,20292,,ชลบุรี,DIW register,
11x32446,"V.T.S. CONTRACTOR (THAILAND) CO.,LTD.",,,,,,,
11x32523,บริษัท พี.ซี.สยาม ปิโตรเลียม จำกัด,,,ไม่พบข้อมูล,,,DBD API (TaxID),
11x32573,คาร์กิลล์มีทส์-สระบุรี,,,,,,,
11x32583,บริษัท เคมเอ็กซ์ จำกัด,3.1,651.6,20292,,ฉะเชิงเทรา,DIW register,
11x32625,เบทาโกร-หนองบุญมาก,,,,,,,
11x32627,บริษัท เอ็น ที ดีไซน์ เอ็นจิเนียริ่ง จำกัด,,,,,,,
11x32630,บริษัท เกียรตินำโชค 2012 จำกัด,5.5,186.63,20292,,กาญจนบุรี,DIW register,
11x32634,บริษัท ยู ซี เอ็นเตอร์ไพรส์ จำกัด,17.476,213.02,23991,,นครปฐม,DIW register,
11x32647,บริษัท ไทย โตโย อลูมิเนี่ยม แพ็คเกจจิ้ง จำกัด,106.30389,298,23991,,นครปฐม,DIW register,
11x32650,บริษัท ออฟติเคม โพลิเมอร์ส (ประเทศไทย) จำกัด,138.408,713.85,20292,,ปราจีนบุรี,DIW register,
11x32660,ไอคอน เซอร์วิส,,,ไม่พบข้อมูล,,,DBD API (TaxID),
11x32732,เขื่อนวชิราลงกรณ์,,,,,,,
11x32784,"QTEC Technology Co., Ltd.",,,,,,,
11x32786,S&J International Enterprises Public Company Limited,,,,,,,
11x32805,GCME,,,,,,,
11x32856,บริษัท ไอคอนเซอร์วิส จำกัด,,,ไม่พบข้อมูล,,,DBD API (TaxID),
11x32862,บริษัท ยู-เซอร์วิสเซส (ประเทศไทย) จำกัด,94.0,438,27101,,ระยอง,DIW register,
11x32904,บริษัท ไทยเทปกาวอุตสาหกรรม จำกัด,238.451,1151,22199,,สมุทรสาคร,DIW register,
11x32907,ห้างหุ้นส่วนจำกัด เอ็มพีพียูนิตี้โปรดักส์ จำกัด,93.5,128.82,20292,,สมุทรสาคร,DIW register,
11x32972,Delta Elmech,,,,,,,
11x32976,wall technology co. ltd,,,,,,,
11x33037,บริษัท ซังโค อินดัสเทรียล โซลูชั่นส์ จำกัด,,,,,,,
11x33054,BST,,,,,,,
11x33080,ห้างหุ้นส่วนจำกัด อาร์เอส ริช เอ็นจิเนียริ่ง,,,ไม่พบข้อมูล,,,DBD API (TaxID),
11x33104,Honeywell Systems (Thailand) Ltd.,,,,,,,
11x33126,บริษัท อุดมชัย โลหะกิจ,,,,,,,
11x33128,บริษัท ส.นภา (ประเทศไทย) จำกัด,,,,,,,
11x33179,บริษัท เคเอ็นพลัส เทคโนโลยี จำกัด,,,ไม่พบข้อมูล,,,DBD API (TaxID),
11x33184,บริษัท อิมเพรส เอทานอล จำกัด,1500.0,16821.5,20114,,ฉะเชิงเทรา,DIW register,
11x33243,Acushnet Titleist (Thailand) Ltd,,,,,,,
11x33247,อินโนเวชั่น เมนเทนแนนซ์ เซอร์วิสเซส จำกัด,5.0,,33122,,ชลบุรี,DBD API (TaxID),ยังดำเนินกิจการอยู่
11x33258,บริษัท ไทยไอโซวอลล์ จำกัด,180.0,10679.04,22299,,สมุทรปราการ,DIW register,
11x33273,GC-M PTA Company Limited,,,,,,,
11x33286,อนันต์โชคไพศาล,,,,,,,
11x33288,ASE,,,,,,,
11x33359,บริษัท โกลบอล เพาเวอร์ ซินเนอร์ยี่ จำกัด,8855.0,976681.18,35101,,ชลบุรี,DIW register,
11x33370,ห้างหุ้นส่วนจำกัด โชคชัยกิจเจริญ (สำ,,,,,,,
11x33450,เอสอีเอ็ม ไทยแลนด์,,,ไม่พบข้อมูล,,,DBD API (TaxID),
11x33661,บริษัท อัศวิน เทคโนโลยี จำกัด,,,ไม่พบข้อมูล,,,DBD API (TaxID),
11x33674,PSV Flow Technology,,,,,,,
11x33769,เอสเอ็ม กรุ๊ป มาริไทม์ คอนซัลแท้นท์ จำกัด,,,,,,,
11x33880,PRO WINNER,,,,,,,
11x33927,"NSR Products Co.,Ltd.",,,,,,,
11x33943,McTric Public Company Limited,,,,,,,
11x33949,Glow IPP,,,,,,,
11x34062,"S.Napa (Thailand) Co., Ltd.",,,,,,,
11x34141,AMATA B-GRIMM,,,,,,,
11x34150,SIAMRAJ PUBLIC COMPANY LIMITED,,,,,,,
11x34158,ผาทอง24,52.0,142.19999999999999,23953,,นครศรีธรรมราช,DIW register,
11x34173,GOLDEN KITS,,,,,,,
11x34175,"S.napa (Thailand) Co.,Ltd.",,,,,,,
11x34271,บริษัท ไทย อะโกร เอ็นเนอร์ยี่ จำกัด (มหาชน),152.0,75200.94,20114,,สุพรรณบุรี,DIW register,
11x34293,qtec,,,,,,,
11x34294,บริษัท เวลแมน จำกัด,3.2,306.7,25922,,นนทบุรี,DIW register,
11x34316,ปั๊ม ซิสเท็ม(ประเทศไทย),,,,,,,
11x34366,MARSHAL FLUID,,,,,,,
11x34376,ดิปป์ โปรดักส์ (ประเทศไทย) จํากัด,,,,,,,
11x34379,บริษัท ศรีตรังแอโกรอินดัสทรี จำกัด (มหาชน),250.0,14261,22191,,สระแก้ว,DIW register,
11x34382,บริษัท ท้อปโกลฟ เมดิคอล(ไทยแลนด์),438.6,109142.54,22199,,สงขลา,DIW register,
11x34386,บริษัท ทีเอชเอส ดีเวลลอปเม้นท์ จำกัด,,,,,,,
11x34407,Honor Corporation Ltd.,,,,,,,
11x34458,Tata Steel (Thailand) Public Company Limited,,,,,,,
11x34460,"DYNAMIC CO.,LTD.",,,,,,,
11x34542,"Global Nana Tech Co.,Ltd.",,,,,,,
11x34604,BASF (Thai) Ltd.,,,,,,,
11x34631,บริษัท ยูไนเต็ดอลูมิเนียม อินดัสตรี้ จำกัด,2530.0,73614.47,24101,,ปราจีนบุรี,DIW register,
11x34633,"Thai Semcon Co.,Ltd",,,,,,,
11x34641,Thai American,,,,,,,
11x34684,ไตรโคเนียร์ แอ๊คมี จำกัด,,,,,,,
11x34698,บริษัท เอ็นไว เอ็นจิเนียริ่ง เซอร์วิส จำกัด,12.0,66.42,25910,,สมุทรปราการ,DIW register,
11x34727,ห้างหุ้นส่วนจำกัด นิวทัตธน,38.0,230,25922,,ระยอง,DIW register,
11x34731,บริษัท พีเอสวี โฟลว์ เทคโนโลยี จำกัด,,,ไม่พบข้อมูล,,,DBD API (TaxID),
11x34737,บริษัท เทอร์เรค เอ็นจิเนียริ่ง แอนด์ คอนซัลติ้ง จำกัด,,,ไม่พบข้อมูล,,,DBD API (TaxID),
11x34776,SiamEast Solutions Public Company Limited,,,,,,,
11x34979,บริษัท ภัทร โพรฟีเชียนท์ จำกัด,,,,,,,
11x35017,คาร์กิลล์สยาม-นครปฐม,,,,,,,
11x35025,A2S,,,,,,,
11x35168,บริษัท เหล็กก่อสร้างสยาม จำกัด,4538.0,371126.8,24101,,ระยอง,DIW register,
11x35180,บริษัท จีซี-เอ็ม พีทีเอ จำกัด,8350.0,62183.4,20113,,ระยอง,DIW register,
11x35193,DUPLEX ENGINEERING,,,,,,,
11x35240,สิทธิโชติ ซัพพลาย แอนด์ เซอร์วิส จำกัด,,,,,,,
11x35273,บริษัท  ภัทร  โพรฟีเชียนท์  จำกัด,,,,,,,
11x35336,"Global R&D Co., Ltd.",,,,,,,
11x35344,"Bangkok Petrotech Co.,Ltd.",,,,,,,
11x35407,บริษัท ภัณฑ์เอนก จำกัด,,,ไม่พบข้อมูล,,,DBD API (TaxID),
11x35411,บริษัท เมคเวิร์ธ จำกัด,,,ไม่พบข้อมูล,,,DBD API (TaxID),
11x35418,Elecchem,,,,,,,
11x35467,THAI POLYETHYLENE,,,,,,,
11x35477,"NATIONAL POWER SUPPLY PUBLIC CO.,LTD.",,,,,,,
11x35485,"Sang Chai Meter Co., Ltd.",,,,,,,
11x35534,Thai-Japan Gas,,,,,,,
11x35545,บริษัท เฉียวฟู (ไทยแลนด์) จำกัด,75.0,,22299,,สมุทรปราการ,DBD API (TaxID),ยังดำเนินกิจการอยู่
11x35548,บริษัท คอนติเนนทอล ไทร์ส (ประเทศไทย) จำกัด,1769.08,147894.5,22112,,ระยอง,DIW register,
11x35574,"Panasonic Manufacturing Ayuthaya Co., Ltd.",,,,,,,
11x35734,THANAMETHA SUPPLY COMPANY LIMITED,,,,,,,
11x35769,NHK Spring,,,,,,,
11x35777,บริษัท เพอฟอร์แมนซ์ เอ็นจิเนียริ่ง จำกัด,,,,,,,
11x35779,บริษัท โซลูชั่น คอนโทรล แอนด์เอ็นจิเนียริ่ง จํากัด,,,,,,,
11x35799,บริษัท เคพีดี บิสซิเนส จำกัด,25.5,306,20221,,ปทุมธานี,DIW register,
11x35884,บริษัท เอ็น.ที.เอส.สตีลกรุ๊ป จำกัด (มหาชน),9306.0,137738.87,24101,,ชลบุรี,DIW register,
11x35914,บริษัท จี พลัส (ประเทศไทย) จำกัด,,,,,,,
11x35920,ซีพีเอฟ-สัตว์น้ำมหาชัย,,,,,,,
11x36072,TPC Paste Resin (SCG),,,,,,,
11x36163,บริษัท อินเตอร์ คูลลิ่งดีไซน์ จำกัด,,,,,,,
11x36165,SCG MTT,,,,,,,
11x36256,ซีเอสโอ ปิโตรเลี่ยม,,,,,,,
11x36262,Global Green Chemicals Public Company Limited,,,,,,,
11x36318,ห้างหุ้นส่วนจำกัด โปรเกรส เอ็นจิเนียริ่ง แอนด์ เซอร์วิส,,,,,,,
11x36320,บริษัท โรงงานยางไทยสินอนันต์ (2516) จำกัด,23.0,422.77,22191,,กรุงเทพมหานคร,DIW register,
11x36357,"SM Group Maritimr consultant Co.,Ltd",,,,,,,
11x36359,มิลล์คอน-บางกระดี่,,,,,,,
11x36363,Rayong Terminal (SCG),,,,,,,
11x36382,บริษัท เเอล.พี มอเตอร์ จำกัด,,,,,,,
11x36388,PRECISION POWER,,,,,,,
11x36424,ซีพีเอฟ-สัตว์น้ำหนองแค,,,,,,,
11x36581,บริษัท เฟิร์ส เทคโนโลยี่ จำกัด,,,ไม่พบข้อมูล,,,DBD API (TaxID),
11x36724,BJC Glass (Thailand) Company limited,,,,,,,
11x36770,บริษัท เวอร์เท็คซ์ เอ็นจิเนียริ่ง จำกัด,20.0,626.98,28229,,สมุทรปราการ,DIW register,
11x36818,ENP,,,,,,,
11x36843,JELLY BELLY CANDY,,,,,,,
11x36889,บริษัท ซีอีโอ อกริฟู้ด จำกัด,30.0,11342,10491,,สิงห์บุรี,DIW register,
11x36899,CBI,,,,,,,
11x36988,TFMS-สระบุรี,,,,,,,
11x36998,"P.S. PETROTECH CO., LTD.",,,,,,,
11x37003,SMART PRO INTERTRAD,,,,,,,
11x37060,MP G1 (THAILAND) LIMITED [MUBADALA],,,,,,,
11x37079,บริษัท 304 อินดัสเตรียล ปาร์ค 7 จำกัด,242.006742,620,37000,,ปราจีนบุรี,DIW register,
11x37100,บริษัท อาหารเบทเทอร์  จำกัด,793.0,9868.67,10131,,ปทุมธานี,DIW register,
11x37123,"PTT MCC Biochem Co., Ltd.",,,,,,,
11x37161,"PKK Siam Co., Ltd.",,,,,,,
11x37163,PP Progress,,,,,,,
11x37169,บริษัท ยูนิโฟร์ เอ็นจิเนียริ่ง จํากัด,,,,,,,
11x37171,"Pronova Laboratories Co.,Ltd.,",,,,,,,
11x37173,กรุงเทพโฟม ซี.เอส.เอ.,19.0,106.5,22199,,สมุทรปราการ,DIW register,
11x37184,กรุงเทพโฟม,,,,,,,
11x37185,บริษัท กรุงเทพโฟม ซี.เอส.เอ. จำกัด,19.0,106.5,22199,,สมุทรปราการ,DIW register,
11x37240,"All Pumps Co., Ltd.",,,,,,,
11x37313,A WAN ENGINEERING,,,,,,,
11x37359,UNITED ASPHALT,,,,,,,
11x37365,บริษัท เอกรัฐวิศวกรรม จำกัด (มหาชน),191.613,8980.24,35101,,นนทบุรี,DIW register,
11x37369,Standard Manufacturing.co.ltd.,,,,,,,
11x37409,หจก.สุราษฎ์ แมคคานิค ซัพพลาย,,,,,,,
11x37413,MECHANIKA,,,,,,,
11x37416,"IACC Chemical Solutions Co., Ltd.",,,,,,,
11x37418,MT Engineering,,,,,,,
11x37420,บริษัท เจริญวิทย์ ซัพพลาย จำกัด,,,,,,,
11x37422,U prochecm,,,,,,,
11x37440,บริษัท ฟิวเจอร์เทค อิเล็คทริค จำกัด,,,ไม่พบข้อมูล,,,DBD API (TaxID),
11x37463,GREEN PROGRESS,,,,,,,
11x37475,ALLNEX,,,,,,,
11x37571,PS Agro,,,,,,,
11x37656,"Thai Energy Conservation Co., Ltd. (Thailand)",,,,,,,
11x37752,DPP ENGINEERING,,,,,,,
11x37774,โปรดักส์ดีเวลลอปเม้นท์เมนูแฟคเจอร์ริง,98.0,187,20113,,สมุทรสาคร,DIW register,
11x37803,Ital Thai,,,,,,,
11x37817,EAGLE INTERTRANS,,,,,,,
11x37892,บริษัท เจริญดีการสุรา 2005 จำกัด,154.7588,3275.73,11011,,กาญจนบุรี,DIW register,
11x37945,บริษัท เบยส์ เอ็นจิเนียริ่ง จำกัด,,,,,,,
11x38086,SGC TPE # Site 1,,,,,,,
11x38098,"THS DEVELOPMENT CO.,LTD.",,,,,,,
11x38121,ไทยประสิทธิ์แมชชีนเนอรี่ จำกัด,,,,,,,
11x38180,บริษัท ปูนซิเมนต์ไทย (ท่าหลวง) จำกัด,3.0,260.36,23953,,สมุทรปราการ,DIW register,
11x38188,บริษัท ทีพีไอ โพลีน เพาเวอร์ จำกัด (มหาชน),950.300926,66995.5,35302,,สระบุรี,DIW register,
11x38220,DRK,,,,,,,
11x38242,บริษัท ไทยมาลายากลาส,1740.0,32770.82,23101,,สระบุรี,DIW register,
11x38246,บริษัท พีทีที (ลาว) จำกัด,,,,,,,
11x38264,ฺBelken System,,,,,,,
11x38490,บริษัท สยามคราฟท์ อุตสาหกรรม จำกัด,7.8417,220,23991,,นนทบุรี,DIW register,
11x38577,สุขการช่าง,,,ไม่พบข้อมูล,,,DBD API (TaxID),
11x38629,BLUE GAS,,,,,,,
11x38651,"Thai Otsuka Pharmaceutical Co.,Ltd.",,,,,,,
11x38708,"World Wide Solutions 2014 Co., Ltd.",,,,,,,
11x38723,บริษัท ไซน่าสเตทคอนสตรัคชั่นเอ็นจิเนียริ่ง จำกัด,,,,,,,
11x38759,Eidensha (Thailand) Co. Ltd.,,,,,,,
11x38810,Famsun Group-China,,,,,,,
11x38859,บริษัท ยูโรเปี้ยน สแนค ฟู้ด จำกัด,118.0,4061.3,10712,,สมุทรปราการ,DIW register,
11x38960,"PHOTHI SIRIN THAI CONSULTANT Co., LTD.",,,,,,,
11x38995,บริษัท บูห์เลอร์ (ประเทศไทย) จำกัด,,,,,,,
11x38996,BLU GAS,,,,,,,
11x39028,บริษัท ชิฟ เอ็นจิเนียริ่ง จำกัด,,,,,,,
11x39046,STYROLUTION (THAILAND) CO LTD,,,,,,,
11x39095,ห้างหุ้นส่วนจำกัด เฮอร์คิวลิส ซีล,,,,,,,
11x39100,USERVICE THAILAND,,,,,,,
11x39107,"E-Square Environment & Engineering Co.,Ltd.",,,,,,,
11x39182,Sutee,,,,,,,
11x39193,บริษัทอิตัลไทย,,,,,,,
11x39270,Bangkok Live,,,,,,,
11x39301,GRADIANT,,,,,,,
11x39305,บจก.สวโรจน์ เซลส์แอนด์เซอร์วิส,,,,,,,
11x39401,ทีเอ เทรดดิ้ง แอนด์ ซัพพลาย เซอร์วิส,,,,,,,
11x39407,sino-pacific,,,,,,,
11x39419,กำนันปัญญา,,,,,,,
11x39425,"TPC paste resin co.,ltd",,,,,,,
11x39459,แอ็คเทียส (ไทยแลนด์) จำกัด,,,ไม่พบข้อมูล,,,DBD API (TaxID),
11x39516,Top Myanmar Engineering,,,,,,,
11x39518,PKM DEVELOPMENT,,,,,,,
11x39559,บริษัท ซูเอซ วอเตอร์ เทคโนโลยีส์ แอนด์ โซลูชั่นส์ (ประเทศไทย) จำกัด,,,,,,,
11x39654,TPM Engineering,,,,,,,
11x39665,บริษัท ฟลูอิด ไลน์ ซิสเท็มส์ จำกัด,,,,,,,
11x39717,แก๊สซัพพลาย เชียงใหม่,,,,,,,
11x39814,"CCM Spirits Co., Ltd",,,,,,,
11x39860,อำพลฟู๊ด,,,,,,,
11x39867,บริษัท เอเซีย เอ็นจิเนียริ่งแพค จำกัด,11.5,556,25922,,กรุงเทพมหานคร,DIW register,
11x39888,บริษัท ไดนามิก จำกัด,,,ไม่พบข้อมูล,,,DBD API (TaxID),
11x39891,บริษัท สยาม ณครพรรณ 2019 จำกัด,,,ไม่พบข้อมูล,,,DBD API (TaxID),
11x39893,"US Embassy Bangkok, Thailand",,,,,,,
11x39941,คาร์กิลล์สยาม-พิษณุโลก,,,,,,,
11x39999,"ARTHIT E&C CO., LTD",,,,,,,
11x40132,"ELECTRO CERAMICS (THAILAND) CO.,LTD.",,,,,,,
11x40242,บริษัท บีอาร์เอส พาร์ท เซอร์วิส จำกัด,,,ไม่พบข้อมูล,,,DBD API (TaxID),
11x40290,บริษัท ซีทู เอ็นเตอร์ไพร์ส เซอร์วิส จำกัด,,,,,,,
11x40299,กองกษาปณ์,,,ไม่พบข้อมูล,,,DBD API (TaxID),
11x40304,บริษัท สุขการช่าง จำกัด,,,ไม่พบข้อมูล,,,DBD API (TaxID),
11x40314,บริษัท เพทโทร-อินสตรูเมนท์ จำกัด,,,ไม่พบข้อมูล,,,DBD API (TaxID),
11x40320,StarWood Chemical,,,,,,,
11x40436,SHERWOOD CHEMICALS Public Company Limited,,,,,,,
11x40458,GC STYRENICS,,,,,,,
11x40464,เวิลด์ เอ็นจิเนียริ่ง เซอร์วิส แอนด์ ซัพพลาย จำกัด,,,,,,,
11x40537,"Clariant (Thailand) Co.,Ltd",,,,,,,
11x40547,Siri Equipment,,,,,,,
11x40555,บริษัท โกลบอลโทรนิค อินเตอร์เทรด จำกัด,,,,,,,
11x40610,Low Price Component,,,,,,,
11x40623,"Myanmar Electrical & Instrumentation Co.,Ltd",,,,,,,
11x40632,กิ่งแก๊วแก๊ส,,,,,,,
11x40684,THAI NITRATE,,,,,,,
11x40701,เฟริส เทคโนโลยี,,,,,,,
11x40713,ENERGY ABSOLUTE,,,,,,,
11x40804,บริษัท ยูวาเทค จำกัด,,,ไม่พบข้อมูล,,,DBD API (TaxID),
11x40860,PASCAL INTERTECH,,,,,,,
11x40880,กรุงไทยอาหาร-บ้านบึง,,,,,,,
11x40887,บี เอ็น บราเดอร์,400.0,2939.5,20221,,สมุทรปราการ,DIW register,
11x40973,ห้างหุ้นส่วนจำกัด กิ่งแก้วแก๊ส,,,ไม่พบข้อมูล,,,DBD API (TaxID),
11x41085,Puratos,,,,,,,
11x41143,"TECHNOLOGY & ENGINEERING SQUARE CORP., LTD.",,,,,,,
11x41220,TOPGAS,,,,,,,
11x41227,บริษัท ดีดี อุบล เอ็นจิเนียริ่ง จำกัด,,,,,,,
11x41239,บริษัท บอนด์ เคมีคอลส์ จำกัด,19.328735,982,20292,,กรุงเทพมหานคร,DIW register,
11x41246,KS INTERCOOL,,,,,,,
11x41395,ทีดิก เซาท์ จำกัด,0.0,0,20113,,สงขลา,DIW register,
11x41401,บริษัท พรีม่าวิสต้าคอนสตรัคชั่น จำกัด,,,,,,,
11x41413,แนททูร่า วัน,136.3,487.17,10420,,สุราษฎร์ธานี,DIW register,
11x41421,ที ที เอ็ม วิศวกรรม,,,ไม่พบข้อมูล,,,DBD API (TaxID),
11x41423,POSCO,,,,,,,
11x41481,"Utoc (Thailand) Co.,Ltd.",,,,,,,
11x41545,บริษัท ออเร้นจ์ โซลูชั่น จำกัด,,,,,,,
11x41592,"Besto Exim Co., Ltd.",,,,,,,
11x41712,NEW STAR,,,,,,,
11x41727,GREEN PRODUCT,,,,,,,
11x41732,พูราโต๊ส,,,,,,,
11x41733,บริษัท พูราโต๊ส จำกัด,,,,,,,
11x41745,บริษัท ไทยโตชิบาอุตสาหกรรม จำกัด,271.0,8366.32,27101,,นนทบุรี,DIW register,
11x41748,บริษัท พานาโซนิค รีฟริกเจอเรชั่น ดิไวซ์ (ไทยแลนด์) จำกัด,,,,,,,
11x41751,บริษัทสยามอุตสาหกรรมเทปกาว จำกัด,60.0,115.5,28160,,ชลบุรี,DIW register,
11x41757,บริษัท ฮานา ไมโครอิเล็คโทรนิคส จำกัด (มหาชน),204.22,3465.5,26521,,ลำพูน,DIW register,
11x41760,บริษัทอิเล็คโทรเซรามิคส์(ไทยแลนด์)จำกัด,,,,,,,
11x41762,บริษัท เอ จี ซี ไมโครกลาส (ประเทศไทย) จำกัด,245.21012,491.09,26402,,ลำพูน,DIW register,
11x41765,บริษัทโฮยา ลำพูน จำกัด,,,,,,,
11x41770,บริษัท ทาคาโนะ (ประเทศไทย) จำกัด,505.925,773.26,26402,,ลำพูน,DIW register,
11x41773,บริษัท เคียวเซร่า (ประเทศไทย)จำกัด,1042.7,1686.02,26402,,ลำพูน,DIW register,
11x41786,บริษัท แดรี่ไทย จำกัด,96.614,1280.54,10501,,ราชบุรี,DIW register,
11x41885,Besto Exim Co.Ltd,,,,,,,
11x41957,"KYOCERA Asia Pacific (Thailand) Co., Ltd.",,,,,,,
11x41964,"KYOCERA (THAILAND)CO.,LTD",,,,,,,
11x41965,ห้างหุ้นส่วนจำกัด กิจวิริยะ เทรดดิ้ง,55.0,75,52293,,กรุงเทพมหานคร,DIW register,
11x42021,เบญจมณี,2.65,256,25910,,ปทุมธานี,DIW register,
11x42072,Le Creuset Manufacturing (Thailand),,,,,,,
11x42074,"MITSUBISHI POWER, LTD",,,,,,,
11x42081,"BMI Development Co.,Ltd",,,,,,,
11x42114,บริษัท แปดริ้วเครื่องเย็นเชียงใหม่ - 1994จำกัด,5.8,183.75,28160,,เชียงใหม่,DIW register,
11x42149,หจก. บุญรักษา เอ็นจิเนียริ่ง ซัพพลาย,,,,,,,
11x42153,CPPESEA,,,,,,,
11x42167,บริษัท พนัส ฟีดมิลล์ จำกัด,731.0,6415.5,10801,,ชลบุรี,DIW register,
11x42169,เอ็นเทค แมเนจเม้นท์,,,,,,,
11x42228,บริษัท อินฟินิตี้ แอ๊บโซลูท จำกัด,,,ไม่พบข้อมูล,,,DBD API (TaxID),
11x42234,บริษัท ยูนิโฟร์ เอ็นจิเนียริ่ง จำกัด,1.0,,ไม่พบข้อมูล,,,DBD API (TaxID),
11x42253,บริษัท ไทยอาซาฮีเคมีภัณฑ์  จำกัด,300.0,131859.23000000001,20113,,ระยอง,DIW register,
11x42258,"Acteus (Thailand) Co., Ltd.",,,,,,,
11x42262,บริษัท เบ็ทเทอร์ฟาร์มา จำกัด,,,,,,,
11x42285,บริษัท พงษ์ภัทร เอนเตอร์ไพรส์ จำกัด,57.0,276,23953,,นนทบุรี,DIW register,
11x42320,บริษัท แอมคอร์ เฟล็กซิเบิ้ล ชลบุรี จำกัด,437.373192,5589.35,17092,,ชลบุรี,DIW register,
11x42325,บริษัท เฟิร์ส ซัพพลาย เอ็นจิเนียริ่ง จำกัด,,,,,,,
11x42327,ส่วนก่อสร้างและบูรณะถนน๑ สำนักงานก่อสร้างและบูรณะ สำนักการโยธา,,,,,,,
11x42330,"TOMSA DESTIL (THAILAND) CO., LTD.",,,,,,,
11x42347,"BANGKOK COLD STORAGE SERVICE, LTD.",,,,,,,
11x42388,บริษัท เอกชาติอุฤทธิ์ จำกัด,,,,,,,
11x42396,ห้างหุ้นส่วนจำกัด ๕ เสือ เอ็นจิเนียริ่ง,,,ไม่พบข้อมูล,,,DBD API (TaxID),
11x42451,PSS,,,,,,,
11x42465,ห้างหุ้นส่วนจำกัด เค.ที.พี.พี คอนสตรัคชั่น แอนด์ ซัพพลาย,,,,,,,
11x42526,บริษัท ไทยนครเพนท์แอนด์เคมีคอล จำกัด,2.8,287.33999999999997,20221,,กรุงเทพมหานคร,DIW register,
11x42532,บริษัท สยามวอเตอร์เจ็ทติ้งซัพพลายแอนด์เรนท์ทัล จำกัด,,,ไม่พบข้อมูล,,,DBD API (TaxID),
11x42639,ยูนิคแก๊ส แอนด์ ปิโตรเคมิคัลส์,5.0,2695,46613,,ฉะเชิงเทรา,DIW register,
11x42647,บริษัท อี 3 เอเซีย จำกัด,,,,,,,
11x42650,"Techtronic Co.,Ltd.",,,,,,,
11x42690,บริษัท โตกิโอะ เอ็นจิเนียริ่ง จำกัด,,,ไม่พบข้อมูล,,,DBD API (TaxID),
11x42720,ที เค เอส เคมิคอล (ประเทศไทย) จำกัด,15.0,2149.5,20221,,สมุทรปราการ,DIW register,
11x42764,บริษัท ไทยพัฒนสิน (จิ้นเส็ง 2000) จำกัด,,,ไม่พบข้อมูล,,,DBD API (TaxID),
11x42788,บริษัท บางกอกโคลด์สโตริจเซอร์วิส จำกัด,11.0,976.17,52101,,สมุทรปราการ,DIW register,
11x42794,บริษัท สยามวอเตอร์เจ็ทติ้งซัพพลาย แอนด์ เรนท์ทัล จำกัด,,,ไม่พบข้อมูล,,,DBD API (TaxID),
11x42906,โรงงาน นิคมอุตสำหกรรมดับบลิวเอชเอ ชลบุรี1 358 ต.บ่อวิน อ.ศรีราชา ชลบุรี,,,,,,,
11x42907,บริษัท จี เจ สตีล จำกัด (มหาชน) (GJS),,,,,,,
11x42936,บริษัท เอสซี พาร์ทเทค จำกัด,,,,,,,
11x43248,บริษํท ลัคกี้แคร์ริเออร์ จำกัด,,,,,,,
11x43250,บริษัท ลัคกี้แคร์ริเออร์ จำกัด,,,ไม่พบข้อมูล,,,DBD API (TaxID),
11x43265,บริษัท ไทย-อินเตอร์ อีเลคทริค อินดัสตรีส์ จำกัด,,,,,,,
11x43283,หจก. ส.พิพัฒน์พานิช,,,,,,,
11x43284,Total Corbion,,,,,,,
11x43402,บริษัท สวอนอินดัสทรี่ส์ (ประเทศไทย) จำกัด,301.0,2375.15,25949,,สมุทรปราการ,DIW register,
11x43413,หจก. ปิโตรพลัส วัน แอนด์ เซอร์วิส,,,,,,,
11x43415,หจก. ปิโตร พลัส วัน แอนด์ เซอร์วิส,,,,,,,
11x43420,บีทเทค-ไทย เอ็นจิเนียริ่ง,,,,,,,
11x43467,บริษัท คาสทูล 180 จำกัด,254.0,1139.5999999999999,28199,,ชลบุรี,DIW register,
11x43507,"Grand Best Tech Co.,Ltd.",,,,,,,
11x43702,บริษัท ไซ-อาร์กัส จำกัด,,,,,,,
11x43723,บริษัท เฌอร่า  จำกัด (มหาชน),11.0,485.22,20112,,ลพบุรี,DIW register,
11x43725,บริษัท เฌอร่า จำกัด (มหาชน),11.0,485.22,20112,,ลพบุรี,DIW register,
11x43752,บริษัท สยามแก๊ส แอนด์ ปิโตรเคมีคัลส์ จำกัด (มหาชน),61.1,426.5,25921,,ขอนแก่น,DIW register,
11x43757,KrisEnergy (Apsara) Company Limited,,,,,,,
11x43791,บริษัท ยูนิคแก๊ส แอนด์ ปิโตรเคมิคัลส์ จำกัด (มหาชน),5.0,2695,46613,,ฉะเชิงเทรา,DIW register,
11x43869,บริษัท ไทยเบเวอร์เรจแคน จำกัด,5237.000002,8382.23,25949,,สระบุรี,DIW register,
11x43959,บริษัท พงศ์พารา รับเบอร์ จำกัด,34.0,499,28230,,สมุทรสาคร,DIW register,
11x43971,บริษัท จีเนียส เอนจิเนียริ่ง จำกัด,33.7118,124.3,28219,,ปราจีนบุรี,DIW register,
11x43974,ห้างหุ้นส่วนจำกัด ภัทรธร เอ็นจิเนียริ่ง,,,,,,,
11x43977,ไทยฟู้ดส์ โรงชำแหละไก่ ท่ามะกา,,,,,,,
11x44036,บริษัท พลัส เทค เอ็นจิเนียริ่ง จำกัด,,,,,,,
11x44043,SB FOOD,,,,,,,
11x44094,บริษัท ซูพรีมเซลล์โฟม จำกัด,11.2,75.12,13922,,เชียงราย,DIW register,
11x44182,Gulf,,,,,,,
11x44240,บริษัท เอ็ม พี เจ โลจิสติกส์ จำกัด,2.7,191,33121,,ชลบุรี,DIW register,
11x44245,บริษัท เกรทโอเรียนเต็ลเทรดดิ้ง จำกัด,,,,,,,
11x44247,AZBIL,,,,,,,
11x44252,TRC CONSTRUCTION,,,,,,,
11x44379,"INNOVEK ASIA CO., LTD.",,,,,,,
11x44413,บริษัท เอส. บี. ฟู้ด จำกัด,89.0,1718.53,10743,,ระยอง,DIW register,
11x44423,"KRP (KORAPAK) ENGINEERING CO., LT.D",,,,,,,
11x44425,GC GLYCOL COMPANY LIMITED (GC POLYOLS),,,,,,,
11x44455,NSI DESIGN CONSTRUCTION,,,,,,,
11x44468,บริษัท โตโยไซกัน (ประเทศไทย) จำกัด,1443.788,30211.94,11049,,พระนครศรีอยุธยา,DIW register,
11x44480,บริษัท ชบาบางกอก จำกัด,100.0,7211.83,10139,,สมุทรปราการ,DIW register,
11x44496,SK ENGINEERING,,,,,,,
11x44609,บริษัท อี.ไอ.พี. พาวเวอร์ แมเนจเม้นท์ จำกัด,,,,,,,
11x44706,3son trading,,,,,,,
11x44765,บริษัท เอ็มเอสพี แมชชีนทูลส์ จำกัด,,,,,,,
11x44934,GRACE DEAL,,,,,,,
11x44944,AKZO NOBEL PAINTS,,,,,,,
11x44971,benpac packaging ltd.,,,,,,,
11x44973,บริษัท นิคโก้ เอเชีย ประเทศไทย,,,,,,,
11x45020,THAI PETROLEUM SUPPORT,,,,,,,
11x45025,Sanyo kasei (thailand) ltd,,,,,,,
11x45083,New Tatton,,,,,,,
11x45119,บริษัท สยามไฟเบอร์ซีเมนต์กรุ๊ป จำกัด,90.0,11546.45,23992,,สระบุรี,DIW register,
11x45126,dalong gas and petrochemical,,,,,,,
11x45131,บริษัท เอกรัฐวิศวกรรม จำกัด,191.613,8980.24,35101,,นนทบุรี,DIW register,
11x45145,บริษัท เกรสดีล จำกัด,,,ไม่พบข้อมูล,,,DBD API (TaxID),
11x45224,บริษัท  ไทยเบฟเวอเรจเเคน จำกัด,,,,,,,
11x45250,หน้าแรก > บริษัท เอ็น เอส เค แบริ่งส์ (ประเทศไทย) จำกัด บริษัท เอ็น เอส เค แบริ่งส์ (ประเทศไทย) จำกั,,,,,,,
11x45251,บริษัท เอ็น เอส เค แบริ่งส์ (ประเทศไทย) จำกัด,,,ไม่พบข้อมูล,,,DBD API (TaxID),
11x45258,หจก.อรุณีค้าแป้ง,0.7,170.88,10615,,กำแพงเพชร,DIW register,
11x45447,"Oskon.Co.,ltd",,,,,,,
11x45473,บริษัท เอเอ็มซี ซิสเต็ม (ประเทศไทย) จำกัด,,,,,,,
11x45510,Wood,,,,,,,
11x45615,PTT Phenol,,,,,,,
11x45624,CNPS,,,,,,,
11x45631,บริษัท เอ็นเอฟซี จำกัด (มหาชน),5.5,250.5,46613,,ปทุมธานี,DIW register,
11x45639,บริษัท เอ็กซ์เซล แมททีเรียลส์ จำกัด,100.0,490,20221,,สมุทรสาคร,DIW register,
11x45641,"DALONG GAS AND PETROCHEMICALS CO.,LTD.",,,,,,,
11x45672,"Great Technical Service & Associate Co., Ltd.",,,,,,,
11x45675,หจก เอ็ม พี เทรดดิ้ง,,,,,,,
11x45686,บริษัท เอฟสแควร์ อินเตอร์เนชั่นแนล กรุ๊ป,,,,,,,
11x45692,หจก.ดวงทิพย์ เทรด แอนดื เซอร์วิส,,,,,,,
11x45776,กิจการร่วมค้า เอสที-แมกซ์เอนส์-ทีดับบิว,,,,,,,
11x45817,HYNDAI ENGINEERING,,,,,,,
11x45819,บริษัท เชียงใหม่ สมาร์ท จำกัด,,,ไม่พบข้อมูล,,,DBD API (TaxID),
11x45826,SYSTANO,,,,,,,
11x45888,มิตซูบิชิ คอร์ปอเรชั่น,,,ไม่พบข้อมูล,,,DBD API (TaxID),
11x46121,บริษัท สำเภา เอ็นจิเนียริ่ง อินดัสทรี จำกัด,11.85,293.08,27101,,นครปฐม,DIW register,
11x46126,แม่น้ำ เรสซิเดนท์,,,,,,,
11x46150,Mazda Powertrain Manufacturing Thailand,,,,,,,
11x46247,B.Grim,,,,,,,
11x46373,"SUBSERVICE AND SUPPLY (2010) LTD., PART",,,,,,,
11x46381,"ITP Co.,LTD",,,,,,,
11x46455,Thai Plastic Chemical (SCG-DOW),,,,,,,
11x46464,บริษัท โตโยอิ๊งค์ ( ประเทศไทย )  จำกัด,116.0,0,20222,,กรุงเทพมหานคร,DIW register,
11x46498,ฮุนได เอ็นจิเนียริ่ง คัมปะนี ลิมิเต็ด,,,ไม่พบข้อมูล,,,DBD API (TaxID),
11x46653,ห้างหุ้นส่วนจํากัด เอส โอ เอส รับเบอร์ แอนด์ โมลด์,,,,,,,
11x46688,"Vyncke Co., Ltd.",,,,,,,
11x46715,Northeatern Maintenance Pool Service,,,,,,,
11x46718,CP Vietnam-Binh Phuoc,,,,,,,
11x46778,SIAM POLYSTYRENE (SCG-DOW),,,,,,,
11x46831,Ensys,,,,,,,
11x47115,บริษัท อิตัลไทยวิศวกรรม จำกัด,,,ไม่พบข้อมูล,,,DBD API (TaxID),
11x47117,บริษัท เซอร์คูลาร์ พลาส จำกัด,0.0,0,38300,,ระยอง,DIW register,
11x47148,บริษัท เมคคานิก โพรวายเดอร์ แอนด์ เดเวลอปเม้นต์ จำกัด ...,,,ไม่พบข้อมูล,,,DBD API (TaxID),
11x47152,บริษัท บางกอกแคน แมนนูแฟคเจอริ่ง จำกัด,1613.992,13979.51,25949,,ปทุมธานี,DIW register,
11x47219,บริษัท เพอร์ฟอร์แม็ก เทรดดิ้ง จำกัด,,,,,,,
11x47274,ซีพีเอฟ โรงงานอาหารสำเร็จรูปหนองจอก,,,,,,,
11x47283,บริษัท เอฟสแควร์ อินเตอร์เนชั่นแนล กรุ๊ป จำกัด,,,,,,,
11x47299,Trouw Nutrition,,,,,,,
11x47334,บมจ. สยามซินดิเคทเทคโนโลยี,,,,,,,
11x47360,"T.M.K. SERVIVE SUPPLY CO., LTD.",,,,,,,
11x47383,GPSC,,,,,,,
11x47397,ห้างหุ้นส่วนจำกัด เบ๊ชัยแสง,,,ไม่พบข้อมูล,,,DBD API (TaxID),
11x47436,GULF YALA GREEN,,,,,,,
11x47471,โรงควบคุมคุณภาพน้ำช่องนนทรี,,,,,,,
11x47528,"MEGEX Co.,Ltd.",,,,,,,
11x47614,ITT FLUID,,,,,,,
11x47630,โรงไฟฟ้าบ้านเลน,,,,,,,
11x47678,บริษัท อินเตอร์ อินสตรูเม้นท์ จำกัด,,,,,,,
11x47732,บริษัท กรีน เทคโนโลยี รีเสิร์ช จำกัด,,,ไม่พบข้อมูล,,,DBD API (TaxID),
11x47748,"NSI DESIGN CONSTRUCTION CO.,LTD",,,,,,,
11x47802,N technology,,,,,,,
11x47807,บริษัท อัลฟ่า เอ็นจิเนียริ่ง แอนด์ ซัพพายด์ จำกัด,,,,,,,
11x47876,บริษัท เทคเนท จํากัด,,,,,,,
11x47884,D&A enterprise,,,,,,,
11x47890,Synthomer (Thailand) Company Limited,,,,,,,
11x47967,GULF SRC,,,,,,,
11x48023,"FUTURE TECHNOLOGY SUPPLY CO., LT.D",,,,,,,
11x48080,บริษัท นิธิ ธัญ คอมเมอร์เชียล จำกัด,,,,,,,
11x48223,SEA FISH INDUSTRY COMPANY,,,,,,,
11x48226,บริษัท วีเค เอคเซคคิวทีฟ จำกัด,,,,,,,
11x48235,บริษัท เอ็น.ไอ.เอ็ม จำกัด,35.0,1408,20113,,สมุทรปราการ,DIW register,
11x48247,บริษัท ดีแอนด์เอ เจเนอรัล ซัพพลาย จำกัด,,,ไม่พบข้อมูล,,,DBD API (TaxID),
11x48333,บริษัท ไทยวิศว์ ออโตเมชั่น จำกัด,,,,,,,
11x48337,บริษัท 9 สยาม ดีไซน์ แอนด์ เ็นจิเนียริ่ง จำกัด,,,,,,,
11x48342,บริษัท เวิลด์นิตติ้ง เท็กซ์ไทล์ จำกัด,482.0,8802.7999999999993,13111,,สมุทรสาคร,DIW register,
11x48349,ARTIT ENGINEERING,,,,,,,
11x48385,CONSTANTINE LIMITED PARTNERSHIP,,,,,,,
11x48398,เอ็กเซล เอ็นเทค,8.0,249.1,25910,,ราชบุรี,DIW register,
11x48400,ห้างหุ้นส่วนจำกัด นานาซัพพลาย 2020,,,ไม่พบข้อมูล,,,DBD API (TaxID),
11x48440,MP รุ่งเรือง,,,,,,,
11x48497,"NS-SIAM UNITED STEEL CO., LTD. (NS-SUS)",,,,,,,
11x48501,อาคาร ไทยวา ทาวเวอร์,,,,,,,
11x48557,ห้างหุ้นส่วนจำกัด อิเล็กทรอนิก วิชั่น,,,,,,,
11x48580,บริษัท สยามราช จำกัด (มหาชน),,,,,,,
11x48679,บจก.เค.เอ.เอ.เอ็นจิเนียริ่ง,,,,,,,
11x48837,บริษัท เอ็นเอส อินเตอร์ซัพพลาย จำกัด,,,,,,,
11x48887,Tri-Wall Packaging (Thai) Ltd.,,,,,,,
11x48890,บริษัท เอ็มซี แมชชีน เอ็นจิเนียริ่ง แอนด์ เซอร์วิส จำกัด,,,,,,,
11x48893,"SOKEN CHEMICAL CO.,LTD",,,,,,,
11x48942,บริษัท ฟาเท็ค เวิร์คส์ จำกัด,66.0,951.19,22199,,ปทุมธานี,DIW register,
11x48951,บริษัท สยามนาธานอินเตอร์เนชั่นแนล จำกัด,,,,,,,
11x49025,ห้างหุ้นส่วนจำกัด นานาซัพพลาย2020,,,ไม่พบข้อมูล,,,DBD API (TaxID),
11x49029,บริษัท จีซีพี แอพพลายด์ เทคโนโลยีส์ โฮลดิ้งส์,,,,,,,
11x49045,บริษัท เอ็มซีแอลเอส เอเชีย จำกัด,0.0,19442.37,10722,,ระยอง,DIW register,
11x49086,Utility Business Alliance Company Limited,,,,,,,
11x49088,บริษัท พีเอสที อิควิพเม้นท์ แอนด์ ซัพพลาย จำกัด,,,,,,,
11x49090,กรมพลังงานทหาร อ.ฝาง,,,,,,,
11x49094,"AGC Flat Glass (Thailand) Public Co.,Ltd.",,,,,,,
11x49110,Cogorno,,,,,,,
11x49200,บริษัท บางกอก บอยเลอร์ อินดัสเตรียล จำกัด,,,,,,,
11x49206,บริษัท นครพัฒน์ คอนสตัลชั่น,,,,,,,
11x49220,"TANIOBIS Co., Ltd.",,,,,,,
11x49245,เอแอนด์พี อะกริ โปรดักท์,,,,,,,
11x49434,บริษัท ลาบิกซ์ จำกัด,6572.0,21507.46,20113,,ชลบุรี,DIW register,
11x49442,บริษัท เอ็มพี รุ่งเรืองทรัพย์ จำกัด,,,ไม่พบข้อมูล,,,DBD API (TaxID),
11x49449,บริษัท ซี.ที.บี.เอ็นจิเนียริ่ง จำกัด,,,ไม่พบข้อมูล,,,DBD API (TaxID),
11x49614,บริษัท พอล แอนด โค (ประเทศไทย) จำกัด :	คุณ ธนิน :,,,,,,,
11x49673,บริษัท ธัมบ์อัพ เอ็นจิเนียริ่ง จำกัด,,,ไม่พบข้อมูล,,,DBD API (TaxID),
11x49706,บริษัท สยามอีสต์ โซลูชั่น จำกัด (มหาชน),230.4,369.25,25922,,ระยอง,DIW register,
11x49731,"MITR PROJECT SERVICES CO., LTD.",,,,,,,
11x49797,บริษัทสยามกัลฟ์ ปิโตรเคมีคัล จำกัด,1617.0,13818.42,19201,,เพชรบุรี,DIW register,
11x49831,บริษัท เอ็น แอนด์ เอ็น อินเตอร์เทรดดิ้ง จำกัด,,,,,,,
11x49847,คาร์กิลล์สยาม-โคราช,,,,,,,
11x49849,บริษัท ไทย นิปปอน แพล้นท์ จำกัด,6.0,,49323,,กรุงเทพมหานคร,DBD API (TaxID),ยังดำเนินกิจการอยู่
11x50003,บริษัท มิตรผล ไบโอฟูเอล (กุฉินารายณ์) จำกัด,1310.551881,7502,20114,,กาฬสินธุ์,DIW register,
11x50159,บริษัท ชูไลท์ เอนจิเนียริ่ง จำกัด,,,,,,,
11x50175,ห้างหุ้นส่วนจำกัด โมทะนี เซอร์วิสแอนด์ซัพพลาย,,,,,,,
11x50196,บจ.เดอมาสท์,,,,,,,
11x50235,Black & Veatch,,,,,,,
11x50241,SumiRiko Eastern Rubber (Thailand) Ltd.,,,,,,,
11x50269,SMA POWER SERVICE,,,,,,,
11x50314,บริษัท กัลฟ์ บีแอล จำกัด,6350.0,184558.26,35101,,พระนครศรีอยุธยา,DIW register,
11x50316,บริษัท กัลฟ์ บีพี จำกัด,5331.13,184558.31,35101,,พระนครศรีอยุธยา,DIW register,
11x50318,บริษัท กัลฟ์ เอ็นพีเอ็ม จำกัด,6130.0,202300.78,35101,,สระบุรี,DIW register,
11x50320,บริษัท กัลฟ์ เอ็นแอลแอล2 จำกัด,12800.0,183452.81,35101,,ระยอง,DIW register,
11x50364,บริษัท พูราโต๊ส (ประเทศไทย) จำกัด,165.884,1482.41,10732,,ฉะเชิงเทรา,DIW register,
11x50418,RC SUPPLY,,,,,,,
11x50482,"Ampacet (Thailand) Co., Ltd.",,,,,,,
11x50500,บริษัท ทาคูนิ กรุ๊ป จำกัด (มหาชน),0.0,147,46613,,พิจิตร,DIW register,
11x50505,เอพีที ไฮ-เทคนิค,,,ไม่พบข้อมูล,,,DBD API (TaxID),
11x50554,บริษัท วีทรีพี เอ็นจิเนียริ่ง จำกัด,,,ไม่พบข้อมูล,,,DBD API (TaxID),
11x50562,บริษัท หนองบัว ฟีด มิลล์ จำกัด,156.476,14604.22,10801,,ราชบุรี,DIW register,
11x50869,"M.C.O.CO.,LTD.",,,,,,,
11x50874,เบทาโกร-บีฟู๊ด,,,,,,,
11x50878,บริษัท ไอคอน  เซอร์วิส จำกัด,,,ไม่พบข้อมูล,,,DBD API (TaxID),
11x50886,"Siam Bioscience Co., Ltd.",,,,,,,
11x50948,AAD Enterprise,,,,,,,
11x50951,"UNION 4 CONCEPT CO.,LTD",,,,,,,
11x51042,TE Industrial,,,,,,,
11x51151,ห้างหุ้นส่วนจำกัด เจเอสเอส ซัพพลาย แอนด์ เซอร์วิส,,,ไม่พบข้อมูล,,,DBD API (TaxID),
11x51202,บริษัท โฟร์ เฟรนด์ เซ็นทรัล กรุ๊ป จำกัด,,,ไม่พบข้อมูล,,,DBD API (TaxID),
11x51274,บริษัท เอ็กเซล เเมททีเรียลส์ จำกัด,,,,,,,
11x51406,"S.S.B SIAM CO.,LTD",,,,,,,
11x51449,บริษัท พีที ชยพัทธ์ จำกัด,,,,,,,
11x51601,บริษัท สยามคอมเพล็คซ์ เทคโนโลยี จำกัด,,,,,,,
11x51662,บริษัท แอลเอ็นเค ซิสเต็ม จำกัด,,,,,,,
11x51726,บริษัท เอพีที ไฮ-เทคนิค จำกัด,,,ไม่พบข้อมูล,,,DBD API (TaxID),
11x51788,บริษัท ที อี อินดัสเทรียล เทค จำกัด,,,ไม่พบข้อมูล,,,DBD API (TaxID),
11x51812,บริษัท ซูม่า ซัพพลาย เซ็นเตอร์ จำกัด,,,,,,,
11x52281,PK W COMPANY LIMITED,,,,,,,
11x52285,"KH Multi Supply Co., Ltd",,,,,,,
11x52305,บริษัท ปากอ่าว จำกัด,,,,,,,
11x52309,พีเอ็นเอ็ม ซัพพลาย,,,,,,,
11x52339,เอลล์บา บางกอก,168.969334,90,52102,,สระบุรี,DIW register,
11x52410,จอร์ด อินเตอร์เนชั่นเเนล,,,,,,,
11x52417,ห้างหุ้นส่วนจำกัด แต้น่ำย้ง,3.75,464.27,15209,,กรุงเทพมหานคร,DIW register,
11x52462,บริษัท ซันสกาย โกลบอล เทค จำกัด,,,,,,,
11x52469,บริษัท เคยูวี จำกัด,,,,,,,
11x52486,ห้างหุ้นส่วนจำกัดดินคนไทย,,,ไม่พบข้อมูล,,,DBD API (TaxID),
11x52489,บริษัท เอสอาร์พี เมนทิแนนซ์ แอนด์ เซอร์วิส จำกัด,,,,,,,
11x52510,บริษัท สยามไบโอไซเอนซ์ จำกัด,844.25,2537.94,21001,,นนทบุรี,DIW register,
11x52601,SPENCO LIMITED,,,,,,,
11x52607,บริษัท ที.ซี. ฟาร์มาซูติคอล อุตสาหกรรม จำกัด,83.0,24771.26,11049,,กรุงเทพมหานคร,DIW register,
11x52705,"Asia Pacific Petrochemical Co., Ltd.",,,,,,,
11x53008,DURMART,,,,,,,
11x53012,บริษัท สยามวินอินดัสทรี จำกัด,9.1,1012.5,20113,,สมุทรปราการ,DIW register,
11x53198,water field,,,,,,,
11x53397,บจก. กรีนโปรเกรส จำกัด,,,,,,,
11x53457,ห้างหุ้นส่วนจำกัด ดินคนไทย,,,ไม่พบข้อมูล,,,DBD API (TaxID),
11x53473,บริษัท อุตสาหกรรมไทยบรรจุภัณท์ จำกัด (มหาชน),,,,,,,
11x53483,Varlaris,,,,,,,
11x53486,หจก. ทรัพย์ศิริมอเตอร์ซัพพลาย,,,,,,,
11x53490,GC POLYOL,,,,,,,
11x53498,บริษัท พนัสโพลทรี่ กรุ๊ป จำกัด,3634.55,5430.3,10111,,ชลบุรี,DIW register,
11x53515,บริษัท โตนานอินเตอร์เนชั่นแนล จำกัด,,,,,,,
11x53531,VINYLTHAI,,,,,,,
11x53728,"Real Soluplus Co.,Ltd.",,,,,,,
11x53841,"ProMinent Fluid Controls (Thailand) Co., Ltd.",,,,,,,
11x53842,คุณบุญเลิศ,,,,,,,
11x53870,ห้างหุ้นส่วนจำกัด มุฑิตา คอนสตรัคชั่น,,,ไม่พบข้อมูล,,,DBD API (TaxID),
11x53872,ห้างหุ้นส่วนจำกัด เอ็มพีพียูนิตี้โปรดักส์,93.5,128.82,20292,,สมุทรสาคร,DIW register,
11x53958,บริษัท ไทยซูซูกิ มอเตอร์ จำกัด,0.2,14648,30911,,ปทุมธานี,DIW register,
11x53966,บริษัท เลอ ครูเซ แมนูแฟคเจอริ่ง (ประเทศไทย) จำกัด,2423.0,4055.3,23939,,ลำพูน,DIW register,
11x53983,บริษัท ซิงค์ อีเล็คทริค ซิสเต็ม จำกัด,,,,,,,
11x54107,บริษัท ดีไวน์ เทคโนโลยี โซลูชั่นส์ จำกัด,,,,,,,
11x54117,Ball Beverage Packaging,,,,,,,
11x54125,Panumart,,,,,,,
11x54126,บริษัท เอ็นวิเกียร์,,,,,,,
11x54140,บริษัท ยัวส์ ซัพพลาย จำกัด,,,,,,,
11x54204,lecuse,,,,,,,
11x54215,"Nana Supply.Co.,Ltd.",,,,,,,
11x54217,"Thai Glycerine Co.,Ltd.",,,,,,,
11x54264,Solvay (Bangpoo) Specialty Chemicals Ltd.,,,,,,,
11x54338,S&D ENGINEERING,,,,,,,
11x54825,"Wide Faith Foods Co.,Ltd. - Chonburi",,,,,,,
11x54880,บริษัท สยามเดคคอเรทีฟเซอร์เฟซ จำกัด,25.0,1141.4000000000001,31001,,ฉะเชิงเทรา,DIW register,
11x55050,บริษัท เจ.ไอ.ที. อีควิปเม้นท์,,,ไม่พบข้อมูล,,,DBD API (TaxID),
11x55141,บริษัท 8 เศรษฐี จำกัด,,,ไม่พบข้อมูล,,,DBD API (TaxID),
11x55205,Lucifer supply,,,,,,,
11x55225,ห้างหุ้นส่วนจำกัด ซันไลท์ เอ็นจิเนีย,,,,,,,
11x55347,Thai Tank Terminal Limited,,,,,,,
11x55393,บริษัท เจริญถาวร เทรดดิ้งส์ แอนด์ ซัพพลาย จำกัด,,,,,,,
11x55833,บริษัท เจริญโภคภัณฑ์อาหาร จำกัด (มหาชน)/รง.หนองแค,,,,,,,
11x55846,SARAWIN MAINTENANCE CO.LTD.,,,,,,,
11x55956,BALL ASIA PACIFIC (YANGON) METAL CNTNR LTD,,,,,,,
11x55996,"Thai Yoshimoto Coating Co.,Ltd.",,,,,,,
11x56020,OPTIDUR,,,,,,,
11x56231,บริษัท จ.เจริญเทคนิคอล จำกัด,,,,,,,
11x56358,"Automatech Engineering Co., Ltd.",,,,,,,
11x56360,"Kyoei (Thailand) Co., Ltd.",,,,,,,
11x56412,บริษัท กราเฟล็ก จำกัด,,,,,,,
11x56426,"INTELLIGENCE ENGINEERING & SUPPLY CO.,LTD.",,,,,,,
11x56521,"ENERGICA CO., LTD.",,,,,,,
11x56620,บริษัท เอ็ม แอนด์ เอ็ช แมนูแฟคเจอริ่ง จำกัด,68.0,2367.56,21001,,สมุทรปราการ,DIW register,
11x56625,บริษัท เมดดิซาย อินเตอร์เนชั่นแนล จำกัด,35.0,52.954000000000001,10769,,กรุงเทพมหานคร,DIW register,
11x56633,บริษัท ริโก้ส เซอร์วิส  จำกัด,,,ไม่พบข้อมูล,,,DBD API (TaxID),
11x56815,ห้างหุ้นส่วนจำกัด ทีซี ทูลส์ แอนด์ เคมีคอล,,,,,,,
11x57197,บริษัท เมคคานิก้า จำกัด,,,ไม่พบข้อมูล,,,DBD API (TaxID),
11x57205,บริษัท เอเชี่ยนแอสฟัลท์ จำกัด,68.0,8428.5,19209,,ลำปาง,DIW register,
11x57218,บริษัท แอดวานซ์เทอร์โมโซลูชั่น จำกัด,,,,,,,
11x57423,บริษัท เอสเอ็มเทค อินเตอร์เทรด (ประเทศไทย) จำกัด,,,,,,,
11x57442,ส.รุ่งเรืองซัพพลาย,,,,,,,
11x57450,"Netware Co.,Ltd",,,,,,,
11x57542,S T T Printing Inter Supply Limited Partnership.,,,,,,,
11x57679,บริษัท เรฟ พาวเวอร์ จำกัด,,,,,,,
11x57682,cardinal health,,,,,,,
11x57710,บจก. ธนนธรรณ์,,,,,,,
11x57796,Industrial Factory Hub Co.Ltd.,,,,,,,
11x57808,บจก. แอล แอนด์ วี คอนสตรัคชั่น (2014),,,ไม่พบข้อมูล,,,DBD API (TaxID),
11x57894,หจก. ไทยรุ่ง สแตนเลส เวอร์ค,28.5,327,25910,,ปทุมธานี,DIW register,
11x57902,ห้างหุ้นส่วนจำกัด เอควา เด็กซ์,,,,,,,
11x57925,บริษัท อีเทอนอล ซากาตะ อิ้งซ์ จำกัด,109.531518,1055.75,20222,,กรุงเทพมหานคร,DIW register,
11x57969,บริษัท 304 อินดัสเตรียล ปาร์ค จำกัด,173.145544,1998,37000,,ปราจีนบุรี,DIW register,
11x57992,บริษัท ริโก้ส เซอร์วิส จำกัด,,,ไม่พบข้อมูล,,,DBD API (TaxID),
11x58088,"S. Team Envirotech CO., LTD.",,,,,,,
11x58090,Geo Technology,,,,,,,
11x58092,คอปส์เทคส์ คอร์ปอเรชั่น,,,ไม่พบข้อมูล,,,DBD API (TaxID),
11x58195,"Mitsubishi Chemical (Thailand) Co.,Ltd",,,,,,,
11x58209,บริษัท เอสซี. เซอร์วิส โซลูชั่น จำกัด,,,,,,,
11x58211,บริษัท สยาม-วีเค กรุ๊ป จำกัด,,,,,,,
11x58332,การรถไฟแห่งประเทศไทย,,,,,,,
11x58340,"Boonprasit Engineering Co.,Ltd.",,,,,,,
11x58384,บจก. ดับเบิ้ลยู ยู ที ที เอ็นจิเนียริ่ง,,,,,,,
11x58396,บริษัท ไทยเม็ททอล อลูมิเนียม จำกัด,220.0,15520,27503,,สมุทรปราการ,DIW register,
11x58406,"Paques (Thailand) Co., Ltd.",,,,,,,
11x58571,ซีพีเอฟ-รัสเซีย,,,,,,,
11x58878,บริษัท ซันเด้น เอ็นจิเนียริ่ง ซิสเต็ม (ประเทศไทย) จำกัด,,,ไม่พบข้อมูล,,,DBD API (TaxID),
11x59081,บริษัท บี.บี.ซี.เบลท์เท็ค จำกัด,,,,,,,
11x59086,"Ahawa Ventures Co., Ltd",,,,,,,
11x59102,บริษัท ไทยนิปปอน สตีล เอ็นจิเนียริ่ง แอนด์ คอนสตรัคชั่น คอร์ปอเรชั่น จำกัด,0.0,8974.27,28299,,สมุทรปราการ,DIW register,
11x59113,หจก. ส.สมพงค์ แมชชินเนอรี,,,,,,,
11x59126,YOKOHAMA RUBBER,,,,,,,
11x59153,TBC ENGINEERING,,,,,,,
11x59157,ซี.ที.บี.เอ็นจิเนียริ่ง,,,ไม่พบข้อมูล,,,DBD API (TaxID),
11x59206,บริษัท ณวรา เอ็นจิเนียริ่ง จำกัด,,,,,,,
11x59278,"PRODRIVE SYSTEM CO.,LTD.",,,,,,,
11x59375,"PPMH Trading Co.,Ltd",,,,,,,
11x59380,FLOW FUSION,,,,,,,
11x59450,บริษัท ทุ่งหลวงเชื้อเพลิง จำกัด (สาขา 3),,,,,,,
11x59528,พีเอพี โซลูชั่น,,,ไม่พบข้อมูล,,,DBD API (TaxID),
11x59530,บริษัท เคพี.กิจเจริญ เอ็นจิเนียริ่ง จำกัด,,,ไม่พบข้อมูล,,,DBD API (TaxID),
11x59532,ซีพีเอฟ-สัตว์น้ำบ้านบึง,,,,,,,
11x59757,บริษัท อินดัสทรี-อีซี่ จำกัด,,,,,,,
11x59806,บริษัท มาเยคาว่า (ประเทศไทย) จำกัด,,,ไม่พบข้อมูล,,,DBD API (TaxID),
11x59874,บจก. มหาสุคน อินเตอร์ฟู้ดส์,37.0,497,10743,,สมุทรสาคร,DIW register,
11x59877,บริษัท ธรรมสรณ์ จำกัด,37.0,194.25,22230,,สระบุรี,DIW register,
11x59976,ACG Archetype Thailand,,,,,,,
11x59977,บริษัท ผาทอง 24  จำกัด,52.0,142.19999999999999,23953,,นครศรีธรรมราช,DIW register,
11x59988,บริษัท เรย์โคล แอสฟัลท์ จำกัด,185.0,982.63,19209,,ระยอง,DIW register,
11x59997,บริษัท เจริญโภคภัณฑ์อาหาร  จำกัด (มหาชน),887.0,27072.25,10801,,สระบุรี,DIW register,
11x60016,บริษัท บุญประสิทธิ์ วิศวกรรม จำกัด,,,ไม่พบข้อมูล,,,DBD API (TaxID),
11x60053,บริษัทที.ซี.ฟาร์มาซูติคอล อุตสาหกรรม จำกัด,83.0,24771.26,11049,,กรุงเทพมหานคร,DIW register,
11x60058,บริษัท ไทยซูซูกิมอเตอร์ จำกัด,0.2,14648,30911,,ปทุมธานี,DIW register,
11x60063,บริษัท แอลแอนด์วี คอนสตรัคชั่น(2014) จำกัด,,,ไม่พบข้อมูล,,,DBD API (TaxID),
11x60071,บริษัท มาสด้า พาวเวอร์เทรน แมนูแฟคเจอริ่ง (ประเทศไทย)จำกัด,6692.66,960.06,28110,,ชลบุรี,DIW register,
11x60074,บริษัท แอล.ไอ.เอส. อินเตอร์เทรด แอนด์ ซัพพลายส์ จำกัด,,,ไม่พบข้อมูล,,,DBD API (TaxID),
11x60185,บจก. โบลค์แฮนด์แดลิ่ง,,,,,,,
11x60461,"A.I Technology Co.,Ltd.",,,,,,,
11x60481,บริษัท ซีพีเอฟ (ประเทศไทย) จำกัด   (มหาชน),41.5,9220.49,10111,,กรุงเทพมหานคร,DIW register,
11x60486,บริษัท สยามซินดิเคทเทคโนโลยี จำกัด (มหาชน),,,ไม่พบข้อมูล,,,DBD API (TaxID),
11x60490,"Modern Cass International Cosmetics Co., Ltd.",,,,,,,
11x60494,BEST METAL WORKS,,,,,,,
11x60509,"U SOURCE CO., LTD.",,,,,,,
11x60743,"Phakanun Engineering Co.,Ltd",,,,,,,
11x60755,"P.S.C. STARCH PRODUCTS CO.,LTD",,,,,,,
11x60813,"AS.FIRST CO., LTD.",,,,,,,
11x61089,บริษัท ไทยเบส (ประเทศไทย) จำกัด,28.0,164,28160,,สมุทรปราการ,DIW register,
11x61266,C.P. Laos,,,,,,,
11x61313,Maro Worldtech Limited,,,,,,,
11x61359,Smart Auto and engineering,,,,,,,
11x61387,บริษัท อนุสรณ์มหาชัยซูริมิ จำกัด,218.026,6829.9,10212,,สมุทรสาคร,DIW register,
11x61602,SIAM SYNDICATE TECHNOLOGY,,,,,,,
11x61758,"Italthai Engineering Co.,Ltd.",,,,,,,
11x61913,บริษัท เซ็นโต้ เทคโนโลยี จำกัด,,,,,,,
11x61932,บริษัท เซอร์วิสยัวร์บิสสิเนส  จำกัด,,,,,,,
11x62030,บริษัท ราช โคเจนเนอเรชั่น จำกัด,1650.0,,27200,,ปทุมธานี,DBD API (TaxID),ยังดำเนินกิจการอยู่
11x62419,บริษัท กรุงเทพ ปิโตรเทค จำกัด,,,,,,,
11x62484,คุณนิพนท์-3N,,,,,,,
11x62486,บริษัท ฟินไฮกอล์ฟ,,,,,,,
11x62634,บริษัท มหาสุคน อินเตอร์ฟู้ดส์ จำกัด,37.0,497,10743,,สมุทรสาคร,DIW register,
11x62654,บริษัท พลัสแม็กซ์ โป จำกัด,30.0,,ไม่พบข้อมูล,,,DBD API (TaxID),
11x62684,ไชน่า เวลเลย์ นัมเบอร์10,,,,,,,
11x62689,บริษัท แอลแอนด์วี คอนสตรัคชั่น(2014),,,ไม่พบข้อมูล,,,DBD API (TaxID),
11x62709,"SP. Pro Service Ltd.,",,,,,,,
11x62774,บริษัท ดับบลิว.อี.เอ็นจิเนียริ่ง แอนด์ คอนซัลแตนท์ จำกัด,,,,,,,
11x62819,"PharmaDesign Co., Ltd",,,,,,,
11x62823,NOVOTEL STAR,,,,,,,
11x62971,เพียวฟู้ดส์,10.0,489,10799,,สุพรรณบุรี,DIW register,
11x63096,บจก. ไทยทากาซาโก,,,ไม่พบข้อมูล,,,DBD API (TaxID),
11x63156,บริษัท เฟอร์โร คอนสตรัคชั่น โปรดักส์ จำกัด,42.0,307,20292,,สุพรรณบุรี,DIW register,
11x63166,โรงพยาบาลสมเด็จพระปิ่นเกล้า,,,,,,,
11x63179,K&H (CAMBODIA) LIMITED,,,,,,,
11x63181,SOUTH CITY PETROCHEM CO LTD.,,,,,,,
11x63185,PPSC,,,,,,,
11x63554,A.I.T. & SERVICES,,,,,,,
11x64081,บริษัท แมทเคม ซิสเทมซัพพลาย แอนด์ เอ็นจิเนียริ่ง จำกัด,,,ไม่พบข้อมูล,,,DBD API (TaxID),
11x64116,บริษัท มิตซูยะ จำกัด,,,,,,,
11x64136,บริษัท พรีซิชั่น ทูลส์ เซอร์วิส (ประเทศไทย) จำกัด,150.0,,68102,,กรุงเทพมหานคร,DBD API (TaxID),ยังดำเนินกิจการอยู่
11x64181,บริษัท พลูโตเทค จำกัด,45.0,935.11,27101,,สระบุรี,DIW register,
11x64284,"Rayong Maintenance Corporation Co,.Ltd",,,,,,,
11x64313,Medco Energi Thailand,,,,,,,
11x64327,SKP Quality,,,,,,,
11x64413,บริษัท เมทัลลิค สตีล เซนเตอร์ จำกัด,,,,,,,
11x64420,thai takasago,,,,,,,
11x64588,Madnie Wang Diesel Part Machinery,,,,,,,
11x64773,V.R.T. HEAVYENGINECONSTRUTION  LIMITED PARTNERSHIP.,,,,,,,
11x65339,Thai Rotary Engineering Public Co Ltd (a Rotary Company),,,,,,,
11x65616,บริษัท เอแอนด์พี อะกริ โปรดักท์ กรุ๊ป จํากัด,,,,,,,
11x65709,บริษัท ธารานิมิต จำกัด,,,,,,,
11x65713,"KPN Green Energy Solution co., ltd.",,,,,,,
11x65846,"Fairtech Co., Ltd",,,,,,,
11x65890,SKjitchai Enterprise PCL,,,,,,,
11x65914,"C.I.Engineering Co.,Ltd.",,,,,,,
11x65977,บริษัท เคมเมกเกอร์ จำกัด,,,,,,,
11x66124,Worley,,,,,,,
11x66163,"Thaipoint Global Technology Co., Ltd",,,,,,,
11x66276,CP Russia,,,,,,,
11x66282,หจก. แมนิโฟร์ เอ็นจิเนียริ่ง แอนด์ ซัพพลาย,,,,,,,
11x66351,ห้างหุ้นส่วนจำกัด วชิรญากุล ออยล์ เอ็นเนอร์จี,,,,,,,
11x66382,เมดโค เอนเนอร์จี ไทยแลนด์ (บัวหลวง) ลิมิเต็ด,,,ไม่พบข้อมูล,,,DBD API (TaxID),
11x66414,INSTRUMECH,,,,,,,
11x66543,บริษัท ที เค พี 789 อินดัสเทรียล เซอร์วิส จำกัด,,,,,,,
11x66563,บริษัท อาจีกาว่า แอนด์ เอสซีไอ เมทัลเทค จำกัด,80.0,1436.12,25111,,ชลบุรี,DIW register,
11x66567,"ASIANA OFFSHORE CO., LTD.",,,,,,,
11x66597,RMC,,,,,,,
11x66852,บริษัทเอฟทีอี ไทยแลนด์ จำกัด,,,,,,,
11x67137,"R V Connex Co., Ltd.",,,,,,,
11x67818,บริษัท ไอทีเอส (ไทย) ซัพพลาย จำกัด,,,,,,,
11x67844,บริษัท เจ.ที.เอ.เอ็นจิเนียริ่ง จำกัด,,,ไม่พบข้อมูล,,,DBD API (TaxID),
11x68014,บริษัท มั่งคง ซัพพลาย แอนด์ เซอร์วิส จำกัด,,,,,,,
11x68025,Akibam,,,,,,,
11x68031,บริษัท เอสทูพี เซลส์ แอนด์ เซอร์วิส จำกัด,,,ไม่พบข้อมูล,,,DBD API (TaxID),
11x68047,"C.E.S Group Co.,Ltd.",,,,,,,
11x68102,"SNB ENGINEERING LTD.,",,,,,,,
11x68166,บริษัท ทีทีเอ็มเค เอ็นจิเนียริ่ง ซัพพอร์ท แอนด์ เซอร์วิส จำกัด,,,,,,,
11x68198,NTPT,,,,,,,
11x68295,เอเชีย แพ็คเกจจิ้ง แมนูแฟคเจอริ่ง,359.0,4762.8999999999996,17020,,ฉะเชิงเทรา,DIW register,
11x68308,บจ.ไฮโดร แอนด์ เพาเวอร์ ซีสเท็ม (ประเทศไทย),,,,,,,
11x68311,GREEN TECHNOLOGY RESEARCH,,,,,,,
11x68386,บริษัท เคมแฟค จำกัด,0.0,455.5,20121,,สมุทรปราการ,DIW register,
11x68555,บริษัท พีพี สตีล คอร์ปอเรชั่น จำกัด,,,,,,,
11x68583,"T.PATTANAKIT MACHINE TOOL CO.,LTD",,,,,,,
11x68718,บริษัท เอ็ม.ซี.ซัพพลายส์ จำกัด,,,ไม่พบข้อมูล,,,DBD API (TaxID),
11x68871,บริษัท น้ำแพงเอ็นจิเนียริ่ง จำกัด,23.5,96.5,28299,,นครราชสีมา,DIW register,
11x69102,บริษัท กัลฟ์  บีแอล  จำกัด,6350.0,184558.26,35101,,พระนครศรีอยุธยา,DIW register,
11x69223,บริษัท นิว เด็ก แมชชีนเนอรี่ จำกัด,,,,,,,
11x69356,บริษัทเอ็มเคเค เอเซีย จำกัด,15.0,,41002,,กรุงเทพมหานคร,DBD API (TaxID),ยังดำเนินกิจการอยู่
11x69368,บริษัท เอสเอสแอลแมนูแฟคเจอริ่ง (ประเทศไทย) จำกัด,415.687453,6596.28,22199,,ฉะเชิงเทรา,DIW register,
11x69396,"Perfect  Solutions Co., Ltd.",,,,,,,
11x69398,"Covestro (Thailand) Co., Ltd.",,,,,,,
11x69502,บริษัท น้ำแพง เอ็นจิเนียริ่ง จำกัด,23.5,96.5,28299,,นครราชสีมา,DIW register,
11x69511,บริษัท พรีซิชั่น พาวเวอร์ เซอร์วิส,17.0,106.2,25922,,ชลบุรี,DIW register,
11x69521,บริษัท เอส.เอส.บี สยาม จำกัด,,,ไม่พบข้อมูล,,,DBD API (TaxID),
11x69542,G Steel Public Company Limited,,,,,,,
11x69547,CPM Engineering Center,,,,,,,
11x69575,ห้างหุ้นส่วนจำกัด รัตทวีกรณ์,,,ไม่พบข้อมูล,,,DBD API (TaxID),
11x69591,บริษัท กัลฟ์ ทีเอส4 จำกัด,0.0,0,35101,,ระยอง,DIW register,
11x69597,บริษัท ไอบีซี อินดัสเตรียล จำกัด,,,ไม่พบข้อมูล,,,DBD API (TaxID),
11x69606,บริษัท เอแอนด์พี อะกริ โปรดักท์ กรุ๊ป จำกัด,,,ไม่พบข้อมูล,,,DBD API (TaxID),
11x69612,บริษัท ระยอง เมนเทนแนนซ์ คอร์เปอเรชั่น จำกัด,,,ไม่พบข้อมูล,,,DBD API (TaxID),
11x69629,บริษัท มั่นคง ซัพพลาย แอนด์ เซอร์วิส จำกัด,,,ไม่พบข้อมูล,,,DBD API (TaxID),
11x69658,บริษัท อาร์ วี คอนเน็กซ์ จำกัด,389.895947,222.3,25922,,ปทุมธานี,DIW register,
11x69680,บริษัท เอบีจี อินเตอร์มิเดียทส์ (ประเทศไทย) จำกัด,,,ไม่พบข้อมูล,,,DBD API (TaxID),
11x69742,บริษัท ประจงกิจการช่าง จำกัด,1.1,732.25,28299,,สมุทรปราการ,DIW register,
11x69762,บริษัท เดอะ วอเตอร์ ซิตี้ กรุ๊ป จำกัด,,,,,,,
11x69894,คุณชัยวัฒน์_โมลาสอาหารสัตว์,,,,,,,
11x70060,บริษัท เคมเทรด จำกัด,131.087,771.4,20221,,สมุทรปราการ,DIW register,
11x70068,HV FILA,,,,,,,
11x70076,บริษัท เอสเอสแอล แมนูแฟคเจอริ่ง ประเทศไทย จำกัด,415.687453,6596.28,22199,,ฉะเชิงเทรา,DIW register,
11x70106,PRANNANAPAN,,,,,,,
11x70312,"Mitsui Hygiene Materials (Thailand) Co., Ltd.",,,,,,,
11x70465,"Thai Spring Fish Co., Ltd.",,,,,,,
11x70468,"Bridgestone Tire Manufacturing (Thailand) Co., Ltd.",,,,,,,
11x70480,"Yokohama Tire Manufacturing (Thailand) Co.,Ltd.",,,,,,,
11x70598,"INOAC (Thailand) Co., Ltd",,,,,,,
11x70663,บริษัท โอวัล (ไทยแลนด์) จำกัด,,,,,,,
11x70763,"KITTIKAWIN CONSTRUCTION LTD.,",,,,,,,
11x71122,บริษัท บีเอพี 888 เอ็นจิเนียริ่ง จำกัด,,,,,,,
11x71518,บริษัท เอเชีย แพ็คเกจจิ้ง แมนูแฟคเจอริ่ง จำกัด,359.0,4762.8999999999996,17020,,ฉะเชิงเทรา,DIW register,
11x71524,บริษัท เอสซีจี เปเปอร์ เอ็นเนอร์ยี่ จำกัด,71.8,5314,35101,,ปราจีนบุรี,DIW register,
11x71540,บริษัท จีซี โพลีออลส์ จำกัด,0.0,0,20113,,ระยอง,DIW register,
11x71576,บริษัท อากิแบม ออยล์ จำกัด,,,ไม่พบข้อมูล,,,DBD API (TaxID),
11x71734,บริษัท ฟลูอิด เอ็นจิเนียริ่ง ซิสเต็ม จำกัด,,,,,,,
11x71822,อินดี้ ซัพพลาย แอนด์ เอ็นจิเนียริ่ง,,,,,,,
11x72256,บริษัท พี เอ เอส พืชผลส่งออกและไซโล จำกัด,231.0,599.75,52102,,สุโขทัย,DIW register,
11x72263,San Tech Center Co Ltd.,,,,,,,
11x72296,Khun Pongthep Noihuahard,,,,,,,
11x72424,"Bridgestone Carbon Black (Thailand)Co.,Ltd.",,,,,,,
11x72430,บริษัท ไอเดน ออโตเมชั่น (ไทยแลนด์) จำกัด,,,,,,,
11x72731,บริษัท บลูเวฟ เอ็นเนอยี่ จำกัด,112.0,5656,35101,,ลพบุรี,DIW register,
11x72785,บริษัท ทีเอสเค เอ็นจิเนียริ่ง (ไทยแลนด์) จำกัด,20.0,,33122,,กรุงเทพมหานคร,DBD API (TaxID),ยังดำเนินกิจการอยู่
11x72799,"General Candy Co.,Ltd",,,,,,,
11x72822,บริษัท เคพีเอส เอ็นจิเนียริ่ง ซัพพราย แอนด์ เซอร์วิส จำกัด,,,,,,,
11x72866,KPS Engineering,,,,,,,
11x72958,บริษัท เทคโนโลยี อินสตรูเมนท์ จำกัด,,,ไม่พบข้อมูล,,,DBD API (TaxID),
11x73029,สุนทรีนาฏ,,,ไม่พบข้อมูล,,,DBD API (TaxID),
11x73234,FUTURETECH ELECTRIC,,,,,,,
11x73238,แพตดิ้ง(ไทยแลน) จำกัด,,,,,,,
11x73243,บริษัท พาร์ท แฟคตอรี่ โทเทิ้ล กรุ๊ป จำกัด,,,,,,,
11x73333,บริษัท โทโดโรกิ เอเชีย จำกัด,,,ไม่พบข้อมูล,,,DBD API (TaxID),
11x73489,"Expert Interproducts Co.,Ltd.",,,,,,,
11x73545,HYDRAULICPOWER,,,,,,,
11x73580,TPT Petrochemicals Public Company Limited.,,,,,,,
11x74501,บริษัท พี.เอส.เอส.พืชผลส่งออกและไซไล จำกัด,,,,,,,
11x74639,XF International Industrial Co. Ltd.,,,,,,,
11x74751,บริษัท ซับโทรนิค จำกัด,1.0,,ไม่พบข้อมูล,,,DBD API (TaxID),
11x74883,พี เอ พี แก๊ส วัน,,,ไม่พบข้อมูล,,,DBD API (TaxID),
11x75013,บริษัท ที.เอ็น. เมตัลเวิร์ค จำกัด,57.0,402,27909,,สมุทรสาคร,DIW register,
11x75117,บริษัท รวมใจโปรดักส์ จำกัด,45.0,167.01,20232,,สมุทรสาคร,DIW register,
11x75199,บริษัท ส.พันธนเดช วิศวกรรม จำกัด,31.0,497,29109,,พระนครศรีอยุธยา,DIW register,
11x75253,ซีพีเอฟ-ศรีสะเกษ,,,,,,,
11x75704,บจก. เทอร์มโฟลว์,,,ไม่พบข้อมูล,,,DBD API (TaxID),
11x75903,บริษัท  อินโนไดร์ฟ  จำกัด,,,,,,,
11x75919,ห้างหุ้นส่วนจำกัดธนันชน ดีเวลลอปเมนต์,22.5,293,25922,,สระบุรี,DIW register,
11x76029,บจก. เบทเทอร์ เอ็น,,,ไม่พบข้อมูล,,,DBD API (TaxID),
11x76054,บริษัท พีเอพี แก๊ส วัน จำกัด,,,ไม่พบข้อมูล,,,DBD API (TaxID),
11x76058,บริษัท เคพีเอส เอ็นจิเนียริ่ง ซัพพลาย แอนด์ เซอร์วิส จำกัด,,,ไม่พบข้อมูล,,,DBD API (TaxID),
11x76079,ห้างหุ้นส่วนจำกัด ไทยรุ่ง สแตนเลส เวอร์ค,28.5,327,25910,,ปทุมธานี,DIW register,
11x76101,นายชัยวัฒน์  รักไทย,,,ไม่พบข้อมูล,,,DBD API (TaxID),
11x76105,บริษัท เดอมาสท์ จำกัด,,,ไม่พบข้อมูล,,,DBD API (TaxID),
11x76120,บริษัท เทอร์มโฟลว์ จำกัด,,,ไม่พบข้อมูล,,,DBD API (TaxID),
11x76155,Petrolimex Construction,,,,,,,
11x76259,พลัส พร็อพเพอร์ตี้,,,,,,,
11x76265,ฮ.พัฒนารุ่งเรือง,47.5,458.6,25130,,สมุทรสาคร,DIW register,
11x76438,บริษัท แอกรอนอินดัสตรีส์ จำกัด,20.0,877.57,20210,,กาญจนบุรี,DIW register,
11x76648,บริษัท เอฟพี อะโกรเคมิคอล จำกัด,,,ไม่พบข้อมูล,,,DBD API (TaxID),
11x76805,บริษัท ท็อป ดีเวลลอปเมนท์ จำกัด,,,,,,,
11x77298,บริษัท ที.ที.เค.เมนเทนแนนซ์ แอนด์ เซอร์วิส จำกัด,,,,,,,
11x77317,"MAXINE AOTUMATION CO.,LTD",,,,,,,
11x77751,ห้างหุ้นส่วนจำกัด แอล.ซัพพลาย,,,ไม่พบข้อมูล,,,DBD API (TaxID),
11x77758,บริษัท พาวเวอร์ออน จำกัด,,,,,,,
11x77782,"RD (THAILAND) CO.,LTD.",,,,,,,
11x77797,"PNEU AND HYD CO.,LTD",,,,,,,
11x77802,"Asahi Sho-Ko-Sha (Thailand) Co., Ltd.",,,,,,,
11x77846,บริษัท ไทยทากาซาโก จำกัด,,,ไม่พบข้อมูล,,,DBD API (TaxID),
11x77859,บริษัท ทาทา สตีล การผลิต (ประเทศไทย) จำกัด (มหาชน),701.0,82399.33,24101,,สระบุรี,DIW register,
11x78103,Wellpro System Solution,,,,,,,
11x78331,บริษัท เคที สตีมเทค จำกัด,,,ไม่พบข้อมูล,,,DBD API (TaxID),
11x78405,บริษัท ฟินิกซ์ ปั๊มแอนด์เอ็นจิเนียริ่ง จำกัด,,,,,,,
11x78847,บริษัท ดีเอสจี แอดวานซ์ แมททีเรียล,,,,,,,
11x78907,บริษัท พีพีเอ ควอลิตี้ โปรดักส์ จำกัด,,,,,,,
11x78930,บริษัท บุญศิริ ซัพพลาย แอนด์ เซอร์วิส จำกัด,,,,,,,
11x78943,Ruhrpumpen,,,,,,,
11x78949,บริษัท แอดว๊านส์ คอสเมติคส์ จำกัด,,,,,,,
11x79034,MIT NIRAN ENGINEERING COMPANY LIMITED,,,,,,,
11x79212,บริษัท ไทยเมโทรอุตสาหกรรม (1973) จำกัด,,,,,,,
11x79226,Nestlé Purina PetCare,,,,,,,
11x79228,"SMg General Co., Ltd",,,,,,,
11x79230,เขาเขียว คันทรี คลับ,,,,,,,
11x79315,SERMCHAI,,,,,,,
11x79340,บริษัท พนัส อิเล็คทริค จำกัด (สำนักงานใหญ่),,,,,,,
11x79343,บริษัท โกลเด้น โกล คอนสตรัคชั่น จำกัด,,,ไม่พบข้อมูล,,,DBD API (TaxID),
11x79649,บริษัท เหล็กทรัพย์ จำกัด,3000.0,114157.61,24101,,ลพบุรี,DIW register,
11x79661,สวนสมบูรณ์,,,,,,,
11x79879,บริษัท ออโตเมเทค เอนจิเนียริ่ง จำกัด,43.2,96.03,26512,,ระยอง,DIW register,
11x79882,บริษัท โซล่า แอสฟัลท์  จำกัด,243.0,5314.22,19209,,ขอนแก่น,DIW register,
11x79889,บริษัท ลินเด้ ไฮโค จำกัด,281.83,0,20111,,ระยอง,DIW register,
11x79904,บริษัท พี.ซี. สยามปิโตรเลียม จำกัด,,,ไม่พบข้อมูล,,,DBD API (TaxID),
11x79909,NETWARE COMPANY LIMITED,,,,,,,
11x80025,สวนสมบูรณ์-ปราจีนบุรี,,,,,,,
11x80039,บริษัท ไอ เอ็กซ์ แอล จำกัด,5.0,,23992,,กรุงเทพมหานคร,DBD API (TaxID),ยังดำเนินกิจการอยู่
11x80478,บริษัท รวมทรัพย์ไพบูลย์ (1997) จำกัด,,,ไม่พบข้อมูล,,,DBD API (TaxID),
11x80564,บริษัท เอเชี่ยน เบสท์ ชิคเก้น จำกัด,1580.88,17176.349999999999,10139,,สระบุรี,DIW register,
11x80575,บริษัท ดี.เอส.ดี เอ็นจิเนียริ่ง 1999 จำกัด,,,ไม่พบข้อมูล,,,DBD API (TaxID),
11x80671,บริษัท สุธี ยูไนเต็ด คาร์บอน จำกัด,155.0,600.02,23999,,กรุงเทพมหานคร,DIW register,
11x80688,"Deline Engineering Co.,Ltd",,,,,,,
11x80698,Gulf NRV1,,,,,,,
11x80773,เบทาโกร-นครปฐม,,,,,,,
11x80784,"TP partner supply Co,.Ltd.",,,,,,,
11x80964,บจก. ฮิตาชิ เอ็นเนอร์ยี (ประเทศไทย),,,,,,,
11x80984,GULF NRV2,,,,,,,
11x81009,บริษัท วี.ซี.เอฟ. กรุ๊ป จำกัด,12.8,157.63,23951,,พิจิตร,DIW register,
11x81013,บริษัท บีดีเอส เทอร์มินอล จำกัด,16.7,379,52102,,สมุทรปราการ,DIW register,
11x81019,บริษัท เอ็กซ์เซลเลนซ์ โฟลว์ เทคโนโลยี จำกัด,,,,,,,
11x81039,Siemens Limited,,,,,,,
11x81106,บริษัท เอบีบี ออโตเมชั่น (ประเทศไทย) จำกัด,,,ไม่พบข้อมูล,,,DBD API (TaxID),
11x81127,บริษัท ท่อส่งปิโตรเลียมไทย จำกัด,62.19232,4465.95,35101,,ปทุมธานี,DIW register,
11x81356,บริษัท ทีพีดี เอ็นจิเนียริ่ง (1983) กรุ๊ป จำกัด,,,,,,,
11x81679,GGC TOL,,,,,,,
11x82025,ห้างหุ้นส่วนจำกัด เอส ที ที ปริ้นติ้ง อินเตอร์ ซัพพลาย,,,,,,,
11x82045,บริษัท พาวเวอร์ ออน,,,,,,,
11x82099,บริษัท อีซิโอ้ ซัพพลาย จำกัด,,,ไม่พบข้อมูล,,,DBD API (TaxID),
11x82244,อุไรวรรณ,,,,,,,
11x82247,บัญชา,,,,,,,
11x82255,จอย,,,,,,,
11x82257,มานพ,,,,,,,
11x82271,อานนท์,,,,,,,
11x82273,วีรชัย,,,,,,,
11x82607,บริษัท ทีพีดี เอ็นจิเนียริ่ง (1983) กรุ๊ป จำกัด,2.9,355,25949,,กรุงเทพมหานคร,DIW register,
11x82736,"NB Nakaneya (Thailand).Co.,Ltd.",,,,,,,
11x82750,นิคมอุตสาหกรรม เอเพ็กซ์กรีน,,,,,,,
11x82765,คุณศราวุธ,,,,,,,
11x82828,วี.ซี.เอฟ.กรุ๊ป,12.8,157.63,23951,,พิจิตร,DIW register,
11x82946,บริษัท พรีเมียร์ ไดนามิค จำกัด,,,,,,,
11x82976,บริษัท อาหารสากล จำกัด (มหาชน),32.97,5367,10302,,ลำปาง,DIW register,
11x82985,pro-en technologies,,,,,,,
11x83089,บริษัท คอปส์เทคส์ คอร์ปอเรชั่น จำกัด,,,ไม่พบข้อมูล,,,DBD API (TaxID),
11x83253,บริษัท ดีไลน์ เอ็นจิเนียริ่ง จำกัด,,,ไม่พบข้อมูล,,,DBD API (TaxID),
11x83392,"Kuraray GC Advanced Materials Co.,Ltd (KGC)",,,,,,,
11x83407,บริษัท ชาตรี วิศวกรรม แอนด์ ซัพพลาย จำกัด,,,,,,,
11x83559,"ABG Intermediates (Thailand) Co., Ltd.",,,,,,,
11x84032,ศูนย์ผลิตผลิตภัณฑ์จากพลาสมา สภากาชาดไทย,,,ไม่พบข้อมูล,,,DBD API (TaxID),
11x84082,Kosit,,,,,,,
11x84127,บริษัท กรีนเวิลด์ โซลูชั่น เทคโนโลยี จํากัด,,,,,,,
11x84476,Nakapun,,,,,,,
11x84482,Samnirng,,,,,,,
11x84495,Somphop,,,,,,,
11x84503,Arnon,,,,,,,
11x84542,Yuthachai,,,,,,,
11x84597,"KMI ENGINEERING (THAILAND) CO., LTD.",,,,,,,
11x84599,"PRO-EN TECHNOLOGIES, LTD.",,,,,,,
11x84634,บริษัท ฟิวเจอร์ เทคโนโลยี ซัพพลาย จำกัด,,,ไม่พบข้อมูล,,,DBD API (TaxID),
11x84734,ห้างหุ้นส่วนจำกัด คม เอ็นจิเนียริ่ง,2.7668,155,25922,,สระบุรี,DIW register,
11x84812,บริษัท บอมแบร์ จำกัด,,,,,,,
11x84815,บริษัท บิสแทน จำกัด,,,,,,,
11x84885,"Gulf BP CO.,LTD",,,,,,,
11x85181,บริษัท เอส เอส บี สยาม จำกัด,,,ไม่พบข้อมูล,,,DBD API (TaxID),
11x85189,บริษัท อีมาส เอ็นเนอร์ยี่ เซอร์วิสเซส (ไทยแลนด์) จำกัด,1758.0,589.79999999999995,28299,,ชลบุรี,DIW register,
11x85286,บีบี ซัพพลาย เชียงใหม่,,,ไม่พบข้อมูล,,,DBD API (TaxID),
11x85295,หจก.สรรค์วินิต,,,ไม่พบข้อมูล,,,DBD API (TaxID),
11x85454,บริษัท เอสเอ็มจี เจเนอรัล จำกัด,,,ไม่พบข้อมูล,,,DBD API (TaxID),
11x85470,บริษัท ซับโทรนิค จำกัด,1.0,,ไม่พบข้อมูล,,,DBD API (TaxID),
11x85510,ห้างหุ้นส่วนจำกัด บีบี ซัพพลาย เชียงใหม่,,,ไม่พบข้อมูล,,,DBD API (TaxID),
11x85541,บริษัท กัลฟ์ เอ็นอาร์วี 2 จำกัด,,,ไม่พบข้อมูล,,,DBD API (TaxID),
11x85557,บริษัท ฮิตาชิ เอนเนอร์ยี่ (ประเทศไทย) จำกัด,3537.56,3955.84,26402,,สมุทรปราการ,DIW register,
11x85570,"The Auto-Info Co., Ltd.",,,,,,,
11x85582,คุณณรงค์,,,,,,,
11x85823,GC-M PTA,,,,,,,
11x85833,หจก ทรัพย์สมบูรณ์,7.0,424.39,22210,,กรุงเทพมหานคร,DIW register,
11x85891,บริษัท เคนวา เอ็นจิเนียริ่ง จำกัด,,,ไม่พบข้อมูล,,,DBD API (TaxID),
11x85895,บริษัท แอสเสท เวิรด์ คอร์ป จำกัด,,,,,,,
11x85957,"STC Diecasting (Thailand) Co., Ltd",,,,,,,
11x85963,Emas Energy Services (Thailand) Limited,,,,,,,
11x86001,"Tokyo Enesys (Thailand) Co., Ltd.",,,,,,,
11x86233,RAYONG OLEFIN (SCG-ROC),,,,,,,
11x86239,บริษัท พินนาเคิล คอร์ปอเรชั่น จำกัด,,,ไม่พบข้อมูล,,,DBD API (TaxID),
11x86246,บริษัท เอ็นบี นาคาเนยะ (ไทยแลนด์) จำกัด,,,ไม่พบข้อมูล,,,DBD API (TaxID),
11x86254,บริษัท คอมแพค อินโนเวชั่น จำกัด,,,ไม่พบข้อมูล,,,DBD API (TaxID),
11x86298,Cv. Damarindo Abadi,,,,,,,
11x86437,PKS,,,,,,,
11x86528,บริษัท ซีที โปรดักส์ จำกัด,,,,,,,
11x86602,บริษัท สยามพีพีเอ อินดัสเตรียล จำกัด,,,,,,,
11x86623,เอ็น.พี.เอ็นจิเนียะริ่ง,,,,,,,
11x86725,ไทย ล็อตเต้,,,,,,,
11x86756,บริษัท เพอร์เฟ็คท์ เพาเวอร์ไลน์ จำกัด,,,,,,,
11x86848,บริษัท กรีน เวิลด์ โซลูชั่น เทคโนโลยี่ จำกัด,,,ไม่พบข้อมูล,,,DBD API (TaxID),
11x86872,บริษัท เอเชียน ฟลูอิด อินโนเวชันส์ จำกัด,,,ไม่พบข้อมูล,,,DBD API (TaxID),
11x86880,ห้างหุ้นส่วนจำกัด สรรค์วินิต,,,ไม่พบข้อมูล,,,DBD API (TaxID),
11x86901,"TAP Part Engineering Co., Ltd.",,,,,,,
11x86911,บริษัท โพลีเมอร์ อะไบดิ้ง จำกัด,32.0,214,20221,,สมุทรสาคร,DIW register,
11x87086,"PHOP AUTOMATION CO., LTD.",,,,,,,
11x87090,บริษัท เอส-เวิร์ค เทค จำกัด,,,,,,,
11x87150,บริษัท เมฆคีรี (2545) จำกัด,93.5,398.4,13922,,สมุทรปราการ,DIW register,
11x87789,Tetrapak,,,,,,,
11x87868,บจก. อินโนเว็ค เอเชีย,,,,,,,
11x87878,บริษัท ไฮเออร์ อีเล็คทริค (ประเทศไทย) จำกัด (มหาชน),440.0,14293.78,28160,,ปราจีนบุรี,DIW register,
11x87953,บริษัท บีพี ฮาร์ดแวร์ จำกัด,,,,,,,
11x88300,บริษัท ห้างกระจกตังน้ำ จำกัด,14.0,570.03,31001,,กรุงเทพมหานคร,DIW register,
11x88306,บริษัท เกียร์ อินเตอร์ วิสชั่น เอ็นจิเนียริ่ง จำกัด,,,,,,,
11x88401,Steelmark,,,,,,,
11x88430,บริษัท ไทยฟู้ดส์ อาหารสัตว์ จำกัด,539.0,54129.57,10801,,ปราจีนบุรี,DIW register,
11x88473,Shin-Etsu New Materials (Thailand) Limited,,,,,,,
11x88539,THAI SUMMIT CABLE & PARTS COMPANY LIMITED,,,,,,,
11x88556,"Kuipline Interengineering co.,ltd",,,,,,,
11x88560,"VEGA Natural Co.,Ltd.",,,,,,,
11x88562,เอเพ็กซ์ กรีน อินดัสเตรียล,,,,,,,
11x88589,"Maxens Co.,Ltd",,,,,,,
11x89191,Oriental Copper,,,,,,,
11x89280,ห้างหุ่นส่วนจำกัด ศิลากำแพงเพชร,,,,,,,
11x89378,หจก. บอเดอร์ แพลนโทโลยี,,,,,,,
11x89417,บริษัท โพลีเมอร์อะไบดิ้ง จำกัด,32.0,214,20221,,สมุทรสาคร,DIW register,
11x89542,"88 INFINITY SOLUTION CO., LTD.",,,,,,,
11x89660,"BETTER WASTE CARE CO., LTD.",,,,,,,
11x89749,Baxter Manufacturing (Thailand) Co. Ltd,,,,,,,
11x89751,CPPC PUBLIC COMPANY LIMITED,,,,,,,
11x89932,"ACA Industrial Tools Co., Ltd.",,,,,,,
11x90081,บริษัท เอเอ็มพี ออโตเมชั่น จำกัด,,,,,,,
11x90177,บริษัท โบทานี เพ็ทแคร์ จำกัด,,,ไม่พบข้อมูล,,,DBD API (TaxID),
11x90189,บริษัท วนชัย พาเนล อินดัสทรีส์ จำกัด,2810.0,66622.92,16210,,สุราษฎร์ธานี,DIW register,
11x90205,"CAS Paper Mill Co., Ltd.",,,,,,,
11x90410,Italian Thai development,,,,,,,
11x90442,แอลซี เทคโนโลยี่,,,,,,,
11x90553,WR Supply and service,,,,,,,
11x90681,บริษัท เบตเตอร์ เวสท์ แคร์ จำกัด,0.0,0,38300,,พระนครศรีอยุธยา,DIW register,
11x90690,"ROVULA (THAILAND) Co., LTD.",,,,,,,
11x90703,บริษัท พรีซีสชั่น เอนยีเนียริ่ง จำกัด,22.412985,107.25,20221,,นนทบุรี,DIW register,
11x90706,บริษัท แอลเอเอฟ เทรดดิ้ง จำกัด,,,,,,,
11x90708,Gulf GNLL2,,,,,,,
11x90835,GULF NLL2,,,,,,,
11x90891,บริษัท ยูเนี่ยน อินดัสทรี เซอร์วิส จำกัด,,,,,,,
11x90965,ฟินิกซ์บอกซ์,,,ไม่พบข้อมูล,,,DBD API (TaxID),
11x91213,บริษัท ซีเคเอส ซัพพลาย แอนด์ เอ็นจิเนียริ่ง จำกัด,,,,,,,
11x91218,บริษัท เอส.ดี.ซี มอเตอร์ แอนด์ เซอร์วิส จํากัด,,,,,,,
11x91781,บริษัท เฮอริเทจ สแน็ค แอนด์ ฟู้ด จำกัด,0.0,474.47,10734,,นครปฐม,DIW register,
11x92123,"NKP PARTS SUPPLY CO.,LTD.",,,,,,,
11x92257,บจก. เอ็นเดรส แอนด์ เฮาเซอร์ (ไทยแลนด์),,,,,,,
11x92287,Syntec Construction PCL,,,,,,,
11x92293,บริษัท เอเซี่ยน ฟลูอิด อินโนเวชันส์ จำกัด,,,,,,,
11x92313,ต.พัฒนกิจ,,,,,,,
11x92726,เอส.พี.เอฟ.เอ็นจิเนียริ่ง แอนด์ โวลูชั่น จำกัด,,,,,,,
11x92729,บริษัท ชิโยดะ โคฮาน เอเชีย จำกัด,,,ไม่พบข้อมูล,,,DBD API (TaxID),
11x92976,บริษัท พานา-ทากูชิ (ประเทศไทย) จำกัด,100.0,3860,28299,,สมุทรปราการ,DIW register,
11x92978,ห้างหุ้นส่วนจำกัด บุญรักษา เอ็นจิเนียริ่ง ซัพพลาย,,,,,,,
11x93032,หจก ป รัตนะรุ่งเรือง,,,,,,,
11x93162,บริษัท เอ็ม พี พาวเวอร์เทค จำกัด,,,,,,,
11x93403,PKK Siam,,,,,,,
11x93800,บริษัท คุราเร่ จีซี แอดวานซ์ แมททีเรียลส์ จำกัด,0.0,30871.91,20113,,ระยอง,DIW register,
11x93802,บริษัท คุราเร่ แอดวานซ์ เคมิคอลส์ (ประเทศไทย) จำกัด,4618.86,0,20113,,ระยอง,DIW register,
11x93809,บริษัท เอ ซี เอ เครื่องมืออุตสาหกรรม จำกัด,56.0,495.52,25922,,ชลบุรี,DIW register,
11x93812,บริษัท โอเรียนเต็ลคอปเปอร์ จำกัด,1341.0,22204.799999999999,24101,,ชลบุรี,DIW register,
11x93825,บริษัท ไทยสเลอรี่ ซิล จำกัด,57.0,1252,19201,,ฉะเชิงเทรา,DIW register,
11x93859,บริษัท เบทเทอร์ เอ็น จำกัด,,,ไม่พบข้อมูล,,,DBD API (TaxID),
11x93867,บริษัท เอ็กเซล เอ็นเทค จำกัด,8.0,249.1,25910,,ราชบุรี,DIW register,
11x93869,บริษัท สุภาพรคอนสตรัคชั่น แอนด์ เซอร์วิส จำกัด,,,ไม่พบข้อมูล,,,DBD API (TaxID),
11x93899,บริษัท ไออาร์พีซี  จำกัด  (มหาชน),100.0,334.56,20113,,ระยอง,DIW register,
11x93903,บริษัท เอเอ็มพี ออโต้เมชั่น จำกัด,,,ไม่พบข้อมูล,,,DBD API (TaxID),
11x93922,บริษัท ชิน-เอทซุ นิวแมททีเรียลส์ (ประเทศไทย) จำกัด,490.0,0,20113,,ระยอง,DIW register,
11x93955,บริษัท สุนทรีนาฏ จำกัด,,,ไม่พบข้อมูล,,,DBD API (TaxID),
11x93959,บริษัท พานา-ทากูชิ(ประเทศไทย) จำกัด,100.0,3860,28299,,สมุทรปราการ,DIW register,
11x93997,บริษัท แก๊พอินดัสตรีย์ จำกัด,,,,,,,
11x94115,"Thai Polycarbonate Co., Ltd.",,,,,,,
11x94124,บริษัท เทพอรุโณทัย จำกัด,206.0,12629.5,11011,,หนองคาย,DIW register,
11x94142,"CST INTERGROUP CO.,LTD.",,,,,,,
11x94198,TECHPART,,,,,,,
11x94229,Tyson Foods Thailand,,,,,,,
11x94321,Hydrozone,,,,,,,
11x94592,บริษัท อาเคอร์ เทค จำกัด,,,ไม่พบข้อมูล,,,DBD API (TaxID),
11x94601,บริษัท ซีเอสพี ซัพพลาย แอนด์ โซลูชั่นส์ จำกัด,,,ไม่พบข้อมูล,,,DBD API (TaxID),
11x94639,"TIP TECH Engineering Co., Ltd.",,,,,,,
11x94666,บริษัท นอร์ท เทค ออโตเมชั่น จำกัด,,,,,,,
11x94683,บริษัท ทีดิก เซาท์ จำกัด,0.0,0,20113,,สงขลา,DIW register,
11x94686,บริษัท ดับบลิว.อี. เอ็นจิเนี่ยริ่ง แอนด์ คอนซัลแตนท์ จำกัด,,,,,,,
11x94691,บริษัท ฟินิกซ์บอกซ์ จำกัด,,,ไม่พบข้อมูล,,,DBD API (TaxID),
11x95039,บริษัท อู่เรือ มารีน แอ็คมี ไทย จำกัด,85.0,4618,33151,,สมุทรปราการ,DIW register,
11x95142,Uawithya,,,,,,,
11x95726,บริษัท สิริเคมิคอล จำกัด,,,,,,,
11x95894,"Rayong Industrial Solutions Co., Ltd.",,,,,,,
11x96178,GC 7,,,,,,,
11x96593,"Tontine Environment Engineering Co., Ltd.",,,,,,,
11x96764,บริษัท เอส.ดี.ซี มอเตอร์ แอนด์ เซอร์วิส จำกัด,,,ไม่พบข้อมูล,,,DBD API (TaxID),
11x96787,บริษัท อินโนเว็ค เอเซีย จำกัด,30.0,454.25,26109,,ระยอง,DIW register,
11x96794,บริษัท ไซม์ ดาร์บี้ ออยส์ นนทบุรี จำกัด,2402.557453,32188.62,10491,,นนทบุรี,DIW register,
11x96893,ไทยพัฒนสิน (จิ้นเส็ง2000) จำกัด*,,,,,,,
11x96961,บริษัท เอ็น.เจ.เจ.โปรดักส์ จำกัด,,,,,,,
11x96982,fastweld engineering,,,,,,,
11x97038,บริษัท ปัญญา แอนด์ ซัน กรุ๊ป จำกัด,,,,,,,
11x97468,"Technical Thai Service Co., Ltd.",,,,,,,
11x97679,"Thai GCI Resitop Co., Ltd",,,,,,,
11x97724,บริษัท เพลย์ออน มาร์เก็ตติ้ง จำกัด,,,,,,,
11x97852,"P.W. Engineering and Service Co.,Ltd.",,,,,,,
11x97917,แวร์ลูเอต เอนเทอไพรส์,,,ไม่พบข้อมูล,,,DBD API (TaxID),
11x97920,MCC,,,,,,,
11x98161,บริษัท ทาร์เก็ท โปรไวด์เดอร์ จำกัด,,,ไม่พบข้อมูล,,,DBD API (TaxID),
11x98227,"BST ENEOS Elastomer Co., Ltd. (BEE)",,,,,,,
11x98235,บริษัท โปร ทรี ปั๊ม แอนด์ เซอร์วิส จำกัด,,,,,,,
11x98307,todoroki (thailand) co. ltd,,,,,,,
11x98410,บริษัท วินโนเทค จำกัด,,,,,,,
11x98440,บริษัท​ พีที​ ชยพัทธ์​ จำกัด,,,,,,,
11x99430,บริษัท สิริ เคมิคอล อินดัสตรี้ จำกัด,28.0,399.9,20292,,ชลบุรี,DIW register,
11x99482,บริษัท สีไดโน   จำกัด,14.38,587,20221,,สมุทรปราการ,DIW register,
11x99490,บริษัท พี.เอส.ซี.สตีลดรัมส์ จำกัด,38.0,0,20111,,สมุทรปราการ,DIW register,
11x99744,บริษัท โปรวอลไทยแลนด์ จำกัด,,,,,,,
11x99759,บริษัท ดินน้ำลมไฟ กรุ๊ป จำกัด,,,,,,,
11x99881,บริษัท อินเตอร์ไฟเบอร์ คอนเทนเนอร์ จำกัด,37.2,6863.58,23991,,กรุงเทพมหานคร,DIW register,
11x100269,บริษัท เค ที บี แมชชีนเนอรี่ แอนด์ พาร์ท จำกัด,,,,,,,
11x100287,บริษัท บูรณิน อินดัสทรี จำกัด,18.0,75,46613,,นครปฐม,DIW register,
11x100294,Long Win Thai,,,,,,,
11x100328,3ศ วัสดุก่อสร้าง,,,,,,,
11x100330,Astec Industries,,,,,,,
11x100421,Mekayawa,,,,,,,
11x100424,ห้างหุ้นส่วนจำกัด บุญศริริ สตีล,,,,,,,
11x100687,บมจ. ทีทีดับบลิว,,,,,,,
11x100694,LONGWIN THAI COMPANY LIMITED,,,,,,,
11x100698,บริษัท บีซีเอ็ม บลิส จำกัด,,,ไม่พบข้อมูล,,,DBD API (TaxID),
11x100703,GC12,,,,,,,
11x100825,WOG TECHNOLOGIES,,,,,,,
11x101176,บริษัท อีโค เทอร์มิค เทคโนโลยี ซัพพลาย จำกัด,,,,,,,
11x101253,บริษัท อี แอนด์ แอล อินเตอร์เนชั่นแนล จำกัด,,,,,,,
11x101414,บริษัท พี.ดับบลิว.เอ็นจิเนียริ่งแอนด์เซอร์วิส จำกัด,,,ไม่พบข้อมูล,,,DBD API (TaxID),
11x101430,บริษัท เออีซี อินดัสเตรียล เซอร์วิส จำกัด,,,ไม่พบข้อมูล,,,DBD API (TaxID),
11x101589,SPPM Engineering and Supply,,,,,,,
11x101707,บริษัท ครีเอทีฟเวย์เอ็นจิเนียริ่ง จำกัด,,,,,,,
11x101709,บริษัท สหมิตร(2014)เอ็นจิเนียริ่งเซอร์วิส จำกัด,,,ไม่พบข้อมูล,,,DBD API (TaxID),
11x101712,บริษัท อินดัสเตรียล พลัส จำกัด,,,ไม่พบข้อมูล,,,DBD API (TaxID),
11x101792,บริษัท คอนเทค เทรดดิ้ง จำกัด,,,,,,,
11x101798,P.S.C. STARCH PRODUCTS PCL.,,,,,,,
11x101810,ห้างหุ้นส่วนจำกัด ฉัตรเพรชแลนด์แอนด์เฮาส์,,,,,,,
11x102168,บริษัท ซันโคคิโค (ประเทศไทย) จำกัด,,,ไม่พบข้อมูล,,,DBD API (TaxID),
11x102372,บริษัท หกขา จํากัด,,,,,,,
11x102803,ห้างหุ้นส่วนจำกัด ไออี ซัพพลาย,,,,,,,
11x102997,บริษัท พี.เอส.ซี. สตาร์ช โปรดักส์ จำกัด (มหาชน),150.0,68907,10722,,ชลบุรี,DIW register,
11x103138,บริษัท 666 ทีมวิศวกรรม จำกัด,,,,,,,
11x103148,บริษัท เฮลท์ วอเตอร์ จำกัด,120.0,86.44,11041,,นครปฐม,DIW register,
11x103417,บจก. ทัสพาว,,,,,,,
11x103573,บริษัท สตาร์ ไอโอที แอนด์ ออโตเมชั่น จำกัด,,,,,,,
11x103609,บริษัท ซิสเต็มปั๊ม จำกัด,,,,,,,
11x104111,แม็ค มอเตอร์ เซอร์วิส,,,,,,,
11x104145,คอมโพสิท ครีเอชั่น,46.0,195.17,32309,,นนทบุรี,DIW register,
11x104197,Chip Mong Insee Cement,,,,,,,
11x104477,"Myanmar Lighting (IPP) Co., Ltd.",,,,,,,
11x104585,Terminal Line,,,,,,,
11x104587,"Technical Solution Co., Ltd",,,,,,,
11x104621,บริษัท พี.เอส.พี. สเปเชียลตี้ส์ จำกัด (มหาชน),128.0,3788.25,19209,,สมุทรสาคร,DIW register,
11x104658,บริษัท โททาล คอร์เบียน พีแอลเอ (ประเทศไทย) จำกัด,,,,,,,
11x104673,เธเธฃเธดเธฉเธฑเธ— เธ”เธฑเธเน€เธเธดเธฅเธขเธน เน€เธญเธช เน€เธ เน€เธเธญเธฃเนเธงเธดเธช เธเธณเธเธ,,,,,,,
11x105134,"China State Construction Engineering (Thailand) Co.,Ltd.",,,,,,,
11x105138,"MTP HPPO Manufacturing Co., Ltd.",,,,,,,
11x105529,บริษัท พีค1997 อินดัสเทรียล จำกัด,,,,,,,
11x105544,บริษัท โมเดิร์น คาส อินเตอร์เนชั่นแนล คอสเมติคส์ จำกัด,,,,,,,
11x105558,บัคแมน แลบอราทอรี่ส์ (เอเชีย),,,,,,,
11x105760,บริษัท เคทีซีเคมีคอล จำกัด,55.0,71,52293,,กรุงเทพมหานคร,DIW register,
11x105766,บริษัท เอจีซี วีนิไทย จำกัด (มหาชน),64.4,59.5,20113,,สมุทรปราการ,DIW register,
11x105782,เบทาโกร-พระประแดง,,,,,,,
11x105941,บริษัท เดอะซิสเตอร์กรุ๊ป จำกัด,,,,,,,
11x106104,บริษัท นิวโมชั่น จำกัด,,,,,,,
11x106122,บริษัท สินฑร (1994) จำกัด,,,,,,,
11x106229,บริษัท  นิปปุ่น (ประเทศไทย) จำกัด,398.992439,1714.42,10774,,ปทุมธานี,DIW register,
11x106233,บริษัท โปรเจค ฟอร์ส(ประเทศไทย) จำกัด,,,,,,,
11x106249,บริษัท ยูไนเต็ดฟู้ดส์ จำกัด (มหาชน),350.0,4826.18,10712,,สมุทรปราการ,DIW register,
11x106319,SSB SIAM,,,,,,,
11x106324,Hongsa Power Company Limited,,,,,,,
11x106908,INSUM INTERTRADE,,,,,,,
11x107542,PVEX,,,,,,,
11x107559,Thai Union Group Public Company Limited,,,,,,,
11x107615,บริษัท ศรีศรัณย์ เอ็นจิเนียริ่ง จำกัด,2.0,,41002,,กรุงเทพมหานคร,DBD API (TaxID),ยังดำเนินกิจการอยู่
11x107621,บริษัท เอื้อวิทยาแมชีนเนอรี่ จำกัด,,,ไม่พบข้อมูล,,,DBD API (TaxID),
11x107668,Noi Global Supply,,,,,,,
11x107682,บริษัท อีซึ่น แอนด์ โค จำกัด (มหาชน),85.0,77.790000000000006,20221,,กรุงเทพมหานคร,DIW register,
11x107698,Polaris Technical Equipment Trading Service,,,,,,,
11x107701,GKBI,,,,,,,
11x107738,บริษัท บีบีจีไอ ไบโอเอทานอล จำกัด (มหาชน),1100.0,7636.95,20114,,ขอนแก่น,DIW register,
11x108074,บริษัท ดี-คลาส (ประเทศไทย) จำกัด,41.0,155.6,29109,,สมุทรสาคร,DIW register,
11x108077,บริษัท ไทยคอนเทนเนอร์ขอนแก่น จำกัด บริษัท ไทยคอนเทนเนอร์ขอนแก่น จำกัด,,,,,,,
11x108111,BASF,,,,,,,
11x108223,ห้างหุ้นส่วนจำกัด เอสเอ็ม อินเตอร์เทคแอนด์เซอร์วิส,,,,,,,
11x108407,RJSS CONSTRUCTION COMPANY LIMITED,,,,,,,
11x108812,บริษัท สไตล์ เอฟ เอ็นจิเนียริ่ง จำกัด,,,ไม่พบข้อมูล,,,DBD API (TaxID),
11x108831,ห้างหุ้นส่วนจำกัด แสงอภัย ปั๊ม แอนด์ วาล์ว,,,ไม่พบข้อมูล,,,DBD API (TaxID),
11x108843,"D And B Quality Store Co., Ltd.",,,,,,,
11x109044,บริษัท เบอร์แทรม (1958) จำกัด,260.0,5581.9211999999998,21001,,ปทุมธานี,DIW register,
11x109711,"Thai Plastic and Chemicals Public Co.,Ltd.",,,,,,,
11x109779,บริษัท สุรพลซูพรีมฟู้ดส์ จำกัด,423.0,10934.91,10131,,ปราจีนบุรี,DIW register,
11x109783,บริษัท พัฒน์กล ไอซ์ โซลูชั่นส์ จำกัด,300.0,1854.5,28299,,เพชรบุรี,DIW register,
11x109790,บริษัท โมเดิรน์คาส อินเตอร์เนชั่นแนล คอสเมติคส์ จำกัด,90.0,1573.3,20232,,กรุงเทพมหานคร,DIW register,
11x109802,บริษัท ลองวิน ไทย จำกัด,,,ไม่พบข้อมูล,,,DBD API (TaxID),
11x109808,บริษัท เทอร์มินัล ไลน์ จำกัด,,,ไม่พบข้อมูล,,,DBD API (TaxID),
11x109851,D.N.Conveyor,,,,,,,
11x109999,Cytec Industries (Thailand) Co Ltd,,,,,,,
11x110324,บริษัท แฟรงคลิน (เอเซีย) จำกัด,13.5,294,10801,,สมุทรปราการ,DIW register,
11x110329,Netzsch Thailand Limited,,,,,,,
11x110483,บริษัท บีเอสที เอเนออส อิลาสโตเมอร์ จำกัด,9674.62,82813.3,20113,,ระยอง,DIW register,
11x110795,DG Engineer,,,,,,,
11x110949,บริษัท ทรัพย์สกุล จำกัด,10.0,8613.07,13132,,สมุทรปราการ,DIW register,
11x111166,บริษัท ยูนิมิกส์ สตีลเวอร์ค จำกัด,,,,,,,
11x111919,บริษัท เด็มโก้ เพาเวอร์ จำกัด,20.20255,554.04,25939,,ลพบุรี,DIW register,
11x112572,"Thai Union Fasteners Co.,Ltd",,,,,,,
11x112775,บริษัท เคอร์รี่ แอนด์ บราวน์ (ประเทศไทย) จำกัด,,,,,,,
11x112778,"THAI MMA Co., Ltd.",,,,,,,
11x112978,บริษัท ลิคิโทมิ  (ประเทศไทย) จำกัด,358.0,818,17020,,ฉะเชิงเทรา,DIW register,
11x113084,บริษัท อีโค วอลล์ จำกัด,,,ไม่พบข้อมูล,,,DBD API (TaxID),
11x113091,Amita technologies,,,,,,,
11x113094,ห้างหุ้นส่วนจำกัด ที เอส พี โปรซัพพลาย แอนด์ เซอร์วิส,,,,,,,
11x113143,บริษัท โททาลเอนเนอร์ยี่ส์ คอร์เบียน จำกัด,3953.62,0,20113,,ระยอง,DIW register,
11x113170,บริษัท เอเชี่ยน คอร์ปอเรชั่น จำกัด,,,,,,,
11x113303,บริษัท อีโคเพนท์ จำกัด,38.5,498.75,20221,,สมุทรสาคร,DIW register,
11x113308,บริษัท พรีม่า โพลีเทค จำกัด,15.0,0,20231,,สมุทรปราการ,DIW register,
11x113483,โปรลอค ไทเทเนี่ยม คอร์ปอเรชั่น,,,,,,,
11x113643,ดีแอนด์เอ เจเนอรัล ซัพพลาย จำกัด,,,ไม่พบข้อมูล,,,DBD API (TaxID),
11x113815,"DEEKO PROJECT SERVICE CO.,LTD.",,,,,,,
11x113871,Currie & Brown,,,,,,,
11x113906,บริษัท ดี แอนด์ บี ควอลิตี้ สโตร์ จำกัด,,,,,,,
11x113930,CADBURY ADAMS (THAILAND) LTD,,,,,,,
11x114062,Group Progress Engineering,,,,,,,
11x114139,บริษัท ชาร์ปแอพพลายแอนซ์ (ประเทศไทย) จำกัด,,,,,,,
11x114393,บริษัท เอ็นจิเนียริ่ง เอ็กซ์เพิร์ท อินเตอร์เนชั่นแนบ จำกัด (สำนักงานใหญ่),,,,,,,
11x114405,อินโนเวล โฟล์,,,ไม่พบข้อมูล,,,DBD API (TaxID),
11x114425,UBE CHEMICALS (ASIA) PUBLIC COMPANY LIMITED,,,,,,,
11x114429,บริษัท ไทย คีพ จำกัด,,,,,,,
11x114432,บริษัท เค.เอ็นเออาร์ เอ็นจิเนียริ่ง จำกัด,,,ไม่พบข้อมูล,,,DBD API (TaxID),
11x114481,"VANACHAI CHEMICAL INDUSTRIES CO.,LTD.",,,,,,,
11x115992,"ASIA NISSIN (THAILAND) CO.,LTD.",,,,,,,
11x116007,"Thai Ethoxylate Co., Ltd. (TEX)",,,,,,,
11x116174,"M&E Technology Co.,Ltd.",,,,,,,
11x116185,บริษัท ไทย สพิริท อินดัสทรี จำกัด,300.0,4643.9399999999996,11029,,ฉะเชิงเทรา,DIW register,
11x116186,Borr Drilling,,,,,,,
11x116347,"PEPSI-COLA (THAI) TRASING CO.,LTD",,,,,,,
11x116354,บริษัท ยูเนี่ยน โฟร์ คอนเซ็ปต์ จำกัด,,,ไม่พบข้อมูล,,,DBD API (TaxID),
11x116390,บริษัท อินโนเวล โฟล์ จำกัด,,,ไม่พบข้อมูล,,,DBD API (TaxID),
11x116457,Kemin Industries Thailand,,,,,,,
11x116708,ห้างหุ้นส่วนจำกัด เอสพีพีเอ็ม เอ็นจิเนียริ่งแอนด์ซัพพลาย,,,,,,,
11x117205,เอส.ซี.กรุ๊ป,,,,,,,
11x117363,ห้างหุ่นส่วนจำกัด ขุนประสุข สระบุรี มอเตอร์ แอนด์ เซอรืวิส,,,,,,,
11x117494,"Thai Semcon Co.,Ltd.",,,,,,,
11x117667,บริษัท เอทีพี อินโนเวชั่นส์ จำกัด,,,ไม่พบข้อมูล,,,DBD API (TaxID),
11x117808,อภิชาติไดนาโม,,,,,,,
11x117879,บจก.พรีม่า เจเนซิซ,,,ไม่พบข้อมูล,,,DBD API (TaxID),
11x118566,Michellin Hadyai,,,,,,,
11x119119,บริษัท เด็มโก้ จำกัด (มหาชน),,,,,,,
11x119254,บริษัท บีบีจีไอ ไบโอดีเซล จำกัด,1143.0,51501.69,10491,,พระนครศรีอยุธยา,DIW register,
11x119271,บริษัท เคมิน อินดัสตรีส์ (ประเทศไทย) จำกัด,,,ไม่พบข้อมูล,,,DBD API (TaxID),
11x119769,บริษัท ซับโก้ จำกัด,,,,,,,
11x119771,"Thyssenkrupp Industrial Solutions (Thailand) Ltd.,",,,,,,,
11x120231,Susco Public Company Limited,,,,,,,
11x120337,บริษัท โกรเบสท์คอร์โพเรชั่น จํากัด,,,,,,,
11x120524,PP Tech,,,,,,,
11x120701,SOLVAY (THAILAND) LIMITED,,,,,,,
11x120735,"Circular Plas Co., Ltd.",,,,,,,
11x120833,"MCLA Asia Co.,Ltd",,,,,,,
11x120889,TPC PASTE RESIN COMPANY LIMITED,,,,,,,
11x120944,บริษัท ไทยเมทัลโปรดักส์อินดัสตรีย์ จำกัด,43.0,481.5,25999,,นนทบุรี,DIW register,
11x121135,บริษัท โปร ดีซีเอ็ม จำกัด,,,ไม่พบข้อมูล,,,DBD API (TaxID),
11x121297,เอ็ม.เจ.พี.เค. มอเตอร์,,,,,,,
11x121413,"GRD TECH CO., LTD",,,,,,,
11x121522,EXXONMOBIL ASIA PACIFIC PTE. LTD,,,,,,,
11x121553,ห้างหุ้นส่วนจำกัด ขุนประสุข สระบุรี มอเตอร์ แอนด์ เซอร์วิส,,,ไม่พบข้อมูล,,,DBD API (TaxID),
11x121579,"PEPSI-COLA (THAI) TRADING CO.,LTD",455.05,,46599,,กรุงเทพมหานคร,DBD API (TaxID),ยังดำเนินกิจการอยู่
11x121584,บริษัท เพียวริเทค เอ็นจิเนียริ่ง จํากัด,,,,,,,
11x121599,"Sartorius (Thailand) Co.,Ltd",,,,,,,
11x121602,บริษัท นทีชัย จำกัด,323.1,13155.45,11011,,สุราษฎร์ธานี,DIW register,
11x121643,ห้างหุ้นส่วนจำกัด เสรีซัพพลายแอนด์เอ็นจิเนียริ่ง,,,ไม่พบข้อมูล,,,DBD API (TaxID),
11x121818,โรงไฟฟ้าวังน้อย,15984.892,2337150.52,35101,,พระนครศรีอยุธยา,DIW register,
11x121878,บริษัท อาร์ที อะกริเทค จำกัด,129.0,400.71,10120,,พิษณุโลก,DIW register,
11x122310,บริษัท ทีเคเอส เวนเชอร์ จํากัด,,,,,,,
11x122830,บริษัท เอ.เอ็ม.เอ็นจิเนียริ่ง แอนด์ ซัพพลายส์ จำกัด,,,ไม่พบข้อมูล,,,DBD API (TaxID),
11x123246,บริษัท เมทัลลิค สตีล เซ็นเตอร์ จำกัด,534.0,1764,25910,,สมุทรปราการ,DIW register,
11x123312,บริษัท บุญช่วยอุตสาหกรรม จำกัด,35.0,46651.12,13131,,นครปฐม,DIW register,
11x123597,บริษัท เอ.อี. โปรเกรสชั่น จำกัด,,,,,,,
11x123876,Sastech,,,,,,,
11x123892,ห้างหุ้นส่วนจำกัด ออลนิว ซิสเต็ม,,,,,,,
11x124291,บริษัท มิตรโพรเจคท์เซอร์วิสเซส จำกัด,,,,,,,
11x124447,บริษัท พีพีพี กรีน คอมเพล็กซ์ จำกัด (มหาชน),3375.0,79629.850000000006,10491,,ประจวบคีรีขันธ์,DIW register,
11x124473,บริษัท เคทีซี เคมีคอล จำกัด,55.0,71,52293,,กรุงเทพมหานคร,DIW register,
11x124486,บริษัท ปตท.สผ.เอนเนอร์ยี่ ดีเวลลอปเมนท์ จำกัด,,,ไม่พบข้อมูล,,,DBD API (TaxID),
11x124659,RT Agriteq,,,,,,,
11x124735,"Syntec Construction Public Co., Ltd.",,,,,,,
11x125613,บริษัท พรีม่า เจเนซิซ จำกัด,,,ไม่พบข้อมูล,,,DBD API (TaxID),
11x125641,ห้างหุ้นส่วนจำกัดแสงตะเคียน,,,,,,,
11x125696,บริษัท แมส ออโตเมชั่น จำกัด,,,ไม่พบข้อมูล,,,DBD API (TaxID),
11x125703,หจก.บุญรักษา เอ็นจิเนียริ่ง ซัพพลาย,,,,,,,
11x125739,คุณสุทัศน์ บุญศรี,,,,,,,
11x125994,บริษัท เพียวริเทค เอ็นจิเนียริ่ง จำกัด,0.0,277,28299,,กรุงเทพมหานคร,DIW register,
11x126116,คุณราเชน,,,,,,,
11x126268,บริษัท เอ็นไวรอนเม็นท์พัลพ์ แอนด์ แพคเกจจิ้ง จำกัด,1270.0,34670.01,17020,,นครสวรรค์,DIW register,
11x126451,เอพีเอ็ม อะโกร,216.0,12042.982,10801,,ราชบุรี,DIW register,
11x126466,บริษัท เอส.คิว.ไอ.ปิโตรเคม อินดัสตรี้ส์ จำกัด,,,,,,,
11x126815,"S. G. SUPPLY CO., LTD.",,,,,,,
11x127381,"Front Wheel Industry Co., Ltd",,,,,,,
11x127394,บริษัทบางกอก เจนเนอรัล ซัพพลาย(ประเทศไทย) จำกัด,,,ไม่พบข้อมูล,,,DBD API (TaxID),
11x127412,นิติบุคคลอาคารชุดไทยวา ทาวเวอร์,,,ไม่พบข้อมูล,,,DBD API (TaxID),
11x127433,บริษัท เอส. จี. ซัพพลาย จำกัด,,,ไม่พบข้อมูล,,,DBD API (TaxID),
11x127903,"Rich Prosper Co.,Ltd",,,,,,,
11x128066,โรงแรมโกลเดน ทิวลิป ซอฟเฟอริน พระราม 9,,,,,,,
11x128482,บริษัท โตโยต้า ทูโช เอ็ม แอนด์ อี (ประเทศไทย) จำกัด,,,ไม่พบข้อมูล,,,DBD API (TaxID),
11x128599,พิรญาณ์ ซัพพลาย แอนด์ เอ็นจิเนียริง,,,,,,,
11x128667,บริษัท บุษราคัม จี11 จำกัด,,,ไม่พบข้อมูล,,,DBD API (TaxID),
11x128674,บริษัท ทีเคเอส เวนเชอร์ จำกัด,,,ไม่พบข้อมูล,,,DBD API (TaxID),
11x128786,Rayong wire industries Public company Limited,,,,,,,
11x128789,คาร์กิลล์สยาม-เพชรบุรี,,,,,,,
11x128814,บริษัท ริกค์ เทคโนโลยี (ประเทศไทย) จำกัด,,,ไม่พบข้อมูล,,,DBD API (TaxID),
11x128880,บริษัท พีค อินโนวาเทค จำกัด,,,,,,,
11x128896,E.S.I. (THAILAND) COMPANY LIMITED,,,,,,,
11x128906,"WIN INNOTECH CO.,LTD.",,,,,,,
11x129341,SPO AGRO,,,,,,,
11x129425,บริษัท เอส.ไอ.พี.สยามอินเตอร์แปซิฟิค จำกัด,96.0,2436,14200,,กรุงเทพมหานคร,DIW register,
11x129429,MBK,,,,,,,
11x129444,บริษัท น้ำมันอพอลโล (ไทย) จำกัด,11.0,47.26,52293,,ปทุมธานี,DIW register,
11x129613,บริษัท พรีโม เทรดดิ้ง จำกัด,,,,,,,
11x129615,บริษัท โพรเม่ เทรดดิ้ง จำกัด,,,,,,,
11x129630,บริษัท แอ็กซอลตา โค้ทติ้ง ซิสเต็มส์ (ประเทศไทย) จำกัด,216.535858,160,20221,,สมุทรปราการ,DIW register,
11x129667,กมลพันธ์,,,,,,,
11x129696,"Bridgestone Specialty Tire Manufacturing(Thailand) Co.,Ltd.",,,,,,,
11x129757,ASIAN INSULATORS,,,,,,,
11x129923,บริษัท เอส พี เอ็ม อาหารสัตว์ จำกัด,216.0,3869.2,10801,,ราชบุรี,DIW register,
11x129925,บริษัท ดิโอลอจิก จำกัด,,,,,,,
11x130414,EPAC,,,,,,,
11x130517,"Volutech Machinery Co.,Ltd",,,,,,,
11x131299,สนามกอร์ฟ อัลไพน์,,,,,,,
11x131314,บริษัท แพลนท์ อีควิปเม้นท์,,,,,,,
11x131424,"SFLOW TECHNOLOGY TRADING CO., LTD.",,,,,,,
11x131435,บริษัท ง่วนเชียงอุตสาหกรรมอาหาร จำกัด,694.082242,5598.4,10774,,สมุทรปราการ,DIW register,
11x131488,บริษัท เพอร์เฟคโซลูชั่น แอนด์ คอนเซาส์แตนท์ จำกัด,,,ไม่พบข้อมูล,,,DBD API (TaxID),
11x131531,บริษัท พีดับบลิวเค เซอร์วิส จำกัด,,,,,,,
11x131924,"Alisa Intersupply Co., Ltd.",,,,,,,
11x132107,POWER  LINE  ENGINEERING  PUBLIC  COMPANY  LIMITED.,,,,,,,
11x132483,บริษัท บาส-รีลีฟ จำกัด,33.0,359.01,22210,,พระนครศรีอยุธยา,DIW register,
11x132485,บริษัท เอ ไอ พอร์ตส์ แอนด์ เทอร์มินัลส์ จำกัด,,,,,,,
11x132487,siamsubmanee,,,,,,,
11x132498,บริษัท ฉัตรพร ช็อป (2005) จำกัด,0.0,463.5,25922,,สมุทรปราการ,DIW register,
11x132549,"VR BETZ CO., LTD.",,,,,,,
11x132623,บริษัท สมบูรณ์ แพ็คเกจจิ้ง (888) จำกัด,127.0,25309.93,22299,,สมุทรสาคร,DIW register,
11x132675,"GOODTEAM CONSTRUCTION CO.,LTD.",,,,,,,
11x132703,ยะลาสหพันธ์แก๊ส,,,,,,,
11x132778,บริษัท เยนเนอร์ราลดรั๊กส์เฮ้าส์ จำกัด,440.0,3519.2,21001,,ปทุมธานี,DIW register,
11x132786,บริษัท พีเอสที เอ็นจิเนียริ่ง แอนด์ ซัพพลาย จำกัด,,,ไม่พบข้อมูล,,,DBD API (TaxID),
11x132798,บริษัท เลนโซ่ เทอร์มินอล จำกัด,165.0,1002,20113,,สมุทรปราการ,DIW register,
11x132813,บริษัท เอ็นพีเอ็น ซัพพลาย กรุ๊ป จำกัด,,,,,,,
11x132876,Sanpya Engineering,,,,,,,
11x132880,"SUPREME ENGINEERING & SUPPLY CO.,LTD.",,,,,,,
11x132965,"NPNSUPPLYGROUP CO.,LTD",,,,,,,
11x133024,บริษัท บิ๊กเบน (เพนท์) จำกัด,1.0,146.69999999999999,20221,,สมุทรสาคร,DIW register,
11x133032,บริษัท ระยองไวร์ อินดัสตรีส์ จำกัด (มหาชน),,,ไม่พบข้อมูล,,,DBD API (TaxID),
11x133036,บริษัท ไทยเอ็นเนอร์ยี่คอนเซอร์เวชั่น จำกัด,10.0,265.67,27909,,สุพรรณบุรี,DIW register,
11x133039,บริษัท บาส - รีลีฟ จำกัด,33.0,359.01,22210,,พระนครศรีอยุธยา,DIW register,
11x133264,บริษัท เอต้า คอร์ปอเรชั่น จำกัด,,,,,,,
11x133443,Srifah Progress,,,,,,,
11x133590,modern distaff,,,,,,,
11x133593,บริษัท สยาม ดาเทค อินดัสตรี,152.010495,2995.09,22210,,สมุทรปราการ,DIW register,
11x133636,บริษัท ทีเอชซี อะโกรไซแอนส์ จำกัด,54.6,277.57,20210,,สมุทรปราการ,DIW register,
11x133759,"HiCOP Energy Co.,Ltd.",,,,,,,
11x133811,บริษัท เอ เอส ที อินโนเวชั่น เทคโนโลยี จำกัด,,,,,,,
11x133824,SFLOW ENGINEERING TRADING COMPANY,,,,,,,
11x133842,ห้างหุ้นส่วนจำกัด ศรีฟ้าโปรเกรส,,,ไม่พบข้อมูล,,,DBD API (TaxID),
11x133924,Thai Nippon Steel,,,,,,,
11x133926,Thai Alcohol,,,,,,,
11x133930,Siam Modified Starch,,,,,,,
11x133939,PTTME,,,,,,,
11x133941,Mitsubishi Heavy Industry,,,,,,,
11x135149,บริษัท ไทยยัง เคมีคอล จำกัด,312.92,197,20113,,สมุทรปราการ,DIW register,
11x135546,"ASIA POWER ENGINEERING SYSTEM CO., LTD.",,,,,,,
11x135558,ห้างหุ้นส่วนจำกัด อุดมทรัพย์ มอเตอร์ เซอร์วิส แอนด์ ซัพพลาย,,,ไม่พบข้อมูล,,,DBD API (TaxID),
11x135560,LPN,,,,,,,
11x135601,คุณมีน,,,,,,,
11x135982,บริษัท เอฟแอนด์เอ็น แดรี่ส์ (ประเทศไทย),859.0,39144.620000000003,10501,,พระนครศรีอยุธยา,DIW register,
11x136127,DMS Dexon Mechanical Solution,,,,,,,
11x136259,บริษัท ฟาสเทค ทูลส์ จำกัด,,,,,,,
11x136281,บริษัท ภพ ออโตเมชั่น จำกัด,,,ไม่พบข้อมูล,,,DBD API (TaxID),
11x136298,บริษัท เอพีซี เทอร์มินอล จำกัด,192.14,212.21,20113,,สมุทรปราการ,DIW register,
11x136336,SES INTERNATIONAL BV,,,,,,,
11x136376,เซอร์คูล่า เอ็นเนอร์ยี,800.0,7587.44,20113,,ปทุมธานี,DIW register,
11x136383,endress & Hauser,,,,,,,
11x136386,บริษัท ทีเค เอ็นจิเนียริ่ง แอนด์ พาร์ท จำกัด,,,ไม่พบข้อมูล,,,DBD API (TaxID),
11x136678,"Hilco Asia Co., Ltd.",,,,,,,
11x136684,บริษัท เอ็น เค ห้าเจ็ดเจ็ด จำกัด,,,,,,,
11x136805,บริษัท เอสเอ็ม พาวเวอร์ เอ็นจิเนียริ่ง จำกัด,,,ไม่พบข้อมูล,,,DBD API (TaxID),
11x136934,นายศักษฆ  โชติกพนิช,,,ไม่พบข้อมูล,,,DBD API (TaxID),
11x136959,บริษัท วอเตอร์ เทค ซิสเต็ม จำกัด,,,,,,,
11x136962,ห้างหุ้นส่วนจำกัด แอสเซนด์ กราวด์เซอรวิส,,,,,,,
11x137114,"TOSPLANT ENGINEERING (THAILAND) CO., LTD.",,,,,,,
11x137408,"PANA 888 CO., LTD.",,,,,,,
11x137457,GC Maintenance and Engineering Company Limited,,,,,,,
11x137492,บริษัท ทูล แอนด์ เทคโนโลยี จำกัด,,,,,,,
11x137571,บริษัท ไสว วิศวการ จำกัด,,,,,,,
11x137581,บริษัท นิธิณัฐกร เอ็นจิเนียริ่ง จํากัด,,,,,,,
11x137672,บริษัท เคไนน์ เอนจิเนียริ่ง แอนด์ เซอร์วิส จำกัด,,,ไม่พบข้อมูล,,,DBD API (TaxID),
11x137674,บริษัท ซีลโปร จำกัด,,,,,,,
11x137681,ห้างหุ้นส่วนจำกัด แอสเซนด์ กราวด์ เซอร์วิส,,,ไม่พบข้อมูล,,,DBD API (TaxID),
11x137719,บริษัท บลูฟาโล่ เพ็ทแคร์ จำกัด,400.0,6711.4,10801,,นครปฐม,DIW register,
11x137734,บริษัท ไฟโก จำกัด,,,,,,,
11x138034,บริษัท เอ็กซ์เพิร์ท เมนเทนแนนซ์ แอนด์ เซอร์วิส จำกัด,,,,,,,
11x138135,GULF NC COMPANY LIMITED,,,,,,,
11x138236,บริษัท ดี วินเนอร์ กรุ๊ป จำกัด,,,,,,,
11x138364,"PK POWERTECH CO., LTD.",,,,,,,
11x138386,บริษัท แอ๊บโซลูท โปรดักส์ จำกัด,300.0,40651.599999999999,10420,,สกลนคร,DIW register,
11x138426,"Ultimate Commercial Co., Ltd;",,,,,,,
11x138453,บริษัท อินดี้ เทค โซลูชั่น จำกัด,,,,,,,
11x138549,บริษัท ดับ บลิว เอช เอ คอร์ปอเรชั่น จำกัด,838.0,2723.5,52101,,สมุทรปราการ,DIW register,
11x138855,Endress+Hauser (Thailand) Ltd,,,,,,,
11x138912,Circular Energy,,,,,,,
11x139405,บริษัท พีเอชเอ ออโตเมชั่น จำกัด,,,,,,,
11x139407,นิธิณัฐกร เอ็นจิเนี่ยริ่ง,,,,,,,
11x139602,บริษัท อูเอโน่ (ประเทศไทย) จำกัด,,,,,,,
11x140004,บริษัท ศรีสุข เอ็นจิเนียริ่ง จำกัด,,,ไม่พบข้อมูล,,,DBD API (TaxID),
11x140171,บริษัท เอชอาร์ดี (ประเทศไทย) จำกัด,,,,,,,
11x140205,GGC KTIS BIOINDUSTRIAL COMPANY LIMITED.,,,,,,,
11x140398,"Asian Tech & Engineering Co., Ltd.",,,,,,,
11x140925,"JS TECH CO.,LTD.",,,,,,,
11x141436,rurh pumpen,,,,,,,
11x142060,แหลมทองสหการ,12.0,25101.9,1630,,สมุทรปราการ,DIW register,
11x142188,เสรีภู่พิสิฐ,4.4,86,23953,,เชียงใหม่,DIW register,
11x142203,คุณโจ้,,,,,,,
11x142205,คุณตั้ม,,,,,,,
11x142209,คุณวิชิต,,,,,,,
11x142497,คุณกมล,,,,,,,
11x142533,คุณดุสดี,,,,,,,
11x142559,คุณวีระ,,,,,,,
11x142578,คุณปณิธาน,,,,,,,
11x142634,"HRD (Thailand) Co., Ltd.",,,,,,,
11x142826,บริษัท ไทยรับเบอร์โกลฟส์ จำกัด,59.525,26748.95,22199,,ชลบุรี,DIW register,
11x143381,บริษัท โชคสุวรรณเอ็นจิเนียริ่ง จำกัด,,,,,,,
11x143769,"CUMMINS DKSH (THAILAND) CO., LTD.",,,,,,,
11x143848,WTM TECHNICAL & SUPPLY LIMITED PARTNERSHIP,,,,,,,
11x143900,บริษัท สตาร์ทีม โกลบอล (ประเทศไทย) จํากัด,,,,,,,
11x143991,เออีซี เทรดเซ็นเตอร์ บางปะอิน โฮเซล,,,,,,,
11x144025,บริษัท พลอยภัค จำกัด,,,,,,,
11x144072,ซิโนบริต,,,,,,,
11x144074,ดาลอง แก็ส แอนด์ ปิโตรเคมิคัล,,,,,,,
11x144150,Oil Tech,,,,,,,
11x144161,บริษัท จีจีซี เคทิส ไบโออินดัสเทรียล จำกัด,5800.0,407886,20114,,นครสวรรค์,DIW register,
11x144207,บริษัท เออี แอนด์ ดี (ไทยแลนด์) จำกัด,,,,,,,
11x144295,BBGI Biodiesel,,,,,,,
11x144302,บริษัท คิงส์ ออฟ วาล์ว (ปราจีนบุรี) จำกัด,,,,,,,
11x144347,บริษัท ซีอาร์3 (ประเทศไทย) จำกัด,66.0,171.31,20299,,ระยอง,DIW register,
11x144374,บริษัท พีเค พาวเวอร์เทค จำกัด,,,ไม่พบข้อมูล,,,DBD API (TaxID),
11x144644,CITY EQUIPMENTS MC,,,,,,,
11x144672,บริษัท ราชาแดรี่ โปรดักส์ จำกัด,111.0,291.2,10501,,ลพบุรี,DIW register,
11x144734,อีสเทริน์ ซี ออยล์ แอนด์ คอนสตรัคชั่น,,,,,,,
11x144764,World pump,,,,,,,
11x144852,บริษัท โปร ฟิตติ้ง จำกัด,,,,,,,
11x144897,บริษัท บีที ซัพพอร์ทพาร์ท แอนด์ เซอร์วิส จำกัด,,,ไม่พบข้อมูล,,,DBD API (TaxID),
11x144992,บริษัท ไอ- คอนส์ เอเชีย  จำกัด,1.8,178.7,13922,,ขอนแก่น,DIW register,
11x145080,"Vertex Engineering Co.,Ltd",,,,,,,
11x145573,บริษัท เอเทค โปรดักชั่น จำกัด,,,ไม่พบข้อมูล,,,DBD API (TaxID),
11x145619,Honda Tsusho (Thailand),,,,,,,
11x145799,ASKO Equipment Company Limited,,,,,,,
11x146048,U pro chem,,,,,,,
11x146092,"TNBT TECH & ENGINEERING CO., LTD.",,,,,,,
11x146102,ห้างหุ้นส่วนจำกัด เวิร์ค เซอร์วิส เอ็นจิเนียริ่ง ซิสเท็มส์,,,,,,,
11x146145,ห้างหุ้นส่วนจำกัด สุราษฎร์ แมคคานิค ซัพพลาย,,,,,,,
11x146470,"AQUASYSTEM CO., LTD.",,,,,,,
11x146472,อะควาซิซเท็ม (ประเทศไทย) จำกัด,,,,,,,
11x147537,spie oil and service,,,,,,,
11x147540,FPT,,,,,,,
11x147550,CP Laos,,,,,,,
11x147553,ห้างหุ้นส่วนจำกัด พีพี คอนแนคชั่น แอนด์ เซอร์วิส,,,,,,,
11x147556,บริษัท กรีน เวิลด์ อควา เทคโนโลยี่ จำกัด,,,ไม่พบข้อมูล,,,DBD API (TaxID),
11x147825,บริษัท เช้นค์ โปรเซส (ประเทศไทย) จำกัด,,,,,,,
11x148038,บริษัท ซีพีเอฟ (ประเทศไทย)  จำกัด   (มหาชน),41.5,9220.49,10111,,กรุงเทพมหานคร,DIW register,
11x148058,เซนทาโก-หนองแค,,,,,,,
11x148133,บริษัท สยามเครื่องชั่งและวิศวกรรม จำกัด,129.818666,545.58000000000004,28170,,สมุทรปราการ,DIW register,
11x148139,บริษัท โรจนพัฒน์ เอ็นจิเนียริ่ง จำกัด,,,,,,,
11x148257,บริษัท ทริปเปิ้ล พี แมชชีนเนอรี่ (ประเทศไทย) จำกัด,,,,,,,
11x148344,บริษัท โอท๊อป-มาดเท่ จำกัด,11.5,64,10491,,ชุมพร,DIW register,
11x148399,บริษัท เอ็นเดรส แอนด์ เฮาเซอร์ (ไทยแลนด์)  จำกัด,,,,,,,
11x148485,"TME Co.,LTD",,,,,,,
11x148678,บริษัท เอชเคซี โซลูชั่น จำกัด,,,ไม่พบข้อมูล,,,DBD API (TaxID),
11x148706,บริษัท มูซาชิ เพ้นท์ แมนูเฟคเจอริ่ง ( ประเทศไทย ) จำกัด,,,,,,,
11x148758,บริษัท สยามอินดัสเตรียลปั๊ม แอนด์ เซอร์วิส จำกัด,,,,,,,
11x148781,บริษัท ไอกะ ไทยเคมีภัณฑ์ จำกัด,17.8,19651.7,20299,,สมุทรปราการ,DIW register,
11x148856,บริษัท บูรณ์ออริจินส์ จำกัด,4.75,293.75,20221,,กรุงเทพมหานคร,DIW register,
11x148869,MEGA INTERRADE AND SERVICE,,,,,,,
11x149187,Thai tank,,,,,,,
11x149371,บริษัท เอ็นเอสอาร์ พริซิชั่น จำกัด,,,,,,,
11x150554,บริษัท สยามซานิทารีแวร์อินดัสทรี จำกัด (โรงงานหินกอง),,,,,,,
11x151054,บริษัท มิสซิเบิล เทคโนโลยี จำกัด,,,ไม่พบข้อมูล,,,DBD API (TaxID),
11x152038,อุตสาหกรรมจารบีไทย,6.0,93,19209,,กรุงเทพมหานคร,DIW register,
11x152154,บริษัท ไทยสยาม เอ็นจิเนียริ่ง แอนด์ เซอร์วิส จำกัด,,,,,,,
11x152490,"YONG TRADING & SERVICE CO., LTD.",,,,,,,
11x152531,บริษัท อาร์ พี เอส ซี เคมิคอล จำกัด,99.0,350,20221,,นครปฐม,DIW register,
11x152612,ARTELIA ENGINEERING Limited,,,,,,,
11x152614,บริษัท เวนคอเรกซ์ (ไทยแลนด์) จำกัด,912.008,3496.07,20113,,ระยอง,DIW register,
11x152629,บริษัท เอจีซี วีนิไทย  จำกัด  (มหาชน),64.4,59.5,20113,,สมุทรปราการ,DIW register,
11x152690,บริษัท สังข์อ่องเทรดดิ้ง แอนด์ เอ็นจิเนียริ่ง จำกัด,,,,,,,
11x152760,"THAI TOKO ENGINEERING CO., LTD.",,,,,,,
11x152792,Floyd Public,,,,,,,
11x152821,บริษัท ไมนฮาร์ท (ประเทศไทย) จำกัด,,,,,,,
11x153001,บริษัท โตโยต้า มอเตอร์ ประเทศไทย จำกัด (โรงงานเกตเวย์),,,,,,,
11x153477,เออีซี เทรด์ เซนต์เทอร์,,,,,,,
11x153629,บริษัท มาโร เวิลด์ เทค จำกัด,,,ไม่พบข้อมูล,,,DBD API (TaxID),
11x153926,คุณชัยโยค,,,,,,,
11x154359,บริษัท เพาเวอร์ อินเตอร์เทรด จำกั,,,,,,,
11x154726,เชียงใหม่ บลูเฟลม,,,,,,,
11x154739,บริษัท พรีฟอร์มด์ ไลน์ โปรดัคส์ (ประเทศไทย) จำกัด,122234.0,1689.39,27103,,กรุงเทพมหานคร,DIW register,
11x155066,บริษัท บลูแกส จำกัด,,,ไม่พบข้อมูล,,,DBD API (TaxID),
11x155074,บริษัท เอ็นเดรส แอนด์ เฮาเซอร์(ไทยแลนด์)  จำกัด,,,,,,,
11x155088,บริษัท ไทยเบฟเวอเรจ   เอ็นเนอร์ยี่  จำกัด,304.28,4108.51,38300,,ปทุมธานี,DIW register,
11x155109,บริษัท บริดจสโตน สเปเชียลตี้ ไทร์ แมนูแฟคเจอริ่ง (ประเทศไทย) จำกัด,0.0,32997.64,22112,,ระยอง,DIW register,
11x155403,"ITE-ACME Joint Venture Co.,Ltd.",,,,,,,
11x155575,บริษัท ไท คอนโซลิเดเต็ด เมนเทนแนนซ์ จำกัด,,,,,,,
11x155602,บริษัท อุสาหกรรมจารบีไทย จำกัด,,,,,,,
11x155605,บริษัท ฟาสเทน ออยล์ จำกัด,,,ไม่พบข้อมูล,,,DBD API (TaxID),
11x156212,บริษัท บี บี เอส กรุ๊ป จำกัด,,,ไม่พบข้อมูล,,,DBD API (TaxID),
11x156467,The Power Engineering,,,,,,,
11x156644,บริษัท เบสท์เมทัลเวอร์ค จำกัด,21.0,297,25922,,ชลบุรี,DIW register,
11x156664,บริษัท ไอทีอี-แอ๊คมี่ จอยท์ เวนเจอร์ จำกัด,,,ไม่พบข้อมูล,,,DBD API (TaxID),
11x156669,THAI KHUONG TECHNOLOGY TRADING COMPANY LIMITED,,,,,,,
11x156674,บริษัท ไทยเบฟเวอเรจ  เอ็นเนอร์ยี่   จำกัด,304.28,4108.51,38300,,ปทุมธานี,DIW register,
11x156711,บริษัท เซอาห์ พรีซิชั่น เมทัล (ประเทศไทย) จำกัด,0.0,5301.1,25910,,ชลบุรี,DIW register,
11x156994,"Acteus (Thailand) Co., Ltd",,,,,,,
11x157075,บริษัท เอสทีพี คอร์ปอเรชั่น จำกัด,,,,,,,
11x157452,บริษัท เกษตรไทย อินเตอร์เนชั่นแนล ชูการ์ คอร์ปอเรชั่น จำกัด,695.0,144324.1,10721,,นครสวรรค์,DIW register,
11x157499,เบทาโกร-รัตภูมิ,,,,,,,
11x157534,บริษัท แมนูแฟคเจอร์ โอเวอร์ฮอล ราพิด แอนด์ ออพติมอล จำกัด,,,ไม่พบข้อมูล,,,DBD API (TaxID),
11x157560,Celestica (Thailand) Limited,,,,,,,
11x157682,บริษัท ทีเอ็นดี สตีล จำกัด,,,,,,,
11x157691,บริษัท เซาท์เมคานิกส์ จำกัด,,,,,,,
11x157809,ห้างหุ้นส่วนจำกัด หาดใหญ่ พี.เอ็ม.คอนโทรล,,,,,,,
11x157867,บริษัท เอส.เอส.การสุรา จำกัด,284.7,12920.22,11011,,อุบลราชธานี,DIW register,
11x157983,บริษัท พิริยะคอนโทรล จำกัด,,,,,,,
11x158206,"Nishiyama Corporation (Thailand) Co., Ltd.",,,,,,,
11x158236,กฤษณ์ศักดิ์,,,,,,,
11x158420,บริษัท โนวาเท็ค จำกัด,16.65,409.2,29109,,ปทุมธานี,DIW register,
11x158445,บริษัท จีซี เมนเทนแนนซ์ แอนด์ เอนจิเนียริง จำกัด,1493.992708,428.15199999999999,28299,,ระยอง,DIW register,
11x158454,บริษัท บริดจสโตน สเปเชียลตี้ ไทร์,,,ไม่พบข้อมูล,,,DBD API (TaxID),
11x158912,five star mechanic,,,,,,,
11x158972,บริษัท เอส เจ ที เอ็นจิเนียริ่ง แอนด์ ซัพพลาย จำกัด,,,,,,,
11x159519,บริษัท พีเอ็นพี ซีลลิ่ง จำกัด,,,,,,,
11x159545,บริษัท ไฮเพรส เทคโนโลยี จำกัด,,,,,,,
11x159708,ห้างหุ้นส่วนจำกัด ส.ธรรมวงษ์ษา,,,,,,,
11x159945,บริษัท อุตสาหกรรมโคราช จำกัด,294.45,484.02,10723,,นครราชสีมา,DIW register,
11x159954,Multiphase,,,,,,,
11x159962,"ESS Engineering Solution and Service Co., Ltd",,,,,,,
11x160021,Busarakham Oil,,,,,,,
11x160023,Hugchang,,,,,,,
11x160136,บริษัท ซีอาร์ 3 (ประเทศไทย) จำกัด,66.0,171.31,20299,,ระยอง,DIW register,
11x160169,บริษัท เทพอรุโณทัย  จำกัด,206.0,12629.5,11011,,หนองคาย,DIW register,
11x160190,เอ.เอ.ดี.เอ็นเตอร์ไพรส์,,,ไม่พบข้อมูล,,,DBD API (TaxID),
11x160197,"FLOWLAB & SERVICE CO.,LTD.",,,,,,,
11x160272,"Tooling Service Centre Co.,Ltd.",,,,,,,
11x160306,TANNING INDUSTRIAL ZONE K.M. 30 COMPANY LIMITED,,,,,,,
11x160324,"J.P.S Civil & Engineering Co.,Ltd.",,,,,,,
11x160347,the architects & turnkey limited,,,,,,,
11x160811,บริษัท สยามวัฒนา เมนเทนแนนซ์ เซอร์วิส จำกัด,,,,,,,
11x160888,ซีพีเอฟ-โชคชัย,,,,,,,
11x160963,ENVICCO,,,,,,,
11x161235,บริษัท มิสเตอร์ ซิสเท็ม จำกัด,,,,,,,
11x161334,บริษัท เคพีซี โฮลดิ้ง จำกัด,,,,,,,
11x162468,ซีพีเอฟ-กัมพูชา,,,,,,,
11x162808,"OIZURU (THAILAND) CO., LTD.",,,,,,,
11x163096,บริษัท โรจน์ชวนนท์ จำกัด,6.9,496.5,25111,,ฉะเชิงเทรา,DIW register,
11x163098,"A.K.S Service and Supply co.,ltd",,,,,,,
11x163104,"Sennics (Thailand) Co., Ltd.",,,,,,,
11x163201,บริษัท ซีพีเอฟ  (ประเทศไทย)   จำกัด  (มหาชน),41.5,9220.49,10111,,กรุงเทพมหานคร,DIW register,
11x163239,บริษัท ห้างกระจกตังน้ำ จำกัด (สาขาบางขุนเทียน),,,ไม่พบข้อมูล,,,DBD API (TaxID),
11x163258,ลี้บุ้นเซ็งการไฟฟ้า,,,,,,,
11x163299,บริษัท เดวา เวลส์ พลัส จำกัด,,,,,,,
11x163394,siam city cement,,,,,,,
11x163480,บริษัท ทูลลิ่ง เซอร์วิส เซ็นเตอร์ จำกัด,,,,,,,
11x163484,บริษัท ทีเอ็นที โปร เอ็นจิเนียริ่ง จำกัด,,,ไม่พบข้อมูล,,,DBD API (TaxID),
11x163544,"PIE SOLUTION CO., LTD",,,,,,,
11x163575,Kellogg (Thailand) Company Limited,,,,,,,
11x163847,บริษัท แอลเคซี เอ็นจิเนียร์ริ่ง ซัพพลาย แอนด์ พาร์ท จำกัด,,,,,,,
11x163902,บริษัทแสงเจริญ ฟาวน์ดรี (1987) จำกัด,35.0,12530.7,24101,,สมุทรปราการ,DIW register,
11x163908,Neo Corporate Public Company Limited,,,,,,,
11x164354,บริษัท แมคโดเวล ดัคลาส จำกัด,,,,,,,
11x164537,บริษัท เค คิไค แมชีนเนอรี่ จำกัด,,,,,,,
11x164584,บริษัท แอมพาเซ็ท (ประเทศไทย) จำกัด,295.0,3480,22230,,ระยอง,DIW register,
11x164602,บริษัท แวร์ลูเอต เอนเทอไพรส์ จำกัด,,,ไม่พบข้อมูล,,,DBD API (TaxID),
11x164624,บริษัท จาร์ดีน เอ็นจิเนียริ่ง จำกัด,,,ไม่พบข้อมูล,,,DBD API (TaxID),
11x164788,PAP Gas,,,,,,,
11x164964,Bangkok Expressway and Metro Public Company Limited,,,,,,,
11x166001,บริษัท ยูนิเทค จำกัด,,,,,,,
11x166042,ไทยเม็ททอล,,,,,,,
11x166068,SCG packaging PLC,,,,,,,
11x166397,เบทาโกร-ฉะเชิงเทรา,,,,,,,
11x166610,นพดล ซอและ,,,,,,,
11x166614,Khun Chantradit,,,,,,,
11x166688,Northern Gulf Petroleum PTE Ltd.,,,,,,,
11x166710,บริษัท ซับเทอร่า จำกัด,,,,,,,
11x166712,บจก. เมโทรพลาย,,,,,,,
11x166757,บริษัท ไทยเฮอร์บิไซต์ จำกัด,,,,,,,
11x166759,"THC AGROSCIENCE CO., LTD.",,,,,,,
11x166798,บริษัท ไอโบ จำกัด,,,,,,,
11x166882,BORN INTERTRADE LIMITED,,,,,,,
11x166981,บริษัท สแตค เอส เอช เค (ประเทศไทย) จำกัด,2.0,205.64,25922,,สมุทรปราการ,DIW register,
11x167003,นิติบุคคลอาคารชุด เคนชิงตัน สุขุมวิท-เทพารักษ์,,,,,,,
11x167007,โรงปรับปรุงคุณภาพน้ำประชานิเวศน์ 3 นนทบุรี,,,,,,,
11x167050,wanhua chemical,,,,,,,
11x167089,ห้างหุ้นส่วนจำกัด เบ๊ ชัย แสง,,,ไม่พบข้อมูล,,,DBD API (TaxID),
11x167106,ซีพี ออลล์-ลาดกระบัง,,,,,,,
11x167193,ห้างหุ้นส่วนจำกัด พี แอนด์ ที ทีม,,,,,,,
11x167814,ดีเซล พาร์ท แมชชีนเนอรี่ จำกัด,,,,,,,
11x169244,บริษัท ลี้บุ้นเซ้ง จำกัด,,,,,,,
11x169316,FGV Biotechnologies Sdn Bhd,,,,,,,
11x169454,ข้อมูล บริษัท เฟิร์ส เลน อินเตอร์เนชั่นแนล จำกัด,,,,,,,
11x169461,บริษัท ตนุภัท จำกัด,,,ไม่พบข้อมูล,,,DBD API (TaxID),
11x169528,บริษัท กันยงอีเลคทริก จำกัด (มหาชน),0.0,10049.69,28160,,สมุทรปราการ,DIW register,
11x169541,ไร่เทียมพืชผล,,,,,,,
11x169561,บริษัท เอ็นโวเท็ค เอ็นจิเนียริ่ง จำกัด,,,,,,,
11x169801,บริษัท อินดัสทรี้โปร จำกัด,,,,,,,
11x169877,บริษัท ปากส์ (ไทยแลนด์) จำกัด,,,ไม่พบข้อมูล,,,DBD API (TaxID),
11x169998,SPECIAL PART CENTER,,,,,,,
11x170004,Daika,,,,,,,
11x170021,บริษัท เอเชียเวิลด์เทค อินดัสตรี้ จำกัด,140.0,3189,22220,,สมุทรสาคร,DIW register,
11x170070,บริษัท สตาร์ ฟูเอลส์ มาร์เก็ตติ้ง จำกัด,,,ไม่พบข้อมูล,,,DBD API (TaxID),
11x170088,บริษัท พีพีจี โคทติ้งส์ (มาเลเซีย) จำกัด,,,,,,,
11x170092,อะเดกะไฟน์ เคมีคัล,,,,,,,
11x170777,บริษัท สยามคิตแมชชีน จำกัด,,,ไม่พบข้อมูล,,,DBD API (TaxID),
11x170785,บริษัท เอทีเอ เอ็นจิเนียริ่ง เซอร์วิส จำกัด,,,,,,,
11x171511,ADEKA FINE CHEMICAL (THAILAND),,,,,,,
11x171537,Archetype Thailand,,,,,,,
11x171543,โปรแมน ปั้มแอนด์ซีล เซอร์วิส,,,,,,,
11x171666,บริษัท แพนด้า ยูเอสเอ จำกัด,,,,,,,
11x171750,"Terkis Co.,ltd",,,,,,,
11x171834,บริษัท อินส์แมนเทค จำกัด,,,,,,,
11x171979,Best Pump Engineering 247,,,,,,,
11x172234,"JTC Technical & Engineering Co,.ltd",,,,,,,
11x172500,บริษัท โปสิตรอน เอ็นจิเนียริ่ง จำกัด,1.5,70.45,25922,,ปทุมธานี,DIW register,
11x172553,บริษัท ทีเอสพี ซัพพลาย จำกัด,,,,,,,
11x172564,ห้างหุ้นส่วนจำกัด ซีเอทูเอส เอ็นจิเนียริ่ง,,,ไม่พบข้อมูล,,,DBD API (TaxID),
11x172623,บริษัท อินเตอร์ อิ๊งค์ จำกัด,,,,,,,
11x172630,บจก. สมิทธ์ เทคโนโลยี,21.0,104.41,28199,,สมุทรสาคร,DIW register,
11x172664,บริษัท เบสท์ ปั๊ม เอ็นจิเนียริ่ง 2547 จำกัด,,,,,,,
11x172669,พร.ทรัพย์สุนทร,,,,,,,
11x172677,ซีพี รีเทลลิงค์,163.0,532.21,22220,,กรุงเทพมหานคร,DIW register,
11x172743,บริษัท พีเอสซีทู เอ็นจิเนียร์ริ่ง แอน ซัพพลาย จำกัด,,,,,,,
11x172781,CPP,,,,,,,
11x172787,ห้างหุ้นส่วนจำกัด ไชยถาวร เอ็นจิเนียริ่ง,,,ไม่พบข้อมูล,,,DBD API (TaxID),
11x172789,ซีพีเอฟ-จัดซื้อส่วนกลาง,,,,,,,
11x172886,maihug engineering,,,,,,,
11x172890,Howden (Thailand),,,,,,,
11x172974,KKV engineering,,,,,,,
11x173027,Bangpa-In Cogeneration Ltd.,,,,,,,
11x173063,บริษัท พี. บี. เอ็ม เอ็นจิเนียริ่ง จำกัด,,,,,,,
11x173065,"DH TRADING CORPORATION CO., LTD.",,,,,,,
11x173077,Pipat Place,,,,,,,
11x173082,เบทาโกร-ลาว,,,,,,,
11x173134,บริษัท คอนวูด จำกัด,38.0,12524.3,23953,,สระบุรี,DIW register,
11x173188,คุณสุรชัย,,,,,,,
11x173315,บริษัท เอเชี่ยน นิวทริชั่น จำกัด,145.1,18904.53,10801,,เพชรบุรี,DIW register,
11x173324,นายเชวง เอื้อวงศ์กูล,,,ไม่พบข้อมูล,,,DBD API (TaxID),
11x173374,บริษัท สยามแก๊ส แอนด์ ปิโตรเคมีคัลส์ จำกัด   (มหาชน),61.1,426.5,25921,,ขอนแก่น,DIW register,
11x173376,บริษัท อินเตอร์อิงค์ จำกัด,,,ไม่พบข้อมูล,,,DBD API (TaxID),
11x173389,บริษัท ทางด่วนและรถไฟฟ้ากรุงเทพ จำกัด (มหาชน),9257.0,1016.92,30200,,กรุงเทพมหานคร,DIW register,
11x173393,ห้างหุ้นส่วนจำกัด ซี เอ ทู เอส เอ็นจิเนียริ่ง,,,ไม่พบข้อมูล,,,DBD API (TaxID),
11x173395,บริษัท พีเค แอดว๊านซ์ อิเล็กทริค เซอร์วิส จำกัด,,,ไม่พบข้อมูล,,,DBD API (TaxID),
11x173869,บริษัท บียูพีเอส จำกัด,,,ไม่พบข้อมูล,,,DBD API (TaxID),
11x174010,บริษัท ยูเรกาออโตเมชั่น จำกัด,167.0,415.76,28229,,ปทุมธานี,DIW register,
11x174169,"P.S.WELL 859 GROUP CO., LTD.",,,,,,,
11x174459,OPS Oilfield Equipment and Services Ltd.,,,,,,,
11x175057,บริษัท พูลวัฒน์ 999 จำกัด,,,ไม่พบข้อมูล,,,DBD API (TaxID),
11x175183,บริษัท สยาม ลูป ออยล์ จำกัด,14.0,75,19209,,ปทุมธานี,DIW register,
11x175224,kmatech,,,,,,,
11x175656,บริษัท สยามซานิทารีแวร์ จำกัด,,,,,,,
11x175715,บริษัท ยู ซอร์ส จำกัด,,,,,,,
11x175779,EEC,,,,,,,
11x175832,รุ่งอรุณแก๊ส,,,ไม่พบข้อมูล,,,DBD API (TaxID),
11x175848,ห้างหุ้นส่วนจำกัด เอ.พี.อุตสาหกรรม,,,,,,,
11x175915,"SANPYA ENGINEERING ALLIANCE CO., LTD.",,,,,,,
11x175944,บริษัท เค-มาเทค ซัพพลาย จำกัด,,,ไม่พบข้อมูล,,,DBD API (TaxID),
11x175976,บริษัท แก้วเก้ากรุ๊ป จำกัด,,,ไม่พบข้อมูล,,,DBD API (TaxID),
11x176019,หจก. 39 เจริญการช่าง,8.0,473,28299,,นครราชสีมา,DIW register,
11x176041,"Y.O. General Supply (1983) Co., Ltd.",,,,,,,
11x176050,"ULTIMATE ENGINEERING AND SERVICE CO.,LTD.",,,,,,,
11x176144,บริษัท โอเอสอี จำกัด,,,,,,,
11x176175,บริษัท ดูราโฟม จำกัด,,,,,,,
11x176234,โกลเด้น ฟู้ดส์,,,,,,,
11x176266,บริษัท พีซี พาร์ท เทค จำกัด,,,,,,,
11x176313,La Serene Escape Samui,,,,,,,
11x176471,บริษัท ทรีวอลล์ จำกัด,,,ไม่พบข้อมูล,,,DBD API (TaxID),
11x176622,บริษัท อมตะ บี.กริม เพาเวอร์ 3 จำกัด,5565.0,259997.92,35101,,ชลบุรี,DIW register,
11x176632,บริษัท พรีเมียร์ กรีนเพาเวอร์ จำกัด,,,ไม่พบข้อมูล,,,DBD API (TaxID),
11x176645,บริษัท รุ่งอรุณแก๊ส จำกัด,,,ไม่พบข้อมูล,,,DBD API (TaxID),
11x176759,คุณอนันต์,,,,,,,
11x176799,คณวินัย,,,,,,,
11x176829,บริษัท ซีลเทค(ประเทศไทย) จำกัด,,,,,,,
11x177226,"Arrow Energy Co., Ltd.",,,,,,,
11x177232,บริษัท สยามนาคราช จำกัด,,,,,,,
11x177791,บริษัท ที.เอส.ซัพพลาย แอนด์ ริชเชช จำกัด,,,ไม่พบข้อมูล,,,DBD API (TaxID),
11x178167,หจก.ศิริยนต์ หาดใหญ่,,,,,,,
11x178170,Total Energies Corbion Ltd.,,,,,,,
11x178171,FOSTER WHEELER (THAILAND) LIMITED,,,,,,,
11x178174,"Thai Nitrate Co.,Ltd (TNC)",,,,,,,
11x178180,NEUMAN & ESSER South-East Asia Ltd,,,,,,,
11x178240,หจก.เอสดับบลิวพี อีควิปเม้นท์,,,,,,,
11x178385,บริษัท ฮาคารุ พลัส (ประเทศไทย) จำกัด,,,,,,,
11x178749,สยามสุขสวัสดิ์,,,,,,,
11x178827,บริษัท กรีนโปรดักส์แอนด์ซิสเต็มส์ จำกัด,,,,,,,
11x178839,บริษัท เพอร์เฟ็คท์เพาเวอร์ไลน์ จำกัด,,,,,,,
11x178856,Industrial Plus,,,,,,,
11x178878,บริษัท เอสพีพี เทอร์มินัล ทรานสปอร์ต จำกัด,,,,,,,
11x178900,"LV DEVELOPMENT GROUP CO., LTD.",,,,,,,
11x178919,"NA Caltechnologies Co.,Ltd.",,,,,,,
11x179002,ส.ปณชัย,,,,,,,
11x179077,บริษัท วีอาร์พี เทค จำกัด,,,,,,,
11x179111,Akara Resource Public Company Limited,,,,,,,
11x179124,บริษัท เพาเวอร์ เอ็นจิเนียริ่ง โปรดัก จำกัด,,,,,,,
11x179149,บริษัท ซีพี รีเทลลิงค์ จำกัด,163.0,532.21,22220,,กรุงเทพมหานคร,DIW register,
11x179168,บริษัท ทรี วอลล์ จำกัด,,,ไม่พบข้อมูล,,,DBD API (TaxID),
11x179197,บริษัท พรีซิชั่น พาวเวอร์ เซอร์วิส จำกัด,17.0,106.2,25922,,ชลบุรี,DIW register,
11x179221,ที.เอส.ซัพพลาย แอนด์ ริชเชช จำกัด,,,ไม่พบข้อมูล,,,DBD API (TaxID),
11x179347,บริษัท รีฟริเทค จํากัด,,,,,,,
11x179349,บริษัท สหมิตรถังแก๊ส จำกัด (มหาชน),52.03705,16719.810000000001,25949,,กรุงเทพมหานคร,DIW register,
11x179357,บริษัท เอ แอล เค อิมปอร์ต แอนด์ เอกซ์ปอร์ต จำกัด,,,,,,,
11x179443,หจก.บุญรักษา เอ้นจิเนียริ่ง ซัพพลาย,,,,,,,
11x179497,บริษัท กิฟฟารีน สกายไลน์ แลบบอราทอรี่ แอนด์ เฮลท์แคร์ จำกัด,11.260885,1057.8399999999999,21001,,ปทุมธานี,DIW register,
11x179704,บีบีจีไอ เฟิร์มบ็อกซ์ ไบโอ,,,,,,,
11x179984,OPTICHEM POLYMERS (THAILAND) CO LTD,,,,,,,
11x180137,KAS ENGINEERING & SOLUTION CO.M LTD,,,,,,,
11x180214,บริษัท สุนิเทค จำกัด,,,,,,,
11x180296,ห้างหุ้นส่วนจำกัด ส. สมพงค์ แมชชินเนอรี่,,,ไม่พบข้อมูล,,,DBD API (TaxID),
11x180430,บริษัท สยามอุตสาหกรรมเกษตรอาหาร จำกัด (มหาชน),120.0,31600.23,10302,,ประจวบคีรีขันธ์,DIW register,
11x181146,"K Power Engineering co.,ltd",,,,,,,
11x181218,"THAI PETROLEUM SUPPORT CO.,LTD. (TXP)",,,,,,,
11x181283,GULF TS4 COMPANY LIMITED,,,,,,,
11x181541,PK ADVANCE ELECTRIC SERVICE COMPANY,,,,,,,
11x181544,Akara Resources Public Company Limited,,,,,,,
11x181565,"LUSIFER SUPPLY CO., LTD.",,,,,,,
11x181852,"TODOROKI (THAILAND) CO.,LTD.",,,,,,,
11x181854,Green Gas,,,,,,,
11x181953,บริษัท นิคคะคิ (ประเทศไทย) จำกัด,,,,,,,
11x182048,บริษัท เมอร์ค จำกัด,56.95,0,20113,,สมุทรปราการ,DIW register,
11x182097,max motor service center,,,,,,,
11x182175,บริษัท แก้วปราการ จำกัด,184.296945,6768.05,23101,,สมุทรปราการ,DIW register,
11x182471,CHATHEEPAT,,,,,,,
11x182530,บริษัท ไทย เบเวอร์เรจ แคน จำกัด,5237.000002,8382.23,25949,,สระบุรี,DIW register,
11x182574,"US1 ENGINEERING CO., LTD.",,,,,,,
11x182578,บริษัท เอ็มขเทค ไทย เอ็นจิเนียริ่ง จำกัด,,,,,,,
11x182579,บริษัท เอ็ม-เทค ไทย เอ็นจิเนียริ่ง จำกัด,,,,,,,
11x182621,บริษัท นิปปอนเพนต์ เดคโคเรทีฟ โคทติ้ง (ประเทศไทย) จำกัด,415.0,1941.26,20221,,สมุทรปราการ,DIW register,
11x182645,K'Narong,,,,,,,
11x183493,ห้างหุ้นส่วนจำกัด นีโอ ฮาร์ดแวร์,,,ไม่พบข้อมูล,,,DBD API (TaxID),
11x183964,บริษัท นิปปอนเพนต์ เดคโคเรทีฟ,,,ไม่พบข้อมูล,,,DBD API (TaxID),
11x183976,บริษัท สมิทธ์ เทคโนโลยี จำกัด,21.0,104.41,28199,,สมุทรสาคร,DIW register,
11x184629,techno sol,,,,,,,
11x184643,"KMC Solutions Co., Ltd.",,,,,,,
11x184733,ATEC PRODUCTION,,,,,,,
11x184783,"THAI P.S.MACHINERY CO.,LTD.",,,,,,,
11x184834,บริษัท มิตซูบิชิ เคมิคอล (ประเทศไทย) จำกัด,246.0,3470.66,22230,,ชลบุรี,DIW register,
11x184916,บริษัท บีอาร์เอ็ม เพ้นท์ (ประเทศไทย) จำกัด,,,,,,,
11x184958,"PNP Sealing Co., Ltd.",,,,,,,
11x184974,"MCLS Asia Co.,Ltd",,,,,,,
11x185052,บริษัท  โชคประชา  อิมพอร์ต แอนด์ เอ็กซ์พอร์ต จำกัด,,,,,,,
11x185071,บริษัท โฮคุโตะ แมชชีน จำกัด,,,,,,,
11x185084,บจก. พี.แอนด์ พี.ซี.เอ็นจิเนียริ่ง,,,ไม่พบข้อมูล,,,DBD API (TaxID),
11x185127,บริษัท ห้าดาว แมคคานิค จำกัด,5.0,,28250,,สมุทรปราการ,DBD API (TaxID),ยังดำเนินกิจการอยู่
11x185156,บริษัท ธนสินธิ เอ็นจีเนียริ่ง เซอร์วิส จำกัด,,,,,,,
11x185160,"PLUSMAX PO CO., LTD.",,,,,,,
11x185228,Knauf Gypsum (Thailand) Limited,,,,,,,
11x185234,บริษัท คีย์ ซัคเซส ซัพพลาย จำกัด,,,,,,,
11x185329,บริษัท ลิเดีย ออยล์ (ประเทศไทย) จำกัด,5.0,155,38211,,ชลบุรี,DIW register,
11x185332,electrolux,,,,,,,
11x185349,บริษัท ไทยรุ่งเรืองฟิตติ้ง แอนด์ วาล์ว จำกัด,,,,,,,
11x185356,บริษัท มาบตาพุด แอร์โปรดักส์ จำกัด,1000.0,0,20111,,ระยอง,DIW register,
11x185363,บริษัท เบเยอร์ จำกัด,9.5,3310.5,20221,,สมุทรปราการ,DIW register,
11x185374,บริษัท ปตท. จำหน่ายก๊าซธรรมชาติ  จำกัด,,,ไม่พบข้อมูล,,,DBD API (TaxID),
11x185461,บริษัท ไทยไอโซนอล จำกัด,1.0,,20221,,สมุทรสาคร,DBD API (TaxID),ยังดำเนินกิจการอยู่
11x185506,เขตประกอบการอุตสาหกรรมฟอกหนัง กม.30,33.0,1493,37000,,สมุทรปราการ,DIW register,
11x185532,ฺโบทรี เอ็นจิเนี่ยริ่ง,,,,,,,
11x185908,"Tietex Asia, Ltd",,,,,,,
11x185925,บริษัท พัฒนาโฟรเซ่นฟู้ด จำกัด,50.0,5923.33,10291,,สมุทรสาคร,DIW register,
11x185965,บริษัท โฟคอล ทีเอส (ประเทศไทย) จำกัด,,,,,,,
11x186055,บริษัท เดลต้า เมคคานิคส์ จำกัด,,,,,,,
11x186157,บริษัท บีอาร์เอ็ม เพ้นท์ จำกัด,13.0,276.95999999999998,20221,,ปทุมธานี,DIW register,
11x186163,บริษัท อัลติเมท เอ็นจิเนียริ่ง แอนด์ เซอร์วิส จำกัด,,,ไม่พบข้อมูล,,,DBD API (TaxID),
11x186186,บริษัท บางจาก ศรีราชา จำกัด (มหาชน),17110.01,,19201,,กรุงเทพมหานคร,DBD API (TaxID),ยังดำเนินกิจการอยู่
11x186438,Poly plex,,,,,,,
11x187731,บริษัท แมทเทล กรุงเทพ จำกัด,792.07,0,32401,,สมุทรปราการ,DIW register,
11x187891,บริษัท เจเค ดีไซน์ แอนด์ ซัพพลาย จำกัด,,,,,,,
11x187898,แสงฟ้าก่อสร้าง,,,,,,,
11x187904,WSN Thailand,,,,,,,
11x187991,บริษัท เอ็นวิคโค จำกัด,2286.0,13992.33,22230,,ระยอง,DIW register,
11x187997,บริษัท แม็ค มอเตอร์ เซอร์วิส เซ็นเตอร์ จำกัด,17.0,349.17,33121,,สมุทรปราการ,DIW register,
11x188105,RIX TECHNOLOGY,,,,,,,
11x188137,Rangooners,,,,,,,
11x188190,SECT COMPANY LIMITED,,,,,,,
11x188208,บริษัท เวท ซุปพีเรีย คอนซัลแตนท์ จำกัด,105.0,1590,10802,,สมุทรสาคร,DIW register,
11x188241,บริษัท โกรว์ สเตป จำกัด,,,,,,,
11x188370,OLEEN,,,,,,,
11x188541,"MATSUI (ASIA) CO., LTD.",,,,,,,
11x188698,หจก.สิงห์อำนวย,65.0,3597.35,10795,,จันทบุรี,DIW register,
11x188726,"S.A. Petrotech co., Ltd",,,,,,,
11x188738,Anat,,,,,,,
11x188739,Natthapol,,,,,,,
11x188741,Tewin,,,,,,,
11x188743,Wanasart,,,,,,,
11x188745,Nongluck,,,,,,,
11x188747,Adisornn,,,,,,,
11x188749,Krittikorn,,,,,,,
11x188751,Naree,,,,,,,
11x188754,Jarus,,,,,,,
11x188755,Kritsanat,,,,,,,
11x188758,Chaiwat,,,,,,,
11x188766,Akapong,,,,,,,
11x188768,sumet,,,,,,,
11x188774,Chatchai,,,,,,,
11x188776,Pattharasiri,,,,,,,
11x188778,Somphopp,,,,,,,
11x188793,Nueng,,,,,,,
11x188795,Toi,,,,,,,
11x188797,Weerachai,,,,,,,
11x188799,Winai,,,,,,,
11x188852,บริษัท ฟินิกส์ แมชชีนเนอรี่  จำกัด,,,ไม่พบข้อมูล,,,DBD API (TaxID),
11x188934,หจก. วี.พี. วัฒนา วิศวกรรม,,,ไม่พบข้อมูล,,,DBD API (TaxID),
11x188980,บริษัท แพลนเตอร์ ยูไนเต็ด จำกัด,,,,,,,
11x189210,SYSCO Engineering and Supply,,,,,,,
11x189398,CHRISTIANI & NIELSEN,,,,,,,
11x189540,"Insum Co., Ltd.",,,,,,,
11x189610,บริษัท คราวน์ เบ็บแคน แอนด์ โคลสเชอร์ส (ประเทศไทย) จำกัด,1227.0,7956,25949,,สระบุรี,DIW register,
11x189654,Curry & Brown,,,,,,,
11x189900,สยามยิปซัม,,,,,,,
11x189903,Thai Thamdee,,,,,,,
11x189906,บริษัท ณ อินเตอร์คูล65 จำกัด,,,ไม่พบข้อมูล,,,DBD API (TaxID),
11x189908,"Rotating Engineering Co.,Ltd.",,,,,,,
11x190045,petrofac,,,,,,,
11x190083,บริษัท สมาร์ท ออโตเมชั่น แอนด์ เอ็นจิเนียริ่ง จำกัด,,,ไม่พบข้อมูล,,,DBD API (TaxID),
11x190954,บริษัท คิงส์ ออฟ วาล์ว (ชลบุรี) จำกัด,,,,,,,
11x191648,บริษัท พาร์ท โพรไวเดอร์ แอนด์ ซอร์สซิ่ง จำกัด,,,ไม่พบข้อมูล,,,DBD API (TaxID),
11x191815,"THAI CONSOLIDATED MAINTENANCE CO., LTD.",,,,,,,
11x191868,บริษัท นีโอคอสเมด จำกัด,612.626745,1543.59,20232,,ปทุมธานี,DIW register,
11x191878,บริษัท เอ็น.วี. เนวารา จำกัด,43.8,295,38300,,ปทุมธานี,DIW register,
11x191882,RANKINE ENERGY ENGINEERING AND MAINTENANCE,,,,,,,
11x192019,บริษัท เค. ไอ. เอ็ม. เอ็นจิเนียริ่ง จำกัด,1.0,,46599,,กรุงเทพมหานคร,DBD API (TaxID),ยังดำเนินกิจการอยู่
11x192021,บจก. เอสทีซี ไดคาสติ้ง (ไทยแลนด์),90.0,,27501,,ระยอง,DBD API (TaxID),ยังดำเนินกิจการอยู่
11x192073,บริษัท เรน ไคน์ เอนเนอยี เอนจิเนียริ่ง,,,ไม่พบข้อมูล,,,DBD API (TaxID),
11x192083,บริษัท ยูทิลิตี้ บิสิเนส อัลลายแอนซ์  จำกัด (มหาชน),300.0,,ไม่พบข้อมูล,,,Customer ID (Direct),
11x192125,Axeall,,,,,,,
11x192150,Ball Beverage Packaging Yangon,,,,,,,
11x192184,build bis k,,,,,,,
11x192186,บริษัท ซี แวลู จำกัด (มหาชน),,,,,,,
11x192229,บริษัท มายด์เซ็ท เบสท์ เพอร์ฟอร์แมนซ์ จำกัด,,,,,,,
11x192295,SB Engineering and Service Company Limited,,,,,,,
11x192321,ริษัท พี.เอส.พี.สเปเชียลตี้ส์ จำกัด (มหาชน),,,,,,,
11x192430,Sika (Thailand) Ltd.,,,,,,,
11x192547,NS.91 TRADING COMPANY LIMITED,,,,,,,
11x192569,The rayal golf and country club,,,,,,,
11x192675,คิงส์ ออฟ วาล์ว (ราชบุรี),,,,,,,
11x192779,Wee,,,,,,,
11x192806,ข้อมูล บริษัท ซีโก้แอสฟัลท์ จำกัด,,,,,,,
11x193001,ห้างหุ้นส่วนจำกัด พี เอ เอส อิเลคตริคอล เอ็นจิเนียริ่ง,,,,,,,
11x193008,siam bangna land,,,,,,,
11x193210,บริษัท โตโยต้า มอเตอร์ เอเชีย (ประเทศไทย) จำกัด,8677.724674,2824.15,52293,,ฉะเชิงเทรา,DIW register,
11x193407,"Lusifer Supply Co.,Ltd.",,,,,,,
11x194402,บริษัท เซอร์วิส มอร์ แอนด์ มอร์ จำกัด,,,,,,,
11x194873,บริษัท ฟายน์ ออกานิก อินดัสตรี้ส์ (ประเทศไทย) จำกัด,62.0,673.5,20113,,ลพบุรี,DIW register,
11x194889,บริษัท เพอร์เฟค โซลูชั่น แอนด์ คอนเซาส์แตนท์ จำกัด,,,ไม่พบข้อมูล,,,DBD API (TaxID),
11x194895,กิจการร่วมค้า พีเอสอีเอแอล เอสเอสไอเอ็นจี และเอสอีที,,,ไม่พบข้อมูล,,,DBD API (TaxID),
11x194898,บริษัท เออาร์ที เอ็นจิเนียริ่ง แอนด์ เซอร์วิส จำกัด,,,ไม่พบข้อมูล,,,DBD API (TaxID),
11x194907,บริษัท ไฮโดรโซน จำกัด,,,ไม่พบข้อมูล,,,DBD API (TaxID),
11x194916,บริษัท สยาม บางนาแลนด์ จำกัด,,,ไม่พบข้อมูล,,,DBD API (TaxID),
11x194971,ฮักช้าง,,,,,,,
11x195013,บริษัท ลิคิโทมิ (ประเทศไทย) จำกัด,358.0,818,17020,,ฉะเชิงเทรา,DIW register,
11x195115,Narongdate,,,,,,,
11x195153,บริษัท อุตสาหกรรมแป้งไทย จำกัด,225.0,6723.6,10612,,นครปฐม,DIW register,
11x195169,คุณสุรเดช,,,,,,,
11x195182,"Best Supply Tech Co.,Ltd.",,,,,,,
11x195215,บริษัท เค.เอ. อินดัสเทรียล 888 จำกัด,,,ไม่พบข้อมูล,,,DBD API (TaxID),
11x195421,mhi power project thailand co. ltd,,,,,,,
11x195743,บริษัท เทค โซลูชั่น จำกัด,,,,,,,
11x196265,Coperion (Thailand) Ltd,,,,,,,
11x196463,บริษัท พีโอเอส ไพร์ด จำกัด,,,ไม่พบข้อมูล,,,DBD API (TaxID),
11x196637,Thai SY,,,,,,,
11x196937,บริษัท อินกริดิออน (ประเทศไทย) จำกัด,506.0,22454.48,10622,,ระยอง,DIW register,
11x197445,ฮวา หลิน สเตนเลสส์ สตีล อินดัสตรี,61.886049,590.32000000000005,25921,,เพชรบุรี,DIW register,
11x197662,บริษัท ทีเอ็น แปซิฟิก จำกัด,,,,,,,
11x197666,STANDARD HYDRAULIC,,,,,,,
11x197689,Purac (Thailand) Ltd.,,,,,,,
11x197700,"CITY POWER Co.,Ltd",,,,,,,
11x197744,บริษัท ธนเมธา ซัพพลาย จำกัด,,,,,,,
11x197776,บริษัท น้ำมันบริโภคไทย จำกัด,187.889062,5017.8500000000004,10491,,สมุทรปราการ,DIW register,
11x197786,บริษัท กม.199 ซัพพลาย จำกัด,,,,,,,
11x197849,M-FORCE,,,,,,,
11x197877,"Flow automech co.,ltd.",,,,,,,
11x197982,บริษัท ข้าว ซี.พี. จำกัด,106.0,2635.5,10611,,พระนครศรีอยุธยา,DIW register,
11x198019,U-Services Thailand,,,,,,,
11x198022,บจก. ไท คอนแทรดติ้ง เมเนจเมนท์,,,,,,,
11x198040,"Perfect Companion Group Co., Ltd.",,,,,,,
11x198042,C.U.K.ENGINEERING SUPPLY,,,,,,,
11x198044,THAI MEIDENSHA COMPANY LIMITED,,,,,,,
11x198055,หจก.ธนพงษ์ อุปกรณ์ก่อสร้าง,1.8,,46639,,กรุงเทพมหานคร,DBD API (TaxID),ยังดำเนินกิจการอยู่
11x198081,"ITALTHAI ENGINEERING CO., LTD.",,,,,,,
11x198084,บริษัท ไซแพค จำกัด,,,,,,,
11x198168,ESP group Asia,,,,,,,
11x198191,"FIGO Robotic Co.,Ltd",,,,,,,
11x198347,เบทาโกร-จัดซื้อส่วนกลาง,,,,,,,
11x198410,ห้างหุ้นส่วนจำกัด ที.ซัน.เทรดดิ้ง,,,,,,,
11x198435,บริษัท เวริเซฟ จำกัด,,,,,,,
11x198461,Bright Automation,,,,,,,
11x198472,บริษัท เจ.เค. อินเตอร์ซัพพลาย จำกัด,,,,,,,
11x198486,ข้อมูล บริษัท พีเจ เอ็นเนอจี เซอร์วิส จำกัด,,,,,,,
11x198488,บริษัท เคที. เพาเวอร์ เอ็นจิเนียริ่ง จำกัด,,,,,,,
11x198660,"Thai Kikuwa Industries Co.,Ltd.",,,,,,,
11x198667,"Thai Meidensha Co.,Ltd.",,,,,,,
11x198677,"Siam Tank Terminals Co., Ltd.",,,,,,,
11x198695,THE SIAM CEMENT PUBLIC COMPANY LIMITED,,,,,,,
11x198740,นางสาว วิไลพร โซติศิริพัฒนกุล,,,ไม่พบข้อมูล,,,DBD API (TaxID),
11x198764,บริษัท เทค โซลูชั่นส์ จำกัด,,,ไม่พบข้อมูล,,,DBD API (TaxID),
11x198786,บริษัท สยามแก๊ส แอนด์ ปิโตรเคมีคัลส์  จำกัด  (มหาชน),61.1,426.5,25921,,ขอนแก่น,DIW register,
11x198798,MR.LYTHAY  SOEUR,,,,,,,
11x198830,บริษัท ยะลา กรีน เพาเวอร์ เจเนอเรชั่น จำกัด,1524.0,49884.53,35101,,ยะลา,DIW register,
11x198832,บริษัท เอ็นเอ แคลเทคโนโลยี จำกัด,,,ไม่พบข้อมูล,,,DBD API (TaxID),
11x198879,บริษัท คราวน์ เบ็บแคน แอนด์ โคลสเซอร์ส (ประเทศไทย) จำกัด,,,ไม่พบข้อมูล,,,DBD API (TaxID),
11x198887,บริษัท บีบีจีไอ ไบโอเอทานอล จำกัด  (มหาชน),1100.0,7636.95,20114,,ขอนแก่น,DIW register,
11x199656,ห้างหุ้นส่วนจำกัด ศิริยนต์ หาดใหญ่่,,,,,,,
11x199785,K.เหมสุดา,,,,,,,
11x199786,K.เทริดศักดิ์,,,,,,,
11x200510,MILLIBAR AND SERVICE,,,,,,,
11x200533,บริษัท สิทธิพัชร์ เอ็นจิเนียริ่ง จำกัด,,,,,,,
11x200580,NV5 Mission Critical,,,,,,,
11x200633,Frayabadi,,,,,,,
11x200635,Asplus engineering and service,,,,,,,
11x200642,Thai Sekisui Foam,,,,,,,
11x200659,AC Marine,,,,,,,
11x200798,บริษัท เอสซีจี เซรามิกส์ จำกัด  (มหาชน),73.4,42887.06,23939,,สระบุรี,DIW register,
11x200825,บริษัท สุรากระทิงแดง (1988)  จำกัด,2999.0,13872.25,11011,,กำแพงเพชร,DIW register,
11x200972,"Rayong Engineering Solution Co., Ltd",,,,,,,
11x201000,ข้อมูล บริษัท อีส วัน เอ็นจิเนียริ่ง จำกัด,,,,,,,
11x201047,"Mayekawa (Thailand) Co., Ltd.",,,,,,,
11x201081,BANGKOK INDUSTRIAL GAS COMPANY LIMITED,,,,,,,
11x201183,บริษัท เอ็นอาร์ดี อินเตอร์เทค จำกัด,,,,,,,
11x201408,บริษัท โปรปั๊มส์ เกรท คอนฟีเกอร์ จำกัด,,,,,,,
11x201679,บริษัท ไอทีเอ็ม ซัพพลาย จำกัด,,,,,,,
11x201731,K. Parinwat,,,,,,,
11x201733,K.สันติ,,,,,,,
11x201738,K.คมสัน,,,,,,,
11x201960,SC Group of Companies,,,,,,,
11x202138,"TN MAKER CO., LTD.",,,,,,,
11x203000,ยู.อาร์.เคมีคอล,55.0,1587.53,20221,,สมุทรปราการ,DIW register,
11x203235,Siegwerk,,,,,,,
11x203396,ญาณธรรณธร,,,,,,,
11x203593,บริษัท เอ็นเวอร์เทค จำกัด,,,,,,,
11x203595,Thailand Bamboo Factory,,,,,,,
11x203602,เค.แอล.พี. จักรกล,,,,,,,
11x203838,"Unity Engineering and Consultancy Services Co., Ltd.",,,,,,,
11x203847,บริษัท  พี.ที. แบริ่ง ทูล แอนด์ ซัพพลาย จำกัด,,,,,,,
11x203849,Yutawut,,,,,,,
11x203854,"Zeon Chemicals (Thailand) Co.,Ltd.",,,,,,,
11x203870,FMC,,,,,,,
11x204049,Surapon Supreme Foods Company,,,,,,,
11x204153,พี.เค.ฟิวเจอร์ เอ็นจิเนียริ่ง,,,,,,,
11x204220,ห้างหุ้นส่วนจำกัด วี.พี. วัฒนา วิศวกรรม,,,ไม่พบข้อมูล,,,DBD API (TaxID),
11x204235,Osaki Trading,,,,,,,
11x204752,บริษัท อินทิเกรทเต็ด ควอลิตี้ เซอร์วิสเซส จำกัด,,,,,,,
11x204771,บริษัท เชอร์วู้ด คอร์ปอเรชั่น (ประเทศไทย) จำกัด (มหาชน),345.0,947.17,20113,,ฉะเชิงเทรา,DIW register,
11x204775,"Chaiwatthana Engineering Co., Ltd.",,,,,,,
11x204787,บริษัท มานาม เอ็นจิเนียริ่ง จำกัด,,,,,,,
11x204826,บริษัท โรเททติ้ง เอ็นจิเนียริ่ง จำกัด,,,,,,,
11x205258,บริษัท โปรเฟนเทค จำกัด,,,ไม่พบข้อมูล,,,DBD API (TaxID),
11x205829,ปันเด อินโนเวชั่น,,,,,,,
11x206156,บริษัท เอส ซี ออฟชอร์ เซอร์วิส จำกัด,,,ไม่พบข้อมูล,,,DBD API (TaxID),
11x206186,บริษัท โคพีเรียน (ประเทศไทย) จำกัด,189.413816,581,28199,,สมุทรปราการ,DIW register,
11x206652,ห้างหุ้นส่วนจำกัด ซีทีที เทรดดิ้ง,,,,,,,
11x206706,บริษัท แอดวานซ์เทคโนโลยี จำกัด,,,,,,,
11x206902,บริษัท คิงสแปน อินซูเลท พาแนลส์ (ประเทศไทย) จำกัด,204.85,1263.4100000000001,22199,,พระนครศรีอยุธยา,DIW register,
11x206960,Megachem (Thailand) PCL,,,,,,,
11x207096,ห้างหุ้นส่วนจำกัด เวอค อินเตอร์เทรด (สำนักงานใหญ่),,,,,,,
11x207190,บริษัท ฟอร์เวิร์ด แมชชีนเนอรี่ จำกัด,5.5,188.93,24109,,สมุทรปราการ,DIW register,
11x207382,"Scan  Inter Public Co.,Ltd",,,,,,,
11x207384,LK Boiler Industry,,,,,,,
11x207387,"THAI BURNER INDUSTRIAL HEAT CO.,LTD.",,,,,,,
11x207436,"EEC Engineering Network Co.,Ltd",,,,,,,
11x207956,"STRR ENGINEERING CO.,LTD.",,,,,,,
11x208071,Premier Products Public Company Limited,,,,,,,
11x208074,"Yuwaatech Co.,Ltd.",,,,,,,
11x208750,บริษัท ซีพีพีซี จำกัด (มหาชน),51.0,874.32,17011,,ระยอง,DIW register,
11x209177,AGC Vinythai Public Company Limited.,,,,,,,
11x209524,ยู.เอส.เอ็ม,,,,,,,
11x210044,อนุสรณ์,,,,,,,
11x210050,พี.เอส.เอ็น เคมีเคิล,,,ไม่พบข้อมูล,,,DBD API (TaxID),
11x210108,STEPWISE,,,,,,,
11x210142,"First Supply Engineering Co.,Ltd.",,,,,,,
11x210156,บริษัท ทีอารืเอฟ ฟีดมิลล์ จำกัด,,,,,,,
11x210254,บริษัท เคนไซ ซีรามิคส์ อินดัสตรี้ จำกัด,23.522,597.79999999999995,23921,,สระบุรี,DIW register,
11x210270,MEAS VIBOL,,,,,,,
11x210284,บริษัท โกลพลัสเทคโนโลยี ซิสเตม จำกัด,,,,,,,
11x210295,บริษัท ดี สไมล์ เซอร์วิสเซส จำกัด,,,,,,,
11x210343,บริษัท เท็กซ์แมค เน็กซ์ จำกัด,,,,,,,
11x210421,บริษัท อั๊คโซ่ โนเบล เพ้นท์ส (ประเทศไทย)  จำกัด,0.0,0,20221,,ชลบุรี,DIW register,
11x210484,"Shinwa kogyo (Thailand) Co.,Ltd",,,,,,,
11x210546,บริษัท ไอเซนเซอร์ จำกัด,,,,,,,
11x210601,PROVEN ALTERNATIVE COMPANY LIMITED,,,,,,,
11x210635,บริษัท โฟลว์-เมติก คอนโทรล จำกัด,,,,,,,
11x210643,MECHANIKA COMPANY LIMITED,,,,,,,
11x210760,บริษัท นิปปอนเพนต์ (ประเทศไทย) จำกัด (PTP : เฟต 8),,,,,,,
11x210783,บริษัทเวย์ฟิต (ประเทศไทย) จํากัด,,,,,,,
11x210803,Akzo nobel-ปลวกแดง,,,,,,,
11x210946,หจก. สุทธินันท์ โฮลดิ้ง,,,,,,,
11x211197,อภิสิทธิ์,,,,,,,
11x211372,บริษัท แคเรียร์ แอร์ คอนดิชั่นนิ่ง (ประเทศไทย) จำกัด,1071.04,4458.45,27101,,ปทุมธานี,DIW register,
11x211417,หจก.ดับบลิวทีเอ็ม เทคนิคอล แอนด์ ซัพพลาย,,,ไม่พบข้อมูล,,,DBD API (TaxID),
11x211422,บริษัท พี.เอส.เอ็น. เคมีเคิล จำกัด,,,ไม่พบข้อมูล,,,DBD API (TaxID),
11x211439,บริษัท มิตซูบิชิ เคมิคอล (ประเทศไทย)  จำกัด,246.0,3470.66,22230,,ชลบุรี,DIW register,
11x211653,บริษัท เซ้งเจริญเมือง จำกัด,,,,,,,
11x212153,"Draconic  Trade Co.,Ltd",,,,,,,
11x212154,"Draconic Trade Co.,Ltd.",,,,,,,
11x212695,"PSR (2017) Co.,Ltd.",,,,,,,
11x212917,บริษัท เจพี เอ็นจิเนียริ่ง ดีไซน์ จำกัด,,,,,,,
11x212982,บริษัท ด็อกเตอร์ปั๊ม แอนด์ เอ็นจิเนียริ่ง จำกัด,,,,,,,
11x213166,ECO BLUE,,,,,,,
11x213187,บริษัท เวล บอนดิ้ง จำกัด,,,ไม่พบข้อมูล,,,DBD API (TaxID),
11x213214,บริษัท สหบูรพากรุ๊ป จำกัด,,,ไม่พบข้อมูล,,,DBD API (TaxID),
11x213264,สหบูรพากรุ๊ป,,,ไม่พบข้อมูล,,,DBD API (TaxID),
11x213392,CPOC,,,,,,,
11x213462,KASETPHAND PHILS. CORP.,,,,,,,
11x213562,บริษัท วิค วอเตอร์ จำกัด,59.9,415.47699999999998,36002,,ปทุมธานี,DIW register,
11x213602,Styrenix Performance Materials (Thailand) Ltd.,,,,,,,
11x213616,NGV เขาหินซ้อน,,,,,,,
11x213796,"PN Engineering and Contactor Co.,Ltd",,,,,,,
11x214043,"VR Engineering Co,Ltd",,,,,,,
11x214050,บริษัท กู๊ดวาล์ว จำกัด,,,,,,,
11x214059,บริษัท อควา เอ็นจิเนี่ยริ่งแคร์ จำกัด,,,,,,,
11x214064,"Polyolefins Engineering Engineer (Mechanical), Repco Co., Ltd.",,,,,,,
11x214069,"Daminu Engineering Co.,Ltd.",,,,,,,
11x214251,CK Technology,,,,,,,
11x214500,cistern calib,,,,,,,
11x214727,viboon,,,,,,,
11x214735,pritoon,,,,,,,
11x214739,amporn,,,,,,,
11x214741,Sunya,,,,,,,
11x214743,Wandee,,,,,,,
11x214746,darika,,,,,,,
11x215160,บริษัท วนชัย พาเนล อินดัสทรี่ส์  จำกัด,2900.0,509783.88,16210,,สุราษฎร์ธานี,DIW register,
11x215176,บริษัท อัลฟ่า พลัส เทรดดิ้ง จำกัด,,,ไม่พบข้อมูล,,,DBD API (TaxID),
11x215442,บริษัท กัญจน์ธนรัตน์ จำกัด,,,,,,,
11x216667,RB ASIA,,,,,,,
11x216685,บริษัท เอ็นเนอยี่ เทคโนโลยี่ จำกัด,,,,,,,
11x216700,"THAI OBAYASHI CORP.,LTD.",,,,,,,
11x216847,บริษัท เอเวอร์กรีนพลัส จำกัด,461.0,5662,16299,,ลพบุรี,DIW register,
11x216866,บริษัท กรีน ไลท์ แอนนิฟริกซ์ จำกัด,,,,,,,
11x216886,AKA Company Limited,,,,,,,
11x216922,บริษัท พี. แอนด์ พี.ซี. เอ็นจิเนียริ่ง จำกัด,,,ไม่พบข้อมูล,,,DBD API (TaxID),
11x216965,"TAIKISHA (THAILAND) CO.,LTD.",,,,,,,
11x216995,บริษัท จงสถิตย์ จำกัด,0.0,17629.29,13131,,กรุงเทพมหานคร,DIW register,
11x217000,เอส.เอ.อี.เทค จำกัด,,,,,,,
11x217069,บริษัท เมอริท อินเตอร์ซัพพลาย จำกัด,,,,,,,
11x217281,บริษัท เบล็สสท์ อินโนเวชั่น 9959 จำกัด,,,,,,,
11x217294,"MULTIPHASE OIL & GAS CO.,LTD",,,,,,,
11x217300,บริษัท บาฟส์ขนส่งทางท่อ จำกัด,,,,,,,
11x217393,บริษัท อีเล็คโทรเซรามิคส์ (ไทยแลนด์) จำกัด,767.0,3689.29,26402,,ลำพูน,DIW register,
11x217418,บริษัท คอปส์เทคส์ คอร์ปอเรชั่น จํากัด,,,,,,,
11x217617,บริษัท เอ.เจ.พลาสท์ จำกัด (มหาชน),2075.0,63458.42,22230,,ชลบุรี,DIW register,
11x217630,"TOYO THAI POWER MYANMAR CO., LTD.",,,,,,,
11x217645,Thai Kamaya Company Limited,,,,,,,
11x217652,ซีพีเอฟ-หนองจอก,,,,,,,
11x217735,บริษัท ไทย อินซูโฟม อุตสาหกรรม จำกัด,254.906,2291,22299,,สมุทรปราการ,DIW register,
11x217779,พี แอนด์ พีซี เอ็นจิเนียริ่ง จำกัด,,,ไม่พบข้อมูล,,,DBD API (TaxID),
11x217785,Proven Alternative,,,,,,,
11x217802,SCG Packaging โรงงานบ้านโป่ง,,,,,,,
11x217808,บริษัท กลุ่มสยามบรรจุภัณฑ์ จำกัด (โรงงานปราจีนบุรี),,,,,,,
11x217847,Global Green Chemicals,,,,,,,
11x217848,Dic Graphics (Thailand),,,,,,,
11x217849,สุรากระทิงแดง (1988),2999.0,13872.25,11011,,กำแพงเพชร,DIW register,
11x217886,คุณบุญเจือ,,,,,,,
11x217930,เอ็มไอที วอเตอร์,,,,,,,
11x218071,Saifon,,,,,,,
11x218073,nareerat,,,,,,,
11x218075,veerapon,,,,,,,
11x218079,king,,,,,,,
11x218081,Chatchai.,,,,,,,
11x218083,Natthapon,,,,,,,
11x218085,yuttana,,,,,,,
11x218307,Oliver Oil Tools Company Limited,,,,,,,
11x219185,Asian Fluid Innovations Company Limited,,,,,,,
11x219593,บริษัท ควอลิตี้คอนสตรัคชั่นโปรดัคส์ จำกัด (มหาชน).,2155.58,5070.9399999999996,23953,,พระนครศรีอยุธยา,DIW register,
11x219687,M.E.P. CONTROL LIMITED PARTNERSHIP,,,,,,,
11x220522,บริษัท ยอดคาร์ซีท จำกัด,23.0,129.15,22230,,สมุทรสาคร,DIW register,
11x220543,PROACTIVE MANAGEMENT COMPANY LIMITED,,,,,,,
11x220585,"First Technology Co.,Ltd",,,,,,,
11x220615,"Manchai Machinery Co.,Ltd",,,,,,,
11x220662,"CTCI (Thailand) Co., Ltd.",,,,,,,
11x220839,"SAS Tech Solution Co.,Ltd",,,,,,,
11x220857,thai enger,,,,,,,
11x220968,บริษัท โทเร เท็กซ์ไทล์ (ประเทศไทย) จำกัด (มหาชน),241.6,17506.09,13111,,กรุงเทพมหานคร,DIW register,
11x220973,พี.พี. เพาเวอร์ เซอร์วิส แอนด์ เอ็นจิเนียริ่ง,,,,,,,
11x221100,Thai Anger,,,,,,,
11x221102,บริษัท ซี.อาร์.เอนจิเนียริ่ง แอนด์ เทคโนโลยี จำกัด,,,,,,,
11x221135,"Siam PVS Chemical Co.,Ltd.",,,,,,,
11x221171,"BEJST BIOENERGY CO., LTD",,,,,,,
11x221280,บริษัท เอ.ไอ.เทคโนโลยี จำกัด,112.731787,552.89,28230,,ปทุมธานี,DIW register,
11x221629,ห้างหุ้นส่วนจำกัด เดอะ ริชเชอร์,,,,,,,
11x221636,บริษัท เมจิ (ประเทศไทย) จำกัด,,,,,,,
11x221664,15 สหรุ่งแก๊ส,,,,,,,
11x221901,บริษัท เค เอ็ม ซี เฟอทิไลเซอร์ จำกัด,20.0,391.08,20121,,กาญจนบุรี,DIW register,
11x222025,บริษัท เอสที เฟอร์ทิลิตี้ จำกัด,236.0,2476.3000000000002,20121,,นครปฐม,DIW register,
11x222135,Chainarong,,,,,,,
11x222143,tanasak,,,,,,,
11x222145,Somphong,,,,,,,
11x222268,บริษัท โพลีเพล็กซ์ (ประเทศไทย) จำกัด (มหาชน),0.0,17346.7,20131,,ระยอง,DIW register,
11x222733,"Pro-En Technologies, Ltd",,,,,,,
11x223480,บริษัท เพชรสถิตย์ จำกัด,,,,,,,
11x223522,"ICT MANUFACTURING CO.,LTD.",,,,,,,
11x223774,บริษัท มูซาชิ เพ้นท์ แมนูแฟคเจอริ่ง (ประเทศไทย) จำกัด,0.0,269.08,20221,,ชลบุรี,DIW register,
11x223791,บริษัท ฟินิกซ์ ปั๊ม แอนด์ เอ็นจิเนียริ่ง จำกัด,,,,,,,
11x223793,Thai ability,,,,,,,
11x223812,SCS supply and service Limited,,,,,,,
11x223917,บริษัท ทริปเปิ้ล อี เทรดดิ้ง จํากัด,,,,,,,
11x223931,"M&P World Polymer CO., LTD.",,,,,,,
11x223941,Premnath Rail,,,,,,,
11x223991,Sahathai,,,,,,,
11x224133,AT PETROLTECH AND ENGINEERING,,,,,,,
11x224358,Henkel (Thailand) Ltd.,,,,,,,
11x224414,บริษัท ปัญจพล พัลพ์ อินดัสตรี้  จำกัด  (มหาชน),285.0,47003.65,17012,,พระนครศรีอยุธยา,DIW register,
11x224430,บริษัท เอสซีจี ซิเมนต์ จำกัด,3.0,271.35000000000002,35101,,พระนครศรีอยุธยา,DIW register,
11x224454,นายเชษฐา พิลาจันทร์,,,,,,,
11x224528,บริษัท ชาญกิจเทรดดิ้ง จำกัด,108.0,298.7,21001,,กรุงเทพมหานคร,DIW register,
11x224534,ไทยฟู้ดส์ อาหารสัตว์-ปราจีนบุรี,,,,,,,
11x224998,"M-TECH INDUSTRIAL CO.,LTD.",,,,,,,
11x225072,บริษัท คิงส์แพ็ค อินดัสเตรียล จำกัด,192.5,14370.69,22220,,ชลบุรี,DIW register,
11x225077,บริษัท ศรีไทยซุปเปอร์แวร์ จำกัด,94.027,590,22210,,กรุงเทพมหานคร,DIW register,
11x225086,Indorama Polymers and AsiaPet (Thailand),,,,,,,
11x225094,"SCG CEMENT CO.,LTD.",,,,,,,
11x225127,บริษัท สุขสมเกียรติขนส่ง (2004) จำกัด,46.5,240,8103,,สระบุรี,DIW register,
11x225266,KHUN NAKHON,,,,,,,
11x226152,"U.A.E. Power Co.,Ltd.",,,,,,,
11x226797,บริษัท เครเนอร์ อินเตอร์เนชั่นแนล (ไทยแลนด์) จำกัด,212.527359,118.74,22291,,ชลบุรี,DIW register,
11x226922,"FLUID ALL CO.,LTD.",,,,,,,
11x226929,เบทาโกร-รง.2,,,,,,,
11x227250,ห้างหุ้นส่วนจำกัด วงศ์ทอง เซอร์วิส,,,,,,,
11x227317,VALEURA ENERGY,,,,,,,
11x227359,One Asia,,,,,,,
11x227363,"Liang Chi Industry (Thailand) Co., Ltd.",,,,,,,
11x227537,บริษัท ซีพีเอฟ (ประเทศไทย)   จำกัด  (มหาชน),41.5,9220.49,10111,,กรุงเทพมหานคร,DIW register,
11x227683,thaipipeline network,,,,,,,
11x227710,"SAPCON Engineering Co.,Ltd.",,,,,,,
11x227761,"DELTA SEAL ALLIANCE CO.,LTD.",,,,,,,
11x227768,Enerflex,,,,,,,
11x227983,"ATOM-MIC POWER CO., LTD.",,,,,,,
11x228034,บริษัท ยู.เอ.อี. เพาเวอร์ จำกัด,,,ไม่พบข้อมูล,,,DBD API (TaxID),
11x228062,บริษัท พีทีจี โลจิสติกส์ จำกัด,,,ไม่พบข้อมูล,,,DBD API (TaxID),
11x228302,"Meir D-Tech Co.,Ltd.",,,,,,,
11x228346,WORLEY (THAILAND) LIMITED,,,,,,,
11x228496,บริษัท ไอทีอาร์ เทรดดิ้ง จำกัด,,,,,,,
11x228842,PBR ENGINEERING AND SUPPLY COMPANY LIMITED,,,,,,,
11x229159,บริษัท สามเอ็นพัฒนา,,,,,,,
11x229311,Flowco,,,,,,,
11x229341,ห้างหุ้นส่วนจำกัดพรนรินทร์ พี เอ็น เซอร์วิส,,,ไม่พบข้อมูล,,,DBD API (TaxID),
11x229662,บริษัท สยามเดลมองเต้ จำกัด,547.0,1654.28,10302,,ตราด,DIW register,
11x229797,ห้างหุ้นส่วนจำกัด เอสพีเอส อีควิปเม้นท์,,,,,,,
11x229881,บริษัท สไตรีนิกซ์ เพอร์ฟอร์แมนซ์ แมททีเรียล,,,,,,,
11x230311,"RENTDIRECTASIA CO., LTD.",,,,,,,
11x230326,ท่อเกษตรไทย,,,,,,,
11x230364,บริษัท ดีเอ็กซ์เอ็น เอ็นจิเนียริ่ง แอนด์ ซัพพลาย จำกัด,,,ไม่พบข้อมูล,,,DBD API (TaxID),
11x230401,M-TECH THAI ENGINEERING,,,,,,,
11x230430,บริษัท ฟิวเจอร์ รีซอร์ส เทคโนโลยี จำกัด,150.0,549.29999999999995,2200,,ฉะเชิงเทรา,DIW register,
11x230602,บริษัท เอทู เทคโนโลยี จำกัด,,,,,,,
11x230626,บริษัท ไทย เคมีคอล สโตเรจ จำกัด,57.4,245.33,22292,,นนทบุรี,DIW register,
11x230755,Metro Machinery,,,,,,,
11x230883,บริษัท เอเชีย อินดัสเทรียล เท็กซ์ไทล์ จำกัด,160.0,16928.12,13111,,นครปฐม,DIW register,
11x231023,บริษัท เวิร์ค สมาร์ท เอ็นจิเนียริ่ง จำกัด,,,,,,,
11x231031,Nitto Matex (Thailand) Company Limited.,,,,,,,
11x231055,บริษัท ริเวอร์ เอนจิเนียริ่ง จำกัด,111.6,468.1,28160,,ปทุมธานี,DIW register,
11x231066,TNTT SERVICE,,,,,,,
11x231071,บริษัท ซีซีพี ฮาร์ดแวร์ แอนด์ ซัพพลายส์ จํากัด,,,,,,,
11x231186,THAI SHIN-I INDUSTRY,,,,,,,
11x231275,บริษัท วัฒนาอะไหล่แอนด์ฮาร์ดแวร์ จำกัด,,,,,,,
11x231352,อาร์เอสซี สวีทเทนเนอร์ส จำกัด,,,,,,,
11x231361,SP ENGINEERING AND SUPPLY,,,,,,,
11x231362,"SP ENGINEERING AND SUPPLY CO., LTD.",,,,,,,
11x231516,บริษัท เทอร์มีเดซ พาแนล จำกัด,11.2,131.9,25910,,ปทุมธานี,DIW register,
11x231551,"Kotobukiya Feltol Thailand Co.,ltd.",,,,,,,
11x231555,มินิเกรท แพคกิ้ง (ไทยแลนด์) จำกัด,180.0,26342.55,22210,,ชลบุรี,DIW register,
11x231569,"STAUBLI THAILAND CO., LTD.",,,,,,,
11x231682,"Charoen Pokphand Produce Co., Ltd",,,,,,,
11x231750,KI Sugar,,,,,,,
11x232246,โรงกษาปณ์,,,,,,,
11x232292,บริษัท โกลล์ คอนส์ เอ็นจิเนียริ่ง จำกัด,,,,,,,
11x232451,ชัยยุทธ,,,,,,,
11x232458,พิเชษฐ์,,,,,,,
11x232469,พร,,,,,,,
11x233296,บริษัท บุญไทยแมชชีนเนอรี่ คอมเพล็กซ์ จำกัด,,,,,,,
11x233426,KCG Corporation Public Company Limited,,,,,,,
11x233443,"Currie & Brown (Thailand) Co., Ltd.",,,,,,,
11x233457,บริษัท ทาโกฟู้ดส์อินดัสทรี จำกัด,30.0,5062.75,10302,,นครปฐม,DIW register,
11x233606,Solution & Supply,,,,,,,
11x233616,บริษัท เดล เจเนอเรชั่น จำกัด,,,,,,,
11x233621,บริษัท ต่ออนันต์ จำกัด,,,,,,,
11x233716,หจก.พรนรินทร์ พี เอ็น เซอร์วิส,,,ไม่พบข้อมูล,,,DBD API (TaxID),
11x233772,บจก. สมาร์ท โปร อินเตอร์เทรด,,,ไม่พบข้อมูล,,,DBD API (TaxID),
11x233826,wealth working,,,,,,,
11x233838,บริษัท พี แอนด์ อี อินโนเวชั่น จำกัด,,,ไม่พบข้อมูล,,,DBD API (TaxID),
11x233850,บจก. โชติทิวัตถ์,,,,,,,
11x234039,บริษัท ไพโรจน์สมพงษ์พาณิชย์ จำกัด,,,,,,,
11x234071,Clover Tech,,,,,,,
11x234083,บริษัท เอ็นพีเค กู๊ดส์ เซอร์วิส จำกัด,,,,,,,
11x234086,บริษัท เมกก้าคลีน โปรดักส์ จำกัด,121.5,61,20231,,นครปฐม,DIW register,
11x234095,บริษัท ลูชา เทค จำกัด,,,ไม่พบข้อมูล,,,DBD API (TaxID),
11x234100,บริษัท เคพีซี โอลดิ้ง จำกัด,,,,,,,
11x234120,ห้างหุ้นส่วนจำกัด พี.เค ซัพพลาย อุตสาหกรรม,,,,,,,
11x234370,ข้อมูล บริษัท ลัคกี้สตาร์ มารีนซัพพลาย จำกัด,,,,,,,
11x234371,บริษัท ลัคกี้สตาร์ มารีนซัพพลาย จำกัด,,,,,,,
11x234527,บริษัท ฟีนิกซ์ คอร์ปเอเซีย จำกัด,,,ไม่พบข้อมูล,,,DBD API (TaxID),
11x234580,บริษัท คุริฮาระ (ประเทศไทย) จำกัด,,,,,,,
11x234621,บริษัท คิง โกลบอล อินคอร์ปอเรท จำกัด,1536.91,4451,13921,,ชลบุรี,DIW register,
11x235114,Thailon Techno Fiber,,,,,,,
11x235120,บริษัท โกลบอล นานา เทค จำกัด,18.4,257.5,20292,,ชลบุรี,DIW register,
11x235124,บริษัท โพลีวิชั่น พรีซิชั่น โมลด์ (ประเทศไทย) จำกัด,63.168754,12511.13,22210,,ชลบุรี,DIW register,
11x235130,บริษัท เทอราโกร เฟอร์ติไลเซอร์ จำกัด (สำนักงาน),,,,,,,
11x235134,บริษัท มินิเกรท แพคกิ้ง (ไทยแลนด์) จำกัด,180.0,26342.55,22210,,ชลบุรี,DIW register,
11x235144,บริษัท สุวรรณภูมิเกษตรอุตสาหกรรม จำกัด,,,,,,,
11x235167,"Han Sein Thant Co., Ltd.",,,,,,,
11x235191,สากล อินดัสเตรียล เซอร์วิส,,,,,,,
11x235550,NKD MOTOR,,,,,,,
11x235561,บริษัทมุ่งเจริญกรีนเพาเวอร์ จำกัด,564.182,63285,35101,,สุรินทร์,DIW register,
11x235693,kerry,,,,,,,
11x235894,บริษัท แคส เอ็นจิเนียริ่ง แอนด์ โซลูชั่น จำกัด,,,ไม่พบข้อมูล,,,DBD API (TaxID),
11x235987,บริษัท เอ.เค.พี.เทคโนโลยี จำกัด,59.0,953.43,25922,,กรุงเทพมหานคร,DIW register,
11x236005,บริษัท เอเคพี ไฟฟ้า และวิศวกรรม จำกัด,,,,,,,
11x236176,บริษัท โปรดัคทีฟ แวคคั่ม เทคโนโลยี จำกัด,,,,,,,
11x236190,บริษัท ทีทีเอ็นที ดีเวลลอปเม้นท์ จำกัด,,,,,,,
11x236593,บริษัท โปรเกรส เทคโนโลยี ยูทิลิตีส์ จำกัด,,,ไม่พบข้อมูล,,,DBD API (TaxID),
11x237036,"BYM TRADING CO., LTD.",,,,,,,
11x237078,บริษัท ปัญจพล เปเปอร์  อินดัสตรี้ จำกัด,449.75,,17011,,กรุงเทพมหานคร,DBD API (TaxID),ยังดำเนินกิจการอยู่
11x237080,บริษัท ขุนช้าง เอ็นจิเนียริ่ง คอนสตรัคชั่น,,,ไม่พบข้อมูล,,,DBD API (TaxID),
11x237122,"BEATECH-THAI ENGINEERING Co.,Ltd.",,,,,,,
11x237148,M.Presco,,,,,,,
11x237158,PK Gas compression,,,,,,,
11x237181,"Thai Shimizu Co., Ltd.",,,,,,,
11x237198,ยูไนเต็ด เมคคานิคอล เทคโนโลยี (ไทยแลนด์) จำกัด,,,,,,,
11x237219,บมจ. พูนทรัพย์ ซัพพลาย 1977,,,,,,,
11x237233,บริษัท ไอซีที แมนูแฟคเจอริ่ง จํากัด,,,,,,,
11x237327,"International Procurement Co.,Ltd.",,,,,,,
11x237332,"Daisei (Thailand) Co.,Ltd.",,,,,,,
11x237533,UNISUS GREEN ENERGY LIMITED,,,,,,,
11x237546,"Technology & Engineering Square Corp.,Ltd",,,,,,,
11x237551,บริษัท พันธ์โสภาค ออโตเมชั่น จำกัด,,,ไม่พบข้อมูล,,,DBD API (TaxID),
11x237570,บริษัท คูโบต้า วอเตอร์ แอนด์ เอ็นไวรอนเม้นท์ (ประเทศไทย) จำกัด,,,,,,,
11x237623,บริษัท ดิ เคน เอ็กซ์เชนจ์ จำกัด (สำนักงานใหญ่),,,,,,,
11x237627,Tonpai Engineering,,,,,,,
11x237752,นันยางเท็กซ์ไทล์,997.35706,19571.8,13131,,เพชรบุรี,DIW register,
11x237757,SUPERGRIP COMPANY LIMITED,,,,,,,
11x237766,บริษัท เพาเวอร์แม็กซ์ พลัส จำกัด,,,ไม่พบข้อมูล,,,DBD API (TaxID),
11x237782,Lucta (Thailand),,,,,,,
11x237791,"Progress Intertech Co., Ltd.",,,,,,,
11x237807,JGC CORPORATION,,,,,,,
11x237819,"TRIPPLE E TRADING CO., LTD.",,,,,,,
11x237893,"TIP TECH Engineering Co.,Ltd.",,,,,,,
11x237925,บริษัท เศรษฐีศิลป์ จำกัด,,,,,,,
11x237944,บริษัท รวมทรัพย์เจริญ (1997) จำกัด,,,,,,,
11x237990,บริษัท เทอร์โบ ซัพพลาย เอ็นจิเนียริ่ง จำกัด,,,ไม่พบข้อมูล,,,DBD API (TaxID),
11x238011,บริษัท เมคโทรนิค จำกัด,,,,,,,
11x238039,Thaworn Poonsup Electric,,,,,,,
11x238042,"Kingboard Laminate Manufacturing (Thailand) Co., Ltd.",,,,,,,
11x238044,บริษัท พี.เค. เมนเทนแนนซ์ เซอร์วิส จำกัด,,,,,,,
11x238046,"KCE Technology Co., Ltd.",,,,,,,
11x238048,Bearings Specialist,,,,,,,
11x238092,บริษท นาลโก อินดัสเทรียล เซอร์วิส (ประเทศไทย) จำกัด,,,,,,,
11x238140,บริษัท แอสซ่า อินเตอร์เนชั่นแนล จำกัด,,,,,,,
11x238179,บริษัท ไอโซเทค พาเนล ซิสเท็มส์ จำกัด,,,,,,,
11x238285,บริษัท วี บราเดอร์ อินดัสตรี้ จำกัด,,,,,,,
11x238316,DVK HEALTHCARE,,,,,,,
11x238468,"NAMCHIAO CO.,LTD.",,,,,,,
11x238901,บริษัท เอี่ยมเฮง โมดิฟาย สตาร์ช จำกัด,90.0,9286.07,10622,,นครราชสีมา,DIW register,
11x239030,"GOLDPLUSTECHNOLOGY SYSTEM CO., LTD.",,,,,,,
11x239119,"Lucky Star Marine Supply Co., Ltd.",,,,,,,
11x239256,ยูนิเวอร์แซล ยูทีลิตี้ส์ จํากัด (มหาชน),,,,,,,
11x239417,Premium equipment,,,,,,,
11x239422,บริษัท พิดิยี่สิบเอ็ด จำกัด,,,ไม่พบข้อมูล,,,DBD API (TaxID),
11x240155,บริษัท เอ็นจิเนียร์คอร์ จำกัด,,,ไม่พบข้อมูล,,,DBD API (TaxID),
11x240372,บริษัท วิน อินเตอร์เทค จำกัด,,,,,,,
11x240417,บริษัท รีเจน สมาร์ท ซิตี้ (ประเทศไทย) จำกัด,,,,,,,
11x240505,อินโดรามา โพลีเมอร์ส (Asia pat) จำกัด (มหาชน),,,,,,,
11x240517,บริษัท อาร์.พี.เอส.2013 เอ็นจิเนียริ่ง แอนด์ เซอร์วิส จำกัด,,,,,,,
11x240523,"FlUID POWER ENGINEERING CO.,LTD.",,,,,,,
11x240541,Nitro Chemical,,,,,,,
11x240649,บริษัท ไทยยูเนี่ยน อินกรีเดียนท์ จำกัด,1262.125837,3121.9,10299,,สมุทรสาคร,DIW register,
11x240727,"SURIYAPOWER CO.,LTD.",,,,,,,
11x240750,"Thai Meidensha Co., Ltd",,,,,,,
11x240779,บริษัท วงษ์สยามก่อสร้าง จำกัด,42.0,2278,36002,,ระยอง,DIW register,
11x240802,บริษัท ราชบุรี-อีอีพี รีนิวเอเบิ้ล เอนเนอจี้ จำกัด,,,,,,,
11x240839,เจจีซี คอร์ปอเรชั่น,,,ไม่พบข้อมูล,,,DBD API (TaxID),
11x240841,บริษัท ฟลูอิด ออล จำกัด,,,ไม่พบข้อมูล,,,DBD API (TaxID),
11x240857,บริษัท แอ็พพลาย ดีบี จำกัด (มหาชน),574.33,1925.51,22230,,สมุทรปราการ,DIW register,
11x240908,บริษัท ซิก-ไนน์ (ไทยแลนด์) จำกัด,,,ไม่พบข้อมูล,,,DBD API (TaxID),
11x240943,บริษัท ยูนิเวอร์แซล ยูทีลิตี้ส์ จำกัด (มหาชน),65.0,2710,36002,,ระยอง,DIW register,
11x240953,บริษัท สมาร์ท โปร อินเตอร์เทรด จำกัด,,,ไม่พบข้อมูล,,,DBD API (TaxID),
11x240956,บริษัท ทีอาร์อาร์ ฟู้ดโปรดักส์ จำกัด,35.0,,10772,,สมุทรสาคร,DBD API (TaxID),ยังดำเนินกิจการอยู่
11x240959,บริษัท คูโบต้า วอเตอร์ แอนด์ เอ็นไวรอนเม้นท์,,,ไม่พบข้อมูล,,,DBD API (TaxID),
11x241112,"MECS Engineering Co., Ltd",,,,,,,
11x241149,Premium first tank,,,,,,,
11x241255,D2D ENGINEERING SERVICE AND SUPPLY,,,,,,,
11x242111,บริษัท ทริปเปิ้ล อี เทรดดิ้ง จำกัด,,,ไม่พบข้อมูล,,,DBD API (TaxID),
11x242139,บริษัท ไทยเมเดนชา จำกัด,,,ไม่พบข้อมูล,,,DBD API (TaxID),
11x242155,บริษัท น้ำตาลและอ้อยตะวันออก จำกัด(มหาชน),1668.61,383944.6,10721,,สระแก้ว,DIW register,
11x242162,INNOVATION TECHNOLOGY,,,,,,,
11x242492,บริษัท เอส.โอ.พี.ซัพพลาย จำกัด,,,,,,,
11x243429,"Iharanikkei Chemical (Thailand) Co., Ltd.",,,,,,,
11x243586,บริษัท ไซม์ ดาร์บี้ ออยล์ มรกต จำกัด (มหาชน),,,,,,,
11x243717,บริษัท ทีเทค เทคโนโลยี จำกัด,,,,,,,
11x243924,บริษัท ไทยเมจิ ฟาร์มาซิวติคัล จำกัด,871.1715,7482.62,21001,,กรุงเทพมหานคร,DIW register,
11x243971,บริษัท พิดิ ยี่สิบเอ็ด จำกัด,,,ไม่พบข้อมูล,,,DBD API (TaxID),
11x243981,บริษัท เอสซีที สหภัณฑ์ จำกัด,,,,,,,
11x244007,Thai Nippon plant,,,,,,,
11x244161,บจก.อะนาไลติคอล ซิสเต็ม เอ็นจิเนียริ่ง,,,,,,,
11x244196,บริษัท บูรพา ออโต้เทค เอ็นจิเนียริ่ง จำกัด,,,ไม่พบข้อมูล,,,DBD API (TaxID),
11x244198,บริษัท ลภัสกร คอมเมอร์เชียล จำกัด,,,,,,,
11x244200,"POWERMAX PLUS CO.,LTD.",,,,,,,
11x244290,บริษัท แบริ่ง สเปเชียลลิส จำกัด,,,ไม่พบข้อมูล,,,DBD API (TaxID),
11x244310,"Proud Inter Products Co.,Ltd.",,,,,,,
11x244313,VS CHEM (1970) LTD.,,,,,,,
11x244380,บริษัท ดานิลี่ จำกัด,1424.24,11566.16,25111,,ระยอง,DIW register,
11x244516,บริษัท ที-เซอร์วิส 2024 จำกัด,,,,,,,
11x244610,บริษัท ตรีพล เทคโนโลยี จำกัด,,,,,,,
11x244622,บริษัท ออโต แมชชีน พาร์ท (ประเทศไทย) จำกัด,,,,,,,
11x244625,บริษัท เจเคย์ เอ็นจิเนียริ่ง (2016) จำกัด,,,,,,,
11x244798,บจก. มาบุญครองศิริชัย,,,,,,,
11x244800,บริษัท อัลเทค เอเชีย แปซิฟิค จำกัด,,,,,,,
11x244830,บริษัท ฟิโก้ โรโบติก จำกัด,,,,,,,
11x244921,"NC Advanced Technology Co., Ltd.",,,,,,,
11x244973,"Microchip Technology (Thailand) Co.,Ltd.",,,,,,,
11x244975,บริษัท ไซเอ็นส์โค (บางปู) สเปเชียลตี้ เคมีคอลส์ จำกัด,10.0,,69200,,สมุทรปราการ,DBD API (TaxID),ยังดำเนินกิจการอยู่
11x244978,"Unison Laboratories Co., Ltd.",,,,,,,
11x244984,BBGI BIO ETHANOL PUBLIC COMPANY LIMITED (BO PLOY),,,,,,,
11x245042,บริษัท โกรเกียร์ อินดัสเทรียล จำกัด,,,ไม่พบข้อมูล,,,DBD API (TaxID),
11x245239,บริษัท สกาย พาร์ทส์ เอ็นจิเนียริ่ง จำกัด,,,,,,,
11x245247,NIHON F.T.B. (THAILAND) COMPANY LIMITED,,,,,,,
11x245251,"STB Textiles Industry Co.,LTD",,,,,,,
11x245420,"J.I.T. Equipment CO., LTD",,,,,,,
11x245427,WTP Thailand,,,,,,,
11x245530,"THAI OBAYASHI CORP., LTD.",,,,,,,
11x245713,บริษัท นวโลหะอุตสาหกรรม จำกัด,5491.0,108325.44,24101,,สระบุรี,DIW register,
11x245814,"The nawaloha industry co.,ltd.",,,,,,,
11x245925,"ARCHEM (THAILAND) CO., LTD.",,,,,,,
11x246716,บริษัท ไทยพัฒนสิน (จิ้นเส็ง) จำกัด,,,,,,,
11x246717,บริษัท เคมีคอล บราเธอร์ส จำกัด,,,,,,,
11x247245,บริษัท ทิปโก้แอสฟัลท์ จำกัด (มหาชน) (สาขาโรงงานพระประแดง),,,,,,,
11x247333,ดี.เค. ศรีสุข เอ็นจิเนียริ่ง แอนด์ ซัพพลาย,,,,,,,
11x247389,บริษัท พราวด์ อินเตอร์ โปรดักส์ จำกัด,,,ไม่พบข้อมูล,,,DBD API (TaxID),
11x247395,บริษัท ยูเซ็น โลจิสติกส์ (ประเทศไทย)  จำกัด,146.949629,209.61,10801,,ชลบุรี,DIW register,
11x247969,บริษัท แอบโซลูท นอร์ม จำกัด,,,,,,,
11x247978,บริษัท ราชบุรีเวอลด์ โคเจนเนอเรชั่น จำกัด,9570.68,1829492.83,35101,,ราชบุรี,DIW register,
11x247987,บริษัท ไต้หวัน ยูเนี่ยน เทคโนโลยี (ประเทศไทย) จำกัด,,,,,,,
11x248010,"Polytechnology co.,ltd",,,,,,,
11x248025,บริษัท ไทยนิสเซ่แพ็คเกจจิ้ง จำกัด,302.3154,493,17020,,ปราจีนบุรี,DIW register,
11x248029,บริษัท ทาเคอิ พลาสติก (ประเทศไทย) จำกัด,601.144132,420.9,30912,,พระนครศรีอยุธยา,DIW register,
11x248145,T.M.K. SERVICE SUPPLY,,,,,,,
11x249053,"SNU Solutions Provider Co., Ltd.",,,,,,,
11x250208,บริษัท แสงธานีเอ็นจิเนียริ่ง จำกัด,,,,,,,
11x250210,บริษัท โปร พัฒนา ยุนิ กรุ๊ป จำกัด,,,,,,,
11x250241,TECHNICAL THAI SERVICE COMPANY LIMITED,,,,,,,
11x250294,Lucky Alpha Glow,,,,,,,
11x250299,IFS Facillity Service,,,,,,,
11x250325,"Mitsubishi Heavy Industries, Ltd.",,,,,,,
11x250335,บริษัท ท่าบ่อเอ็นเนอร์ยี จำกัด,,,,,,,
11x250484,"FTE (Thailand) Co., Ltd.",,,,,,,
11x250488,E85,,,,,,,
11x250491,บริษัท ทูเดย์ กู๊ดลัค อินเตอร์เทรด จำกัด,,,,,,,
11x250587,อาร์.พี.เอ็ม. ฟาร์ม แอนด์ ฟีด,58.0,485.5,52102,,เชียงใหม่,DIW register,
11x250662,บริษัท เอสเอ็นยู โซลูชั่น โพรไวด์เดอร์ จำกัด,,,ไม่พบข้อมูล,,,DBD API (TaxID),
11x250668,BSRC,,,,,,,
11x250711,"Zastic International Co.,Ltd.",,,,,,,
11x250796,บริษัท เจ แอนด์ โกร ซอฟต์พาวเวอร์ ทูลส์ แอนด์ เซอร์วิส จำกัด,,,,,,,
11x250849,บริษัท ซาสติค อินเตอร์เนชั่นแนล จำกัด,,,,,,,
11x250852,Polyplex,,,,,,,
11x250853,"TOKYO SANGYO (THAILAND) CO., LTD.",,,,,,,
11x250877,บริษัท แพลนไนน์ จำกัด,,,,,,,
11x250912,บริษัท ท่าบ่อ เอ็นเนอร์ยี่ จำกัด,,,ไม่พบข้อมูล,,,DBD API (TaxID),
11x250946,บริษัท เอ็ม พอร์ท ซัพพลายแอนด์เซอร์วิส จำกัด,,,ไม่พบข้อมูล,,,DBD API (TaxID),
11x250955,ห้างหุ้นส่วนจำกัด ก.อารยพาณิชย์,,,,,,,
11x250957,บริษัท ธนกร เอ็นจิเนียริ่ง แอนด์ คอนสตรัคชั่น จำกัด,,,,,,,
11x251051,"Thai Pipeline Network Co.,Ltd",,,,,,,
11x251059,บริษัท ฟลูอิด จำกัด,,,,,,,
11x251100,บริษัท เอสซีเอ็ม เอนเนอร์ยี่ เซอร์วิส จำกัด,,,,,,,
11x251120,VNP Worldwide Trade,,,,,,,
11x251230,บริษัท คออดี้ อินคอร์เปอเรชั่น (เอเชีย) จำกัด,,,,,,,
11x251232,M.PLUS ENGINEERING COMPANY LIMITED.,,,,,,,
11x251237,บริษัท เวลเอ็นจิเนียริ่งเซอร์วิส จำกัด,71.0,207,27101,,สมุทรปราการ,DIW register,
11x251240,บริษัท เเอริคอมไซ (ประเทศไทย) จำกัด,,,,,,,
11x251275,บริษัท เอส.เอ.อี.เทค จำกัด,,,,,,,
11x251704,"TODOROKI ASIA CO., LTD.",,,,,,,
11x252214,บริษัท ศิวกร เคเอสพี จำกัด,,,,,,,
11x252242,ริษัท เจลลี เบลลี แคนดี้ คอมปานี (ประเทศไทย) จำกัด,,,,,,,
11x252355,บริษัท สยามพรีเสิร์ฟฟู้ดส์ จำกัด,61.7,4098.1499999999996,10291,,ราชบุรี,DIW register,
11x252487,บริษัท เอฟ อี เอส ที เอ็นจิเนียริ่ง แอนด์ เซอร์วิสเซส (ไทยแลนด์) จำกัด,,,,,,,
11x252499,บริษัท เอเชียลิงค์ เทอร์มินัล,,,,,,,
11x253134,"Polytechnology co., ltd.",,,,,,,
11x253386,"Taiwan Union Technology (Thailand) Co., Ltd.",,,,,,,
11x253436,บริษัท แกมเมอร์เทค จำกัด,,,,,,,
11x253563,สงวน​วงษ์​1994​จำกัด,,,,,,,
11x253582,บริษัท เอเนอร์โฟล จำกัด,,,,,,,
11x253589,บริษัท อาร์.พี.เอ็ม. ฟาร์ม แอนด์ ฟีด จำกัด,58.0,485.5,52102,,เชียงใหม่,DIW register,
11x253698,"SUN ENGINEERING AND FIRE SERVICE CO., LTD.",,,,,,,
11x253806,บริษัท วี.แอล.เอ็นจิเนียริ่ง แอนด์ ดีไซน์ จำกัด,,,,,,,
11x253812,"Tough Mechanic Co.,Ltd.",,,,,,,
11x253824,success engineering,,,,,,,
11x254049,บริษัท อาร์.เอส.ซีวิลเอ็นจิเนียริ่ง จำกัด,27.5,3666.98,19209,,ปัตตานี,DIW register,
11x254056,บริษัท พี.เอ็น.วี อินโนเทค จำกัด,,,ไม่พบข้อมูล,,,DBD API (TaxID),
11x254177,"Meiji (Thailand) Co., Ltd.",,,,,,,
11x254221,บริษัท ชยพล อินเตอร์เนชั่นแนล จำกัด,,,,,,,
11x254383,Sika ซิก้า สระบุรี,,,,,,,
11x254398,บริษัท ไอ-บอร์น ซัพพลาย แอนด์ เซอร์วิส จำกัด,,,,,,,
11x254536,"GLOBAL SEAL CO., LTD.",,,,,,,
11x254630,เบทาโกร-รง.1,,,,,,,
11x254777,โรงแรม สมุย 2 จำกัด,,,,,,,
11x254782,PAE (Thailand) Public Company Limited,,,,,,,
11x254819,"Cargo Electric Co., Ltd.",,,,,,,
11x254894,"AN Part and Service Co., Ltd.",,,,,,,
11x254906,บริษัท ไอคอน เทค อินสทรูเม้นท์ จำกัด,,,,,,,
11x254911,บริษัท เจ พี เอ็ม เทรดดิ้ง จำกัด,,,,,,,
11x254913,บริษัท สีมา เอ็นจิเนียริ่ง โปรดักส์  จำกัด,,,,,,,
11x254920,tatsuno,,,,,,,
11x255490,บริษัท ราชพัฒนา เอ็นเนอร์ยี จำกัด (มหาชน),4050.0,741889.34,35101,,ชลบุรี,DIW register,
11x255548,บริษัท วีไทร์ แอนด์ รับเบอร์ จำกัด,210.0,17328.77,22112,,สมุทรสาคร,DIW register,
11x255652,บริษัท เอ เอ แก๊ส จำกัด,,,,,,,
11x255654,MCKEY FOOD SERVICES (THIALAND) LIMITED,,,,,,,
11x256218,บริษัท ทีเอฟ เทค จำกัด,95.69,5109.68,35101,,ปราจีนบุรี,DIW register,
11x256270,"Siam Pro Relocations Co., Ltd.",,,,,,,
11x256272,บริษัท ณษิทา จำกัด,,,,,,,
11x256580,บริษัท ฟาสเทค มอเตอร์ เซอร์วิส จำกัด,27.5,274,27101,,นครปฐม,DIW register,
11x256776,บจก.มัลติโคเอ็นจิเนียริ่ง(ประเทศไทย),,,,,,,
11x256892,บริษัท เนเชอร์เวิร์คส์ เอเชีย แปซิฟิก จำกัด,,,,,,,
11x257064,"LEANTECH SYSTEMS CO.,LTD.",,,,,,,
11x257075,บริษัท เอ็นจิเนียริ่ง เทคโนโลยี เมนเทนเเนนซ์ เซอร์วิส จำกัด.,,,,,,,
11x257085,make fluid,,,,,,,
11x257115,the global industry and engineering,,,,,,,
11x257136,"PE Automation Co.,Ltd.",,,,,,,
11x257395,หจก.ธีรวิญญ์ เอ็นจิเนียริ่ง,,,,,,,
11x257416,บริษัท อีลิท เพาเวอร์ โซลูชั่น จำกัด,,,,,,,
11x257442,บริษัท โซลแมกซ์ จีโอซินเทติคส์ จำกัด,327.12,17021.09,22230,,ระยอง,DIW register,
11x257606,"CR3 (Thailand) Co., Ltd.",,,,,,,
11x257617,Piller Thailand,,,,,,,
11x257692,บริษัท จระเข้ คอร์ปอเรชั่น จำกัด,81.0,693.25,20292,,สระบุรี,DIW register,
11x257781,บริษัท เว็ลธ์ เวิร์คคิง มารีน จำกัด,100.0,,47300,,สมุทรสาคร,DBD API (TaxID),ยังดำเนินกิจการอยู่
11x257798,บริษัท ไทย ไปป์ไลน์ เน็ตเวิร์ค จำกัด,,,,,,,
11x257821,บริษัท เมคฟลูอิด จำกัด,,,,,,,
11x257857,บริษัท ทีพีที ปิโตรเคมิคอลส์  จำกัด  (มหาชน),8500.0,358255.45,20113,,ระยอง,DIW register,
11x257859,บริษัท แมคคีย์ฟู้ดเซอร์วิสเซส (ประเทศไทย) จำกัด,484.7781,12645.43,10139,,สมุทรปราการ,DIW register,
11x257865,ห้างหุ้นส่วนจำกัด บุญศิริ สตีล,,,ไม่พบข้อมูล,,,DBD API (TaxID),
11x257869,บริษัท บีเอเอสเอฟ โคทติ้งส์ จํากัด,,,,,,,
11x257884,บริษัท พีเอพี โซลูชั่น จำกัด,,,ไม่พบข้อมูล,,,DBD API (TaxID),
11x258146,HANA SEMICONDUCTOR (AYUTTHAYA) COMPANY LIMITED,,,,,,,
11x258159,oyota Parts Center Asia Pacific (TPCAP),,,,,,,
11x258359,บริษัท นิปปอน เพนต์ ดี-แอ็คท์ จำกัด,,,,,,,
11x258549,DRIVEMAC INDUSTRIAL SERVICE COMPANY LIMITED,,,,,,,
11x259070,"Kurihara (Thailand) Co.,Ltd.",,,,,,,
11x260005,บริษัท เทคโน คูล (ประเทศไทย) จำกัด,,,,,,,
11x260038,บริษัท มัลติ เอ็นจิเนียริ่ง  แอนด์ ซัพพลาย จำกัด,,,,,,,
11x260055,MITSUBISHI COMPANY (THAILAND) LTD.,,,,,,,
11x260316,ห้างหุ้นส่วนจำกัดคม เอ็นจิเนียริ่ง,2.7668,155,25922,,สระบุรี,DIW register,
11x260371,บริษัท โกลด์ อีควิปเมนท์ จำกัด,,,,,,,
11x260476,"K P Tech All Co.,Ltd.",,,,,,,
11x260509,บริษัท สมทรัพย์ เซอร์วิส,,,,,,,
11x260511,Beyond Borderless,,,,,,,
11x260513,บริษัท วินอิควิปเม้นท์ จำกัด,,,,,,,
11x260557,"Experteam Co., Ltd.",,,,,,,
11x260698,บริษัท ซิกโนด (ประเทศไทย) จำกัด,521.38,0,22220,,ชลบุรี,DIW register,
11x260702,บริษัท ท้อปเทร็นด์ แมนูแฟคเจอริ่ง จำกัด,4.0,142,10723,,ชลบุรี,DIW register,
11x260718,FK International,,,,,,,
11x260720,สยามซัพพลาย แอนด์ ไฮดรอลิค จำกัด,13.0,127.46,22199,,สงขลา,DIW register,
11x260778,บริษัท เทคนิคคอล ไทย เซอร์วิส จำกัด,44.492719,353.75,25922,,ระยอง,DIW register,
11x260802,บริษัท มิตซูบิชิ (ประเทศไทย) จำกัด,,,,,,,
11x260977,หจก.เวอค อินเตอร์เทรด,,,,,,,
11x261000,บริษัทนี้ บริษัท ทิทโก้ กรุงเทพ จำกัด,,,,,,,
11x261138,บริษัท เอเชียลิงค์ เทอมินัล จำกัด,,,,,,,
11x261526,บริษัท บิยอนด์ บอร์เดอร์เลส จำกัด,,,,,,,
11x262348,บริษัท อิทธิฉัตร อินดัสเตรียล เวิร์คส์ จำกัด,,,,,,,
11x262351,บริษัท อุบลเวลแพ็ค จำกัด,,,,,,,
11x262353,ห้างหุ้นส่วนจำกัด แอล.ซัพพลาย (,,,ไม่พบข้อมูล,,,DBD API (TaxID),
11x262618,ทีพีที ปิโตรเคมิคอลส์ จํากัด (มหาชน),,,,,,,
11x262636,Gennesaret Company Limited,,,,,,,
11x262640,"Pump Engineers Co., Ltd.",,,,,,,
11x262642,LINFOX LOGISTICS (THAILAND) LIMITED,,,,,,,
11x263029,บริษัท โฟร์ คอมบิเนชั่น จำกัด,,,,,,,
11x263031,บริษัท ซีลเทค อินดัสตรีส์ จำกัด,,,,,,,
11x263051,ISO Engineering,,,,,,,
11x263069,บริษัท แมนโปร เซอร์วิส จำกัด,,,,,,,
11x263118,M.O.P  CHINKOKU.CO.LTD,,,,,,,
11x263193,KSBT Engineering,,,,,,,
11x263209,บริษัท ปั้มเซิร์ฟ ระยอง จำกัด,,,,,,,
11x263211,บริษัท ซินเนอจี้ คิว (ประเทศไทย) จำกัด,,,,,,,
11x263217,"Thai Contracting Management Co.,Ltd",,,,,,,
11x263229,A-INNOVATE ENGINEERING COMPANY LIMITED,,,,,,,
11x263234,บริษัท เค ไอ ไบโอก๊าซ จำกัด,97.418,5820,35101,,นครราชสีมา,DIW register,
11x263287,"AEC Industrial Services CO., LTD.",,,,,,,
11x263292,"TC Enstage Co.,Ltd.",,,,,,,
11x263341,บริษัท เค วี อีควิปเม้นท์ แอนด์ เซอร์วิส จำกัด,,,,,,,
11x263381,บริษัท พีลาทัส มารีน จำกัด,,,,,,,
11x263422,THE ENGINEER,,,,,,,
11x263523,"LINEMAKER ENGINEERING CO., LTD.",,,,,,,
11x263558,Unithai,,,,,,,
11x263570,บริษัท ลาเท็กซ์เอเชีย (ประเทศไทย)จำกัด,49.0,295.95999999999998,22199,,นนทบุรี,DIW register,
11x263621,บริษัท สมาร์ท ซิสเต็ม แอนด์ ออโตเมชั่น เอ็นจิเนียริ่ง จำกัด,,,,,,,
11x264280,SHERA BUILDING SOLUTION (PHILIPPINES) CORP.,,,,,,,
11x264284,บริษัท สีไทยกันไซเพ้นท์  จำกัด,13.29738,606.79999999999995,20221,,สมุทรปราการ,DIW register,
11x264286,บริษัท ยู-เซอร์วิสเซส (ปราจีนบุรี) จำกัด,,,,,,,
11x264295,บริษัท ซัน เอ็นจิเนียริ่ง แอนด์ ไฟร์ เซอร์วิส จำกัด,,,,,,,
11x264299,บริษัท ไทยออยล์ จำกัด  (มหาชน),21038.0,1146500.71,19201,,ชลบุรี,DIW register,
11x264347,บริษัท โชคสุวรรณ เอ็นจิเนียริ่ง จำกัด,,,,,,,
11x264357,บริษัท อาร์เคม (ประเทศไทย) จำกีด,,,,,,,
11x264668,บริษัท เอ็นเอสอาร์ พริซิขั่น จำกัด,,,,,,,
11x264698,บริษัท บิ๊ค เคมิคอล จำกัด,10.0,62.5,10801,,นครปฐม,DIW register,
11x264816,บริษัท อาควา นิชิฮาร่า คอร์ปอเรชั่น จำกัด,124.574,577.70000000000005,22210,,พระนครศรีอยุธยา,DIW register,
11x265159,บริษัท เอ-เทค คอนโทรล ซิสเต็มส์ จำกัด,,,,,,,
11x265458,DEFTSOL ULTIMATE COMPANY LIMITED,,,,,,,
11x265778,บริษัท เมโทร เอ็ม.ดีเอฟ. จำกัด,320.0,12718.03,16210,,ปราจีนบุรี,DIW register,
11x265935,"S.T. SEVEN THAI CO., LTD.",,,,,,,
11x266014,"E-SQUARE ENVIRONMENT & ENGINEERING CO., LTD.",,,,,,,
11x266035,บริษัท วี.อาร์. โซลูชั่น แอนด์ เซอร์วิส จำกัด,,,,,,,
11x266046,BAC engineering,,,,,,,
11x266089,บริษัท ไทยเทคนิเชี่ยน โรลเลอร์ จำกัด,,,,,,,
11x266151,"Thai-Phill Services Co., Ltd",,,,,,,
11x266163,MG EMGINEERING,,,,,,,
11x266229,บจก.ไอทีที ฟลูอิด เทคโนโลยี่ อินเตอร์เนชั่นแนล (ประเทศไทย),,,,,,,
11x266283,K&T Trading Individual,,,,,,,
11x266304,บริษัทธัญญทิพย์เคมีเกษตร,,,,,,,
11x266323,"TN Pacific Co.,Ltd.",,,,,,,
11x266516,บริษัท พูลกิจวัฒนา คอนสตรัคชั่น แอนด์ ดีเวลลอปเม้นท์ จำกัด,,,,,,,
11x266531,บริษัท อัลฟ่ากรุ๊ป จำกัด,,,,,,,
11x266534,บริษัท อาเบอร์เล่ ออโต้เมชั่น (ประเทศไทย) จำกัด,,,,,,,
11x266552,บริษัท พีเอ็ม เซอร์วิสแอนด์ออโตเมชั่น จำกัด,,,,,,,
11x266612,"POLY PARTS SUPPLY CO.,LTD.",,,,,,,
11x266662,Nestlé Thailand (Nestle (Thai) Ltd.),,,,,,,
11x266675,บริษัท โปรเอ็นไวร์ จำกัด,,,,,,,
11x266696,บริษัท เอ็มทีบี เพาเวอร์ จำกัด,,,ไม่พบข้อมูล,,,DBD API (TaxID),
11x266731,C.E.Mech Engineering,,,,,,,
11x266768,บริษัท สยามราชธานี ออโตเมชัน จำกัด,5.0,,46599,,สมุทรปราการ,DBD API (TaxID),ยังดำเนินกิจการอยู่
11x266815,บริษัท เอ็กซ์เพิท ทีม จำกัด,42.0,578.5,25922,,สมุทรสาคร,DIW register,
11x266827,บริษัท มัลติโค เอ็นจิเนียริ่ง (ประเทศไทย) จำกัด,,,,,,,
11x266835,ห้างหุ้นส่วนจำกัด นิติธรพัฒนา,,,,,,,
11x266856,Gulf Development Public Company Limited,,,,,,,
11x267032,"Thai Silicon Adhisive Chemical Co., Ltd.",,,,,,,
11x267036,Precision Plastic,,,,,,,
11x267041,"NICHIEI (THAILAND) CO.,LTD.",,,,,,,
11x267048,บริษัทงามดีอุตสาหกรรม,326.911887,3661.98,13113,,ราชบุรี,DIW register,
11x267054,JIULONGTHAI,,,,,,,
11x267057,บริษัท สุพรีม พลาสติก อินดัสตรี้,14.0,153.94,22220,,สมุทรปราการ,DIW register,
11x267120,Econotech,,,,,,,
11x267314,"Advance Siam Tech Co., Ltd",,,,,,,
11x267462,บริษัท เอสเคเค เคมิคอล (ไทยแลนด์) จำกัด,83.844,887.8,20221,,ชลบุรี,DIW register,
11x267465,บริษัท เซนทาโก(ประเทศไทย) จำกัด,,,,,,,
11x267549,"SD Guthrie International Morakot Public Co., Ltd.",,,,,,,
11x267577,PBP Global,,,,,,,
11x267763,บริษัท เอบี ฟู้ด แอนด์ เบฟเวอร์เรจส์ (ประเทศไทย) จำกัด,309.650778,20888.09,10731,,สมุทรปราการ,DIW register,
11x267791,"E.S.C. INNOVATION CO., LTD.",,,,,,,
11x267924,บริษัท รอแยลแคนอินดัสทรีส์ จำกัด,230.0,3280.86,10302,,สมุทรสาคร,DIW register,
11x268407,บริษัท อี-โคทติ้งส์ เอเชีย จำกัด,0.0,0,20113,,ระยอง,DIW register,
11x268451,บริษัท เพ็ท ทรีทส์ จำกัด,88.27,274,10801,,สมุทรปราการ,DIW register,
11x268951,บริษัท โฟลว์แล็บ แอนด์ เซอร์วิส จำกัด,,,,,,,
11x269182,"Unique Plastic Industry Co.,LTD.",,,,,,,
11x269218,"Sourcing 360 Co.,Ltd.",,,,,,,
11x269227,บริษัท เจ.บี.พี.อินเตอร์เนชั่นแนล เพ็นท์ จำกัด,2.0,543.75,20221,,กรุงเทพมหานคร,DIW register,
11x269229,บริษัท ยูนิคพลาสติก อินดัสตรี จำกัด (มหาชน),60.0,9953.44,22220,,สมุทรปราการ,DIW register,
11x269274,บริษัท เพอร์เฟค คอมพาเนียน  กรุ๊ป  จำกัด,937.186,5310.58,10503,,สมุทรปราการ,DIW register,
11x269308,บริษัท วีพีไอ อินดัสตรี จำกัด,13.7,456.85,22220,,นนทบุรี,DIW register,
11x269317,บริษัท ไทยโตไกคาร์บอนโปรดักท์ จำกัด,1700.0,833790.9,20222,,ชลบุรี,DIW register,
11x269325,บริษัท ซิสเท็ม คอร์ป จำกัด,,,,,,,
11x269475,Triraphat,,,,,,,
11x269499,IBC INDUSTRIAL COMPANY LIMITED,,,,,,,
11x269508,ห้างหุ้นส่วนจำกัด พีเอสอาร์ซี,,,,,,,
11x269684,บริษัท แสตนดาร์ด แคน จำกัด,300.0,2974.8,25949,,สมุทรปราการ,DIW register,
11x269703,บริษัท พี.ดับบลิว.เอ็นจิเนียริ่ง แอนด์ เซอร์วิส จำกัด,,,ไม่พบข้อมูล,,,DBD API (TaxID),
11x269720,บจก.รวมเกษตรกรอุตสาหกรรม (ภูเขียว),,,,,,,
11x269740,บริษัท แซน เทค เซ็นเตอร์ จำกัด,,,,,,,
11x269774,บริษัท บริดจสโตน คาร์บอน แบล็ค (ประเทศไทย) จำกัด,1300.0,40954.51,20222,,ระยอง,DIW register,
11x269792,Advance Water,,,,,,,
11x269806,Family Myanmar,,,,,,,
11x269820,บริษัท ซัน โอเปอเรชั่น จำกัด,,,,,,,
11x269961,บริษัท อี 85 จำกัด,291.884175,4347.34,10612,,ลพบุรี,DIW register,
11x270162,Communication & System Solution PCL,,,,,,,
11x270193,บริษัท พีที พาร์ท เทค จำกัด,,,,,,,
11x270808,TEST-ABFLOW-Co-Ltd,,,,,,,
11x270809,TEST-FROM-CURL,,,,,,,
11x270810,บริษัท ไทยเบฟเวอเรจแคน จำกัด,,,,,,,
11x270811,บริษัทไทยเบฟเวอเรจแคนจำกัด,,,,,,,
11x270812,TEST-PYTHON-API-V2,,,,,,,
11x270813,TEST-UNIQUE2-1785147906,,,,,,,
11x270814,TEST-FINAL-VERIFY,,,,,,,
11x270815,"ABFLOW Engineering Co., Ltd.",,,,,,,
11x270816,"AJINOMOTO CO., (THAILAND) LTD.",,,,,,,
11x270817,"PSP Specialty Co., Ltd.",,,,,,,
11x270834,Super Grip Company Limited,,,,,,,
11x270840,SANKO (PLASTICS) THAILAND,,,,,,,
11x270925,project engineer,,,,,,,
11x270993,บริษัท เพ็ทพัล โปรดักส์ จำกัด(มหาชน),,,,,,,
11x271089,บริษัท เอเชี่ยน นิวทริชั่น  จำกัด,145.1,18904.53,10801,,เพชรบุรี,DIW register,
11x271227,บริษัท เทอร์ไบน์แอโร รีแพร์ จำกัด,0.0,0,30300,,ชลบุรี,DIW register,
11x271770,บริษัท บีอีเจเอสที ไบโอเอเนอร์จี จำกัด,,,,,,,
11x271772,บริษัท เชฟรอน (ไทย)  จำกัด,,,,,,,
11x271889,บริษัท ราชราตัน ไทย ไวร์ จำกัด,390.37,9772.5,25952,,ราชบุรี,DIW register,
11x271957,บริษัท กรีน โปรเกรส จำกัด,,,,,,,
11x272321,บริษัท พรีเมีย ลูบริแค้นท์ จำกัด,681.168015,3900,19209,,ปทุมธานี,DIW register,
11x272393,บริษัท แอสไพร์ พาวเวอร์ จำกัด,,,,,,,
11x272397,บริษัท เดอะซิสเตอร์กรุ๊ป จำกัด,,,,,,,
11x272551,บริษัท ไทย จีอาร์พี จำกัด,45.0,170,23103,,ปทุมธานี,DIW register,
11x272708,"Genesis Engineering & Thermal Solutions Co.,Ltd",,,,,,,
11x273017,บริษัท บี วาย เอ็ม เทรดดิ้ง จำกัด,,,,,,,
11x273041,"TKPV CO., LTD",,,,,,,
11x273075,บริษัท เอส.พี. เอ็นจิเนียริ่ง แอนด์ ซัพพลาย จำกัด,,,,,,,
11x273121,บริษัท เอพี โซลูชั่น (1989) จำกัด,,,,,,,
11x273215,HeroMac Pte Ltd,,,,,,,
11x273259,InspiringInnovative Water and Environmental Solutions,,,,,,,
11x273448,Yupeng Information Technology,,,,,,,
11x273486,บริษัท ออพติดูร์ โพลิเมอร์ส จำกัด,,,,,,,
11x273494,บริษัท เสริมสุข จำกัด (มหาชน),168.0,2377.9699999999998,11041,,ปทุมธานี,DIW register,
11x273532,บ. ไอยรา อินเตอร์เทรด จำกัด,,,,,,,
11x273554,บริษัท เอสพี เอ็นจิเนียริ่ง แอนด์ ซัพพลาย จำกัด,,,,,,,
11x273637,AGATEX Feinchemie GmbH,,,,,,,
11x273638,บริษัท โปทีม บิลเดอร์ จำกัด,57.15,461,23953,,ระยอง,DIW register,
11x273641,อุดมทรัพย์ โคมแก้ว / เอ็น.ไอ.เอ็ม. จำกัด,,,,,,,
11x273642,บริษัท เซาเทิร์น คูลลิ่ง ทาวเวอร์ (ไทยแลนด์) จำกัด,,,,,,,
11x273643,"Natural Green Innovation Co., Ltd.",,,,,,,
11x273646,ห้างหุ้นส่วนจำกัด ซี. มาสเตอร์ เซอร์วิส,,,,,,,
11x273648,บริษัท เทคโนฟิล จำกัด,24.8,270.57,25939,,ปทุมธานี,DIW register,
11x273649,"Liquid Purification Engineering International Co., Ltd.",,,,,,,
11x273650,บริษัท โปรเกรส เทคโนโลยี คอนซัลแต็นส์ จำกัด,,,,,,,
11x273651,"KINGEN BIOTECH CO., LTD.",,,,,,,
11x273655,LIXIL WATER TECHNOLOGY AND LIXIL HOUSING TECHNOLOGY / INAX / GROHE / American Standard / TOSTEM,,,,,,,
11x273658,บริษัท บี.เอ็น. บราเดอร์ส จำกัด สาขาที่ 0001,,,,,,,
11x273662,"Foamtec International Co., Ltd.",,,,,,,
11x273669,บริษัท เร็ปโก แมนเทนแนนซ์ จำกัด,,,,,,,
11x273675,บริษัท บาฟส์ อินเทค จำกัด,130.0,490.16,29109,,สมุทรปราการ,DIW register,
11x273676,บริษัท เอ็นไวร์ เซอร์วิส แล็บ จำกัด,,,,,,,
11x273677,E.S.L.,,,,,,,
11x273679,บริษัท เวลโกรว์ อินดัสทรีส์ จำกัด,,,,,,,
11x273680,บริษัท นันทวัน แมนเนจเม้นท์ จำกัด,,,,,,,
11x273681,บริษัท นครราชสีมา กรีน เอ็นเนอร์จี จำกัด,,,,,,,
11x273683,บริษัท แป้งมันเอี่ยมเฮงอุตสาหกรรม จำกัด,142.9,21130,10612,,นครราชสีมา,DIW register,
11x273684,วังขนาย / กลุ่มวังขนาย,,,,,,,
11x273685,บริษัท น้ำตาลสิงห์บุรี จำกัด,944.0,284204.15999999997,10721,,สิงห์บุรี,DIW register,
11x273686,บริษัท ฉัตรชัยแพทย์แผนโบราณ จำกัด (หมอเส็ง),,,,,,,
11x273688,บริษัท กิฟฟารีน สกายไลน์ แลบบอราทอรี่ แอนด์ เฮลท์แคร์ จำกัด,11.260885,1057.8399999999999,21001,,ปทุมธานี,DIW register,
11x273689,"ALLIED-TEK (THAILAND) Co., Ltd.",,,,,,,
11x273690,ThaiBev,,,,,,,
11x273692,"ALLIED-TEK (THAILAND) Co.,Ltd.",,,,,,,
11x273694,"SIRAYOOTH CO., LTD.",,,,,,,
11x273695,บริษัท เอสพีซี คอสเมติก จำกัด สาขาที่ 00001,,,,,,,
11x273699,บริษัท พนาพัฒน์ เฮลท์แคร์ จำกัด,10.126315,65.5,21001,,สมุทรปราการ,DIW register,
11x273702,NIVEA India Pvt. Ltd.,,,,,,,
11x273704,บริษัท อลูคอน จำกัด (มหาชน),164.0,2449.6,25949,,สมุทรปราการ,DIW register,
11x273707,บริษัท เอสเอ็ม-ไซโคล (ไทยแลนด์) จำกัด,0.0,0,27101,,ชลบุรี,DIW register,
11x273708,COSTERPACK MANUFACTURING SDN. BHD.,,,,,,,
11x273714,บริษัท แอพตาร์ (ประเทศไทย) จำกัด,,,,,,,
11x273715,บริษัท เทพอรุณทัย จำกัด,,,,,,,
11x274128,บริษัท โภกิน เอ็นจิเนียริ่ง แอนด์ ดีเวลลอปเม้นท์ จำกัด,,,,,,,
11x274129,CHUCHAWAL ROYAL HASKONING,,,,,,,
11x274133,บริษัท โอโน่แมชชีนเนอรี่ จำกัด,,,,,,,
11x274135,Fosroc (Thailand) Limited,,,,,,,
11x274136,บริษัท เด็คก้า จำกัด,,,,,,,
11x274137,บริษัท ไมโครไฟเบอร์อุตสาหกรรม จำกัด,399.505,8407.01,23109,,สมุทรปราการ,DIW register,
11x274140,ระยอง เอ็นจิเนียริ่ง แอนด์ พลานต์ เซอร์วิส จำกัด,,,,,,,
11x274154,บริษัท สหไพศาลอินดัสทรี จำกัด,1.0,3031.55,20113,,สมุทรสาคร,DIW register,
11x274494,บริษัท แฟรงคลิน ไบโอเทค จำกัด,,,,,,,
11x274605,บริษัท ไทย เอ็มเอ็มไอ เซอร์วิสแอนด์ซัพพลาย จำกัด,,,,,,,
11x274704,บริษัท เคนวิว (ประเทศไทย) จำกัด,,,,,,,
11x274736,Witcorp Product Ltd.,,,,,,,
11x274751,ทีเคเอส เคมิคอล,,,,,,,
11x274787,"Phoenix Progressive Technology (Thailand) Co., Ltd.",,,,,,,
11x274806,บริษัท ไทยเอ็นเนอร์ยี่คอนเซอร์เวชั่น จำกัด,10.0,265.67,27909,,สุพรรณบุรี,DIW register,
11x274831,"Thai Specialty Chemical Co., Ltd.",,,,,,,
11x275317,บริษัท เอสดี กัทธรี อินเตอร์เนชั่นแนล มรกต จำกัด (มหาชน),630.784637,17729.689999999999,10420,,สมุทรปราการ,DIW register,
11x275517,"ASIA TYCOONS GROUP CO., LTD.",,,,,,,
11x275518,C.P. VIETNAM CORPORATION HAI DUONG BRANCH,,,,,,,
11x275519,C.P.VIETNAM CORPORATION,,,,,,,
11x275520,CHAROEN POKPHAND FOODS PHILIPPINES CORPORATION,,,,,,,
11x275521,CP Viet Nam Corporation - Binh Dinh Feed Mill,,,,,,,
11x275522,GIG KARASEK GMBH,,,,,,,
11x275523,"LAO ME SAI CO.,LTD.",,,,,,,
11x275524,"Mitr Lao Sugar Co.,Ltd.",,,,,,,
11x275525,"Myanmar C.P Livestock Co.,Ltd.",,,,,,,
11x275526,"PETROLEUM TRADING LAO CO.,LTD",,,,,,,
11x275527,United Tradewind Trading Sdn.Bhd.,,,,,,,
11x275528,VICHET KUNG,,,,,,,
11x275529,"VINA KRAFT PAPER CO., LTD.",,,,,,,
11x275530,การประปาส่วนภูมิภาคสาขาพระนครศรีอยุธยา,,,ไม่พบข้อมูล,,,DBD API (TaxID),
11x275531,บริษัท พีทีที ฟีนอล จำกัด,3556.022,52004.5,20113,,ระยอง,DIW register,
11x275532,บริษัท สยามราชธานี (ตะวันออก) จำกัด.,90.0,,46599,,ระยอง,DBD API (TaxID),แปรสภาพ
11x275533,บริษัท อีเลคโทรไทย จำกัด(ยกเลิก),,,,,,,
11x275534,บริษัท อุตสาหกรรม วินิลเทค จำกัด,92.0,1549.15,22230,,สมุทรปราการ,DIW register,
11x275535,C.P. Vietnam Corporation - Binh Duong,,,,,,,
11x275536,PTT Polyethylene Company Limited (ยกเลิก),,,,,,,
11x294369,บริษัท เซาท์แลนด์รับเบอร์ จำกัด,33.0,1731.64,22191,,สุราษฎร์ธานี,DIW register,
11x294389,บริษัท อินโดไชน่า เอ็นจิเนียริ่ง ซิสเท็ม คีไล จำกัด,100.0,379,25922,,สมุทรปราการ,DIW register,
11x294390,บริษัท ซีพีเอฟ ผลิตภัณฑ์อาหาร จำกัด,,,,,,,
11x294391,บริษัท ปตท. เคมิคอล จำกัด (มหาชน),,,,,,,
11x294392,บริษัท กรุงเทพผลิตภัณฑ์อาหาร จำกัด,,,,,,,
11x294393,บริษัท เจริญโภคภัณฑ์อุตสาหกรรม จำกัด,,,,,,,
11x294394,บริษัท ราชบุรีอาหาร จำกัด,,,,,,,
11x294395,บริษัท มหพันธ์ดีเวลลอปเมนท์ จำกัด,370.0,,23951,,ปทุมธานี,DBD API (TaxID),ยังดำเนินกิจการอยู่
11x294396,"C.P. VIETNAM LIVESTOCK CORPORATION CO.,LTD.",,,,,,,
11x294397,ห้างหุ้นส่วนจำกัด ส.เอ็นจิเนียริ่งแอนด์อีควิปเม้นท์ (ปิดกิจการ),,,,,,,
11x294398,สยามราชธานี เอ็นจิเนียริ่ง บจก.,,,,,,,
11x294399,CHAROEN POKPHAND VIETNAM CORPORATION,,,,,,,
11x294400,บริษัท นานาภัณฑ์ วัสดุอุตสาหกรรม จำกัด,,,,,,,
11x294401,ผลิตไฟฟ้าระยอง บจก.,,,,,,,
11x294402,C.P. LIVESTOCK CORPORATION,,,,,,,
11x294403,"PTT (LAO) CO., LTD.",,,,,,,
11x294404,VIET A LOGISTICS CO.LTD.,,,,,,,
11x294405,Wright Flow Technologies,,,,,,,
11x294406,บริษัท ทรัพย์ษิร์ชา จำกัด,,,,,,,
11x294407,บริษัท ที.ซี.เค. อินเตอร์เนชันแนล จำกัด,888.0,11446.58,22299,,สิงห์บุรี,DIW register,
11x294408,บริษัท นำวิวัฒน์ เมดิคอล คอร์ปอเรชั่น จำกัด (มหาชน),18.0,174.32,22299,,สมุทรปราการ,DIW register,
11x294409,บริษัท บางกอกโคมัตสุอินดัสตรีส์ จำกัด (ปิดกิจการ),,,,,,,
11x294410,บริษัท บุษราคัม มโนรา จำกัด,100.0,,19201,,กรุงเทพมหานคร,DBD API (TaxID),ยังดำเนินกิจการอยู่
11x294411,บริษัท มาลีกรุ๊ป จำกัด (มหาชน),0.0,23941.48,10302,,นครปฐม,DIW register,
11x294412,บริษัท อายิโนะโมะโต๊ะเซลส์ (ประเทศไทย) จำกัด,138.0,25300,10761,,สระบุรี,DIW register,
11x294413,บริษัท เทคนิป เอ็นเนอร์จีส์ (ประเทศไทย) จำกัด,8.0,,09100,,กรุงเทพมหานคร,DBD API (TaxID),ยังดำเนินกิจการอยู่
11x294414,บริษัท โตโยอิ๊งค์ โค้ทติ้ง(ประเทศไทย) จำกัด (ปิดกิจการ),,,,,,,
11x294415,บริษัท ไทยบริการอุตสาหกรรมและวิศวกรรม จำกัด (มหาชน) (ปิดกิจการ),,,,,,,
11x294416,บริษัท กรุงเทพผลิตผลอุตสาหกรรมการเกษตร จำกัด (มหาชน),35.5,761.5,1461,,ลำพูน,DIW register,
11x294417,บริษัท ดั๊บเบิ้ล เอ (1991) จำกัด (มหาชน),60.08,348.91,17092,,ฉะเชิงเทรา,DIW register,
11x294418,HAN SEIN THANT [SINGAPORE] PTE.LTD.,,,,,,,
11x294419,บริษัท ปตท.อะโรเมติกส์และการกลั่น จำกัด (มหาชน),,,,,,,
11x294420,บริษัท ไทยน๊อคซ์ สเตนเลส จำกัด (มหาชน),,,,,,,
11x294421,บริษัท สแน็คทูโก (เอเชีย) จำกัด,100.0,,ไม่พบข้อมูล,,,Customer ID (Direct),
11x294422,บริษัท แอเดียนท์ แอนด์ ซัมมิท คอร์ปอเรชั่น จำกัด,505.0,250,29309,,ชลบุรี,DIW register,
11x294423,"C.P.BANGLADESH CO.,LTD",,,,,,,
11x294424,"Surint Omya Vietnam Co.,Ltd.",,,,,,,
11x294425,บริษัท ท่าอากาศยานไทย จำกัด (มหาชน),14285.7,,52231,,กรุงเทพมหานคร,DBD API (TaxID),ยังดำเนินกิจการอยู่
11x294426,บริษัท สุโมโต้ (ประเทศไทย) จำกัด,3.0,,ไม่พบข้อมูล,,,Customer ID (Direct),
11x294427,American Controls Inc.,,,,,,,
11x294428,"C.P. BANGLADESH CO.,LTD.",,,,,,,
11x294429,C.P.Vietnam Liverstcok Corporation Xuan Mai Ha Noi Branch,,,,,,,
11x294430,IMO AB,,,,,,,
11x294431,LANE XANG MINERALS LIMITED,,,,,,,
11x294432,SP,,,,,,,
11x294433,TOYO-VIETNAM CORPORATION LIMITED.,,,,,,,
11x294434,บริษัท คาลดิก (ไทยแลนด์) จำกัด,15.0,255,19209,,สมุทรปราการ,DIW register,
11x294435,บริษัท จอห์น เครน (ประเทศไทย) จำกัด,37.0,79.62,27909,,ระยอง,DIW register,
11x294436,บริษัท ปตท.อะโรเมติกส์และการกลั่น จำกัด (มหาชน) ยกเลิก,,,,,,,
11x294437,บริษัท เกียรติปภา จำกัด (ปิดกิจการ),,,,,,,
11x294438,บริษัท ไทยเทคนิค อีเล็คตริค รังสิต จำกัด,10.0,,43210,,ปทุมธานี,DBD API (TaxID),ยังดำเนินกิจการอยู่
11x302819,บริษัท ไอ.ที.ซี. (1993) จำกัด,122.720436,74.5,25922,,ปทุมธานี,DIW register,
11x302896,บริษัท ไทยสเปเชียลตี้ เคมีเคิล จำกัด,,,,,,,
11x302936,บริษัท นำชัยอุตสาหกรรม จำกัด,45.0,2373.3000000000002,20113,,สมุทรสาคร,DIW register,
11x303341,บริษัท ไอ.ที.ซี. (1993) จำกัด,122.720436,74.5,25922,,ปทุมธานี,DIW register,
11x303355,บริษัท แฟรงคลิน ไบโอเทค จำกัด,,,,,,,
11x304065,unimit engineering,,,,,,,
11x304106,บริษัท บิ้วสเกล เอ็นจิเนียริ่ง จำกัด,,,,,,,
11x304111,บริษัท เอ็นไวแคร์ จำกัด,,,,,,,
11x304151,บริษัท เอแอลเอส แลบอราทอรี กรุ๊ป (ประเทศไทย) จำกัด,,,,,,,
11x304160,V V WIN,,,,,,,
11x304195,บริษัท ดี.เวลลิงตั้น (ไทยแลนด์) จำกัด,,,,,,,
11x304224,ECIO SUPPLY COMPANY LIMITED,,,,,,,
11x304240,Hawaso,,,,,,,
11x304271,บริษัท ไทยโตไกคาร์บอนโปรดักท์โรจนะ จำกัด,,,,,,,
11x304304,บริษัท เอสดี กัทธรี อินเตอร์เนชั่นแนล มรกต จำกัด(มหาชน),630.784637,17729.689999999999,10420,,สมุทรปราการ,DIW register,
11x304308,บริษัท อินโดรามา โพลีเมอร์ส จำกัด (มหาชน),1013.474556,4971.53,22230,,ลพบุรี,DIW register,
11x304314,บริษัท ปูนซีเมนต์นครหลวง  จำกัด (มหาชน),1224.5,1569103.36,23941,,สระบุรี,DIW register,
11x304325,บริษัท โกลบอล เอ็นจิเนียริ่ง โปรดัก ซัพพลาย จำกัด,3.0,,33121,,นครราชสีมา,DBD API (TaxID),ยังดำเนินกิจการอยู่
11x304548,บริษัท อีเอส. เอ็นจิเนียริ่ง แอนด์ เซอร์วิส จำกัด,,,,,,,
11x304557,Sanmax Control Ltd.Part,,,,,,,
11x304594,บริษัท พี.เอส.พี.สเปเชียลตี้ส์ จำกัด (มหาชน),128.0,3788.25,19209,,สมุทรสาคร,DIW register,
11x305467,"Global Star Co., Ltd.",,,,,,,
11x305482,toparch,,,,,,,
11x305489,บริษัท อัลซิส (ประเทศไทย) จำกัด,53.7,113.5,28299,,ปทุมธานี,DIW register,
11x305533,บริษัท คาสตรอล (ประเทศไทย) จำกัด,,,,,,,
11x305551,บริษัท สยามเอ็นไวรอนเมนทอลเทคโนโลยี่ จำกัด,102.047036,901.46,36002,,ระยอง,DIW register,
11x305559,"KMH Automation  Co.,Ltd.",,,,,,,
11x305683,"Lao Coca-Cola Bottling Co., Ltd.",,,,,,,
11x305696,บริษัท ไฟฟ้าหงสา จำกัด,,,,,,,
11x305709,บริษัท มานาม เอ็นจิเนียริ่ง จำกัด,,,,,,,
11x305904,บริษัท ไทยโตไกคาร์บอนโปรดักท์  จำกัด,1700.0,833790.9,20222,,ชลบุรี,DIW register,
11x306083,บริษัท ไทยยูเนี่ยน กรุ๊ป จำกัด (มหาชน),3288.178818,24724,52101,,สมุทรสาคร,DIW register,
11x306103,บริษัท ซัน ซีเมนต์ โพรเซส จำกัด,9.55,135.5,23953,,ราชบุรี,DIW register,
11x306171,Genesis ecotech,,,,,,,
11x306188,Vatska Company Limited,,,,,,,
11x306392,บริษัท พิน พอยต์ อินสทรูเม้นท์ จำกัด,,,,,,,
11x306622,บริษัท 168 มัลติ-โปรดักส์ จำกัด,,,,,,,
11x306684,บริษัท เพาเวอร์เทค เอ็นจิเนียริ่ง จำกัด,,,,,,,
11x306694,hcg Company Limited,,,,,,,
11x306717,ฟินิกซ์ คอร์ปเอเซีย,,,,,,,
11x306742,บริษัท ฟรอนท์ วีล อินดัสทรี จำกัด,,,,,,,
11x307679,บริษัท เวสท์วูลส์ อินเตอร์เนชั่นแนล จำกัด,93.0,472.6,22230,,นครราชสีมา,DIW register,
11x307739,บริษัท เจเนซิส อีโคเทค จำกัด,,,,,,,
11x307793,MAMARUAY LTD.,,,,,,,
11x308209,บริษัท ก้าวสกุลจันทร์ จำกัด,,,,,,,
11x308243,บริษัท ทริปเปิ้ล พี แมชชีนเนอรี่ (ประเทศไทย) จำกัด,,,,,,,
