client_id,company_name,industry_group,address,contact_person,phone,email,status,owner_id,annual_revenue,employees,source,website
11x919,บริษัท ยางสยาม จำกัด (มหาชน),AG02,32 ถ.ปู่เจ้าสมิงพราย ต.สำโรงกลาง อ.พระประแดง 10130,,,,,19x1,0.00000000,0,IMPORT,
11x920,บริษัท เจริญโภคภัณฑ์อาหาร จำกัด (มหาชน),FD05,82/2 ม.4 ถ.พระรามที่ 2 กม.41.5 ต.บางโทรัด อ.เมืองสมุทรสาคร 74000,,,,,19x1,0.00000000,65,IMPORT,
11x921,บริษัท เจริญโภคภัณฑ์อาหาร จำกัด  (มหาชน),FD05,250  หมู่ 6 ถนนสีคิ้ว-โชคชัย ตำบลตะคุ  อำเภอปักธงชัย 30150,,,,,19x1,0.00000000,65,IMPORT,
11x922,บริษัท ช.การช่าง จำกัด (มหาชน),SV01,587 ถ.สุทธิสารวินิจฉัย แขวงดินแดง เขตดินแดง 10400,,,,,19x1,0.00000000,17,IMPORT,
11x923,บริษัท แสงประดิษฐ์ เทรดดิ้ง จำกัด,SV01,256/1-3 ถ.พหลโยธิน แขวงสามเสนใน เขตพญาไท 10400,,,,,19x1,0.00000000,0,IMPORT,
11x924,บริษัท เนาวรัตน์พัฒนาการ จำกัด (มหาชน),SV01,2/3 หมู่ 14 อาคารบางนาทาวเวอร์ เอ ชั้น 18-19 ถ.บางนา-ตราด กม.6.5  ต.บางแก้ว อ.บางพลี 10250,,,,,19x1,0.00000000,350,IMPORT,
11x925,บริษัท โตโย-ไทย คอร์ปอเรชั่น จำกัด (มหาชน),SV01,159/41-44 อาคารเสริมมิตรทาวเวอร์ ชั้น 27-30 สุขุมวิท 21 (อโศก) แขวงคลองเตยเหนือ เขตวัฒนา 10110,,,,,19x1,0.00000000,0,IMPORT,
11x926,บริษัท เบทาโกร  จำกัด (มหาชน),FD05,323 หมู่ 6  ถนนวิภาวดีรังสิต แขวงทุ่งสองห้อง เขตหลักสี่ 10210,,,,,19x27,0.00000000,45,IMPORT,
11x927,บริษัท ไทยเซ็มคอน จำกัด,SV01,252 อาคารเอสพีอี ทาวเวอร์ ชั้น 15 ถ.พหลโยธิน แขวงสามเสนใน เขตพญาไท 10400,,,,,19x1,0.00000000,0,IMPORT,
11x928,บริษัท ยูไนเต็ด ซิลิกา (สยาม) จำกัด,MN99,1 ถ.ไอ-3 นิคมอุตสาหกรรมมาบตาพุด ต.มาบตาพุด อ.เมืองระยอง 21150,,,,,19x1,0.00000000,0,IMPORT,
11x929,บริษัท ผาแดงอินดัสทรี จำกัด (มหาชน),MN01,191/18-25 อาคารซี ที ไอ ทาวเวอร์ ชั้น 26-27 ถ.รัชดาภิเษก แขวงคลองเตย เขตคลองเตย 10110,,,,,19x1,0.00000000,0,IMPORT,
11x930,บริษัท ยูนิลีเวอร์ ไทยโฮลดิ้งส์ จำกัด,CH06,161 ถนนพระราม 9 แขวงห้วยขวาง เขตห้วยขวาง 10310,,,,,19x74,0.00000000,1054,IMPORT,
11x931,บริษัท อุตสาหกรรมวิวัฒน์ จำกัด,FD03,39/6 ม.3 ถ.ติวานนท์ ต.บ้านใหม่ อ.ปากเกร็ด 11120,,,,,19x1,0.00000000,0,IMPORT,
11x932,บริษัท พีแซท คัสสัน (ประเทศไทย) จำกัด,CH06,35 ม.4 ถ.เทศสัมพันธ์ ต.บ้านฉาง อ.เมืองปทุมธานี 12000,,,,,19x1,0.00000000,90,IMPORT,
11x933,บริษัท อีเทอนัล เรซิ่น จำกัด,CH43,179/90-92 อาคารบางกอกซิตี้ทาวเวอร์ ชั้น 19 ถ.สาทรใต้ แขวงทุ่งมหาเมฆ เขตสาทร 10120,,,,,19x77,0.00000000,629,IMPORT,
11x934,บริษัท สยามมอดิฟายด์ สตาร์ช จำกัด,FD08,38/6 ม.11 ถ.ปทุมธานี-ลาดหลุมแก้ว ต.คูบางหลวง อ.ลาดหลุมแก้ว 12140,,,,,19x1,0.00000000,0,IMPORT,
11x935,บริษัท ศักดิ์ไชยสิทธิ จำกัด,CH99,4 ถ.ไอ-3 เอ นิคมอุตสาหกรรมมาบตาพุด อ.เมือง 21150,,,,,19x1,0.00000000,25,IMPORT,
11x936,บริษัท สยามมิชลิน จำกัด,AG02,33/4 ถ.พระราม 9 แขวงห้วยขวาง เขตห้วยขวาง 10310,,,,,19x34,0.00000000,1710,IMPORT,
11x937,บริษัท ไทยเทพรส จำกัด (มหาชน),FD04,208 หมู่ 6 ถ.ท้ายบ้าน ต.ท้ายบ้าน อ.เมือง 10280,,,,,19x1,0.00000000,237,IMPORT,
11x938,บริษัท ไทยอีพอกซี่แอนด์อัลลายด์ โปรดักส์ จำกัด,CH42,2 ถ.ไอ-ห้า นิคมอุตสาหกรรมมาบตาพุด ต.มาบตาพุด อ.เมือง 21150,,,,,19x1,0.00000000,0,IMPORT,
11x939,บริษัท ไทยอาซาฮีเคมีภัณฑ์ จำกัด,CH01,202 หมู่ที่ 1 ถนน สุขสวัสดิ์ ต.ปากคลองบางปลากด อ.พระสมุทรเจดีย์ 10290,,,,,19x1,0.00000000,0,IMPORT,
11x940,"AGC CHEMICALS (THAILAND) CO., LTD.",CH01,"757  MOO 1 SUKUMVIT RD., T.BANGPOOMAI A.MUANG-SAMUTPRAKARN 10280",,,,,19x1,0.00000000,0,IMPORT,
11x941,บริษัท ยูโรเปี้ยนฟู้ด จำกัด (มหาชน),FD01,140 หมู่ 4 ถ.ระเบาะไผ่ ต.หนองโพรง อ.ศรีมหาโพธิ 25140,,,,,19x1,0.00000000,214,IMPORT,
11x942,บริษัท วีนิไทย จำกัด (มหาชน),CH42,2 นิคมอุตสาหกรรมมาบตาพุด ถ. I-3  ต.มาบตาพุด อ.เมือง 21150,,,,,19x1,0.00000000,0,IMPORT,
11x943,บริษัท ไทยโพลิเอททีลีน จำกัด,CH42,10 ถ.ไอ-หนึ่ง ต.มาบตาพุด อ.เมืองระยอง 21150,,,,,19x51,0.00000000,87,IMPORT,
11x944,บริษัท โตกุยามา สยามซิลิกา จำกัด,MN99,75/106 อาคารโอเชียนทาวเวอร์ 2 ชั้น 38 ถ.สุขุมวิท 10 แขวงคลองเตยเหนือ เขตวัฒนา 10110,,,,,19x1,0.00000000,0,IMPORT,
11x945,"AGC CHEMICALS (THAILAND) CO.,LTD.",CH01,"4 SOI G-12 PAKORNSONGKRORAD RD., T.MAP-TA-PHUT,  A.MUANG-RAYONG 21150",,,,,19x1,0.00000000,0,IMPORT,
11x946,บริษัท ไทยพลาสติก และ เคมีภัณฑ์ จำกัด  (มหาชน),CH42,เลขที่ 1 ถ.ปูนซิเมนต์ไทย แขวงบางซื่อ เขตบางซื่อ 10800,,,,,19x51,0.00000000,0,IMPORT,
11x947,บริษัท เอสโซ่แสตนดาร์ดประเทศไทย จำกัด,CH14,77 ม. 11 อ. ลำลูกกา 12150,,,,,19x1,0.00000000,0,IMPORT,
11x948,บริษัท เพาเวอร์-พี จำกัด จำกัด,SV01,32 ซ.ศรีสุข ถ.ลาดพร้าว เขตจตุจักร 10900,,,,,19x1,0.00000000,0,IMPORT,
11x949,บริษัท การ์เดียนอินดัสทรีส์ คอร์ป จำกัด,MN04,42 ม.7 ต.หนองปลาหมอ อ.หนองแค 18140,,,,,19x1,0.00000000,329,IMPORT,
11x950,บริษัท ปตท.สำรวจและผลิตปิโตรเลียม จำกัด (มหาชน),CH14,"ศูนย์เอนเนอร์ยี่คอมเพล็กซ์ อาคาร A ชั้นที่ 6, 19-36 555/1 ถ.วิภาวดีรังสิต แขวงจตุจักร เขตจตุจักร 10900",,,,,19x43,0.00000000,0,IMPORT,
11x951,บริษัท สยามแก๊ส อินดัสเทรียล จำกัด,MN04,77 ม.11 ถ.บางนา-ตราด เขตพระโขนง 10260,,,,,19x1,0.00000000,0,IMPORT,
11x952,บริษัท คอลเกต-ปาล์มโอลีฟ (ประเทศไทย)  จำกัด,CH06,19  ซ.แยกถนน ณ ระนอง ถ.สุนทรโกษา  แขวงคลองเตย เขตคลองเตย 10110,,,,,19x74,0.00000000,745,IMPORT,
11x953,บริษัท มหพันธ์กระเบื้องคอนกรีต จำกัด,MN05,90 หมู่ 1 ถ.บางบัวทอง-สุพรรณบุรี ต.หน้าไม้ อ.ลาดหลุมแก้ว 12140,,,,,19x1,0.00000000,0,IMPORT,
11x954,บริษัท ปูนซิเมนต์ไทย จำกัด (มหาชน),MN05,1 ถ.ปูนซิเมนต์ไทย แขวงบางซื่อ เขตบางซื่อ 10800,,,,,19x1,0.00000000,178,IMPORT,
11x955,บริษัท ไทยยูเนี่ยน โฟรเซ่นโปรดักส์ จำกัด (มหาชน),FD01,72/1 ม7 ถ.เศรษฐกิจ 1 ต.ท่าทราย อ.เมือง 74000,,,,,19x1,0.00000000,0,IMPORT,
11x956,บริษัท ปตท.สผ. สยาม จำกัด,CH14,"555/1   ศูนย์เอนเนอร์ยี่คอมเพล็กซ์ อาคาร A ชั้นที่ 6,19-36 ถนนวิภาวดีรังสิต  แขวงจตุจักร เขตจตุจักร 10900",,,,,19x43,0.00000000,0,IMPORT,
11x957,บริษัท ไทย เอ็มเอฟซี จำกัด,CH42,5/2 ถ.ไอ-หนึ่ง ต.มาบตาพุด อ.เมืองระยอง 21150,,,,,19x1,0.00000000,0,IMPORT,
11x958,บริษัท ทีพีไอ โพลีน จำกัด (มหาชน),MN05,26/56 ถ.จันทน์ตัดใหม่ แขวงทุ่งมหาเมฆ เขตสาทร 10120,,,,,19x78,0.00000000,250,IMPORT,
11x959,บริษัท ปูนซีเมนต์เอเซีย จำกัด (มหาชน),MN05,23/124-128 ซ.ศูนย์วิจัย ถ.พระรามที่ 9 แขวงบางกะปิ เขตห้วยขวาง 10310,,,,,19x89,0.00000000,202,IMPORT,
11x960,บริษัท การบินไทย จำกัด (มหาชน),GV00,89 ถ.วิภาวดี-รังสิต แขวงจอมพล เขตจตุจักร 10900,,,,,19x1,0.00000000,2702,IMPORT,
11x961,บริษัท สยามแบตเตอรี อินดัสทรี จำกัด,TP00,28/7 หมู่ 3 ซ.ใจเอื้อ ถ.กรุงเทพ-ปทุมธานี ต.บางขะแยง อ.เมือง 12000,,,,,19x1,0.00000000,0,IMPORT,
11x962,บริษัท บางกอกกล๊าส จำกัด,MN04,47/1 ม.2 ถ.รังสิต-นครนายก ต.บึงยี่โถ อ.ธัญบุรี 12130,,,,,19x1,0.00000000,0,IMPORT,
11x963,บริษัท โรเดีย ไทย อินดัสตรีส์ จำกัด,CH06,321 หมู่ 4 นิคมอุตสาหกรรมบางปู ซ.6 ถ.สุขุมวิท ต.แพรกษา อ.เมือง 10280,,,,,19x1,0.00000000,0,IMPORT,
11x964,บริษัท ควอลิตี้ คอฟฟี่ โปรดักท์ส จำกัด,FD01,999/9 ถนนพระราม 1 แขวงปทุมวัน เขตปทุมวัน 10330,,,,,19x1,0.00000000,304,IMPORT,
11x965,บริษัท มาลีสามพราน จำกัด (มหาชน),FD01,26/1 ม.5 ถ.ทางเข้าอำเภอสามพราน ต.ยายชา อ.สามพราน 73110,,,,,19x1,0.00000000,0,IMPORT,
11x966,บริษัท เหล่าธงสิงห์ จำกัด,FD03,1003/1-4 ถ.ทรงวาด แขวงสัมพันธวงศ์ เขตสัมพันธวงศ์ 10100,,,,,19x1,0.00000000,50,IMPORT,
11x967,บริษัท โกชู โคซัน จำกัด,SV01,70 หมู่ 5 ถ.กิ่งแก้ว ต.ราชาเทวะ อ.บางพลี 10540,,,,,19x1,0.00000000,4,IMPORT,
11x968,บริษัท อินซูคอนและบริการ จำกัด,SV01,64 ถ.เจ้าคำรพ แขวงป้อมปราบ เขตป้อมปราบ 10100,,,,,19x1,0.00000000,0,IMPORT,
11x969,บริษัท อินเตอร์โปรเจ็ค เอ็นจิเนียริ่ง จำกัด,SV04,4/805 ถ.บางนา-ตราด กม.7.5 แขวงดอกไม้ เขตประเวศ 10260,,,,,19x1,0.00000000,0,IMPORT,
11x970,บริษัท จาร์ดีนแมธทีสัน (ประเทศไทย)    จำกัด,SV01,อาคารไทม์สแควร์ ชั้น 22 246 ถ.สุขุมวิท เขตคลองเตย 10110,,,,,19x1,0.00000000,0,IMPORT,
11x971,บริษัท อิตาเลียนไทย ดีเวล๊อปเมนต์ จำกัด  (มหาชน),SV01,2034/132-161 ถ.เพชรบุรีตัดใหม่ แขวงบางกะปิ เขตห้วยขวาง 10310,,,,,19x23,0.00000000,12,IMPORT,
11x972,บริษัท พร้อมใจ วิศวกรรม จำกัด,SV01,25 อาคารอัลม่าลิงค์ ชั้น 12 ซ.ชิดลม ถ.เพลินจิต แขวงลุมพินี เขตปทุมวัน 10330,,,,,19x1,0.00000000,0,IMPORT,
11x973,บริษัท เพอร์เฟค คอมพาเนียน กรุ๊ป จำกัด,FD05,169 หมู่ 16  ต.บางเสาธง อ.บางเสาธง 10570,,,,,19x51,0.00000000,85,IMPORT,
11x974,บริษัท พรอคเตอร์ แอนด์ แกมเบิล แมนูแฟคเจอริ่ง (ประเทศไทย) จำกัด,CH06,112 หมู่ 5 ต.บางสมัคร อ.บางปะกง 24180,,,,,19x1,0.00000000,0,IMPORT,
11x975,บริษัท สยามอุตสาหกรรม (1991) จำกัด (สาย 2),PP03,1 ม.2 ถ.คลองรั้ง-ปราจีนบุรี ต.ท่าตูม อ.ศรีมหาโพธิ 25140,,,,,19x1,0.00000000,85,IMPORT,
11x976,บริษัท ชลิตยา จำกัด,SV04,114/234 ม.4 ถ.เอกชัย แขวงบางบอน เขตบางขุนเทียน 10150,,,,,19x1,0.00000000,0,IMPORT,
11x977,บริษัท อีสต์เอเชียติก (ประเทศไทย)   จำกัด,SV04,1168/92-109 อาคารลุมพินีทาวเวอร์ ชั้น 31-36 ถ.พระราม 4  แขวงทุ่งมหาเมฆ เขตสาธร 10120,,,,,19x1,0.00000000,0,IMPORT,
11x978,บริษัท ขนส่งน้ำมันทางท่อ จำกัด,UT04,424 ถ.กำแพงเพชร 6 แขวงดอนเมือง เขตดอนเมือง 10210,,,,,19x1,0.00000000,0,IMPORT,
11x979,บริษัท ซีย์เวฟ (ประเทศไทย) จำกัด,CH99,66 ม.1 ต.สองคอน อ.แก่งคอย 18110,,,,,19x1,0.00000000,0,IMPORT,
11x980,บริษัท ปิโตรเคมีแห่งชาติ จำกัด (มหาชน),PE00,123 อาคารซันทาวเวอร์สบี ชั้น 31-35 ถ.วิภาวดีรังสิต แขวงจอมพล เขตจตุจักร 10900,,,,,19x1,0.00000000,0,IMPORT,
11x981,บริษัท พัฒน์กล จำกัด (มหาชน),SV01,348 ถ.เฉลิมพระเกียรติ ร.9 แขวงหนองบอน เขตประเวศ 10250,,,,,19x1,0.00000000,0,IMPORT,
11x982,บริษัท โซลเวย์ เพอรอกซิไทย จำกัด,CH13,55 อาคารเวฟเพลส ชั้น 16-17 ถ.วิทยุ แขวงลุมพินี เขตปทุมวัน 10330,,,,,19x1,0.00000000,69,IMPORT,
11x983,บริษัท ปูนซิเมนต์ไทย (ท่าหลวง) จำกัด (โรงงานท่าหลวง),MN05,1 หมู่ 9 ถ.พัฒน์พงศ์ ต.บ้านครัว อ.บ้านหมอ 18270,,,,,19x1,0.00000000,230,IMPORT,
11x984,บริษัท กระเบื้องกระดาษไทย จำกัด,MN05,1  ถ.ปูนซิเมนต์ไทย แขวงบางซื่อ เขตบางซื่อ 10800,,,,,19x1,0.00000000,0,IMPORT,
11x985,บริษัท ไทยพลาสติกและเคมีภัณฑ์  จำกัด  (มหาชน),CH42,8  นิคมอุตสาหกรรมมาบตาพุด ถ.ไอ-หนึ่ง ต.มาบตาพุด อ.เมือง 21150,,,,,19x1,0.00000000,232,IMPORT,
11x986,บริษัท น้ำมันพืชไทย จำกัด (มหาชน),FD03,149 ถ.รัชดาภิเษก (ท่าพระ-ตากสิน) แขวงบุคคโล เขตธนบุรี 10600,,,,,19x45,0.00000000,733,IMPORT,
11x987,บริษัท ธนากรผลิตภัณฑ์น้ำมันพืช จำกัด,FD03,99 ม.2 ซ.ธนากร ถ.พระสมุทรเจดีย์ ต.ปากคลองบางปลากด อ.พระสมุทรเจดีย์ 10290,,,,,19x45,0.00000000,236,IMPORT,
11x988,บริษัท กระดาษสหไทย จำกัด (มหาชน),PP02,131 หมู่ 2 ถ.ปู่เจ้าสมิงพราย ต.สำโรงกลาง อ.พระประแดง 10130,,,,,19x1,0.00000000,0,IMPORT,
11x989,บริษัท ยูเนี่ยนอุตสาหกรรมสิ่งทอ จำกัด (มหาชน),TT00,205 ม.4 ถ.สุขุมวิท ก.ม. 39.5 ต.บางปูใหม่ อ.เมืองสมุทรปราการ 10280,,,,,19x1,0.00000000,0,IMPORT,
11x990,บริษัท เชฟรอนประเทศไทยสำรวจและผลิต จำกัด,OG01,19 ไทยพาณิชย์ปาร์คพลาซ่า อาคาร3 ชั้น5 ถ.รัชดาภิเษก แขวงจตุจักร เขตจตุจักร 10900,,,,,19x23,0.00000000,154,IMPORT,
11x991,บริษัท วอเตอร์ กรุ๊ป จำกัด,SV04,98/205 ซ.มีสุข ม.2 ถ.วิภาวดี-รังสิต แขวงทุ่งสองห้อง เขตดอนเมือง,,,,,19x1,0.00000000,0,IMPORT,
11x992,บริษัท อะโรเมติกส์ (ประเทศไทย) จำกัด (มหาชน),PE00,555 อาคารสำนักงาน ปตท.สผ.ชั้น2 ถ.วิภาวดีรังสิต แขวงจตุจักร เขตจตุจักร 10900,,,,,19x1,0.00000000,0,IMPORT,
11x993,บริษัท แกรนด์ แปซิฟิค เคมีคอล(ประเทศ ไทย) จำกัด,CH43,52 อาคารธนิยะพลาซา ชั้น 17 ถ.สีลม แขวงสุริยวงศ์ เขตบางรัก 10500,,,,,19x1,0.00000000,0,IMPORT,
11x994,บริษัท สยาม ควอลิตี้ สตาร์ช จำกัด,FD08,38/6 ม.11 ถ.ปทุมธานี-ลาดหลุมแก้ว ต.คูบางหลวง อ.ลาดหลุมแก้ว 12140,,,,,19x1,0.00000000,3,IMPORT,
11x995,บริษัท เทยิน (ประเทศไทย) จำกัด,TT00,549 ม.2 นิคมอุตสาหกรรมบางปะอิน ต.คลองจิก อ.บางปะอิน 13160,,,,,19x1,0.00000000,14,IMPORT,
11x996,บริษัท ไทยอคริลิค ไฟเบอร์ จำกัด,CH42,54 ม.5 ถ.สุดบรรทัด ต.ตาลเดี่ยว อ.แก่งคอย 18110,,,,,19x92,0.00000000,69,IMPORT,
11x997,บริษัท สำปะหลังพัฒนา จำกัด,FD08,21/19 อาคารไทยวา1 ชั้น 8 ถ.สาทรใต้ แขวงทุ่งมหาเมฆ เขตสาทร 10120,,,,,19x1,0.00000000,200,IMPORT,
11x998,บริษัท เค ซี อี อินเตอร์เนชั่นแนล จำกัด,EL01,677 หมู่ 4 เขตส่งออก นิคมอุตสาหกรรมบางปู ถนนสุขุมวิท ต.แพรกษา อ.เมือง 10280,,,,,19x1,0.00000000,0,IMPORT,
11x999,บริษัท ผลิตภัณฑ์กระดาษไทย จำกัด,PP02,19  หมู่ 19  ถ.แสงชูโต ต.ท่าผา อ.บ้านโป่ง จ.ราชบุรี  70110 70110,,,,,19x34,0.00000000,369,IMPORT,
11x1000,บริษัท ฟินิคซ พัลพ แอนด์ เพเพอร์ จำกัด (มหาชน),PP03,99  ม.3  ต.กุดน้ำใส อ.น้ำพอง 40310,,,,,19x34,0.00000000,176,IMPORT,
11x1001,บริษัท ยูไนเต็ด เปเปอร์ จำกัด (มหาชน),PP01,113-115 ถ.ริมคลองประปา แขวงบางซื่อ เขตบางซื่อ 10800,,,,,19x1,0.00000000,196,IMPORT,
11x1002,บริษัท เอสซีจี เปเปอร์ จำกัด (มหาชน),PP03,19 ม.19 ถ.แสงชูโต ต.ท่าผา อ.บ้านโป่ง จ.ราชบุรี 70110 70110,,,,,19x1,0.00000000,0,IMPORT,
11x1003,บริษัท สยามคราฟท์อุตสาหกรรม จำกัด,PP01,19 หมู่ 19 ถ.แสงชูโต ต.ท่าผา อ.บ้านโป่ง จ.ราชบุรี 70110 70110,,,,,19x34,0.00000000,8,IMPORT,
11x1004,บริษัท โรงงานอุตสาหกรรมกระดาษบางปะอิน จำกัด,PP01,129 ถ.หลวง แขวงบ้านบาตร เขตป้อมปราบศัตรูพ่าย 10100,,,,,19x1,0.00000000,259,IMPORT,
11x1005,บริษัท ปัญจพล ไฟเบอร์ คอนเทนเนอร์ จำกัด,PP01,79 หมู่ 1 ต.สนับทึบ อ.วังน้อย 10110,,,,,19x1,0.00000000,465,IMPORT,
11x1006,บริษัท อายิโนะโมะโต๊ะ (ประเทศไทย) จำกัด,FD01,487/1 ถ.ศรีอยุธยา แขวงถนนพญาไท เขตราชเทวี 10400,,,,,19x45,0.00000000,228,IMPORT,
11x1007,บริษัท แอพไพลแอ๊นซ์ เทคโนโลยี่ ซัพพลายส์ จำกัด,SV04,1363 ซ.ลาดพร้าว 94 (ปัญจมิตร) ถนนลาดพร้าว แขวงพลับพลา เขตวังทองหลาง 10310,,,,,19x1,0.00000000,0,IMPORT,
11x1008,บริษัท กม.18 วิศวกรรม จำกัด,SV01,112/3 ม.7 ซ.วัดศรีวารีน้อย ถ.บางนา-ตราด ต.บางโฉลง อ.บางพลี,,,,,19x1,0.00000000,0,IMPORT,
11x1009,บริษัท กรุงเทพผลิตเหล็ก จำกัด (มหาชน),MT01,27  ม.10  ซ.กลับเจริญ ถ.ปู่เจ้าสมิงพราย ต.บางหญ้าแพรก อ.พระประแดง 10130,,,,,19x1,0.00000000,42,IMPORT,
11x1010,บริษัท บางจาก คอร์ปอเรชั่น จำกัด (มหาชน),PE00,210  ซ.สุขุมวิท 64 แขวงพระโขนงใต้ เขตพระโขนง 10260,,,,,19x23,0.00000000,440,IMPORT,
11x1011,บริษัท บุญเยี่ยมและสหาย จำกัด,SV02,1314-1322 ถ.ศรีนครินทร์ แขวงอ่อนนุช เขตสวนหลวง 10250,,,,,19x19,0.00000000,0,IMPORT,
11x1012,บริษัท ไบเออร์ไทย จำกัด,CH04,4-4/1 ถ.ไอ-แปด นิคมอุตสาหกรรมมาบตาพุด ต. มาบตาพุด อ.เมือง 21150,,,,,19x1,0.00000000,10,IMPORT,
11x1013,บริษัท คาร์กิลล์สยาม จำกัด,FD05,28/2 ม.10 ถ.เพชรเกษม ต.สระกระเทียม อ.เมือง 73000,,,,,19x27,0.00000000,30,IMPORT,
11x1014,บริษัท เจริญโภคภัณฑ์อีสาน จำกัด (มหาชน),FD05,86 ม.6 ถ.มิตรภาพ ต.โคกกรวด อ.เมือง จ.นครราชสีมา  30280 30280,,,,,19x1,0.00000000,0,IMPORT,
11x1015,บริษัท อาโครม่า เท็กซ์ไทล์ เอฟเฟคส์ (ประเทศไทย) จำกัด,CH01,90/2 หมู่ 4 ถนนบางปลา ตำบลบ้านเกาะ อำเภอเมืองสมุทรสาคร 74000,,,,,19x92,0.00000000,80,IMPORT,
11x1016,บริษัท ช.เคมีไทย จำกัด,CH43,444 หมู่ 4 ถ.เพชรเกษม ต.อ้อมน้อย อ.กระทุ่มแบน 74130,,,,,19x1,0.00000000,49,IMPORT,
11x1017,บริษัท ซีทีซีไอ (ประเทศไทย) จำกัด,SV01,400 อาคารไพโรจน์กิจจาทาวเวอร์ ชั้น 19 ถ.บางนา-ตราด แขวงบางนา เขตบางนา 10260,,,,,19x1,0.00000000,65,IMPORT,
11x1018,บริษัท อีเทอนัล เรซิ่น จำกัด (ไม่ใช้),CH43,29 หมู่ 5 ซ.ธรรมศิริ ถ.บางนา-ตราด กม.25.5 ต.บางเสาธง กิ่ง อ.บางเสาธง 10540,,,,,19x1,0.00000000,0,IMPORT,
11x1019,บริษัท ค็อกนิสไทย จำกัด,CH05,นิคมอุตสาหกรรมอมตะนคร 700/347 ถ.บางนา-ตราด กม.57 อ.เมือง จ.ชลบุรี 20000 20000,,,,,19x1,0.00000000,0,IMPORT,
11x1020,บริษัท ฮันซ่า อินเตอร์เนชั่นแนล จำกัด,SV04,57  ซ.รามคำแหง 30/1 ถ.รามคำแหง แขวงหัวหมาก เขตบางกะปิ 10240,,,,,19x1,0.00000000,0,IMPORT,
11x1021,บริษัท โคห์เลอร์ (ประเทศไทย) จำกัด (มหาชน),MN03,อาคารจัสมินซิตี้ ชั้น16เลขที่2 ซ.สุขุมวิท23 ถ.สุขุมวิท แขวงคลองเตยเหนือ เขตวัฒนา 10110,,,,,19x19,0.00000000,2005,IMPORT,
11x1022,บริษัท อั๊คโซ่ โนเบล เพ้นท์ส (ประเทศไทย) จำกัด,CH03,34/5 หมู่ 1 ถ.แจ้งวัฒนะ ต.คลองเกลือ อ.ปากเกร็ด 11120,,,,,19x78,0.00000000,0,IMPORT,
11x1023,บริษัท ปตท. จำกัด (มหาชน)(ยกเลิก),AG99,555  ถ.วิภาวดีรังสิต แขวงจตุจักร เขตจตุจักร 10900,,,,,19x1,0.00000000,0,IMPORT,
11x1024,บริษัท ไทย อัมบิก้า เคมีคัลส์ จำกัด,CH03,199   ม. 3 ต.บางปูใหม่ อ.เมือง 10270,,,,,19x1,0.00000000,0,IMPORT,
11x1025,บริษัท ราชาชูรส จำกัด,FD04,503 อาคาร เค.เอส.แอล.ทาวเวอร์ ชั้น 20 ถ.ศรีอยุธยา แขวงถนนพญาไท เขตราชเทวี 10400,,,,,19x1,0.00000000,17,IMPORT,
11x1026,บริษัท ABB ประเทศไทย จำกัด,CH14,2/8 หมู่ 11 ถ.ลำลูกกา ต.ลาดสวาย อ.ลำลูกกา 12150,,,,,19x1,0.00000000,2,IMPORT,
11x1027,บริษัท มรกต อินดัสตรี้ส์ จำกัด (มหาชน),FD03,36/1 ม.2 ซ.วัดสำโรงใต้ ถ.ปู่เจ้าสมิงพราย ต.สำโรงกลาง อ.พระประแดง 10130,,,,,19x1,0.00000000,311,IMPORT,
11x1028,บริษัท พี.เอส.พี. สเปเชียลตี้ส์ จำกัด,CH14,1 ถ.บรมราชชนนี  แขวงอรุณอมรินทร์ เขตบางกอกน้อย 10700,,,,,19x1,0.00000000,0,IMPORT,
11x1029,บริษัท อุตสาหกรรมโฟมลัคกี้ จำกัด,CH41,61/2 ม.2 ถ.พระราม 2 ต.คอกกระบือ อ.เมืองสมุทรสาคร 74000,,,,,19x1,0.00000000,45,IMPORT,
11x1030,บริษัท นิปปอนเพนต์ (ประเทศไทย) จำกัด,CH03,101 ม.3 ซ.สุขสวัสดิ์ 76 ถ.สุขสวัสดิ์ ต.บางจาก อ.พระประแดง 10130,,,,,19x88,0.00000000,371,IMPORT,
11x1031,บริษัท แป้งมันสมเด็จ จำกัด,FD08,99  ม.10  ถ.สมเด็จ-กุฉินารายณ์ ต.คำบง อ.ห้วยผึ้ง 46240,,,,,19x1,0.00000000,10,IMPORT,
11x1032,บริษัท แปซิฟิคพลาสติคส์ ( ประเทศไทย)  จำกัด,CH43,79 ม.2 กม.20 ถ.สุขสวัสดิ์ อ.พระประแดง 10290,,,,,19x1,0.00000000,0,IMPORT,
11x1033,บริษัท รอยัล ปอร์ซเลน จำกัด (มหาชน),MN03,36 และ 39 หมู่ 1 ถ.สุดบรรทัด ต.ตาลเดี่ยว อ.แก่งคอย 18110,,,,,19x19,0.00000000,0,IMPORT,
11x1034,บริษัท รอยัล อินดัสตรีส์ (ไทยแลนด์)   จำกัด (มหาชน),CH01,126 หมู่ 6 ถ.เศรษฐกิจ 1 ต.อ้อมน้อย อ.กระทุ่มแบน 74130,,,,,19x1,0.00000000,0,IMPORT,
11x1035,บริษัท สหวิศว์ หล่อโลหะ จำกัด,MT02,34/13 ม.9 อาคารเรือนแก้ว ถ.สุขุมวิท77 แขวงสวนหลวง เขตสวนหลวง,,,,,19x1,0.00000000,0,IMPORT,
11x1036,บริษัท เชลล์แห่งประเทศไทย จำกัด,CH14,10 ถ.สุนทรโกษา แขวงคลองเตย เขตคลองเตย 10110,,,,,19x23,0.00000000,5,IMPORT,
11x1037,บริษัท ซีรอเยลอาหารทะเล จำกัด,FD01,80 ม.1 ถ.ธรรมคุณากร ต.บางหญ้าแพรก อ.เมือง 74000,,,,,19x45,0.00000000,620,IMPORT,
11x1038,บริษัท วาย.โอ.เยนเนอรัล ซัพพลาย(1983)  จำกัด,SV04,"161, 163 ถ.บรรทัดทอง แขวงถนนเพชรบุรี เขตราชเทวี 10400",,,,,19x27,0.00000000,0,IMPORT,
11x1039,บริษัท ยางสยามพระประแดง จำกัด,AG02,32 ม.2 ถ.ปู่เจ้าสมิงพราย ต.สำโรงกลาง อ.พระประแดง 10130,,,,,19x1,0.00000000,0,IMPORT,
11x1040,บริษัท สยามฟายน์เฆมี จำกัด,CH14,196/4 ม.1 ถ.สุขสวัสดิ์ ต.ปากคลองบางปลากด อ.พระสมุทรเจดีย์ 10290,,,,,19x1,0.00000000,0,IMPORT,
11x1041,บริษัท ซูมิโตโม อีเล็คตริก วินเทค (ประเทศไทย) จำกัด,MT03,649  หมู่ 2  ซอย 1 บี ต.บางปูใหม่ อ.เมือง 10280,,,,,19x1,0.00000000,92,IMPORT,
11x1042,บริษัท เทยิน โพลีเอสเตอร์ จำกัด,TT00,1/1 หมู่ 3 ถ.พหลโยธิน ต.คลองหนึ่ง อ.คลองหลวง 12120,,,,,19x92,0.00000000,38,IMPORT,
11x1043,บริษัท เทมพ์เทค เอ็นจิเนียริ่ง จำกัด,SV04,65/300 ม.6 ถ.เอกชัย แขวงบางบอน เขตบางขุนเทียน,,,,,19x1,0.00000000,0,IMPORT,
11x1044,บริษัท ไทยดีเอนทีเพนท์ จำกัด,CH03,216/3 ซ.บัญชา ม.1 ถ.สุขสวัสดิ์ ต.ปากคลองบางปลากด อ.พระสมุทรเจดีย์ 20280,,,,,19x1,0.00000000,124,IMPORT,
11x1045,บริษัท เอสซีจี  เซรามิกส์ จำกัด (มหาชน),MN03,61 หมู่ 1  ต.โคกแย้ อ.หนองแค 18230,,,,,19x19,0.00000000,152,IMPORT,
11x1046,บริษัท ไทยแมกซ์เวล อินดัสเทรียล เซอร์วิส จำกัด,SV04,32/7  ม.1 ซ.วัดเทียนดัด ถ.เพชรเกษม ต.บ้านใหม่ อ.สามพราน 73110,,,,,19x1,0.00000000,15,IMPORT,
11x1047,บริษัท ไทยแมกซ์เวล อิเลคทริค จำกัด,OM00,32/7 ม.1 ซ.วัดเทียนดัด ถ.เพชรเกษม ต.บ้านใหม่ อ.สามพราน 73110,,,,,19x1,0.00000000,0,IMPORT,
11x1048,บริษัท ไทยคาวาเคน จำกัด,CH99,26/42 อาคารอรกานต์ ชั้น 12 ซ.ชิดลม ถ.เพลินจิต แขวงลุมพินี เขตปทุมวัน,,,,,19x1,0.00000000,0,IMPORT,
11x1049,บริษัท ไทยสตีมเซอร์วิส แอนด์ ซัพพลาย จำกัด,SV01,754/31-32  ซ.ปุณณวิถี ถ.สุขุมวิท 101 แขวงบางจาก เขตพระโขนง 10260,,,,,19x45,0.00000000,12,IMPORT,
11x1050,บริษัท ไทยยูรีเทนพลาสติก จำกัด,CH43,76  ซ.ธรรมศิริ ม.7 ถ.บางนา-ตราด กม.25 ต.บางเสาธง อ.บางเสาธง 10540,,,,,19x77,0.00000000,194,IMPORT,
11x1051,บริษัท ทีโอเอ เพ้นท์ (ประเทศไทย) จำกัด (มหาชน),CH03,31/2 หมู่ 3 ถ.บางนา-ตราด ต.บางเสาธง อ.บางเสาธง 10570,,,,,19x77,0.00000000,30,IMPORT,
11x1052,บริษัท โตโยอิ๊งค์ (ประเทศไทย) จำกัด,CH03,34/1 ม.14 นิคมอุตสาหกรรมบางชัน ถ.เสรีไทย แขวงมีนบุรี เขตมีนบุรี 10510,,,,,19x88,0.00000000,45,IMPORT,
11x1053,บริษัท โตโยอิ๊งค์  (ประเทศไทย) จำกัด,CH03,34 หมู่ 14 นิคมอุตสาหกรรมบางชัน ถ.เสรีไทย แขวงมีนบุรี เขตมีนบุรี 10510,,,,,19x1,0.00000000,45,IMPORT,
11x1054,บริษัท ดับบลิว อาร์ เกรซ (ไทยแลนด์)   จำกัด,CH99,253/2 นิคมอุตสาหกรรมบางปู ซ.3 ถ.สุขุมวิท กม.34 ต.แพรกษา อ.เมือง 10280,,,,,19x1,0.00000000,0,IMPORT,
11x1055,บริษัท ยูนิปาล์ม อินดัสทรี จำกัด,FD03,85 หมู่ 2 ถ.อ่าวลึก - เวียงสระ ต.บางสวรรค์ อ.พระแสง 84210,,,,,19x1,0.00000000,65,IMPORT,
11x1056,บริษัท บี.พี. ผลิตภัณฑ์อาหาร จำกัด,FD05,57 ม.5 ถ.พหลโยธิน ต.หนองไข่น้ำ อ.หนองแค 18140,,,,,19x1,0.00000000,0,IMPORT,
11x1057,บริษัท กรุงเทพโปรดิ๊วส จำกัด (มหาชน),FD05,63 ม.7 ต.จำปา อ.ท่าเรือ 13130,,,,,19x1,0.00000000,0,IMPORT,
11x1058,บริษัท บางกอก พีวีซี. (1996) จำกัด,SV04,166-166/1 ม.8 ซ.กังวาล 2 ถ.เพชรเกษม ต.อ้อมใหญ่ อ.สามพราน 73160,,,,,19x1,0.00000000,0,IMPORT,
11x1059,บริษัท ไบเออร์ ไทย จำกัด,CH05,130/1 ถ.สาธรเหนือ แขวงสีลม เขตบางรัก 10500,,,,,19x1,0.00000000,0,IMPORT,
11x1060,บริษัท ฟาร์มกรุงเทพฯ จำกัด,FD99,11/1 ถ.บางนา-ตราด กม.2.5 แขวงบางนา เขตพระโขนง,,,,,19x1,0.00000000,0,IMPORT,
11x1061,บริษัท เบอร์โก จำกัด,CH42,90 อาคารฟิฟตี้ฟิฟท์ พลาซ่า ถ.สุขุมวิท 55 แขวงพระโขนง เขตคลองเตย,,,,,19x1,0.00000000,0,IMPORT,
11x1062,ห้างหุ้นส่วนจำกัด บีแทค,SV04,264 ซ.บุรีรมย์ ถ.เจริญกรุง แขวงบ้านบาตร เขตป้อมปราบฯ,,,,,19x1,0.00000000,0,IMPORT,
11x1063,บริษัท บิลเลี่ยน ดีคอน จำกัด,SV01,4/831 หมู่ 4 ถ.สุขาภิบาล 2 แขวงคลองกุ่ม เขตบึงกุ่ม,,,,,19x1,0.00000000,0,IMPORT,
11x1064,ห้างหุ้นส่วนจำกัด ซี.เอส.แอร์ แอนด์ เซอร์วิส,OT99,800/78 ถ.อโศก-ดินแดง แขวงดินแดง เขตห้วยขวาง,,,,,19x1,0.00000000,0,IMPORT,
11x1065,บริษัท รุ่งเรือง (1990) จำกัด,CH14,1404 ถนนพระราม 3 แขวงช่องนนทรี เขตยานนาวา 10120,,,,,19x1,0.00000000,0,IMPORT,
11x1066,บริษัท เจ้าพระยาพืชไร่ 2999 (กำแพงเพชร) จำกัด,FD08,99/9 หมู่ 7 ต.พรานกระต่าย อ.พรานกระต่าย 62110,,,,,19x1,0.00000000,0,IMPORT,
11x1067,บริษัท ซีพี อินเตอร์ฟู้ด( ไทยแลนด์)   จำกัด,FD01,29/8-10  ถ.สุขุมวิท 22 แขวงคลองตัน เขตคลองเตย,,,,,19x1,0.00000000,0,IMPORT,
11x1068,บริษัท เคมทรานส์ (ประเทศไทย) จำกัด,OT99,64/1 ซ.ต้นสน ถ.เพลินจิต,,,,,19x1,0.00000000,0,IMPORT,
11x1069,บริษัท ซีนิธ เพาเวอร์ จำกัด,SV04,26 ซ. ร่วมฤดี ถ.เพลินจิต แขวงลุมพินี เขตปทุวัน 10330,,,,,19x1,0.00000000,0,IMPORT,
11x1070,บริษัท เจริญเมืองแมชชินเนอรี่ จำกัด,SV04,164/1 ถ.วิสุทธิกษัตริย์ แขวงบ้านพานถม เขตพระนคร,,,,,19x1,0.00000000,0,IMPORT,
11x1071,บริษัท เซนทาโก อาหารสัตว์น้ำ จำกัด,FD05,7/3  ม.1 ถ.พหลโยธิน กม.33 ต.คลองหนึ่ง อ.คลองหลวง,,,,,19x1,0.00000000,0,IMPORT,
11x1072,บริษัท เชียงใหม่เมดเทคซิสเต็มส์ จำกัด,OM00,109/1 หมู่ 16 ต.ป่าไผ่ อ.สันทราย 50210,,,,,19x1,0.00000000,0,IMPORT,
11x1073,บริษัท โดล ไทยแลนด์ จำกัด,FD01,180 ม.4 ถ.หัวหิน-หนองพลับ ต.หนองพลับ อ.หัวหิน จ.ประจวบคีรีขันธ์ 77110 77110,,,,,19x45,0.00000000,226,IMPORT,
11x1074,บริษัท กฟผ. จำกัด (มหาชน),UT01,53 หมู่ 2 ถ.จรัญสนิทวงศ์ ต.บางกรวย อ.บางกรวย 11130,,,,,19x1,0.00000000,0,IMPORT,
11x1075,บริษัท อีสเทอร์นโฟม โปรดั๊ก จำกัด,CH41,24/5  หมู่ 6 ถ.บางนา-ตราด ต.บางเสาธง อ.บางเสาธง จ.สมุทรปราการ 10570 10570,,,,,19x88,0.00000000,0,IMPORT,
11x1076,บริษัท แคดเบอรี อาดัมส์ (ประเทศไทย) จำกัด(ยกเลิก),FD01,102/1 หมู่ 4 ถ.ฉลองกรุง แขวงลำปลาทิว เขตลาดกระบัง 10520,,,,,19x1,0.00000000,0,IMPORT,
11x1077,บริษัท เฟอร์รารี่ แอสฟัลท์ จำกัด,CH15,10 ม.10 ถ.มิตรภาพ กม.67 ต.ศรีมหาโพธิ อ.ศรีมหาโพธิ 25140,,,,,19x1,0.00000000,0,IMPORT,
11x1078,บริษัท เฟรนด์ชิพ คอร์น สตาร์ช จำกัด,FD08,16/15 ถ.สาทรเหนือ แขวงสีลม เขตบางรัก 10500,,,,,19x1,0.00000000,183,IMPORT,
11x1079,บริษัท แก๊ส คอนโทรลส์ จำกัด,SV01,131-139 ถ.ประชาธิปไตย แขวงบางขุนพรหม เขตพระนคร 10200,,,,,19x1,0.00000000,0,IMPORT,
11x1080,HMC Polymers Company  Limited,CH14,"175 South Sathorn City Tower, 20th Floor South Sathorn Road, Kwaeng Thungmahamek Khet Sathorn 10120",,,,,19x90,0.00000000,64,IMPORT,
11x1081,บริษัท แชงกรี-ลา โฮเต็ล จำกัด (มหาชน),SV04,89 ซ.วัดสวนพลู ถ.เจริญกรุง เขตบางรัก,,,,,19x1,0.00000000,0,IMPORT,
11x1082,บริษัท ฮิตาชิ คอนซูมเมอร์ โปรดักส์   (ปทท) จำกัด,OM00,274 หมู่ 9 ถ.สุขุมวิท ต.เทพารักษ์ อ.เมือง,,,,,19x1,0.00000000,0,IMPORT,
11x1083,บริษัท ที เค เอส เคมิคอล (ประเทศไทย) จำกัด,CH03,2 หมู่ 12 ถ.กิ่งแก้ว ต.ราชาเทวะ อ.บางพลี 10540,,,,,19x88,0.00000000,0,IMPORT,
11x1084,บริษัท กระดาษศรีสยาม จำกัด (มหาชน),PP02,9/1 หมู่ 2 ถ.พุทธมณฑลสาย 7 ต.ท่าตลาด อ.สามพราน 73110,,,,,19x1,0.00000000,0,IMPORT,
11x1085,บริษัท ล่ำสูง (ประเทศไทย) จำกัด (มหาชน),FD03,236 หมู่ 4 นิคมอุตสาหกรรมบางปู ถ.สุขุมวิท ต.แพรกษา อ.เมือง 10280,,,,,19x43,0.00000000,48,IMPORT,
11x1086,บริษัท แหลมทองเกษตรภัณฑ์ จำกัด,FD05,1126/1 ถ.เพชรบุรีตัดใหม่ แขวงมักกะสัน เขตราชเทวี 10400,,,,,19x27,0.00000000,66,IMPORT,
11x1087,บริษัท เอ็นไลน์ อะโกร อินเตอร์เนชั่นแนล จำกัด,SV01,171 ซอยอร่ามดวง แขวงบางโพงพาง เขตยานนาวา 10120,,,,,19x1,0.00000000,0,IMPORT,
11x1088,บริษัท น้ำมันพืชปทุม จำกัด,FD03,1/8 ซ.จรัญสนิทวงศ์ 55 ถ.จรัญสนิทวงศ์ แขวงบางบำหรุ เขตบางพลัด 10700,,,,,19x1,0.00000000,75,IMPORT,
11x1089,บริษัท พาโมลา จำกัด,FD03,55/2 ม.8 ถ.เศรษฐกิจ1 ต.คลองมะเดื่อ อ.กระทุ่มแบน 74110,,,,,19x1,0.00000000,0,IMPORT,
11x1090,บริษัท พ้าสวิค จำกัด,OT99,129/10 ม.3 ถ.พหลโยธิน  กม.68 ต.วังจุฬา อ.วังน้อย 13170,,,,,19x1,0.00000000,7,IMPORT,
11x1091,บริษัท พรีเมียลูบริแค้นท์ จำกัด,CH14,28/13 ม.3 ซ.ใจเอื้อ ถ.กรุงเทพ-ปทุมธานี ต.บางขะแยง อ.เมือง 12000,,,,,19x45,0.00000000,303,IMPORT,
11x1092,บริษัท ผลิตภัณฑ์อาหารเซ็นทรัล จำกัด,FD01,7/3  หมู่ 1 ถ.พหลโยธิน กม.33 ต.คลองหนึ่ง อ.คลองหลวง 12120,,,,,19x27,0.00000000,18,IMPORT,
11x1093,โรงเลื่อยจรัญ,AG03,41/2 ถ.เพลินพิทักษ์ อ.เมือง,,,,,19x1,0.00000000,30,IMPORT,
11x1094,บริษัท ซุปเปอร์เซ็นทรัลแก๊ส จำกัด,SV04,7/383 ซอยวิภาวดีรังสิต 36 แขวงจตุจักร เขตจตุจักร 10900,,,,,19x1,0.00000000,0,IMPORT,
11x1095,บริษัท สุรินทร์ ออมย่า เคมิคอล (ประเทศไทย)   จำกัด,MN99,44/4 หมุ่ 5 ต.โคกตูม อ.เมืองลพบุรี จ.ลพบุรี  15210 15210,,,,,19x77,0.00000000,7,IMPORT,
11x1096,บริษัท ยางสยามอุตสาหกรรม จำกัด,AG02,57 ม.6 ถ.หนองปลากระดี่ ต.หนองปลาหมอ อ.หนองแค 18140,,,,,19x1,0.00000000,0,IMPORT,
11x1097,บริษัท ซิก้า (ประเทศไทย) จำกัด,CH99,700/37 หมู่ 5 ถ.บางนา-ตราด กม.57 ต.คลองตำหรุ อ.เมือง จ.ชลบุรี 20000 20000,,,,,19x51,0.00000000,17,IMPORT,
11x1098,ห้างหุ้นส่วนจำกัด เอส แอนด์ พี อินเตอร์โฟล,OT99,269/183 ถ.จรัลสนิทวงศ์ เขตบางกอกน้อย,,,,,19x1,0.00000000,0,IMPORT,
11x1099,บริษัท ซินนี่ (ประเทศไทย) จำกัด,AG02,525 ม.4 นิคมอุตสาหกรรมบางปู ต.แพรกษา อ.เมือง,,,,,19x1,0.00000000,41,IMPORT,
11x1100,"Siam Synthetic Latex Co.,Ltd.",TT00,"75 Soi Sangchan-Rubia Sukhumvit 42 Road, Prakanong Klongtoey 10110",,,,,19x51,0.00000000,0,IMPORT,
11x1101,บริษัท เลิศเจริญ อาร์.โอ. จำกัด,SV04,705  ซ.เลื่อนพัฒนา ถ.จรัลสนิทวงศ์13 แขวงวัดทุ่ง เขตบางกอกใหญ่,,,,,19x1,0.00000000,0,IMPORT,
11x1102,บริษัท แสงโสม จำกัด,FD07,49 หมู่ที่ 4 ต.หอมเกร็ด อ.สามพราน 73110,,,,,19x74,0.00000000,146,IMPORT,
11x1103,บริษัท เหล็กสยาม (2001)  จำกัด,MT01,49 ม.11 ต.บางโขมด อ.บ้านหมอ 18270,,,,,19x1,0.00000000,0,IMPORT,
11x1104,สถาบันวิจัยวิทยาศาสตร์และเทคโนโลยีแห่งประเทศไทย,GV00,196   ถ.พหลโยธิน แขวงลาดยาว  เขตจตุจักร,,,,,19x1,0.00000000,0,IMPORT,
11x1105,ห้างหุ้นส่วนจำกัด สยามเวิลด์ 84,SV04,617  ถ.บำรุงเมือง แขวงคลองมหานาค เขตป้อมปราบศัตรูพ่าย 10100,,,,,19x1,0.00000000,0,IMPORT,
11x1106,ห้างหุ้นส่วนจำกัด ธนกิจเมธี,SV04,142/22 ซ.สะพานยาว ถ.เจริญกรุง แขวงสี่พระยา เขตบางรัก 10500,,,,,19x1,0.00000000,0,IMPORT,
11x1107,บริษัท ทิปโก้แอสฟัลท์ จำกัด (มหาชน),CH15,118/1 ถ.พระราม 6 แขวงพญาไท เขตพญาไท 10400,,,,,19x45,0.00000000,141,IMPORT,
11x1108,บริษัท อุตสาหกรรมวุ้นเส้นไทย จำกัด,FD01,"775,777,779 ถ.ทรงวาด แขวงจักรวรรดิ  เขตสัมพันธวงศ์ 10100",,,,,19x1,0.00000000,462,IMPORT,
11x1109,บริษัท ธรรมมาสเตอร์ จำกัด,SV04,22/24-25 ถ.เพชรเกษม แขวงบางหว้า เขตภาษีเจริญ 10160,,,,,19x1,0.00000000,0,IMPORT,
11x1110,บริษัท ทีโอเอ-ชูโกกุ เพ้นท์ จำกัด,CH43,159 อาคารเสริมมิตรทาวเวอร์ชั้น 19 ซ.สุขุมวิท 21 ถ.สุขุมวิท แขวงคลองเตยเหนือ เขตวัฒนา 10110,,,,,19x1,0.00000000,62,IMPORT,
11x1111,บริษัท ไทยเรยอน จำกัด (มหาชน),TT00,36 หมู่ที่ 2 ถนน อยุธยา-อ่างทอง ตำบล โพสะ อำเภอ เมืองอ่างทอง 14000,,,,,19x92,0.00000000,767,IMPORT,
11x1112,บริษัท โตโย-ทีโอเอ โค้ทติ้ง จำกัด,CH03,34 ม.14 นิคมอุตสาหกรรมบางชัน ถ.เสรีไทย แขวงมีนบุรี เขตมีนบุรี,,,,,19x1,0.00000000,0,IMPORT,
11x1113,บริษัท ไทยยูรีเทนเคมีคอลอินดัสตรี้ จำกัด,CH43,2922/155-156 อาคารชาญอิสสระ 2 ชั้น 4 ถ.เพชรบุรีตัดใหม่ แขวงบางกะปิ เขตห้วยขวาง,,,,,19x1,0.00000000,0,IMPORT,
11x1114,บริษัท ทีโอเอ-โดฟเคม อินดัสตรีส์ จำกัด,CH43,31/5 ม.3 ถ.บางนา-ตราด ต.บางเสาธง อ.บางเสาธง 10540,,,,,19x1,0.00000000,96,IMPORT,
11x1115,บริษัท ไทคิชา (ประเทศไทย) จำกัด,SV01,62 อาคารธนิยะ ชั้น 6 ถ.สีลม แขวงสุริยวงศ์ เขตบางรัก 10500,,,,,19x77,0.00000000,131,IMPORT,
11x1116,บริษัท ไทยไวร์โพรดัคท์ จำกัด,MT03,101/88 เขตนิคมอุตสาหกรรมนวนคร,,,,,19x1,0.00000000,0,IMPORT,
11x1117,บริษัท สำปะหลังพัฒนา จำกัด,FD08,77 ม.6 ถ.สุขุมวิท ต.บ้านฉาง อ.บ้านฉาง,,,,,19x1,0.00000000,200,IMPORT,
11x1118,บริษัท ไม้อัดไทย จำกัด,AG03,548  ถ.สรรพวุธ แขวงบางนา เขตพระโขนง,,,,,19x1,0.00000000,0,IMPORT,
11x1119,ห้างหุ้นส่วนจำกัด ทวินแอนด์เทรด ช็อป,OT99,2/126 ถ.พหลโยธิน 40 แขวงลาดยาว เขตจตุจักร,,,,,19x1,0.00000000,0,IMPORT,
11x1120,บริษัท อดิตยา เบอร์ล่า เคมีคัลส์ (ประเทศไทย)  จำกัด,CH12,(ฟอสเฟต ดีวิชั่น)   77 ม.6  ซ.สุขาภิบาล1 ถ.ปู่เจ้าสมิงพราย ต.สำโรง อ.พระประแดง 10130,,,,,19x77,0.00000000,166,IMPORT,
11x1121,บริษัท น้ำมันปิโตรเลียมไทย จำกัด,CH14,1 อาคาร ที พีแอนด์ที ชั้น 9-10 ซ.วิภาวดีรังสิต19 แขวงจตุจักร เขตจตุจักร 10900,,,,,19x1,0.00000000,41,IMPORT,
11x1122,บริษัท อุตสาหกรรมอบแห้งไทย จำกัด,FD01,30 สุขุมวิท 64 แขวงบางจาก เขตพระโขนง,,,,,19x1,0.00000000,0,IMPORT,
11x1123,ห้างหุ้นส่วนจำกัด ธงประจักร กลการ,SV04,442-4 ถ.บริพัตร แขวงสัมพันธวงศ์ เขตสัมพันธวงศ์,,,,,19x1,0.00000000,0,IMPORT,
11x1124,บริษัท ไทย อกริ ฟู้ดส์ จำกัด (มหาชน),FD01,155/1 ม.1 ถ.เทพารักษ์ ต.บางเสาธง อ.บางเสาธง 10540,,,,,19x1,0.00000000,144,IMPORT,
11x1125,ห้างหุ้นส่วนจำกัด ไทยเจริญศรีสะเกษ,SV04,1513/3-7 ถ.ขุขันธ์ ต.เมืองใต้ อ.เมือง จ.ศรีสะเกษ 33000 33000,,,,,19x1,0.00000000,6,IMPORT,
11x1126,บริษัท ไทย เอ บี เอส จำกัด,CH42,555/2 ศูนย์เอนเนอร์ยี่คอมเพล็กซ์ อาคาร บี ชั้น 7 ถนนวิภาวดีรังสิต แขวงจตุจักร เขตจตุจักร 10900,,,,,19x1,0.00000000,0,IMPORT,
11x1127,บริษัท ยูนิคอร์ด จำกัด (มหาชน),FD01,39/3 หมู่ 8  ถ.เศรษฐกิจ1 ต.ท่าทราย อ.เมือง 74000,,,,,19x1,0.00000000,1079,IMPORT,
11x1128,บริษัท ยูบิส (เอเชีย) จำกัด (มหาชน),CH09,807/1 ชั้น 6 ถ.พระราม 3 แขวงบางโพงพาง เขตยานนาวา 10120,,,,,19x1,0.00000000,0,IMPORT,
11x1129,บริษัท วิค แอนด์ ฮุคลันด์ จำกัด,CH43,444 เอ็ม บี เค ทาวเวอร์ ชั้น10 ถ.พญาไท แขวงวังใหม่ เขตปทุมวัน 10310,,,,,19x1,0.00000000,0,IMPORT,
11x1130,ห้างหุ้นส่วนจำกัด วัลลภการช่าง,OM00,31/2 ซ.วัดราชสิงขรณ์ ถ.เจริญกรุง แขวงวัดพระยาไกร เขตบางคอแหลม 10120,,,,,19x1,0.00000000,0,IMPORT,
11x1131,บริษัท วิทย์คอร์ป เคมิคอลส์ จำกัด,CH14,"77/112,77/116 อาคารสินสาธรทาวเวอร์ ชั้น 27 ถ.กรุงธนบุรี แขวงคลองต้นไทร เขตคลองสาน 10600",,,,,19x1,0.00000000,0,IMPORT,
11x1132,บริษัท ห้องเย็นลี่ฮะฮวด จำกัด,OT99,452/18 ถ.ท่าดินแดง แขวงคลองสาน เขตคลองสาน,,,,,19x1,0.00000000,0,IMPORT,
11x1133,บริษัท เอ็น เอช เค สปริง (ประเทศไทย)  จำกัด,CH41,549 ม.4 ถ.สุขุมวิท ต.แพรกษา อ.เมือง 10280,,,,,19x88,0.00000000,452,IMPORT,
11x1134,บริษัท ซีเอ็ม-7 จำกัด,SV04,9/172 ซ.ทรงบุณย์ ถ.รัชดาภิเษก แขวงบางซื่อ เขตบางซื่อ,,,,,19x1,0.00000000,0,IMPORT,
11x1135,บริษัท เอสโซ่ (ประเทศไทย) จำกัด (มหาชน),CH14,3195/17-29 ถ.พระราม 4 แขวงคลองตัน เขตคลองเตย 10110,,,,,19x1,0.00000000,290,IMPORT,
11x1136,บริษัท โฟร์โมสต์อาหารนม (กรุงเทพฯ) จำกัด,FD99,99/30 ม.2 ถ.แจ้งวัฒนะ แขวงทุ่งสองห้อง เขตหลักสี่ 10210,,,,,19x1,0.00000000,0,IMPORT,
11x1137,บริษัท เจตาแบค จำกัด (มหาชน),OM00,335/7 ถ.ศรีนครินทร์ แขวงหนองบอน เขตประเวศ 10250,,,,,19x1,0.00000000,184,IMPORT,
11x1138,บริษัท ไนโตรเคมีอุตสาหกรรม จำกัด,CH99,84/2 ม.4 ถ.พระราม 2 ต.บางโทรัด อ.เมือง 74000,,,,Active,19x89,0.00000000,87,IMPORT,
11x1139,บริษัท โพลีเทคโนโลยี จำกัด,SV04,108/59  ซ.ต้นสน หมู่ 5 ถ.แจ้งวัฒนะ ต.ปากเกร็ด อ.ปากเกร็ด 11120,,,,,19x43,0.00000000,0,IMPORT,
11x1140,บริษัท อีเทอนัล พลาสติก จำกัด,CH43,888/100-102 อาคารมหาทุนพลาซ่า ชั้น 10 ถ.เพลินจิต แขวงลุมพินี เขตปทุมวัน 10330,,,,,19x1,0.00000000,0,IMPORT,
11x1141,บริษัท ทีโอเอ เคมิคอล อินดัสตรีส์  จำกัด,CH43,31/1 ม.3 ถ.บางนา-ตราด กม.23 ต.บางเสาธง อ.บางเสาธง 10540,,,,,19x1,0.00000000,0,IMPORT,
11x1142,บริษัท เฟ้ลปส์ ดอด์จ อินเตอร์เนชั่นแนล (ไทยแลนด์) จำกัด,MT03,159 หมู่ 10 ถ.เทพารักษ์ ต.บางปลา อ.บางพลี 10540,,,,,19x1,0.00000000,307,IMPORT,
11x1143,บริษัท พัทยาฟู้ดอินดัสตรี จำกัด,FD01,1011 อาคารศุภาลัย แกรนด์ทาวเวอร์ ชั้นที่ 27 ถนนพระรามที่ 3 แขวงช่องนนทรี เขตยานนาวา 10120,,,,,19x1,0.00000000,180,IMPORT,
11x1144,บริษัท โพรมิเน้นท์ ฟลูอิด คอนโทรลส์ (ประเทศไทย)  จำกัด,SV04,2991/7  ถ.ลาดพร้าว แขวงคลองจั่น  เขตบางกะปิ 10240,,,,,19x1,0.00000000,0,IMPORT,
11x1145,บริษัท พีทีจี เอ็นเนอยี จำกัด (มหาชน),CH14,เลขที่ 90 อาคารซีดับเบิ้ลยู ทาวเวอร์ เอ ชั้นที่ 33 ถ.รัชดาภิเษก  แขวงห้วยขวาง เขตห้วยขวาง 10310,,,,,19x43,0.00000000,0,IMPORT,
11x1146,บริษัท สหคิมมอเตอร์ จำกัด,SV04,46-52 ถ.เฉลิมเขตร์  3 แขวงวัดเทพศิรินทร์ เขตป้อมปราบศัตรูพ่าย 10100,,,,,19x1,0.00000000,61,IMPORT,
11x1147,บริษัท สยามลูบริแค้นท์อินดัสทรี่ จำกัด,CH14,28/8 ม.3 ซ.ใจเอื้อ ถ.กรุงเทพ-ปทุมธานี ต.บางขะแยง อ.เมือง 12000,,,,,19x1,0.00000000,131,IMPORT,
11x1148,บริษัท ยูไนเต็ดแมชชินเนอรี่ จำกัด,SV04,"10,20 ถ.หลานหลวง แขวงบ้านบาตร เขตป้อมปราบศัตรูพ่าย 10100",,,,,19x1,0.00000000,14,IMPORT,
11x1149,บริษัท อูเอโน ไฟน์ เคมีคัลส์ อินดัสตรี (ประเทศไทย) จำกัด,FD04,349 ม.4 นิคมอุตสาหกรรมบางปู ต.แพรกษา อ.เมือง 10280,,,,,19x1,0.00000000,280,IMPORT,
11x1150,บริษัท ที เอ็น เอส อุปกรณ์แอนด์เอ็นยิเนียริ่ง จำกัด,UT01,236/51 ถ.พญาไท แขวงทุ่งพญาไท เขตราชเทวี 10400,,,,,19x1,0.00000000,0,IMPORT,
11x1151,บริษัท ไออาร์พีซี จำกัด (มหาชน),CH42,555/2 ศูนย์เอนเนอร์ยี่คอมเพล็กซ์ อาคาร บี ชั้น 6 ถนนวิภาวดีรังสิต แขวงจตุจักร เขตจตุจักร 10900,,,,,19x1,0.00000000,112,IMPORT,
11x1152,บริษัท ทีพีไอ โพลีออล จำกัด,CH43,ชั้น8 อาคารทีพีไอทาวเวอร์ 26/56 ถ.จันทน์ตัดใหม่ แขวงทุ่งมหาเมฆ เขตสาทร 10120,,,,,19x1,0.00000000,0,IMPORT,
11x1153,บริษัท ไทย เปอร์อ๊อกไซด์ จำกัด,CH13,70 ม.4 ถ.สุดบรรทัด ต.ตาลเดี่ยว อ.แก่งคอย 18110,,,,,19x77,0.00000000,31,IMPORT,
11x1154,บริษัท ไทยรวมสินพัฒนาอุตสาหกรรม จำกัด,TT00,94/6 ถ.เศรษฐกิจ 1 ต.ท่าทราย  อ.เมือง 74000,,,,,19x1,0.00000000,340,IMPORT,
11x1155,ห้างหุ้นส่วนจำกัด เฮงดีอิมปอร์ตและเอ็กซ์ปอร์ต,SV04,6/3   ถ.ทรัพย์ แขวงสี่พระยา  เขตบางรัก 10500,,,,,19x1,0.00000000,0,IMPORT,
11x1156,บริษัท ไฮเทคโนโลยี่ อิมปอร์ต จำกัด,SV04,49/2-3 ถ.ศรีนคินทร์ (ใกล้สุขุมวิท 105) แขวงบาง เขตพระโขนง,,,,,19x1,0.00000000,0,IMPORT,
11x1157,บริษัท ปาร์ติเกิ้ล แพลนเนอร์ จำกัด,AG02,22/2 ม.1 ต.หนอง-อีรุณ อ.บ้านบึง จ.ชลบุรี 20220 20220,,,,,19x1,0.00000000,83,IMPORT,
11x1158,บริษัท คาร์กิลล์มีทส์ (ไทยแลนด์) จำกัด,FD05,130-132 อาคารสินธรทาวเวอร์ 3 ชั้น 24 ถ.วิทยุ แขวงลุมพินี เขตปทุมวัน 10330,,,,,19x27,0.00000000,77,IMPORT,
11x1159,บริษัท เฌอร่า จำกัด (มหาชน)-รง.นครปฐม,MN06,99 หมู่ 9 ถ.เพชรเกษม ต.ไร่ขิง อ.สามพราน 73210,,,,,19x1,0.00000000,3070,IMPORT,
11x1160,บริษัท สยามซานิทารีแวร์ อินดัสทรี  จำกัด,MN03,33/4 หมู่ 2 ถ.สุวรรณศร ต.โคกแย้ อ.หนองแค 18230,,,,,19x19,0.00000000,0,IMPORT,
11x1161,บริษัท สามร้อยยอด จำกัด,FD01,142/1 ม.6 ต.ไร่เก่า อ.ปราณบุรี จังหวัดประจวบคีรีขันธ์ 77180 77180,,,,,19x1,0.00000000,315,IMPORT,
11x1162,บริษัท คิมเบอร์ลี่ย์-คล๊าค ประเทศไทย จำกัด,PP03,54 หมู่ 3 ต.บางขะแยง อ.เมืองปทุมธานี 12000,,,,Active,19x34,0.00000000,124,IMPORT,
11x1163,บริษัท แบมโก  จำกัด,CH15,699 อาคารโมเดอร์นฟอร์มทาวเวอร์ ชั้น 15 ถ.ศรีนครินทร์ แขวงสวนหลวง เขตสวนหลวง 10250,,,,,19x1,0.00000000,0,IMPORT,
11x1164,บริษัท ไอ.ซี.ไอ.เพนท์ จำกัด,CH03,,,,,,19x1,0.00000000,0,IMPORT,
11x1165,บริษัท กู๊ดเยียร์ (ประเทศไทย) จำกัด (มหาชน),AG02,50/9 ม.3 ถ.พหลโยธิน กม.36 ต.คลองหนึ่ง อ.คลองหลวง 12120,,,,Active,19x34,0.00000000,671,IMPORT,
11x1166,บริษัท สยามโพลีสไตรีน จำกัด,CH42,"อาคารไวท์กรุ๊ป 2, ชั้น 14-15 75 ซ.รูเบีย ถ.สุขุมวิท 42 แขวงพระโขนง เขตคลองเตย 10110",,,,,19x51,0.00000000,16,IMPORT,
11x1167,บริษัท ทิปโก้แอสฟัลท์ จำกัด (มหาชน),CH15,61 หมู่ 5 ถ.สุขสวัสดิ์ ต.บางจาก อ.พระประแดง 10130,,,,,19x1,0.00000000,141,IMPORT,
11x1168,บริษัท เจริญโภคภัณฑ์อาหาร จำกัด (มหาชน),FD05,73 ม.8 ถ.กาญจนวนิช ต.น้ำน้อย อ.หาดใหญ่ จ.สงขลา 90110 90110,,,,,19x1,0.00000000,65,IMPORT,
11x1169,บริษัท ไทย ซัลไฟท์ส แอนด์ เคมิคัล จำกัด,CH12,888/162-163 ชั้น16 อาคารมหาทุนพลาซ่า ถ.เพลินจิต แขวงลุมพินี เขตปทุมวัน 10330,,,,,19x1,0.00000000,0,IMPORT,
11x1170,บริษัท เพาเวอร์ไลน์ เอ็นจิเนียริ่ง จำกัด (มหาชน),SV01,2 ซ.สุขุมวิท 81 (ศิริพจน์) ถ.สุขุมวิท แขวงบางจาก เขตพระโขนง 10260,,,,,19x1,0.00000000,0,IMPORT,
11x1171,บริษัท ดอกบัวคู่ จำกัด,CH05,12/5 ซ.พัฒนเวศน์ ถ.คลองตัน-พระโขนง (สุขุมวิท71)  แขวงพระโขนงเหนือ เขตวัฒนา 10110,,,,,19x1,0.00000000,155,IMPORT,
11x1172,บริษัท ส.รุ่งเรือง แอนด์ อีควิปเม้นท์ จำกัด,SV04,17-19  ซ.เย็นจิต 2 แขวงทุ่งวัดดอน เขตสาทร 10120,,,,,19x1,0.00000000,0,IMPORT,
11x1173,บริษัท อเมริกัน สแตนดาร์ด บี แอนด์ เค (ประเทศไทย) จำกัด (มหาชน)ยกเลิก,MN03,1/6 ม.1 ถ.พหลโยธิน กม.32 ต.คลองหนึ่ง อ.คลองหลวง 12120,,,,,19x1,0.00000000,0,IMPORT,
11x1174,บริษัท สไปแร็กซ์ ซาร์โก (ประเทศไทย) จำกัด,SV04,38 ถ.กรุงเทพกรีฑา แขวงคลองสองต้นนุ่น เขตลาดกระบัง 10520,,,,,19x23,0.00000000,0,IMPORT,
11x1175,บริษัท ไอดีเอส แมนูแฟคเจอริ่ง จำกัด,CH06,21/7 หมู่ 6  ต.คูคต อ.ลำลูกกา 12130,,,,,19x1,0.00000000,0,IMPORT,
11x1176,บริษัท หงม่าวไบโอเคม จำกัด,FD01,111 หมู่ 2 ต.นิคมพัฒนา กิ่งอ.นิคมพัฒนา 21180,,,,,19x1,0.00000000,48,IMPORT,
11x1177,บริษัท ลุฟท์เทค จำกัด,OM00,1800/19 ซ.สุขุมวิท 54/1 ถ.สุขุมวิท แขวงบางจาก เขตพระโขนง 10260,,,,,19x43,0.00000000,0,IMPORT,
11x1178,บริษัท ไทยร่วมใจน้ำมันพืช จำกัด,FD03,3366/6-8 ซ.มโนรม ถ.พระราม 4 แขวงคลองตัน เขตคลองเตย,,,,,19x1,0.00000000,69,IMPORT,
11x1179,บริษัท เอโอ เคมิคอลส์ จำกัด,CH04,283/19 ถ.เพชรเกษม แขวงปากคลองภาษีเจริญ เขตภาษีเจริญ 10160,,,,,19x1,0.00000000,28,IMPORT,
11x1180,STOCK,OT99,อาคารสยามราชธานี 289/9 หมู่ 10 ถ.รถรางสายเก่า ต.สำโรง อ.พระประแดง 10130,,,,,19x1,0.00000000,0,IMPORT,
11x1181,บริษัท ไดน่า ฟลูอิด จำกัด,SV04,19/52 ม.12 ถ.สุขุมวิท (ซ.สุขุมวิท 103) แขวงบางนา เขตพระโขนง,,,,,19x1,0.00000000,0,IMPORT,
11x1182,บริษัท สายไฟฟ้าบางกอกเคเบิ้ล จำกัด,MT03,187/1 ถ.ราชดำริ แขวงลุมพินี เขตปทุมวัน 10330,,,,,19x1,0.00000000,121,IMPORT,
11x1183,บริษัท อดิตยา เบอร์ล่า เคมีคัลส์ (ประเทศไทย)  จำกัด,CH01,(ซัลไฟท์ส ดีวิชั่น)  82 หมู่ 5 ถ.สุดบรรทัด ต.ตาลเดี่ยว อ.แก่งคอย 18110,,,,,19x1,0.00000000,166,IMPORT,
11x1184,บริษัท เอ็มเอ็มซี สิทธิผล จำกัด,OM00,61 ม.4 นิคมอุตสาหกรรมลาดกระบัง ถ.ลำปลาทิว แขวงลำปลาทิว เขตลาดกระบัง,,,,,19x1,0.00000000,0,IMPORT,
11x1185,บริษัท ตรีนิตี้ เพลส จำกัด,SV04,425/15 ซ.ศิริจุลเสวก ถ.สีลม แขวงสีลม เขตบางรัก,,,,,19x1,0.00000000,0,IMPORT,
11x1186,บริษัท เอส แอนด์ เจ อินเตอร์เนชั่นแนล เอนเตอร์ไพรส์ จำกัด,CH06,600/4 ม.11  ถ.สุขาภิบาล 8 ต.หนองขาม อ.ศรีราชา จ.ชลบุรี 20280 20280,,,,,19x1,0.00000000,0,IMPORT,
11x1187,บริษัท สีไทยกันไซเพ้นท์ จำกัด (รง.เทพารักษ์),CH03,180 ม.3 ถ.เทพารักษ์ ต.เทพารักษ์ อ.เมือง 10270,,,,,19x1,0.00000000,584,IMPORT,
11x1188,บริษัท เอ็ม.อี.นิคคิโซ จำกัด,SV01,74 ม.22 ถ.สุวินทวงศ์ ต.ศาลาแดง อ.บางน้ำเปรี้ยว 24000,,,,,19x1,0.00000000,157,IMPORT,
11x1189,บริษัท ระยองโอเลฟินส์ จำกัด,PE00,271 ถ.สุขุมวิท ต.มาบตาพุด อ.เมืองระยอง 21150,,,,,19x78,0.00000000,200,IMPORT,
11x1190,บริษัท โกลเดิ้นไทย อินดัสทรียส์ จำกัด,TT00,39 ม.15 ถ.กิ่งแก้ว ต.ราชาเทวะ อ.บางพลี 10540,,,,,19x1,0.00000000,0,IMPORT,
11x1191,บริษัท บี.เค. ลาเท็กซ์โปรดักส์ จำกัด,CH41,63/3-5 ม.3 ถ.ธนบุรี-ปากท่อ ต.นาดี อ.เมืองสมุทรสาคร 74000,,,,,19x34,0.00000000,0,IMPORT,
11x1192,บริษัท ดุสิต ธานี จำกัด,OT99,946 ถ.พระราม 4 แขวงสีลม เขตบางรัก 10500,,,,,19x1,0.00000000,0,IMPORT,
11x1193,บริษัท โรแยล ซีรามิค อุตสาหกรรม จำกัด (มหาชน),MN03,50 ซ.สุขุมวิท 62 แยก 8 ถ.สุขุมวิท แขวงบางจาก เขตพระโขนง 10250,,,,,19x1,0.00000000,103,IMPORT,
11x1194,บริษัท เบอร์ลี่ ยุคเกอร์ ฟู้ดส์ จำกัด,FD01,225/10 หมู่ 1 ถ.เทพารักษ์ ต.บางเสาธง อ.บางเสาธง 10570,,,,,19x1,0.00000000,302,IMPORT,
11x1195,บริษัท โกลโบ ฟู้ดส์ จำกัด,FD04,482 ม.1 ซ.ผูกมิตร ถ.รถรางเก่า ต.สำโรงใต้ อ.พระประแดง,,,,,19x1,0.00000000,0,IMPORT,
11x1196,บริษัท วนชัย เคมีคอลอินดัสทรี่ส์ จำกัด,CH09,10 ซ.จี-14 ถ.ปกรณ์สงเคราะห์ราษฎร์ ต.มาบตาพุด อ.เมือง 21150,,,,,19x51,0.00000000,0,IMPORT,
11x1197,บริษัท สุราษฎร์บิทูเมน จำกัด(ยกเลิก),CH15,118/1 ถ.พระราม 6 แขวงสามเสนใน เขตพญาไท,,,,,19x1,0.00000000,0,IMPORT,
11x1198,บริษัท คาร์กิลล์สยาม จำกัด,FD05,130-132 อาคารสินธรทาวเวอร์ 3 ชั้น 24 ถ.วิทยุ แขวงลุมพินี เขตปทุมวัน 10330,,,,,19x1,0.00000000,30,IMPORT,
11x1199,บริษัท เอ็กซอน เคมี ประเทศไทย จำกัด,SV05,3195/16 ถ.พระราม 4 แขวงคลองตัน เขตคลองเตย,,,,,19x1,0.00000000,0,IMPORT,
11x1200,บริษัท ไทย จูรอง เอ็นจิเนียริ่ง จำกัด,SV01,75/14 อาคารโอเชี่ยนทาวเวอร์ 2 ชั้น 15 ซ.สุขุมวิท19 ถ.สุขุมวิท แขวงคลองเตยเหนือ เขตวัฒนา 10110,,,,,19x1,0.00000000,145,IMPORT,
11x1201,บริษัท ฉัตรชมชื่น จำกัด,SV01,145 ม.3  ซ.ท่านผู้หญิง ถ.เทพารักษ์ ต.เทพารักษ์ อ.เมือง,,,,,19x1,0.00000000,13,IMPORT,
11x1202,บริษัท น้ำมัน ทีพีไอ จำกัด,CH14,26/56 อาคารทีพีไอทาวเวอร์ ถ.จันทน์ตัดใหม่ แขวงทุ่งมหาเมฆ เขตสาทร 10120,,,,,19x1,0.00000000,0,IMPORT,
11x1203,บริษัท ซิเบลโก้ มิเนอร์รัลส์ (ประเทศไทย) จำกัด,MN03,134/7 หมู่ 5 ถ.ติวานนท์ ต.บางกะดี อ.เมืองปทุมธานี 12000,,,,,19x1,0.00000000,0,IMPORT,
11x1204,บริษัท คอมพาวด์เคลย์ จำกัด,MN03,99/1 หมู่ 2 ถ.สายเอเซีย ต.บ้านหม้อ อ.พรหมบุรี 16120,,,,,19x1,0.00000000,246,IMPORT,
11x1205,บริษัท ที เอส เค เอ็นจิเนียริ่ง (ไทยแลนด์) จำกัด,SV01,323 อาคารยูไนเต็ดเซ็นเตอร์ ชั้น12 ห้อง ซี ชั้น14 ห้อง 1404  ถ.สีลม แขวงสีลม เขตบางรัก 10500,,,,,19x34,0.00000000,0,IMPORT,
11x1206,บริษัท มิดสตาร์ แมกเนติก จำกัด,OT99,55/9 หมู่ 12 ถ.พุทธมณฑลสาย 5 ต.ไร่ขิง อ.สามพราน 73210,,,,,19x1,0.00000000,0,IMPORT,
11x1207,บริษัท ทีโอเอ พลาสติก อินดัสตรีส์ จำกัด,CH43,31/2 ม.3 ถ.บางนา-ตราด ต.บางเสาธง กิ่งอ.บางเสาธง 10540,,,,,19x1,0.00000000,0,IMPORT,
11x1208,บริษัท ไนน์ เทคโนโลยี่ จำกัด,SV04,29/14  ม.2 ถ.345 ต.ลำโพ อ.บางบัวทอง 11110,,,,,19x1,0.00000000,0,IMPORT,
11x1209,บริษัท พิพัฒนกิจเท็กซ์ไทล์ จำกัด,TT00,8 ซ.ศรีอักษร ถ.เชื้อเพลิง แขวงทุ่งมหาเมฆ เขตสาทร,,,,,19x1,0.00000000,91,IMPORT,
11x1210,บริษัท เด็กซ์ทรัส เอ็นจิเนียริ่ง จำกัด,SV01,6/2-3 ถ.จักรพรรดิพงษ์ แขวงวัดโสมนัส เขตป้อมปราบศัตรูพ่าย 10100,,,,,19x1,0.00000000,0,IMPORT,
11x1211,บริษัท เดอะเปอร์เฟคท์ซิล แอนด์ เซอร์วิสเซส จำกัด,SV01,135/27 ชั้น11 อาคารอมรพันธ์205 ทาวเวอร์2 ซ.นาทอง ถ.รัชดาภิเษก แขวงดินแดง เขตดินแดง 10400,,,,,19x23,0.00000000,11,IMPORT,
11x1212,บริษัท ไทยเบตเตอร์ฟู๊ดส์ จำกัด,FD01,111/1 ม.3 ต.คุ้งพยอม อ.บ้านโป่ง จ.ราชบุรี,,,,,19x1,0.00000000,77,IMPORT,
11x1213,บจก. มิตซูบิชิ เฮฟวี่ อินดัสตรี่ส์-มหาจักร แอร์ คอนดิชั่นเนอร์ส,EL01,220 ซอยฉลองกรุง 31  แขวงลำปลาทิว เขตลาดกระบัง 10520,,,,,19x96,0.00000000,1285,IMPORT,
11x1214,บริษัท โอลีน จำกัด,FD03,33/21-23  ซ.สุขุมวิท 11 แขวงคลองเตยเหนือ เขตวัฒนา 10110,,,,,19x45,0.00000000,304,IMPORT,
11x1215,บริษัท ซิมม์ จำกัด,OT99,264/10 ถ.สุขุมวิท 71 แขวงพระโขนงเหนือ เขตคลองเตย 10110,,,,,19x1,0.00000000,0,IMPORT,
11x1216,บริษัท ซีเมนส์ จำกัด,SV01,2922/333 อาคารชาญอิสระทาวเวอร์ 2 ชั้น 35 ถ.เพชรบุรีตัดใหม่  แขวงบางกะปิ เขตห้วยขวาง 10310,,,,,19x1,0.00000000,0,IMPORT,
11x1217,บริษัท ไทยโตชิบาไลท์ติ้ง จำกัด,EL01,144 ม.5 สวนอุตสาหกรรมบางกะดี ถ.ติวานนท์ ต.บางกะดี อ.เมือง 12000,,,,,19x1,0.00000000,0,IMPORT,
11x1218,บริษัท โมโนอินเตอร์โปรดักส์ จำกัด,SV04,212/10-11 ม.4 ซ.ประชาอุทิศ 72 ถ.ประชาอุทิศ แขวงทุ่งครุ เขตทุ่งครุ 10140,,,,,19x1,0.00000000,7,IMPORT,
11x1219,บริษัท เออีซี อินดัสเตรียล เอ็นจิเนียริ่ง จำกัด,SV01,36/93-94  อาคาร พี.เอส.ทาวเวอร์ ชั้น 28 ถ.สุขุมวิท 21 แขวงคลองเตยเหนือ เขตวัฒนา 10110,,,,,19x1,0.00000000,0,IMPORT,
11x1220,บริษัท เอ็น เอช เค สปริง (ไทย) จำกัด,OM00,182 หมู่ 7 ต.หัวสำโรง อ.แปลงยาว 24190,,,,,19x1,0.00000000,0,IMPORT,
11x1221,บริษัท ไทยน้ำทิพย์ จำกัด,FD02,55 หมู่ 2 ถ.กรุงเทพ-ปทุมธานี ต.บางขะแยง อ.เมืองปทุมธานี 12000,,,,,19x1,0.00000000,0,IMPORT,
11x1222,บริษัท สยามสไตรีนโมโนเมอร์ จำกัด,CH99,75 ซอยแสงจันทร์-รูเบีย ถ.สุขุมวิท42  แขวงพระโขนง เขตคลองเตย 10110,,,,,19x1,0.00000000,37,IMPORT,
11x1223,บริษัท ดีเทค เอ็นจิเนียริ่ง จำกัด,SV01,455/146 ซ.จรัญสนิทวงศ์ 35 ถ.จรัญสนิทวงศ์ แขวงบางขุนศรี เขตบางกอกน้อย 10700,,,,,19x1,0.00000000,0,IMPORT,
11x1224,บริษัท กังวาลโพลีเอสเตอร์ จำกัด,TT00,88 ม.2 ต.หนองชุมพล อ.เขาย้อย 76140,,,,,19x92,0.00000000,775,IMPORT,
11x1225,บริษัท บางกอกโฟม จำกัด,CH41,119/5 ถ.บางบอน 5 แขวงบางบอนเหนือ เขตบางบอน 10150,,,,,19x1,0.00000000,40,IMPORT,
11x1226,บริษัท ไทย-เยอรมัน เซรามิค อินดัสทรี่ จำกัด (มหาชน),MN03,61  หมู่ 1  ต.โคกแย้ อ.หนองแค 18230,,,,,19x1,0.00000000,0,IMPORT,
11x1227,บริษัท หาดทิพย์ จำกัด,OT99,87/1 ถ.กาญจนวนิช ต.บ้านพรุ อ.หาดใหญ่ จ.สงขลา 90250 90250,,,,,19x1,0.00000000,0,IMPORT,
11x1228,บริษัท ใช้ เอ็กซ์โพลซีฟส์ จำกัด,CH10,"เลขที่ 53  อาคารศิวาเทล ทาวเวอร์ ชั้น 11,15 ถนนวิทยุ แขวงลุมพินี เขตปทุมวัน",,,,,19x27,0.00000000,0,IMPORT,
11x1229,พี.เจนเนอรัล ซัพพลาย,OM00,234 หมู่ 5 ถ.แพรกษา ต.แพรกษา อ.เมือง 10280,,,,,19x88,0.00000000,0,IMPORT,
11x1230,บริษัท แอลพีเอ็น เหล็กแผ่น จำกัด,MT01,199/9 ม.4 ถ.สุขสวัสดิ์ ต.ปากคลองบางปลากด อ.พระสมุทรเจดีย์ 10290,,,,,19x1,0.00000000,0,IMPORT,
11x1231,ห้าดาว แมคคานิค,OM00,6/109 ม.2 ซ.ศรีนครินทร์เซ็นเตอร์ ถ.ศรีนครินทร์ ต.บางเมือง อ.เมืองสมุทรปราการ 10270,,,,,19x1,0.00000000,0,IMPORT,
11x1232,บริษัท สุรากระทิงแดง (1988) จำกัด,FD07,8 หมู่ 5 ถนนเศรษฐกิจ 1 ตำบลนาดี อำเภอเมืองสมุทรสาคร 74000,,,,,19x74,0.00000000,42,IMPORT,
11x1233,บริษัท ผลิตภัณฑ์อาหารศรีไทย จำกัด,FD01,69 ม.4 ถ.วัดกิ่งแก้ว ต.ราชาเทวะ อ.บางพลี 10540,,,,,19x1,0.00000000,0,IMPORT,
11x1234,ห้างหุ้นส่วนจำกัด บี.อาร์.เอส.อินเตอร์เทรด,CH04,660/9 ถ.นครไชยศรี แขวงถนนนครไชยศรี เขตดุสิต 10300,,,,,19x45,0.00000000,138,IMPORT,
11x1235,บริษัท บีเอเอสเอฟ (ไทย) จำกัด,CH07,ชั้น 23 อาคารเอ็มโพเรี่ยม ทาวเวอร์ 622  ถ.สุขุมวิท 24 แขวงคลองตัน เขตคลองเตย 10110,,,,,19x74,0.00000000,80,IMPORT,
11x1236,บริษัท ดัชมิลล์ จำกัด,FD01,137/6 หมู่ 1 ถ.พุทธมณฑลสาย 8 ต.ขุนแก้ว อ.นครชัยศรี 73120,,,,,19x1,0.00000000,133,IMPORT,
11x1237,บริษัท เอ็นวิเทรด เอ็นจิเนียริ่ง จำกัด,SV04,396  ซ.ลาดพร้าว 94 ถ.ลาดพร้าว แขวงวังทองหลาง เขตวังทองหลาง 10310,,,,,19x1,0.00000000,0,IMPORT,
11x1238,บริษัท เอ็มอาร์ที เรซิน (ประเทศไทย) จำกัด,CH43,76 ซ.ธรรมศิริ ม.7 ถ.บางนา-ตราด กม.25 ต.บางเสาธง อ.บางเสาธง 10540,,,,,19x77,0.00000000,14,IMPORT,
11x1239,บริษัท อีสเทิร์น พี.ยู. โฟม อินดัสตรี จำกัด,CH41,201/2 ม.3 ต.ทุ่งสุขลา อ.ศรีราชา จ.ชลบุรี  20230 20230,,,,,19x1,0.00000000,70,IMPORT,
11x1240,บริษัท ทีโอเอ เพ้นท์ (ประเทศไทย)  จำกัด (มหาชน),CH43,104 หมู่ 1 ซ.ผูกมิตร ถ.ทางรถไฟสายเก่า ต.สำโรงใต้ อ.พระประแดง 10130,,,,,19x1,0.00000000,30,IMPORT,
11x1241,บริษัท ปัญจพล เปเปอร์ อินดัสตรี้ จำกัด,PP01,323 ถนนสีลม แขวงสีลม เขตบางรัก 10500,,,,,19x34,0.00000000,0,IMPORT,
11x1242,บริษัท ทักษิณปาล์ม (2521) จำกัด,FD03,331 ถ.ธราธิบดี ต.ท่าข้าม อ.พุนพิน 84130,,,,,19x45,0.00000000,14,IMPORT,
11x1243,บริษัท แพรกซ์แอร์ (ประเทศไทย) จำกัด,CH02,อาคารพรีเมียร์เพลซ ชั้น 4 เลขที่ 2 ซอยพรีเมียร์ 2 ถนนศรีนครินทร์ แขวงหนองบอน เขตประเวศ 10250,,,,,19x90,0.00000000,29,IMPORT,
11x1244,บริษัท ลีพัฒนาผลิตภัณฑ์ จำกัด (มหาชน),FD05,33/137 อาคารวอลล์สตรีท ทาวเวอร์ ชั้น28 ถ.สุรวงศ์ แขวงสุริยวงศ์ เขตบางรัก 10500,,,,,19x1,0.00000000,205,IMPORT,
11x1245,บริษัท คาร์เปท อินเตอร์แนชั่นแนล ไทยแลนด์ จำกัด (มหาชน),TT00,2054 ถ.เพชรบุรีตัดใหม่ แขวงบางกะปิ เขตห้วยขวาง 10310,,,,,19x92,0.00000000,0,IMPORT,
11x1246,บริษัท ไทย-เยอรมัน เซรามิค อินดัสทรี่ จำกัด  (มหาชน),MN03,1/2 หมู่ 1 ถ.พหลโยธิน ต.คลองหนึ่ง อ.คลองหลวง,,,,,19x1,0.00000000,0,IMPORT,
11x1247,บริษัท วิทย์คอร์ป โปรดักส์ จำกัด,CH14,77/113 อาคารสินสาธรทาวเวอร์ ชั้น 27 ถ.กรุงธนบุรี แขวงคลองต้นไทร เขตคลองสาน 10600,,,,,19x77,0.00000000,10,IMPORT,
11x1248,บริษัท คลาเรียนท์ (ประเทศไทย) จำกัด,SV04,3195/11 ชั้น 6 อาคารวิบูลย์ธานี1 ถ.พระราม4  แขวงคลองตัน เขตคลองเตย 10110,,,,,19x1,0.00000000,0,IMPORT,
11x1249,บริษัท โซลิดส์แฮนด์ลิ่งแอนด์โปรเซสเอ็นจิเนียริ่ง จำกัด,SV01,888/1 ม.20 ซ.บุญมีทรัพย์ ถ.บางพลี-ตำหรุ ต.บางพลีใหญ่ อ.บางพลี 10540,,,,,19x1,0.00000000,0,IMPORT,
11x1250,บริษัท ด็อทแบมบู (กรุงเทพ) จำกัด,SV04,37/4 ม.2 ถ.บางกรวย-ไทรน้อย ต.บางเลน อ.บางใหญ่ 11140,,,,,19x1,0.00000000,0,IMPORT,
11x1251,บริษัท เอสอาร์ เท็ค พลัส จำกัด,AT00,289/9 ม.10 ถ.รถรางสายเก่า ต.สำโรง อ.พระประแดง 10130,,,,,19x1,0.00000000,0,IMPORT,
11x1252,บริษัท เอราวัณเคมีเกษตร จำกัด,CH06,15/7 ซ.33  ถ.ลาดพร้าว แขวงจันทรเกษม เขตจตุจักร 10900,,,,,19x1,0.00000000,44,IMPORT,
11x1253,บริษัท คิเนติค เอ็นจิเนียริ่ง จำกัด,SV04,2 ซอยประชาอุทิศ 56 ถ.ประชาอุทิศ แขวงทุ่งครุ เขตทุ่งครุ 10140,,,,,19x1,0.00000000,12,IMPORT,
11x1254,บริษัท ที.ซี.อี. (1987) จำกัด,CH14,221 ถ.วรจักร แขวงเทพศิรินทร์ เขตป้อมปราบศัตรูพ่าย,,,,,19x1,0.00000000,0,IMPORT,
11x1255,บริษัท แพ็คฟู้ด จำกัด,OT99,103 ถ.นนทรี แขวงช่องนนทรี เขตยานนาวา 10120,,,,,19x1,0.00000000,0,IMPORT,
11x1256,บริษัท ควอลิตี้ มิเนอรัล จำกัด (มหาชน),MN99,9/13-17 ถนนย่านพหลโยธิน แขวงจตุจักร เขตจตุจักร 10900,,,,,19x1,0.00000000,77,IMPORT,
11x1257,บริษัท เอเปคฟิล์ม จำกัด,CH42,88/1 ซ.นิคมสร้างตนเอง 13 ม.5 ถ.ทางหลวงหมายเลข 36 ต.มะขาม กิ่งอ.นิคมพัฒนา,,,,,19x1,0.00000000,0,IMPORT,
11x1258,บริษัท ไทยสโตเรจ แบตเตอรี่ จำกัด (มหาชน),TP00,387 ม.4 ซ.พัฒนา 3 ถ.สุขุมวิท ต.แพรกษา อ.เมือง,,,,,19x1,0.00000000,0,IMPORT,
11x1259,บริษัท สหวิริยาสตีลอินดัสตรี จำกัด (มหาชน),MT01,9 ม.7  ต.แม่รำพึง อ.บางสะพาน จ.ประจวบคีรีขันธ์ 77140 77140,,,,,19x1,0.00000000,646,IMPORT,
11x1260,บริษัท แสงสหมิตร เคมีคอล จำกัด,CH03,1414 ม.10 ซ.วัดด่าน  ถ.สุขุมวิท ต.สำโรงเหนือ อ.เมืองสมุทรปราการ 10270,,,,,19x1,0.00000000,37,IMPORT,
11x1261,บริษัท เกรทวอลล (1988) จำกัด,SV07,59 ม.2 ถ.ปทุมธานี-ลาดหลุมแก้ว ต.บ้านฉาง อ.เมือง 12000,,,,,19x88,0.00000000,130,IMPORT,
11x1262,บริษัท ไทยเซ็นทรัลเคมี จำกัด (มหาชน),CH11,50 หมู่ 5 ถ.นครหลวง-ภาชี ต.คลองสะแก อ.นครหลวง 13260,,,,,19x92,0.00000000,280,IMPORT,
11x1263,บริษัท วนชัย พาเนล อินดัสทรี่ส์ จำกัด,AG02,2/1 ถ.วงศ์สว่าง แขวงวงศ์สว่าง เขตบางซื่อ 10800,,,,,19x34,0.00000000,150,IMPORT,
11x1264,บริษัท ยูนิ-เกียร์ จำกัด,OT99,169/2 รองเมืองซอย 3 ถ.พระราม 6 แขวงรองเมือง เขตปทุมวัน 10330,,,,,19x1,0.00000000,0,IMPORT,
11x1265,บริษัท ซีอาร์ที ดิสเพลย์ เทคโนโลยี  จำกัด,OT99,1 ถ.ปูนซิเมนต์ไทย แขวงบางซื่อ เขตบางซื่อ,,,,,19x1,0.00000000,0,IMPORT,
11x1266,บริษัท เหล็กแผ่นรีดเย็นไทย จำกัด (มหาชน),MT02,28/1 อาคารประภาวิทย์ ชั้น 5 ถ.สุรศักดิ์ แขวงสีลม เขตบางรัก 10500,,,,,19x27,0.00000000,532,IMPORT,
11x1267,โรงพยาบาลพหลพลพยุหเสนา,OT99,572 ถ.แสงชูโต อ.ปากแพรก อ.เมือง,,,,,19x1,0.00000000,0,IMPORT,
11x1268,บริษัท ไอ.เอส.เอ จำกัด,OT99,44/4 ม.1 ถ.เพชรเกษม ต.ยายชา อ.สามพราน,,,,,19x1,0.00000000,0,IMPORT,
11x1269,บริษัท แอนเซลล์ (ประเทศไทย) จำกัด,AG02,74 ซอยฉลองกรุง31 แขวงลำปลาทิว เขตลาดกระบัง 10520,,,,,19x34,0.00000000,252,IMPORT,
11x1270,บริษัท บูรพา เทคโนโลยี่ จำกัด,SV04,138/20 หมู่ 1  ถ.ราชพฤกษ์ ต.บางขุนกอง อ.บางกรวย 11130,,,,,19x27,0.00000000,0,IMPORT,
11x1271,บริษัท ชัยมงคล เอ็กซเพรส จำกัด,SV04,"728,729,730 ม.8 ถ.วิภาวดีรังสิต ต.คูคต อ.ลำลูกกา 12130",,,,,19x1,0.00000000,0,IMPORT,
11x1272,บริษัท คาโออินดัสเตรียล (ประเทศไทย)  จำกัด,CH06,55 อาคารเวฟเพลส ชั้น15 ถ.วิทยุ  แขวงลุมพินี เขตปทุมวัน 10330,,,,,19x74,0.00000000,28,IMPORT,
11x1273,บริษัท นาลโก อินดัสเทรียล เซอร์วิส (ประเทศไทย) จำกัด,SV01,อาคารเพรสิเด้นท์ ทาวเวอร์ ชั้นที่ 15 เลขที่ 973 ถนนเพลินจิต แขวงลุมพินี เขตปทุมวัน 10330,,,,,19x1,0.00000000,0,IMPORT,
11x1274,บริษัท ไทยโทเรซินเทติคส์ จำกัด,TT00,112  ซ.วัดลาดปลาเค้า ถ.รามอินทรา แขวงอนุสาวรีย์ เขตบางเขน 10220,,,,,19x1,0.00000000,238,IMPORT,
11x1275,บริษัท ควอลิเมอร์ จำกัด,CH43,14/4 หมู่ 19 ต.บางพลีใหญ่ อ.บางพลี 10540,,,,,19x78,0.00000000,0,IMPORT,
11x1276,บริษัท ไทยมิตซุยสเปเชียลตี้เคมีคอล จำกัด,CH43,138 อาคารบุญมิตร ชั้น 8 ถนนสีลม  แขวงสุริยวงศ์ เขตบางรัก 10500,,,,,19x92,0.00000000,87,IMPORT,
11x1277,บริษัท ปตท.สผ.อินเตอร์เนชั่นแนล จำกัด,PE00,"555/1 อาคารศูนย์เอนเนอร์ยี่คอมเพล็กซ์ อาคาร A ชั้นที่ 6,19-36 ถนนวิภาวดีรังสิต  แขวงจตุจักร เขตจตุจักร 10900",,,,,19x1,0.00000000,0,IMPORT,
11x1278,บริษัท แพดดิ้ง (ไทยแลนด์) จำกัด,TT01,"378/1-2 หมู่ 2 , 519/2 หมู่ 1 ถ.ราษฎร์บูรณะ แขวงราษฏร์บูรณะ เขตราษฏร์บูรณะ 10140",,,,,19x77,0.00000000,44,IMPORT,
11x1279,บริษัท พิษณุ มิโตโย จำกัด,OM00,64/2 หมู่ 2 ถ.เทพารักษ์ กม.27 ต.บางเพรียง  อำเภอบางบ่อ 10560,,,,,19x1,0.00000000,18,IMPORT,
11x1280,บริษัท พาราวิจัย จำกัด,AG02,74 หมู่ 4 ถ.พุทธมณฑลสาย 7 ต.หอมเกร็ด อ.สามพราน 73110,,,,,19x1,0.00000000,35,IMPORT,
11x1281,ห้างหุ้นส่วนจำกัด พี.เจนเนอรัลเทรดดิ้ง,SV01,152 ซอยสุขุมวิท 33(แดงอุดม) ถ.สุขุมวิท แขวงคลองตันเหนือ เขตวัฒนา 10110,,,,,19x1,0.00000000,0,IMPORT,
11x1282,บริษัท สหฟาร์ม จำกัด,FD05,44/4 หมู่ 11 ถ.นวมินทร์ แขวงคันนายาว เขตคันนายาว 10230,,,,,19x1,0.00000000,4800,IMPORT,
11x1283,บริษัท กัปตัน เพ้นท์ (ประเทศไทย) จำกัด,CH03,906 ม.15 ถ.เทพารักษ์ ต.บางเสาธง กิ่ง อ.บางเสาธง 10540,,,,,19x1,0.00000000,0,IMPORT,
11x1284,บริษัท ฮิม แอนด์ บิวแมชินเนอรี่ จำกัด,SV04,116/9-10 ซ.ราชสีห์ ถ.จักรวรรดิ์ แขวงวัดเทพศิรินทร์ เขตป้อมปราบศัตรูพ่าย 10100,,,,,19x1,0.00000000,0,IMPORT,
11x1285,บริษัท อัสโก้ จำกัด,SV04,36 ซ.สุทธินิเวศน์ แขวงสามเสนนอก เขตห้วยขวาง 10320,,,,,19x1,0.00000000,0,IMPORT,
11x1286,บริษัท สยาม มิตซุย พีทีเอ จำกัด,CH42,8 ซอย จี2 ถนนปกรณ์สงเคราะห์ราษฎร์ ต.ห้วยโป่ง อ.เมือง 21150,,,,,19x1,0.00000000,220,IMPORT,
11x1287,บริษัท เทคโนโลหะกล จำกัด,SV04,1 ซอยบางกระดี่ 9 แขวงแสมดำ เขตบางขุนเทียน 10150,,,,,19x1,0.00000000,20,IMPORT,
11x1288,การไฟฟ้าฝ่ายผลิตแห่งประเทศไทย,UT01,112 หมู่ 1 ต.บางโปรง อ.เมืองสมุทรปราการ 10270,,,,,19x45,0.00000000,2624,IMPORT,
11x1289,บริษัท ผลิตไฟฟ้าขนอม จำกัด,UT01,112 ม.8 ต.ท้องเนียน อ.ขนอม 80210,,,,,19x45,0.00000000,0,IMPORT,
11x1290,บริษัท แอสคอน โปรซีล จำกัด,SV04,17 ซอยรามคำแหง 60/2 แขวงหัวหมาก เขตบางกะปิ 10240,,,,,19x1,0.00000000,0,IMPORT,
11x1291,บริษัท สมุทรปราการ โคเจนเนอเรชั่น จำกัด,UT01,745 ม.2 ต.บางปูใหม่ อ.เมืองสมุทรปราการ 10280,,,,,19x1,0.00000000,26,IMPORT,
11x1292,บริษัท จีเอฟ.แมนนูแฟคเจอริ่ง จำกัด,OM00,88 ม.1 ซ.สุขาภิบาล9  ถ.เศรษฐกิจ ต.อ้อมน้อย อ.กระทุ่มแบน 74130,,,,,19x1,0.00000000,86,IMPORT,
11x1293,บริษัท เซ้าท์อีสต์เอเชี่ยนแพคเกจจิ่งแอนด์แคนนิ่ง จำกัด,FD01,233 ม.4 นิคมอุตสาหกรรมบางปู ถ.สุขุมวิท ต.แพรกษา อ.เมือง 10280,,,,,19x1,0.00000000,88,IMPORT,
11x1294,บริษัท อาหารสัตว์ไทยสระบุรี จำกัด,FD04,35 หมู่ 8 ต.ต้นตาล อ.เสาไห้ 18160,,,,,19x1,0.00000000,5,IMPORT,
11x1295,ห้างหุ้นส่วนจำกัด เรือนงามการช่าง,SV04,60/2 ม.6 แขวงออเงิน เขตสายไหม 10220,,,,,19x1,0.00000000,0,IMPORT,
11x1296,ห้างหุ้นส่วนจำกัด วิสรรการช่าง,SV04,345/37 ซ.ต้นโพธิ์ ถ.เจริญกรุง แขวงบางคอแหลม เขตบางคอแหลม,,,,,19x23,0.00000000,0,IMPORT,
11x1297,บริษัท ไทยเซรามิคพาวเวอร์ จำกัด,UT01,33/1 หมู่ 2 ถ.สุวรรณศร ต.โคกแย้ อ.หนองแค 18230,,,,,19x1,0.00000000,0,IMPORT,
11x1298,บริษัท อุตสาหกรรมทำเครื่องแก้วไทย จำกัด,MN04,15 ม.1 ถ.ราษฎร์บูรณะ แขวงราษฎร์บูรณะ เขตราษฎร์บูรณะ 10140,,,,,19x1,0.00000000,0,IMPORT,
11x1299,บริษัท ซินิเมจ แมคแคนิคอล จำกัด,SV04,12/3 ซ.ลาดพร้าว 134 ถ.ลาดพร้าว แขวงคลองจั่น เขตบางกะปิ 10240,,,,,19x1,0.00000000,16,IMPORT,
11x1300,บริษัท เบียร์ไทย (1991) จำกัด (มหาชน),FD06,349 หมู่ 2 ต.แม่ลาด อ.คลองขลุง 62120,,,,,19x74,0.00000000,0,IMPORT,
11x1301,บริษัท เดลแมกซ์แมชินเนอรี่ จำกัด,OM00,156/46  ซ.วัฒนานันท์ ถ.วิภาวดีรังสิต แขวงสีกัน เขตดอนเมือง 10210,,,,,19x1,0.00000000,69,IMPORT,
11x1302,บริษัท ไทยออยล์ จำกัด (มหาชน),PE00,42/1 หมู่ 1 ถ.สุขุมวิท กม.124 ตำบลทุ่งสุขลา อำเภอศรีราชา จังหวัดชลบุรี 20230 20230,,,,,19x45,0.00000000,100,IMPORT,
11x1303,บริษัท แปซิฟิค อินซูเลติ้ง แมททีเรียล(ประเทศไทย)จำกัด,OT99,1/68 สวนอุตสาหกรรมโรจนะ ม.5 ถ.โรจนะ ต.คานหาม อ.อุทัย 13210,,,,,19x1,0.00000000,0,IMPORT,
11x1304,บริษัท เมกัส จำกัด,OT99,289/9 หมู่ 10 ถ.รถรางสายเก่า ต.สำโรง อ.พระประแดง 10130,,,,,19x1,0.00000000,0,IMPORT,
11x1305,บริษัท ยูโรไทย เอ็นจิเนียริ่ง จำกัด,SV04,335/39   ถ.ศรีนครินทร์ ถ.ศรีนครินทร์ แขวงหนองบอน เขตประเวศ 10250,,,,,19x1,0.00000000,0,IMPORT,
11x1306,บริษัท เอคโค่ แทนเนอรี่ (ประเทศไทย) จำกัด,OT99,113/9  ม.4 ต.บางพระครู อ.นครหลวง 13260,,,,,19x1,0.00000000,118,IMPORT,
11x1307,บริษัท ที พี เอส แมชชีนทูลส์ จำกัด,SV04,"37-39, 233-235 ซ.เวิ้งนาครเขษม ถ.เยาวราช แขวงสัมพันธวงศ์ เขตสัมพันธวงศ์ 10100",,,,,19x1,0.00000000,0,IMPORT,
11x1308,บริษัท ยูนิเวฟ จำกัด,SV01,3656/35-36 อาคารกรีนทาวเวอร์ ชั้น 11 ถ.พระราม 4 แขวงคลองตัน เขตคลองเตย 10110,,,,,19x1,0.00000000,0,IMPORT,
11x1309,บริษัท ดี.เอช.เอ. สยามวาลา จำกัด,OT99,210 ถ.สุรวงศ์ แขวงสี่พระยา เขตบางรัก,,,,,19x1,0.00000000,0,IMPORT,
11x1310,บริษัท เป๊ปซี่-โคล่า (ไทย) เทรดดิ้ง จำกัด,FD02,622 อาคารเอ็มโพเรียมทาวเวอร์ ชั้น 16 ถนนสุขุมวิท  แขวงคลองตัน เขตคลองเตย 10110,,,,,19x1,0.00000000,0,IMPORT,
11x1311,บริษัท บีเอสที อิลาสโตเมอร์ส จำกัด,CH04,5/1  ถ.ไอ-เจ็ด ต.มาบตาพุด อ.เมืองระยอง 21150,,,,,19x90,0.00000000,148,IMPORT,
11x1312,บริษัท สยามบรรจุภัณฑ์ จำกัด,PP02,101/66 ม.20 ถ.พหลโยธิน ต.คลองหนึ่ง อ.คลองหลวง 12120,,,,,19x1,0.00000000,0,IMPORT,
11x1313,โครงการส่วนพระองค์ สวนจิตรลดา (งานนมผง),FD01,ถ.ราชวิถี แขวงสวนจิตรลดา เขตดุสิต 10303,,,,,19x1,0.00000000,0,IMPORT,
11x1314,บริษัท เบอร์ลี่ ยุคเกอร์ เซลล็อกซ์ จำกัด,PP01,330 ม.9 ถ.บางนา-ตราด (กม.19) ต.บางโฉลง อ.บางพลี 10540,,,,,19x34,0.00000000,370,IMPORT,
11x1315,บริษัท ยูไนเต็ด ไวน์เนอรี่ แอนด์ดิสทิลเลอรี่ จำกัด,FD07,54 หมู่ 2 ถ.สุขาภิบาล ต.นครชัยศรี อ.นครชัยศรี 73120,,,,,19x74,0.00000000,242,IMPORT,
11x1316,บริษัท คาโปรแลคตัมไทย จำกัด,CH99,87/2 อาคาร ซี อาร์ ซี ออลซีซั่นเพลส ชั้น 9 ถ.วิทยุ แขวงลุมพินี เขตปทุมวัน,,,,,19x1,0.00000000,0,IMPORT,
11x1317,บริษัท ไทยโตอาอุตสาหกรรม จำกัด,CH03,1394ซ.วชิรธรรมสาธิต ถ.สุขุมวิท แขวงบางจาก เขตพระโขนง 10260,,,,,19x1,0.00000000,0,IMPORT,
11x1318,บริษัท เบรนนิคส์ เทคโนโลยี จำกัด,SV04,7 ซอยรามคำแหง 187/1 ถ.รามคำแหง แขวงมีนบุรี เขตมีนบุรี 10510,,,,,19x1,0.00000000,0,IMPORT,
11x1319,บริษัท เอฟเทค (ประเทศไทย) จำกัด,CH09,109/10 ม.4 ต.ปลวกแดง อ.ปลวกแดง 21140,,,,,19x1,0.00000000,0,IMPORT,
11x1320,บริษัท คาร์กิลล์สยาม จำกัด (พิษณุโลก),FD05,149 ม.8 ถ.พิษณุโลก-เด่นชัย กม.13  ต.บ้านป่า อ.เมือง 65000,,,,,19x1,0.00000000,0,IMPORT,
11x1321,เอ็น พี ยู มาร์เก็ตติ้ง,SV04,11 ซ.59 ถ.นวมินทร์ แขวงคลองจั่น เขตบางกะปิ 10240,,,,,19x1,0.00000000,0,IMPORT,
11x1322,บริษัท สยามโพลิเอททีลีน จำกัด,CH42,อาคารไวท์กรุ๊ป 2 ชั้น 14-15 75 ซ.รูเบีย ถ.สุขุมวิท 42 แขวงพระโขนง เขตคลองเตย 10110,,,,,19x51,0.00000000,24,IMPORT,
11x1323,บริษัท ขอนแก่นบริวเวอรี่ จำกัด,FD06,333 ม.19 ถ.208 (ขอนแก่น-มหาสารคาม) ต.ท่าพระ อ.เมือง,,,,,19x1,0.00000000,32,IMPORT,
11x1324,บริษัท วีก้า ออโตเมชั่น (2000) จำกัด,SV04,55/393 ม.7 ซ.พหลโยธิน87 ถ.พหลโยธิน ต.หลักหก อ.เมืองปทุมธานี 12000,,,,,19x1,0.00000000,0,IMPORT,
11x1325,บริษัท กระเบื้องกระดาษไทย จำกัด (โรงงานท่าหลวง),MN05,93 ม.11 ถ.ท่าเรือ-บ้านครัว ต.บางโขมด อ.บ้านหมอ 18130,,,,,19x1,0.00000000,0,IMPORT,
11x1326,บริษัท ทักษิณเอนเตอร์ไพรส(ไทย) จำกัด,SV04,58 ซ.ศิริชัย 2 ม.6 ถ.กรุงเทพ-นนท์ ต.บางเขน อ.เมือง 10501,,,,,19x1,0.00000000,0,IMPORT,
11x1327,บริษัท พานาโซนิค อีเล็คทริค เวิร์คส์ (อยุธยา) จำกัด,CH04,1/69 ม.5 ถ.โรจนะ ต.คานหาม อ.อุทัย 13210,,,,,19x1,0.00000000,0,IMPORT,
11x1328,บริษัท บางกอกอะกริซัพพลาย จำกัด,XX00,289/9 ม.10 ถ.รถรางสายเก่า ต.สำโรง อ.พระประแดง,,,,,19x1,0.00000000,0,IMPORT,
11x1329,บริษัท ลูกกลิ้งอุตสาหกรรมไทย จำกัด,MT01,1/35 ซอยสุขุมวิท 30 ถ.สุขุมวิท แขวงคลองตัน เขตคลองเตย 10110,,,,,19x1,0.00000000,70,IMPORT,
11x1330,บริษัท บุญสูงเนิน ปั๊มแอนด์วาล์ว(ประเทศไทย) จำกัด,SV04,55/52 หมู่ 2 ตำบลบ้านฉาง อำเภอเมืองปทุมธานี 12000,,,,,19x19,0.00000000,0,IMPORT,
11x1331,บริษัท แก่นขวัญ จำกัด,FD07,309 หมู่ที่ 6 ถ.น้ำพอง-กระนวน ต.น้ำพอง อ.น้ำพอง 40310,,,,,19x74,0.00000000,283,IMPORT,
11x1332,บริษัท แคนนอน ฟาร์อีสต์ (ไทยแลนด์) จำกัด,SV01,48 ซ.รามคำแหง 14 ถ.รามคำแหง แขวงหัวหมาก เขตบางกะปิ 10240,,,,,19x1,0.00000000,0,IMPORT,
11x1333,บริษัท ฟลูโทรล (ประเทศไทย) จำกัด,SV04,"252,254 ถ.กาญจนาภิเษก แขวงบางแค เขตบางแค 10160",,,,,19x1,0.00000000,0,IMPORT,
11x1334,บริษัท ซี.พี.อุตสาหกรรมบรรจุภัณฑ์ จำกัด,OT99,130 ม.17 นิคมอุตสาหกรรมบางพลี ซ.5 ถ.บางนา-ตราด ต.บางเสาธง กิ่งอ.บางเสาธง,,,,,19x1,0.00000000,238,IMPORT,
11x1335,บริษัท เก่ง พัฒนกิจ จำกัด,SV01,29/9  ม.5 ซ.สุขุมวิท 103 ถ.สุขุมวิท แขวงหนองบอน เขตประเวศ,,,,,19x1,0.00000000,0,IMPORT,
11x1336,บริษัท จรุงไทยไวร์แอนด์เคเบิ้ล จำกัด,MT03,1093/71 อาคารเซ็นทรัลซิตี้ ทาวเวอร์ ชั้น 12 เอ ถ.บางนา-ตราด กม.3 แขวงบางนา เขตบางนา 10260,,,,,19x1,0.00000000,0,IMPORT,
11x1337,บริษัท อินเตอร์เนชั่นแนล แลบบอราทอรีส์ จำกัด,CH05,62 ม.8 ถ.บางนา-ตราด ต.บางโฉลง อ.บางพลี,,,,,19x1,0.00000000,602,IMPORT,
11x1338,บริษัท อินเตอร์โฟลว์ จำกัด,SV04,181/15 ถ.ประชาธิปัตย์ ต.หาดใหญ่ อ.หาดใหญ่ จ.สงขลา 90110 90110,,,,,19x34,0.00000000,0,IMPORT,
11x1339,บริษัท สุรพลฟู้ดส์ จำกัด (มหาชน),FD01,509 ม.9 ต.หนองกี่ อ.กบินทร์บุรี 25110,,,,,19x1,0.00000000,189,IMPORT,
11x1340,บริษัท แดรี่ พลัส จำกัด,FD01,99 หมู่ที่ 7 ถนน พหลโยธิน กม.203 ต.ม่วงหัก อ.พยุหะคีรี 60130,,,,,19x1,0.00000000,706,IMPORT,
11x1341,ห้างหุ้นส่วนจำกัด ไบโอ-เค็ม โปรดักส์,MN05,146/6 ถ.เสรี 9 แขวงสวนหลวง เขตสวนหลวง,,,,,19x1,0.00000000,0,IMPORT,
11x1342,บริษัท ซียูอีแอล จำกัด,SV01,18 อาคารไทยพาณิชย์ปาร์คพลาซ่า อาคาร 2 (เวสต์) ชั้น 9  ถ.รัชดาภิเษก  แขวงจตุจักร เขตจตุจักร 10900,,,,,19x1,0.00000000,550,IMPORT,
11x1343,บริษัท กระเบื้องกระดาษไทย จำกัด (โรงงานสระบุรี),MN05,46 ม.2 ถ.มิตรภาพ ต.ตะกุด อ.เมืองสระบุรี 18000,,,,,19x1,0.00000000,0,IMPORT,
11x1344,บริษัท อินเตอร์ไทย ฟาร์มาซูติเคิ้ล แมนูแฟคเจอริ่ง จำกัด,CH05,1899  ถ.พหลโยธิน แขวงลาดยาว เขตจตุจักร 10900,,,,,19x1,0.00000000,55,IMPORT,
11x1345,บริษัท ศรีราชา เอ็นจิเนียริ่งเซอร์วิส จำกัด,OT99,334 ม.1 ต.บ้านบึง อ.ศรีราชา จ.ชลบุรี,,,,,19x1,0.00000000,0,IMPORT,
11x1346,บริษัท เอฟแอนด์เอ็น ยูไนเต็ด จำกัด,FD01,95  ถ.ท่าข้าม แขวงแสมดำ เขตบางขุนเทียน 10150,,,,,19x1,0.00000000,170,IMPORT,
11x1347,บริษัท เมมเบอร์ เทค จำกัด,SV04,327/77-78 ซ.วัดปรก 2 ถ.จันทน์ แขวงทุ่งวัดดอน เขตสาทร 10120,,,,,19x1,0.00000000,0,IMPORT,
11x1348,บริษัท บีเอสที อิลาสโตเมอร์ส จำกัด,CH04,อาคารสาธรซิตี้ทาวเวอร์ ชั้น22 175 ถ.สาทรใต้ แขวงทุ่งมหาเมฆ เขตสาทร 10120,,,,,19x1,0.00000000,148,IMPORT,
11x1349,บริษัท กระจกไทยอาซาฮี จำกัด (มหาชน),MN04,200 ม.1 ถ.สุขสวัสดิ์ ต.ปากคลองบางปลากด อ.พระสมุทรเจดีย์ 10290,,,,,19x1,0.00000000,294,IMPORT,
11x1350,บริษัท ซี.เอ็น.เอส.ยูนิเวอร์แซล จำกัด,SV04,135/77 ม.2 ซ.ละออทิพย์ ถ.วิภาวดีรังสิต แขวงทุ่งสองห้อง เขตดอนเมือง,,,,,19x1,0.00000000,0,IMPORT,
11x1351,บริษัท ที.ซี.เค. อินเตอร์พลาสต์ จำกัด,OM00,9/9 หมู่ 4 ซอยวัดน้อยนอก ถนนนนทบุรี1 ตำบลบางกระสอ อำเภอเมือง 11000,,,,,19x1,0.00000000,0,IMPORT,
11x1352,บริษัท อินโนเวกซ์ (ประเทศไทย) จำกัด,MT03,79 ม.4 เขตประกอบการเสรี นิคมอุตสาหกรรมภาคเหนือ ต.บ้านกลาง อ.เมือง จ.ลำพูน 51000 51000,,,,,19x1,0.00000000,0,IMPORT,
11x1353,บริษัท เฌอร่า  จำกัด (มหาชน)-รง.ลพบุรี,MN06,59 หมู่ 12 ถ.สายสระบุรี-หล่มสัก กม.16 ต.ช่องสาริกา อ.พัฒนานิคม จ.ลพบุรี 15220 15220,,,,,19x1,0.00000000,3070,IMPORT,
11x1354,เยเนอรัล อีเล็คทริค อินเตอร์เนชั่นแนล,UT01,โอเปอร์เรชั่นส์ คัมปะนี อิงค์ ช.39  หมู่ 5  ถ.ห้วยไผ่ ต.หินกอง อ.เมืองราชบุรี จ.ราชบุรี 70000 70000,,,,,19x1,0.00000000,0,IMPORT,
11x1355,บริษัท ยูอาร์ซี (ประเทศไทย) จำกัด,XX00,521/136-138 ถ.รามคำแหง แขวงหัวหมาก เขตบางกะปิ 10240,,,,,19x1,0.00000000,0,IMPORT,
11x1356,การไฟฟ้าฝ่ายผลิตแห่งประเทศไทย,UT01,444 หมู่ 1 ต.ท่าขนุน อ.ทองผาภูมิ 71180,,,,,19x1,0.00000000,2624,IMPORT,
11x1357,บริษัท ซัม ยูทิลิตี้ส์แมเนจเมนท์ จำกัด,SV02,"208, 209/115 หมู่บ้านไพโรจน์ ม.11 ถ.บางนา-ตราด แขวงบางนา เขตบางนา",,,,,19x1,0.00000000,0,IMPORT,
11x1358,บริษัท ปัญจพลไฟเบอร์คอนเทนเนอร์ จำกัด,PP01,72 ม.8 ถ.ปู่เจ้าสมิงพราย ต.สำโรงใต้ อ.พระประแดง 10130,,,,,19x1,0.00000000,600,IMPORT,
11x1359,บริษัท ปัญจพลไฟเบอร์คอนเทนเนอร์ จำกัด,PP01,110/4 ม.4 ถ.เศรษฐกิจ 1 ต.บ้านเกาะ อ.เมือง 74000,,,,,19x1,0.00000000,600,IMPORT,
11x1360,บริษัท ปัญจพลไฟเบอร์คอนเทนเนอร์ จำกัด,PP01,38/8 ม.1 ถ.เอกชัย ต.คอกกระบือ อ.เมือง 74000,,,,,19x1,0.00000000,600,IMPORT,
11x1361,บริษัท ไทย นิปปอน แพล้นท์  จำกัด,SV01,เลขที่ 1/6 อาคารบางนาธานี ชั้นที่ 3 ห้อง 3เอ ซอยบางนา-ตราด 34 ถ.เทพรัตน แขวงบางนาใต้ เขตบางนา 10260,,,,,19x1,0.00000000,0,IMPORT,
11x1362,บริษัท สยามบรรจุภัณฑ์ วี แอนด์ เอส จำกัด,PP02,99 ม.1 ต.บางคูวัด อ.เมืองปทุมธานี 12000,,,,,19x1,0.00000000,0,IMPORT,
11x1363,บริษัท ปูนซิเมนต์ไทย (แก่งคอย) จำกัด (โรงงานแก่งคอย),MN05,33/1 ม.3 ถ.มิตรภาพ ต.บ้านป่า อ.แก่งคอย 18110,,,,,19x89,0.00000000,0,IMPORT,
11x1364,บริษัท กรุงไทยอาหารสัตว์ จำกัด (มหาชน),OT99,118 หมู่ที่ 4 ถนนพระราม2 แขวงบางมด เขตจอมทอง 10150,,,,,19x1,0.00000000,0,IMPORT,
11x1365,บริษัท สยาม พีวีเอส เคมิคอลส์ จำกัด,CH01,403 หมู่ 4 นิคมอุตสาหกรรมบางปู ถ.สุขุมวิท ต.แพรกษา อ.เมือง 10280,,,,,19x89,0.00000000,0,IMPORT,
11x1366,บริษัท ไทยโพลิเมอร์ ซัพพลาย จำกัด,SV04,406 สุขุมวิท 55 (ซ.ทองหล่อ) ถ.สุขุมวิท แขวงคลองตันเหนือ เขตวัฒนา 10110,,,,,19x45,0.00000000,28,IMPORT,
11x1367,บริษัท เจริญโภคภัณฑ์อาหาร จำกัด (มหาชน),FD05,125 ม.8 ถ.กาญจนวนิช ต.บ้านพรุ อ.หาดใหญ่ จ.สงขลา 90250 90250,,,,,19x1,0.00000000,65,IMPORT,
11x1368,บริษัท ฟิลแพค จำกัด,OM00,29 หมู่ 6 ต.คลองหลวงแพ่ง อ.เมือง 24000,,,,,19x45,0.00000000,185,IMPORT,
11x1369,บริษัท ผลิตไฟฟ้าราชบุรี จำกัด,UT01,128  หมู่ 6  ตำบลพิกุลทอง อำเภอเมือง  จังหวัดราชบุรี  70000 70000,,,,,19x1,0.00000000,0,IMPORT,
11x1370,บริษัท ดารามิค (ประเทศไทย) จำกัด,MT03,227 ม.7 ต.ท่าตูม อ.ศรีมหาโพธิ 25140,,,,,19x45,0.00000000,99,IMPORT,
11x1371,บริษัท กระเบื้องกระดาษไทย จำกัด (โรงงานทุ่งสง),MN05,58 ม.2 ถ.ทุ่งสง-ห้วยยอด ต.ที่วัง อ.ทุ่งสง 80110,,,,,19x1,0.00000000,0,IMPORT,
11x1372,บริษัท โซล่า แอสฟัลท์ จำกัด,CH15,112 ม.5 ต.ปากแรต อ.บ้านโป่ง จ.ราชบุรี  70110 70110,,,,,19x45,0.00000000,62,IMPORT,
11x1373,ห้างหุ้นส่วนจำกัด ไฮโดร ซิสเท็ม ซัพพลาย,SV04,529 หมู่ที่ 6 ถ.บรมราชชนนี แขวงศาลาธรรมสพน์ เขตทวีวัฒนา 10170,,,,,19x1,0.00000000,20,IMPORT,
11x1374,บริษัท แกรนด์ สยาม คอมโพสิต จำกัด,CH42,5 ถนน ไอ-หนึ่ง ต.มาบตาพุด อ.เมืองระยอง 21150,,,,,19x1,0.00000000,41,IMPORT,
11x1375,ห้างหุ้นส่วนจำกัด อี เค ฟู้ดเท็ค,OM00,1129/11 ซ.ลาดพร้าว101 (วัดบึงทองหลาง) ถ.ลาดพร้าว แขวงคลองจั่น เขตบางกะปิ 10240,,,,,19x1,0.00000000,0,IMPORT,
11x1376,บริษัท พี เอ เอส พืชผลส่งออกและไซโล   จำกัด,FD03,2/11 ถ.พิศาลสุนทรกิจ ต.เมืองฯ อ.สวรรคโลก 64110,,,,,19x45,0.00000000,124,IMPORT,
11x1377,บริษัท สากล เทคโนโลยี (2001) จำกัด,SV04,1817 ซ.ลาดพร้าว 101 ถ.ลาดพร้าว แขวงคลองจั่น เขตบางกะปิ 10240,,,,,19x1,0.00000000,0,IMPORT,
11x1378,บริษัท เอ็มอีเอส มิตรโพรเจคท์เซอร์วิสเซส จำกัด,SV01,9 ชั้น 22 อาคารยูเอ็มทาวเวอร์ ถ.รามคำแหง  แขวงสวนหลวง เขตสวนหลวง,,,,,19x1,0.00000000,0,IMPORT,
11x1379,บริษัท สยามเบรนเทค จำกัด,SV04,56/171 หมู่ 9 ถ.รามอินทรา แขวงท่าแร้ง เขตบางเขน 10230,,,,,19x1,0.00000000,0,IMPORT,
11x1380,บริษัท สยามกลาสอินดัสทรี จำกัด,MN04,2104/45-47 ถ.รามคำแหง แขวงหัวหมาก เขตบางกะปิ,,,,,19x1,0.00000000,0,IMPORT,
11x1381,บริษัท บีพี-คาสตรอล (ประเทศไทย) จำกัด,CH14,เลขที่ 3 อาคารรัจนาการ ชั้น 23 ถ.สาทรใต้ แขวงยานนาวา เขตสาทร 10120,,,,,19x23,0.00000000,0,IMPORT,
11x1382,บริษัท โปรเพท (ประเทศไทย) จำกัด,OT99,12 หมู่ 3 ต.หัวป่า อ.พรหมบุรี 16120,,,,,19x1,0.00000000,1119,IMPORT,
11x1383,บริษัท สตาร์วอลล์ แมชชินเนอรี่ จำกัด,SV04,1056/58  ถ.รามคำแหง แขวงหัวหมาก  เขตบางกะปิ 10240,,,,,19x19,0.00000000,0,IMPORT,
11x1384,บริษัท นอร์ท พาวเวอร์ จำกัด,SV04,485/16 ถ.เจริญเมือง ต.วัดเกต อ.เมือง 50000,,,,,19x1,0.00000000,0,IMPORT,
11x1385,บริษัท วิสเมค จำกัด,SV04,12/18 หมู่ 10 ถ.กาญจนาภิเษก ต.คลองข่อย อ.ปากเกร็ด,,,,,19x70,0.00000000,8,IMPORT,
11x1386,บริษัท เจตาแบค บอยเลอร์ เซอร์วิส จำกัด,SV04,335/7 ถ.ศรีนครินทร์ แขวงหนองบอน เขตประเวศ 10250,,,,,19x1,0.00000000,0,IMPORT,
11x1387,บริษัท เบียร์ไทย (1991) จำกัด (มหาชน),FD06,68 ม.2 ต.น้ำเต้า อ.บางบาล 13250,,,,,19x1,0.00000000,0,IMPORT,
11x1388,บริษัท ชางจิ่ง เอ็นเตอร์ไพรส์ จำกัด,SV04,3/2 ม.3  ต.หนองอิรุณ อ.บ้านบึง จ.ชลบุรี  20220 20220,,,,,19x1,0.00000000,0,IMPORT,
11x1389,บริษัท ซิตี้โฟม จำกัด,SV04,18/1-4 หมู่ 3 ถ.กรุงเทพ-สุพรรณบุรี ต.ราษฎร์นิยม อ.ไทรน้อย,,,,,19x1,0.00000000,38,IMPORT,
11x1390,ห้างหุ้นส่วนจำกัด ชรินทร์ เอ็นจิเนียริ่ง แอนด์คอนสตรัคชั่น,SV04,79/32 หมู่ 1 ต.พงศ์ประศาสน์ อ.บางสะพาน จ.ประจวบคีรีขันธ์ 77140 77140,,,,,19x1,0.00000000,0,IMPORT,
11x1391,ห้างหุ้นส่วนจำกัด สตีมเซอร์วิส,SV04,94/663 ม.4 ซ.เพชรเกษม 94 แขวงบางแคเหนือ เขตบางแค,,,,,19x1,0.00000000,0,IMPORT,
11x1392,บริษัท คอสมิค ออยล์ จำกัด,CH14,951 ซ.11 นิคมอุตสาหกรรมบางปู ม.4 ต.แพรกษา อ.เมืองสมุทรปราการ,,,,,19x1,0.00000000,0,IMPORT,
11x1393,บริษัท อดิตยา เบอร์ล่า เคมีคัลส์ (ประเทศไทย)  จำกัด,CH01,(คลอ อัลคาลี ดีวิชั่น)  3 ซ.จี-2 ต.ห้วยโป่ง ถ.ปกรณ์สงเคราะห์ราษฎร์ อ.เมืองระยอง 21150,,,,,19x1,0.00000000,166,IMPORT,
11x1394,บริษัท คอนทิเนนทอล ปิโตรเคมีคอล (ประเทศไทย) จำกัด,SV04,137 หมู่ 17 ถ.บางนา-ตราด ต.บางเสาธง  กิ่งอำเภอบางเสาธง 10540,,,,,19x1,0.00000000,150,IMPORT,
11x1395,บริษัท เอเซีย เพ็ท (ไทยแลนด์) จำกัด,CH42,61/1 ม.11  ถ.บางงา-ท่าโขลง ต.เขาสมอคอน  อ.ท่าวุ้ง  จ.ลพบุรี  15180 15180,,,,,19x1,0.00000000,150,IMPORT,
11x1396,บริษัท เกรทโฟม จำกัด,SV04,88 ม.1 ซ.สุขาภิบาล 9 ถ.เศรษฐกิจ ต.อ้อมน้อย อ.กระทุ่มแบน,,,,,19x1,0.00000000,0,IMPORT,
11x1397,บริษัท ปูนซิเมนต์ไทย (ท่าหลวง)  จำกัด (โรงงานเขาวง),MN05,28 ม.4 ต.เขาวง อ.พระพุทธบาท 18120,,,,,19x89,0.00000000,0,IMPORT,
11x1398,บริษัท อุตสาหกรรมทำเครื่องแก้วไทย จำกัด (มหาชน),MN04,78 หมู่3 ซ.วัดศรีวารีน้อย ถ.บางนา-ตราด กม.18   ต.หนองปรือ อ.บางพลี 10540,,,,,19x19,0.00000000,830,IMPORT,
11x1399,บริษัท พลาสม่า เอ็นเนอร์ยี่ จำกัด,SV04,1193 ซ.เทอดไทย 27 ถ.เทอดไทย แขวงตลาดพลู เขตธนบุรี 10600,,,,,19x1,0.00000000,0,IMPORT,
11x1400,CLARIANT (SWIZERLAND) LTD.,SV04,ROTHAUSSTRASSE 61 CH-4132 MUTTENZ 1,,,,,19x1,0.00000000,0,IMPORT,
11x1401,บริษัท ไทยนิปปอนฟู้ดส์ จำกัด,FD04,1/21 สวนอุตสาหกรรมโรจนะ ม.5 ต.คานหาม อ.อุทัย 13210,,,,,19x1,0.00000000,167,IMPORT,
11x1402,บริษัท อินฟินิทโปรเกรสเท็กซ์ไทล์ จำกัด,SV04,63 ม.6 ถ.ท่าแจ่ ต.หลุมดิน อ.เมืองราชบุรี จ.ราชบุรี,,,,,19x1,0.00000000,0,IMPORT,
11x1403,บริษัท รอแยลฟู้ดส์ จำกัด,FD01,132/8 หมู่ 8 ถ.นาเกลือ ต.บานา อ.เมืองปัตตานี 94000,,,,,19x1,0.00000000,189,IMPORT,
11x1404,สมชาย เหลืองสุขวิมล,SV04,140 ซ.กรุงธนบุรี 4 ถ.กรุงธนบุรี แขวงบางลำภู เขตคลองสาน 10600,,,,,19x1,0.00000000,0,IMPORT,
11x1405,บริษัท อี-สแควร์ สิ่งแวดล้อมและวิศวกรรม จำกัด,SV04,"288,290 ซ.ลาดพร้าว 132 ถ.ลาดพร้าว แขวงคลองจั่น เขตบางกะปิ 10240",,,,,19x78,0.00000000,0,IMPORT,
11x1406,บริษัท รีไซเคิล วอเตอร์ อีควิปเมนท์ จำกัด,SV04,89/583 ซ.วัชรพล ถ.รามอินทรา แขวงท่าแร้ง เขตบางเขน 10220,,,,,19x1,0.00000000,0,IMPORT,
11x1407,บริษัท แอกเซส อินดัสเตรียล เทคโนโลยี  จำกัด,SV04,284 อาคารเอ4ชั้น1ซ.ศูนย์วิจัย4 (โรงเรียนญี่ปุ่น) ถ.พระราม แขวงบางกะปิ เขตห้วยขวาง 10320,,,,,19x1,0.00000000,0,IMPORT,
11x1408,สำนักกษาปณ์,GV00,13/1 ม.2 ถนนพหลโยธิน ต.คลองหนึ่ง อ.คลองหลวง 12120,,,,,19x1,0.00000000,0,IMPORT,
11x1409,ห้างหุ้นส่วนจำกัด พิมพะนิตแก๊ส,CH02,89/10-11 ถ.กาฬสินธุ์ ต.กาฬสินธุ์ อ.เมือง,,,,,19x1,0.00000000,0,IMPORT,
11x1410,บริษัท เอ็นจีอี (ประเทศไทย) จำกัด,SV02,18/9 หมู่ 11 ซ.นำชัย ต.คลองสาม อ.คลองหลวง 12120,,,,,19x1,0.00000000,0,IMPORT,
11x1411,บริษัท เอเชี่ยน สุพีเรียฟู้ดส์ จำกัด,SV04,1 ม.3 ถ.เขางู-เบิกไพร ต.คุ้งพยอม อ.บ้านโป่ง จ.ราชบุรี 70110 70110,,,,,19x1,0.00000000,4,IMPORT,
11x1412,บริษัท ไดนาสตี้ เซรามิค จำกัด (มหาชน),MN03,54/8 ม.3 ถ.สุวรรณศร ต.โคกแย้ อ.หนองแค 18230,,,,,19x1,0.00000000,0,IMPORT,
11x1413,บริษัท อิมเมอรีส์ คิล์น เฟอร์นิเจอร์ (ประเทศไทย) จำกัด,MN05,111 หมู่ 9 ต.บ้านครัว อ.บ้านหมอ 18270,,,,,19x1,0.00000000,0,IMPORT,
11x1414,บริษัท เยนเนอรัล สตาร์ช จำกัด,FD08,3539 ถ.พระรามที่ 9 (ตัดใหม่) แขวงสวนหลวง เขตสวนหลวง 10250,,,,,19x1,0.00000000,10,IMPORT,
11x1415,บริษัท เจพี วาล์ว จำกัด,SV04,555 อาคารรสาทาวเวอร์ ชั้น 12 ถ.พหลโยธิน แขวงลาดยาว เขตจตุจักร 10900,,,,,19x1,0.00000000,0,IMPORT,
11x1416,บริษัท เวลล่า (ประเทศไทย) จำกัด,SV04,172 หมู่ที่ 17 ถ.เทพารักษ์  ต.บางเสาธง กิ่งอำเภอบางเสาธง 10540,,,,,19x1,0.00000000,0,IMPORT,
11x1417,บริษัท มิตซูบิชิ เฮฟวี่ อินดัสตรี่ (ประเทศไทย) จำกัด,SV04,208 ชั้น 10  ถ.วิทยุ แขวงลุมพินี  เขตปทุมวัน 10330,,,,,19x1,0.00000000,0,IMPORT,
11x1418,บริษัท สุรพลฟู้ดส์ จำกัด (มหาชน),FD01,247 ม.1 ถ.เทพารักษ์ ต.เทพารักษ์ อ.เมืองสมุทรปราการ 10270,,,,,19x1,0.00000000,189,IMPORT,
11x1419,บริษัท อิสเทิร์น พี.ยู.โฟม อินดัสตรี จำกัด,OT99,201/2 หมู่ที่ 3 ต.ทุ่งสุขลา อ.ศรีราชา จ.ชลบุรี 20230 20230,,,,,19x1,0.00000000,0,IMPORT,
11x1420,บริษัท ลีโอฟู้ดส์ จำกัด,FD01,178 หมู่ 9 ถ.เชียงใหม่-ฮอด ต.บ้านกลาง อ.สันป่าตอง 50120,,,,,19x1,0.00000000,0,IMPORT,
11x1421,บริษัท บีเจซี อินดัสเตรียล แอนด์ เทรดดิ้ง จำกัด,CH05,99  ซ.รูเบีย ถ.สุขุมวิท 42 แขวงพระโขนง เขตคลองเตย 10110,,,,,19x1,0.00000000,0,IMPORT,
11x1422,บริษัท เอส ไอ จี คอมบิบล็อค จำกัด,OT99,33 หมู่ 4 ต.ปลวกแดง อ.ปลวกแดง 21140,,,,,19x1,0.00000000,288,IMPORT,
11x1423,บริษัท โทลล์ เซอร์วิสเซส (ไทยแลนด์) จำกัด,PE00,990 อาคารอับดุลราฮิม ชั้น 14 ห้อง 1404 ถนนพระราม 4 แขวงสีลม เขตบางรัก 10500,,,,,19x1,0.00000000,0,IMPORT,
11x1424,บริษัท ออปอเรชั่นนอล เอ็นเนอร์ยี่ กรุ๊ป จำกัด,UT01,ชั้น 6 อาคารโอเชี่ยนทาวเวอร์ 1 170/14 ถนนรัชดาภิเษกตัดใหม่ แขวงคลองเตย เขตคลองเตย 10110,,,,,19x45,0.00000000,0,IMPORT,
11x1425,บริษัท เค.เอช.ไอ. อุตสาหกรรม จำกัด,CH04,163 ถ.ราชวงศ์ แขวงจักรวรรดิ เขตสัมพันธวงศ์ 10100,,,,,19x1,0.00000000,117,IMPORT,
11x1426,การไฟฟ้าฝ่ายผลิตแห่งประเทศไทย,AG99,32 หมู่ 4 ต.วังจุฬา อ.วังน้อย 13170,,,,,19x1,0.00000000,2624,IMPORT,
11x1427,บริษัท จีทีบี เอ็นจิเนียริ่ง จำกัด,SV04,79/7 หมู่ 2 ซ.ผูกมิตร ถ.ศรีนครินทร์ แขวงหนองบอน เขตประเวศ 10250,,,,,19x1,0.00000000,0,IMPORT,
11x1428,บริษัท ควอลิตี้ เอ็นจิเนียริ่ง แอนด์ดีเวลลอปเมนท์ จำกัด,SV04,32/19 ซ.ชินเขต2/16 ม.6 ถ.งามวงศ์วาน แขวงทุ่งสองห้อง เขตหลักสี่ 10210,,,,,19x1,0.00000000,0,IMPORT,
11x1429,บริษัท เวลล์เฮด จำกัด,SV04,7/113 หมู่ที่ 3 ต.เนินพระ อ.เมืองระยอง 21000,,,,,19x1,0.00000000,0,IMPORT,
11x1430,บริษัท แพนอินเตอร์ฟู้ดส์ จำกัด,FD01,400  ถนนสรรพาวุธ แขวงบางนา เขตบางนา 10260,,,,,19x1,0.00000000,103,IMPORT,
11x1431,บริษัท แอมบิชั่น เอ็นจิเนียริ่ง จำกัด,SV01,432/904 ซ.13 หมู่บ้านวิเศษสุขนคร ถ.ประชาอุทิศ 79 แขวงทุ่งครุ เขตทุ่งครุ 10140,,,,,19x1,0.00000000,0,IMPORT,
11x1432,ห้างหุ้นส่วนจำกัด เอ แอนด์ เอ อินเตอร์เนชั่นแนล มาร์เก็ตติ้ง,SV04,105/378 ม.1 ถ.นวมินทร์ แขวงคลองกุ่ม เขตบึงกุ่ม 10240,,,,,19x1,0.00000000,0,IMPORT,
11x1433,บริษัท อินเทค จำกัด,SV04,8/2 ซอยศูนย์วิจัย 3 ถ.เพชรบุรีตัดใหม่ แขวงบางกะปิ เขตห้วยขวาง 10320,,,,,19x1,0.00000000,6,IMPORT,
11x1434,ห้างหุ้นส่วนจำกัด พี แอนด์ พี คอนโทรล ซิสเต็ม,SV04,98/49 โครงการมายด์ ฮอฟฟ์ ถ.ร่มเกล้า แขวงคลองสามประเวศ เขตลาดกระบัง 10520,,,,,19x27,0.00000000,0,IMPORT,
11x1435,บริษัท ไทยเคมีภัณฑ์ จำกัด,AG02,116 หมู่ 11 ถ.สุขสวัสดิ์ ต.ในคลองบางปลากด อ.พระสมุทรเจดีย์ 10290,,,,,19x1,0.00000000,75,IMPORT,
11x1436,ห้างหุ้นส่วนจำกัด จัดการไวน์,OT99,120/16 อาคารคอนโด พี เอส ที 2 ถ.นนทรี แขวงช่องนนทรี เขตยานนาวา 10120,,,,,19x1,0.00000000,0,IMPORT,
11x1437,ห้างหุ้นส่วนจำกัด ที. เอ็ม. ดี. ซัพพลาย,SV04,1146/31 ชั้น 5 หมู่ที่ 5 ถ.ศรีนครินทร์ ต.สำโรงเหนือ อ.เมืองสมุทรปราการ 10270,,,,,19x1,0.00000000,0,IMPORT,
11x1438,บริษัท ฟิวเจอร์ วอลล์ เอ็นจิเนียริ่ง จำกัด,SV07,272  ถนนมอเตอร์เวย์ แขวงประเวศ เขตประเวศ 10250,,,,,19x70,0.00000000,0,IMPORT,
11x1439,บริษัท เจ.เอ.เค. เอ็นจิเนียริ่ง แอนด์ซัพพลาย จำกัด,SV04,134-134/1 ถ.จารุเมือง แขวงรองเมือง เขตปทุมวัน 10330,,,,,19x1,0.00000000,0,IMPORT,
11x1440,บริษัท เดลต้า ชิปปิ้ง จำกัด,CH15,118/1 ถ.พระราม 6 แขวงสามเสนใน เขตพญาไท 10400,,,,,19x1,0.00000000,0,IMPORT,
11x1441,บริษัท สยามซอร์บิทอล จำกัด,SV04,1168/18 อาคารลุมพินีทาวเวอร์ ชั้น13 ถนนพระราม 4 แขวงทุ่งมหาเมฆ เขตสาทร 10120,,,,,19x74,0.00000000,38,IMPORT,
11x1442,บริษัท โฟมเทค อินเตอร์เนชั่นแนล จำกัด,CH41,259 หมู่ 3 ต.ทุ่งสุขลา อ.ศรีราชา จ.ชลบุรี  20230 20230,,,,,19x88,0.00000000,52,IMPORT,
11x1443,บริษัท ควีน เทคโนโลยี่ จำกัด,SV04,187/26 หมู่ 1 ถ.เสรีไทย แขวงคลองกุ่ม เขตบึงกุ่ม 10240,,,,,19x1,0.00000000,0,IMPORT,
11x1444,บริษัท นิวแม็ก จำกัด,SV04,104/21 หมู่ 8  ถ.เฉลิมพระเกียรติ ร.9 แขวงประเวศ  เขตประเวศ 10250,,,,,19x1,0.00000000,0,IMPORT,
11x1445,บริษัท เวสท์บาวด์ เอ็นจิเนียริ่ง จำกัด,SV04,769/4 ซ.ศูนย์วิจัย 4 ถ.พระราม 9 แขวงบางกะปิ เขตห้วยขวาง 10320,,,,,19x1,0.00000000,0,IMPORT,
11x1446,บริษัท ไอดับบลิวซีที จำกัด,CH41,"111, 111/2, 111/3 ซ.มาเจริญ 1 แขวงหนองค้างพลู เขตหนองแขม 10160",,,,,19x70,0.00000000,0,IMPORT,
11x1447,บริษัท ไอดับบลิวซีที  จำกัด,CH41,111/3  ม.9  นิคมอุตสาหกรรมเกตเวย์ซิตี้ ต.หัวสำโรง อ.แปลงยาว 24190,,,,,19x1,0.00000000,0,IMPORT,
11x1448,บริษัท เอ็น ไอ ซี แป้งมันสำเร็จรูป จำกัด,FD08,54 อาคารหะรินทร ชั้น 5 ถ.สาทรเหนือ แขวงสีลม เขตบางรัก 10500,,,,,19x1,0.00000000,0,IMPORT,
11x1449,บริษัท ชับบ์สามัคคีประกันภัย จำกัด (มหาชน),TP00,2/4 อาคารชับบ์ ชั้น 12 โครงการนอร์ธปาร์ค ถ.วิภาวดีรังสิต ขว.ทุ่งสองห้อง ข.หลักสี่ 10210,,,,,19x1,0.00000000,0,IMPORT,
11x1450,บริษัท พี ซี ที ที จำกัด,FD99,101/53 ม.20 ถ.พหลโยธิน ต.คลองหนึ่ง อ.คลองหลวง 12120,,,,,19x1,0.00000000,0,IMPORT,
11x1451,บริษัท ปูนซิเมนต์ไทย (ลำปาง) จำกัด,MN05,279 หมู่ 5 ต.บ้านสา อ.แจ้ห่ม จ.ลำปาง  52120 52120,,,,,19x1,0.00000000,8,IMPORT,
11x1452,บริษัท อาร์.เอ็ม.เอ.เทรดดิ้ง จำกัด,SV04,283/74 ชั้น15 อ.โฮมเพลส ออฟฟิศ บิลดิ้ง ซ.สุขุมวิท 55 (ทองหล่อ13) ถ.สุขุมวิท แขวงคลองตันเหนือ เขตวัฒนา 10110,,,,,19x1,0.00000000,6,IMPORT,
11x1453,บริษัท ไอบีซี คอนสตรัคชั่น แอนด์ ดีเวลล๊อปเมนท์ จำกัด,SV01,21/772 ม.12 ถ.บางนา-ตราด กม. 2 แขวงบางนา เขตบางนา 10260,,,,,19x1,0.00000000,0,IMPORT,
11x1454,บริษัท ซีบริงค์ จำกัด,SV04,1866 ถ.พัฒนาการ แขวงสวนหลวง เขตสวนหลวง 10250,,,,,19x1,0.00000000,0,IMPORT,
11x1455,บริษัท เบียร์ทิพย์ บริวเวอรี่ (1991) จำกัด,FD06,68 หมู่ 2 ต.น้ำเต้า อ.บางบาล 13250,,,,,19x74,0.00000000,10,IMPORT,
11x1456,บริษัท เนชั่นแนล สตาร์ช แอนด์ เคมิเคิล (ไทยแลนด์) จำกัด,SV04,6 หมู่ 14 ถ.เสรีไทย แขวงมีนบุรี เขตมีนบุรี 10510,,,,,19x1,0.00000000,16,IMPORT,
11x1457,บริษัท ฟลูอิด เพาเวอร์ เอ็นจิเนียริ่ง จำกัด,SV04,74 ซ.สุภาพงษ์ 1 แยก 6 แขวงหนองบอน เขตประเวศ 10250,,,,,19x1,0.00000000,0,IMPORT,
11x1458,บริษัท เอ็นโฟร์เทค จำกัด,SV04,202 อาคารเลอ คองคอร์ด ชั้น 6 ถ.รัชดาภิเษก แขวงห้วยขวาง เขตห้วยขวาง 10320,,,,,19x1,0.00000000,0,IMPORT,
11x1459,บริษัท เซ้าท์อีสต์เอเชี่ยนแพคเกจจิ่งแอนด์แคนนิ่ง จำกัด,SV04,1 หมู่ 4 ถ.บ้านปลายคลองครุ ต.นาดี อ.เมือง 74000,,,,,19x1,0.00000000,88,IMPORT,
11x1460,CHC TRADING & TECHNICAL SERVICE,SV01,"169/1 DONG DEN ST.,WARD13, TAN BINH DISTRICT, HO CHI MINH CITY",,,,,19x1,0.00000000,0,IMPORT,
11x1461,บริษัท สวินเบอร์น เอ็นจิเนียริ่ง จำกัด,SV04,98/6 หมู่ 13 ถ.พหลโยธิน ต.คลองหนึ่ง อ.คลองหลวง 12120,,,,,19x1,0.00000000,0,IMPORT,
11x1462,บริษัท เอ็ม อี ซี ที จำกัด,SV01,252/144 ซ.พหลโยธิน 32 (อาคารชุดสายลมสวีท) ถ.พหลโยธิน แขวงจันทรเกษม เขตจตุจักร 10900,,,,,19x1,0.00000000,0,IMPORT,
11x1463,บริษัท เคมีแมน จำกัด,SV04,33/1 หมู่ที่ 11 ถ.หนองคณฑี-ห้วยศาลเจ้า ต.ห้วยป่าหวาย อ.พระพุทธบาท 18120,,,,,19x1,0.00000000,0,IMPORT,
11x1464,บริษัท เซอโวไลน์ จำกัด,SV04,302/49 ซ.ลาดพร้าว 71 ถ.ลาดพร้าว แขวงคลองเจ้าคุณสิงห์ เขตวังทองหลาง 10310,,,,,19x1,0.00000000,0,IMPORT,
11x1465,บริษัท เอ็ม.ซี.ดี. การพิมพ์ (ประเทศไทย) จำกัด,SV04,111 หมู่ 4 นิคมอุตสาหกรรมบางปู ซ.14 บี ถ.สุขุมวิท ต.แพรกษา อ.เมือง 10280,,,,,19x1,0.00000000,447,IMPORT,
11x1466,บริษัท ไดกิ้น อินดัสทรีส์ (ประเทศไทย) จำกัด,EL01,700/11 หมู่ 1 ถ.บางนา-ตราด กม.57 ต.คลองตำหรุ  อ.เมือง  จ.ชลบุรี  20000 20000,,,,,19x1,0.00000000,1489,IMPORT,
11x1467,บริษัท เจริญโภคภัณฑ์อาหาร จำกัด (มหาชน),FD04,256/120 หมู่ที่ 12 ต.โชคชัย อ.โชคชัย 30190,,,,,19x1,0.00000000,65,IMPORT,
11x1468,บริษัท ส.ศิริแสง จำกัด,SV04,140 ถ.วิภาวดีรังสิต แขวงดินแดง เขตดินแดง 10400,,,,,19x1,0.00000000,45,IMPORT,
11x1469,บริษัท แท็คโก้ เจนเนอเรชั่น จำกัด,SV04,66/223 หมู่ 6 ถ.ตลิ่งชัน-สุพรรณบุรี ต.เสาธงหิน อ.บางใหญ่ 11140,,,,,19x23,0.00000000,0,IMPORT,
11x1470,บริษัท เทย์ก้า (ไทยแลนด์) จำกัด,CH07,700/490 หมู่ 4 ต.บ้านเก่า อ.พานทอง จ.ชลบุรี 20160 20160,,,,,19x74,0.00000000,11,IMPORT,
11x1471,บริษัท ปัญจพล พัลพ์ อินดัสตรี้ จำกัด (มหาชน),PP01,323 ถนนสีลม แขวงสีลม เขตบางรัก 10500,,,,,19x34,0.00000000,435,IMPORT,
11x1472,บริษัท ไอโซเมค คอร์ปอเรชั่น จำกัด,SV04,58/40 ถ.พระยาสุเรนทร์ แขวงบางชัน เขตคลองสามวา 10510,,,,,19x1,0.00000000,0,IMPORT,
11x1473,บริษัท นิวสตาร์ อินเตอร์เนชั่นแนล จำกัด,SV04,729/147 ถนนรัชดาภิเษก แขวงบางโพงพาง เขตยานนาวา 10120,,,,,19x23,0.00000000,10,IMPORT,
11x1474,บริษัท ควอลิเมอร์ จำกัด (ยกเลิก),CH43,29/3  หมู่ 2  ถ. บ้านบึง-แกลง กม.56 ต. หนองใหญ่ อ.หนองใหญ่ จ.ชลบุรี 20190 20190,,,,,19x1,0.00000000,0,IMPORT,
11x1475,บริษัท โฟคัส แมคคานิค จำกัด,SV04,"16,18 ซ.พัฒนาการ 53 ถ.พัฒนาการ แขวงพัฒนาการ เขตสวนหลวง 10250",,,,,19x45,0.00000000,14,IMPORT,
11x1476,บริษัท บริดจสโตนไทร์ แมนูแฟคเจอริ่ง (ประเทศไทย) จำกัด,AG02,700/622 หมู่ 4 ต.บ้านเก่า อ.พานทอง จ.ชลบุรี 20160 20160,,,,,19x34,0.00000000,476,IMPORT,
11x1477,บริษัท ลำพูน ซิงเดนเก็น จำกัด,SV04,105 ม.4 ถ.ทางหลวงหมายเลข 11 ต.บ้านกลาง อ.เมือง จ.ลำพูน 51000 51000,,,,,19x1,0.00000000,1178,IMPORT,
11x1478,บริษัท โกลบอล เอ็นจิเนียริ่ง โซลูชั่นส์ จำกัด,SV04,28/7 ม.2 ถ.กาญจนาภิเษก แขวงบางเชือกหนัง เขตตลิ่งชัน 10170,,,,,19x1,0.00000000,0,IMPORT,
11x1479,บริษัท พี เค เค สยาม จำกัด,SV04,50 หมู่ 4 ถ.ศรีนครินทร์ ต.บางแก้ว อ.บางพลี 10540,,,,,19x1,0.00000000,0,IMPORT,
11x1480,บริษัท อลูมิเนียม ฉื่อ จิ้น ฮั้ว จำกัด,MT99,เลขที่ 6 หมู่ 4 ถ.สุขสวัสดิ์ ต.บางครุ อ.พระประแดง 10130,,,,,19x1,0.00000000,0,IMPORT,
11x1481,บริษัท เจ.ไอ.ที.รีฟริเจอเรชั่น จำกัด,SV04,60/2 หมู่ 6  แขวงออเงิน เขตสายไหม 10220,,,,,19x1,0.00000000,0,IMPORT,
11x1482,บริษัท อัลฟา เอ็กเซล เอ็นจิเนียริ่ง จำกัด,UT99,590 ซ.เจริญนคร 14 ถ.เจริญนคร แขวงคลองต้นไทร เขตคลองสาน 10600,,,,,19x1,0.00000000,0,IMPORT,
11x1483,บริษัท สหฤทัย เซอร์วิส จำกัด,AG02,60/5 หมู่ 7 ถ.บางกรวย-ไทรน้อย ต.บางกรวย อ.บางกรวย 11130,,,,,19x1,0.00000000,0,IMPORT,
11x1484,บริษัท วอลล์ เทคโนโลยี จำกัด,SV07,70 หมู่ 13 ถ.พุทธมณฑลสาย 5 ต.ไร่ขิง อ.สามพราน 73210,,,,,19x88,0.00000000,217,IMPORT,
11x1485,บริษัท เนชั่นแนล สตาร์ช แอนด์ เคมิเคิล (ไทยแลนด์) จำกัด,FD08,41 หมู่ 7 ถ.ถีนานนท์ ต.นาจารย์ อ.เมือง 46000,,,,,19x1,0.00000000,16,IMPORT,
11x1486,ห้างหุ้นส่วนจำกัด ไอ.เอ็ม.มาร์เก็ตติ้ง,SV04,459/151 ม.5 ถ.ร่มเกล้า แขวงคลองสามประเวศ เขตลาดกระบัง 10520,,,,,19x1,0.00000000,0,IMPORT,
11x1487,บริษัท อินนิออส เอบีเอส (ประเทศไทย) จำกัด,CH03,4/2 ถ.ไอ-แปด ต.มาบตาพุด อ.เมือง 21150,,,,,19x1,0.00000000,0,IMPORT,
11x1488,บริษัท กระเบื้องหลังคาซีแพค จำกัด,MN06,76/1 ม.4 ต.หอมเกร็ด อ.สามพราน 73110,,,,,19x1,0.00000000,0,IMPORT,
11x1489,บริษัท เฟลิกซ์ ริเวอร์แควรีสอร์ท (กาญจนบุรี) จำกัด,SV04,9/1 หมู่ที่ 3  ต.ท่ามะขาม อ.เมืองกาญจนบุรี 71000,,,,,19x1,0.00000000,0,IMPORT,
11x1490,บริษัท กัลฟ์ โคเจนเนอเรชั่น จำกัด,UT01,79 หมู่ 3 ต.ตาลเดี่ยว อ.แก่งคอย 18110,,,,,19x1,0.00000000,0,IMPORT,
11x1491,บริษัท ไพโอเนียร์ อีลาสติค (ประเทศไทย) จำกัด,CH08,39/85 ซอย 4 หมู่ 2 ต.บางกระเจ้า อ.เมืองสมุทรสาคร 74000,,,,,19x92,0.00000000,220,IMPORT,
11x1492,บริษัท เบสท์เทรด เทคโนโลยี จำกัด,SV04,54/5 ม.6  ต.เสาธงหิน อ.บางใหญ่ 11140,,,,,19x1,0.00000000,0,IMPORT,
11x1493,บริษัท หงีเฮงแชมเปี้ยนกรุ๊ป จำกัด,SV04,99/9 หมู่ 1 ถ.พระราม 2 ต.บางน้ำจืด อ.เมือง 74000,,,,,19x1,0.00000000,52,IMPORT,
11x1494,มิตซูบิชิ เคมิคอล (ประเทศไทย),OT99,183 อาคารรีเจ้นท์เฮ้าส์ ชั้น18 ถนนราชดำริ แขวงลุมพินี เขตปทุมวัน 10330,,,,,19x1,0.00000000,0,IMPORT,
11x1495,ห้างหุ้นส่วนจำกัด เอ็ม.แอล. เอ็นจิเนียริ่ง แอนด์ เซอร์วิส,SV01,117/23  ซ.วัดช่องลม ถ.สาธุประดิษฐ์ แขวงช่องนนทรี เขตยานนาวา 10120,,,,,19x1,0.00000000,0,IMPORT,
11x1496,บริษัท อินเตอร์เทค เทสติ้ง เซอร์วิสเซส (ประเทศไทย)จำกัด,SV04,60/1 อาคารมนริริน ห้อง 601บี ซ.พหลโยธิน 8  ถ.พหลโยธิน แขวงสามเสนใน เขตพญาไท 10400,,,,,19x1,0.00000000,0,IMPORT,
11x1497,บริษัท ยูเนี่ยน เทค เอ็นจิเนียริ่ง จำกัด,SV04,84 ถ.เลียบคลองสอง แขวงบางชัน เขตคลองสามวา 10510,,,,,19x1,0.00000000,0,IMPORT,
11x1498,ห้างหุ้นส่วนจำกัด ธนชัย เมคคานิคอล,FD99,58 ซ.อุดมสุข 41 ถ.สุขุมวิท 103 แขวงบางจาก เขตพระโขนง 10260,,,,,19x1,0.00000000,0,IMPORT,
11x1499,บริษัท สยามร่วมมิตร จำกัด,FD01,9/19 หมู่ 4 ถ.เสรีไทย แขวงคันนายาว เขตคันนายาว 10230,,,,,19x1,0.00000000,351,IMPORT,
11x1500,บริษัท พี.เอส. แปซิฟิค จำกัด,0000,66 หมู่ที่ 2 ตำบลห้วยท่าช้าง อำเภอเขาย้อย 76140,,,,,19x1,0.00000000,0,IMPORT,
11x1501,บริษัท พารา ซูมิ-ไทย ลิสซิ่ง จำกัด,SV01,968 อาคารอื้อจือเหลียง ชั้น10 ถ.พระราม 4 แขวงสีลม เขตบางรัก 10500,,,,,19x1,0.00000000,0,IMPORT,
11x1502,บริษัท เอช.เอ็ม.อี. แมชชีนเนอรี่ (ไทยแลนด์) จำกัด,SV01,1/15  อาคารบางนาธานี ชั้น 7 ซอยบางนา-ตราด 34  แขวงบางนา เขตบางนา 10260,,,,,19x1,0.00000000,0,IMPORT,
11x1503,บริษัท ไทยยูเนี่ยน ฟีดมิลล์ จำกัด,FD05,89/1 ม.2 ต.กาหลง อ.เมือง 74000,,,,,19x1,0.00000000,1040,IMPORT,
11x1504,บริษัท นิวคอนเซพท์ โปรดัคท์ จำกัด,SV01,156 ซ.ลาดพร้าว107 ถ.ลาดพร้าว แขวงคลองจั่น เขตบางกะปิ 10240,,,,,19x1,0.00000000,110,IMPORT,
11x1505,บริษัท ทริปเปิ้ล อายส์ เอ็นจิเนียริ่ง จำกัด,SV04,2/307 ม.7 ต.บางพูด อ.ปากเกร็ด 11120,,,,,19x1,0.00000000,0,IMPORT,
11x1506,บริษัท บางกอกโมเดิร์นบิสซิเนส จำกัด,SV04,1991/132 ถนนสุขุมวิท 77(อ่อนนุช) แขวงสวนหลวง เขตสวนหลวง 10250,,,,,19x1,0.00000000,0,IMPORT,
11x1507,บริษัท ซีโก้แอสฟัลท์ จำกัด,CH15,22/22 หมู่ 13 ต.บ่อสุพรรณ อ.สองพี่น้อง 72190,,,,,19x45,0.00000000,73,IMPORT,
11x1508,บริษัท บราเธอร์โฟม จำกัด (สาขาที่ 3),CH41,9 หมู่ 6  ต.ราษฎร์นิยม อ.ไทรน้อย 11150,,,,,19x88,0.00000000,0,IMPORT,
11x1509,บริษัท ไอเซอร์ คอร์เปอร์เรชั่น จำกัด,CH99,22/162 ถ.ป๊อปปูล่า ต.บ้านใหม่ อ.ปากเกร็ด 11120,,,,,19x1,0.00000000,0,IMPORT,
11x1510,บริษัท กิตติวดีศิลาพาณิชย์ จำกัด,FD99,399 หมู่บ้านเกษตรพัฒนา หมู่ที่ 15 ต.บุเปือย อ.น้ำยืน 34260,,,,,19x1,0.00000000,30,IMPORT,
11x1511,บริษัท มิตรสยามอินเตอร์เนชั่นแนล จำกัด,SV04,175 อาคารสาธรซิตี้ทาวเวอร์ ชั้น 15-16 ถ.สาทรใต้ แขวงทุ่งมหาเมฆ เขตสาทร 10120,,,,,19x1,0.00000000,0,IMPORT,
11x1512,องค์การบริหารส่วนตำบลบางนอน,GV00,144/1 หมู่ 3 ตำบลบางนอน อำเภอเมือง 85000,,,,,19x1,0.00000000,0,IMPORT,
11x1513,ห้างหุ้นส่วนจำกัด ร่วมกิจเอ็นจิเนียริ่ง แอนด์ซัพพลาย,0000,146/5 หมู่ 13 ต.คลองสอง อ.คลองหลวง 12120,,,,,19x1,0.00000000,0,IMPORT,
11x1514,บริษัท เซอเฟส สเปเชียลตี้ส์ (ประเทศไทย)  จำกัด,CH05,2 ซอย จี-2 ถ.ปกรณ์สงเคราะห์ราษฎร์ ต.มาบตาพุด อ.เมือง 21151,,,,,19x1,0.00000000,0,IMPORT,
11x1515,บริษัท ไทยบริดจสโตน จำกัด,AG02,75  ม.2 ถ.พหลโยธิน ต.ไผ่ต่ำ  อ.หนองแค 18140,,,,,19x1,0.00000000,987,IMPORT,
11x1516,บริษัท เพทราเคม (ประเทศไทย) จำกัด,CH14,อาคาร ริเวอร์วิวเพลซ ตึกเอ ชั้น 4 เลขที่ 1258/31 ถนนพระราม 3 แขวงช่องนนทรี เขตยานนาวา 10120,,,,,19x45,0.00000000,18,IMPORT,
11x1517,บริษัท ควิกวัน จำกัด,CH14,47/88 ม.3 ต.คลองสวนพลู อ.พระนครศรีอยุธยา 10300,,,,,19x1,0.00000000,0,IMPORT,
11x1518,บริษัท เลย์มาส จำกัด,SV04,5/16 ซ.อารีย์ 5 ถ.พหลโยธิน แขวงสามเสนใน เขตพญาไท 10400,,,,,19x1,0.00000000,0,IMPORT,
11x1519,บริษัท ไทยมิเตอร์ จำกัด,SV04,262-268 ถ.วรจักร แขวงบ้านมาตร เขตป้อมปราบศัตรูพ่าย 10100,,,,,19x1,0.00000000,0,IMPORT,
11x1520,บริษัท เอ็นเท็ค เอ็นจิเนียริ่ง จำกัด,SV04,20 ม.10   ถ.สุขุมวิท ต.สำโรงเหนือ อ.เมืองสมุทรปราการ 10270,,,,,19x1,0.00000000,0,IMPORT,
11x1521,บริษัท อควา สปอร์ตส์ จำกัด,SV04,45/3 ซ.สุขุมวิท 31 ถ.สุขุมวิท แขวงคลองเตยเหนือ เขตวัฒนา 10110,,,,,19x1,0.00000000,0,IMPORT,
11x1522,บริษัท รีฟริเทค จำกัด,SV04,38/41 หมู่ 4 ต.ลำลูกกา อ.ลำลูกกา 12150,,,,,19x19,0.00000000,10,IMPORT,
11x1523,บริษัท เบสแทค เคมิคอล จำกัด,CH41,1399 ซ.มหามกุฎ ถ.เทพารักษ์ ต.เทพารักษ์ อ.เมืองสมุทรปราการ 10270,,,,,19x1,0.00000000,39,IMPORT,
11x1524,บริษัท ไซเทคเอเซีย โซลูชั่น จำกัด,SV01,เลขที่ 2 อาคารเพลินจิตเซ็นเตอร์ ชั้น 11 ถ.สุขุมวิท แขวงคลองเตย เขตคลองเตย 10110,,,,,19x1,0.00000000,0,IMPORT,
11x1525,บริษัท เอ็ม.ที.ที.เอส. เอ็นจิเนียริ่ง จำกัด,SV04,36 ซอยอ่อนนุช17 แยก 3 แขวงสวนหลวง เขตสวนหลวง 10250,,,,,19x1,0.00000000,0,IMPORT,
11x1526,บริษัท โทเทิล อินดัสเตรียล โซลูชั่น จำกัด,SV04,165  ซ.พัฒนาการ 40 แขวงสวนหลวง เขตสวนหลวง 10250,,,,,19x1,0.00000000,0,IMPORT,
11x1527,บริษัท พันธ์-ชื่น จำกัด,SV04,175 ม.17 ถ.บางนา-ตราด ต.บางเสาธง  กิ่ง อ.บางเสาธง 10540,,,,,19x1,0.00000000,0,IMPORT,
11x1528,บริษัท คอพเพิร์น เอ็นจิเนียริ่ง จำกัด,SV04,29/149 ม.7 หมู่บ้านสุขสันต์ 6 ถ.วงแหวน แขวงบางแค เขตบางแค 10160,,,,,19x1,0.00000000,0,IMPORT,
11x1529,ห้างหุ้นส่วนจำกัด ที.พี.เอ็ม. อะบิลลิตี้,SV04,99/38  หมู่ 5 ถ.บางกรวย-ไทรน้อย ต.บางกร่าง  อ.เมือง 11000,,,,,19x1,0.00000000,0,IMPORT,
11x1530,บริษัท เบียร์ทิพย์ บริวเวอรี่ (1991)   จำกัด,FD06,2194 ถ.เจริญกรุง แขวงวัดพระยาไกร (ตรงข้ามซอยเจริญกรุง 97) เขตบางคอแหลม 10120,,,,,19x1,0.00000000,10,IMPORT,
11x1531,บริษัท เทคโนโลยี่แอนด์เอ็นจิเนียริ่งสแควร์ จำกัด,SV02,101 ซอยเสรีไทย 81/2 แขวงคันนายาว เขตคันนายาว 10230,,,,,19x43,0.00000000,0,IMPORT,
11x1532,บริษัท เบียร์ทิพย์ บริวเวอรี่ (1991) จำกัด,FD06,77 ม.1 ถ.พหลโยธิน ต.ลำไทร อ.วังน้อย 13170,,,,,19x1,0.00000000,10,IMPORT,
11x1533,บริษัท เหล็กแผ่นรีดเย็นไทย จำกัด (มหาชน),MT02,111  หมู่ 4  ต.แม่รำพึง อ.บางสะพาน จ.ประจวบคีรีขันธ์ 77140 77140,,,,,19x1,0.00000000,532,IMPORT,
11x1534,บริษัท เหล็กแผ่นเคลือบไทย จำกัด (มหาชน),MT02,2  ม.7 ต.แม่รำพึง อ.บางสะพาน จ.ประจวบคีรีขันธ์ 77140 77140,,,,,19x1,0.00000000,0,IMPORT,
11x1535,MANDO FOR ENG.& TRADING,SV04,OFF.031227878-486670 P.O.BOX 1087 CELL 093-486670  HOMS-SYRIA,,,,,19x1,0.00000000,0,IMPORT,
11x1536,บริษัท เด็มโก้ จำกัด,SV04,50/26-27 หมู่ที่ 8 ถ.พหลโยธิน แขวงอนุสาวรีย์ เขตบางเขน 10220,,,,,19x1,0.00000000,0,IMPORT,
11x1537,บริษัท แอตแลนติก มิลส์ (ประเทศไทย) จำกัด,TT00,39/29-34 ม.2 ต.บางกระเจ้า อ.เมือง 74000,,,,,19x1,0.00000000,0,IMPORT,
11x1538,บริษัท พี.เอส.ปิโตรเทค จำกัด,SV04,731 อาคาร พี.เอ็ม.ทาวเวอร์ ถ.อโศก-ดินแดง แขวงดินแดง เขตดินแดง 10400,,,,,19x1,0.00000000,0,IMPORT,
11x1539,บริษัท ไทยแสนไว เอ็นจิเนียริ่ง จำกัด,SV04,358/2 ม.9  ซ.ประชาอุทิศ 16 ถ.ประชาอุทิศ แขวงราษฎร์บูรณะ เขตราษฎร์บูรณะ 10140,,,,,19x1,0.00000000,0,IMPORT,
11x1540,บริษัท อินเตอร์เนชั่นแนล โปรเคียวเม้นท์ จำกัด,SV04,5 ถนนรามคำแหง แขวงหัวหมาก เขตบางกะปิ 10240,,,,,19x43,0.00000000,0,IMPORT,
11x1541,ห้างหุ้นส่วนจำกัด พี เอ็น คอนสตรั๊คชั่น แอนด์ เซอร์วิส,SV04,118  ม.11 ต.ห้วยใหญ่ อ.บางละมุง จ.ชลบุรี 20260 20260,,,,,19x1,0.00000000,0,IMPORT,
11x1542,บริษัท วอเตอร์ ด๊อกเตอร์  จำกัด,SV04,1687 ซ.ลาดพร้าว 94 ถ.ลาดพร้าว แขวงวังทองหลาง เขตวังทองหลาง 10310,,,,,19x1,0.00000000,0,IMPORT,
11x1543,บริษัท ซี ไอ เอ็ม เอ็นจิเนียริ่ง (ประเทศไทย) จำกัด,SV04,703 ชั้น 7B อาคารรัชฎาสวีท ถ.วงศ์สว่าง  แขวงบางซื่อ เขตบางซื่อ 10800,,,,,19x1,0.00000000,29,IMPORT,
11x1544,บริษัท กฟผ. จำกัด (มหาชน),GV00,32 ม.4 ต.วังจุฬา อ.วังน้อย 17130,,,,,19x1,0.00000000,0,IMPORT,
11x1545,บริษัท วอเตอร์เคมิคัล แอนด์ เอ็นจิเนียริ่ง จำกัด,SV04,50/75  ม.2 แขวงประเวศ เขตประเวศ 10310,,,,,19x1,0.00000000,0,IMPORT,
11x1546,บริษัท โปรเฟสชั่นแนล เอ็นจิเนียริ่ง เซอร์วิส จำกัด,SV04,อาคารบอสส์ ทาวเวอร์ ชั้น 5 ห้อง 506 เลขที่ 3241 ถ.พระราม 4 แขวงคลองตัน เขตคลองเตย 10110,,,,,19x1,0.00000000,0,IMPORT,
11x1547,บริษัท ฮิราคาวา ไกดัม (ไทยแลนด์) จำกัด,SV04,109/92-95 ม.19 ซ.สุขสวัสดิ์ 66 ถ.สุขสวัสดิ์ ต.บางพึ่ง อ.พระประแดง 10130,,,,,19x1,0.00000000,0,IMPORT,
11x1548,บริษัท แอร์โรเฟลกซ์ อินเตอร์เนชันแนล จำกัด,OM00,111/1 ม.2 ต.มะขามคู่ กิ่ง อ.นิคมพัฒนา 21180,,,,,19x1,0.00000000,0,IMPORT,
11x1549,บริษัท อดิตยา เบอร์ล่า เคมีคัลส์ (ประเทศไทย)  จำกัด,CH01,(อีพอกซี่ ดีวีชั่น)   เลขที่ 2 ถ.ไอ-ห้า นิคมอุตสาหกรรมมาบตาพุด ต.มาบตาพุด อ.เมืองระยอง 21150,,,,,19x1,0.00000000,166,IMPORT,
11x1550,บริษัท อินทีกรา จำกัด,SV04,33/53  หมู่ 10 ต.บางปลา อ.บางพลี 10540,,,,,19x1,0.00000000,0,IMPORT,
11x1551,โรงน้ำแข็งอู่ทอง,SV04,158 ม.3 ต.อู่ทอง อ.อู่ทอง 72160,,,,,19x1,0.00000000,0,IMPORT,
11x1552,บริษัท เวสเทิร์นพาร์ อินเตอร์แมค (1998) จำกัด,SV04,159/20 ถ.เพชรเกษม ต.หน้าเมือง อ.เมือง จ.ราชบุรี 70000 70000,,,,,19x1,0.00000000,0,IMPORT,
11x1553,บริษัท ปตท. เคมิคอล จำกัด (มหาชน) ยกเลิก,CH99,555/1 ศูนย์เอนเนอร์ยี่คอมเพล็กซ์ อาคารเอ ชั้น 15-18  ถนนวิภาวดีรังสิต แขวงจตุจักร เขตจตุจักร 10900,,,,,19x1,0.00000000,0,IMPORT,
11x1554,บริษัท อีเทอนัล พลาสติก จำกัด,CH43,29/4 หมู่ 5 ซอยธรรมศิริ ถ.บางนา-ตราด กม. 25.5,,,,,19x1,0.00000000,0,IMPORT,
11x1555,บริษัท ริช ไรส จำกัด,SV04,7/121 หมู่ 11 ซ.รามอินทรา 52 ถ.รามอินทรา แขวงคันนายาว เขตคันนายาว 10230,,,,,19x1,0.00000000,0,IMPORT,
11x1556,ห้างหุ้นส่วนจำกัด เบิร์ด แอนด์ บูม เอ็นจิเนียริ่ง,SV04,8/10 ม.1 แขวงหนองค้างพลู เขตหนองแขม 10160,,,,,19x1,0.00000000,30,IMPORT,
11x1557,บริษัท ไปปส์ แอนด์ ปั๊มส์  จำกัด,UT04,147 ซอยทรงสะอาด  ถ.วิภาวดีรังสิต แขวงจอมพล เขตจตุจักร 10900,,,,,19x43,0.00000000,0,IMPORT,
11x1558,บริษัท ซีซีพี เท็กซ์ไทล์ จำกัด,TT00,85 ม.1 ต.อ้อมน้อย อ.กระทุ่มแบน 74130,,,,,19x1,0.00000000,60,IMPORT,
11x1559,บริษัท ศรีจันทร์ เอ็นจิเนียริ่ง แอนด์ คอนสตรัคชั่น จำกัด,UT03,35/19  ม.6 ซ.ทวีสิทธิ์ ถ.กรุงเทพ-นนทบุรี ต.บางเขน อ.เมืองนนทบุรี 11000,,,,,19x1,0.00000000,0,IMPORT,
11x1560,บริษัท ไอนอคซ์ อินเตอร์เนชั่นแนล จำกัด,UT03,56/26 ม.12 ซ.รามอินทรา 42 ถ.รามอินทรา แขวงคลองกุ่ม เขตบึงกุ่ม 10230,,,,,19x1,0.00000000,0,IMPORT,
11x1561,บริษัท โอร์กาโน่ (ประเทศไทย) จำกัด,UT03,1010 อาคารชินวัตรทาวเวอร์ 3 ห้องเลขที่ 1701-ที ชั้น 17 ถ.วิภาวดีรังสิต แขวงจตุจักร เขตจตุจักร 10900,,,,,19x1,0.00000000,0,IMPORT,
11x1562,บริษัท ไตร เอนเนอจี้ จำกัด,UT01,1550 อาคารธนภูมิ ชั้น 16 ถ.เพชรบุรีตัดใหม่ แขวงมักกะสัน เขตราชเทวี 10400,,,,,19x1,0.00000000,0,IMPORT,
11x1563,ร้านบุญยงค์แก๊ส,CH14,47/3 หมู่ 9 ต.บางพระ อ.ศรีราชา จ.ชลบุรี 20210 20210,,,,,19x1,0.00000000,0,IMPORT,
11x1564,บริษัท แอดเทค เทรดดิ้ง จำกัด,SV04,1697/79 ถนนลาดพร้าว แขวงสามเสนนอก เขตห้วยขวาง 10310,,,,,19x1,0.00000000,0,IMPORT,
11x1565,บริษัท เจนสตาร์ เทคโนโลยี่ จำกัด,SV04,4236/178 ถ.เจริญกรุง แขวงบางโคล่ เขตบางคอแหลม 10120,,,,,19x1,0.00000000,0,IMPORT,
11x1566,ห้างหุ้นส่วนจำกัด ไทยเบิร์นเนอร์ อินดัสเตรียล ซัพพลาย,SV04,168  ถ.สุขุมวิท (ซอย8) แขวงคลองเตย เขตคลองเตย 10110,,,,,19x1,0.00000000,0,IMPORT,
11x1567,บริษัท โยโกฮามา ไทร์ แมนูแฟคเจอริ่ง (ประเทศไทย) จำกัด,AG02,7/240 หมู่ 6  ถนนนิคมอุตสาหกรรมอมตะซิตี้ ต.มาบยางพร อ.ปลวกแดง 21140,,,,,19x1,0.00000000,10,IMPORT,
11x1568,บริษัท เจริญชัย เทรดดิ้ง เอ็นจิเนียริ่ง จำกัด,SV04,42 ซ.รามคำแหง 64 ถ.รามคำแหง แขวงหัวหมาก เขตบางกะปิ 10240,,,,,19x1,0.00000000,0,IMPORT,
11x1569,บริษัท นิฮอน ตะวัน เอ็นจิเนียริ่ง จำกัด,SV01,125/8-125/9 หมู่ 7 ตำบลบ่อวิน อำเภอศรีราชา จังหวัดชลบุรี  20230 20230,,,,,19x19,0.00000000,0,IMPORT,
11x1570,บริษัท ชะอำพีรพัฒน์ เคมีคอล จำกัด,CH05,118 หมู่ 4 ซ.วัดสวนสันติ ต.ทับคาง อ.เขาย้อย 76140,,,,,19x1,0.00000000,0,IMPORT,
11x1571,บริษัท แอดวานซ์ เทคโนโลยี อีควิปเม้นท์ จำกัด,SV04,29/19-20-21-22  ถ.พระราม 9 แขวงห้วยขวาง เขตห้วยขวาง 10310,,,,,19x1,0.00000000,0,IMPORT,
11x1572,บริษัท น้ำมันบริโภคไทย  จำกัด,FD03,3366/6-8  ซอยมโนรม ถ. พระราม 4 แขวงคลองตัน เขตคลองเตย 10110,,,,,19x45,0.00000000,98,IMPORT,
11x1573,บริษัท โกรว์ทสยาม เอ็นจิเนียริ่ง จำกัด,SV04,121/86  ม.3  ต.บ่อวิน อ.ศรีราชา  จ.ชลบุรี  20230 20230,,,,,19x1,0.00000000,0,IMPORT,
11x1574,บริษัท สุราบางยี่ขัน จำกัด,FD07,82 หมู่ 3  ต.บางคูวัด อ.เมือง 12000,,,,,19x74,0.00000000,593,IMPORT,
11x1575,บริษัท โกลบอล ยูทิลิตี้ เซอร์วิส จำกัด,SV04,540 อาคารเมอร์คิวรี่ทาวเวอร์ ชั้น 6 ถ.เพลินจิต แขวงลุมพินี เขตปทุมวัน 10330,,,,,19x34,0.00000000,13,IMPORT,
11x1576,บริษัท พี.เอ.เอส.พืชผลส่งออกและไซโล จำกัด,SV04,2/11 ถ.พิศาลสุนทรกิจ ต.เมืองฯ อ.สวรรคโลก 64110,,,,,19x1,0.00000000,124,IMPORT,
11x1577,บริษัท โตโยต้า พาราก้อน มอเตอร์ จำกัด,,41/1  หมู่  2  ถนนรังสิต-นครนายก อ.ธัญบุรี 12110,,,,,19x1,0.00000000,90,IMPORT,
11x1578,ทาคูม่า คัมปะนี ลิมิเต็ด,SV01,77/69 อาคารสินสาธรทาวเวอร์ ชั้น 18 ถ.กรุงธนบุรี แขวงคลองต้นไทร เขตคลองสาน 10600,,,,,19x1,0.00000000,0,IMPORT,
11x1579,บริษัท อินโดไชน่า เอ็นจิเนียริ่ง ซิสเท็มส์ จำกัด,OM00,888/7 หมู่ 20 ซ.บุญมีทรัพย์ ถ.บางพลี-ตำหรุ  ต.บางพลีใหญ่ อ.บางพลี 10540,,,,,19x1,0.00000000,108,IMPORT,
11x1580,บริษัท สยามซิสเต็มคาร์ จำกัด,UT99,56/1 หมู่ 7 ต.บางแขม อ.เมือง 73000,,,,,19x1,0.00000000,0,IMPORT,
11x1581,บริษัท กระเบื้องหลังคาซีแพค  จำกัด,MN06,39 หมู่ 7 ต.หนองปลิง อ.หนองแค 18140,,,,,19x1,0.00000000,0,IMPORT,
11x1582,บริษัท ปาล์มน้ำมันธรรมชาติ จำกัด,FD03,29/3 ม.5 ถ.บางรูป-บางเหรียง ต.สินเจริญ อ.พระแสง 84210,,,,,19x1,0.00000000,11,IMPORT,
11x1583,บริษัท บี.เอ็น.บราเดอร์ จำกัด,SV04,169 หมู่ 6 ซอยสุขสวัสดิ์ 92 ถ.สุขสวัสดิ์ ต.ในคลองบางปลากด อ.พระสมุทรเจดีย์ 10290,,,,,19x1,0.00000000,0,IMPORT,
11x1584,บริษัท กุลวิเศษ เอ็นจิเนียริ่งและการเกษตร จำกัด,FD01,100/70 หมู่ 2 โกสุมนิเวศน์ แขวงทุ่งสองห้อง เขตหลักสี่ 10210,,,,,19x1,0.00000000,0,IMPORT,
11x1585,บริษัท เคเอสบี พั๊มส์ จำกัด,SV04,57 หมู่ 14 ถ.สุวินทวงศ์ แขวงกระทุ่มราย เขตหนองจอก 10530,,,,,19x77,0.00000000,60,IMPORT,
11x1586,บริษัท ไทยจูรองเอ็นจิเนียริ่ง จำกัด,SV01,75/14 อาคารโอเชี่ยนทาวเวอร์ 2 ชั้น 15 ถ.สุขุมวิท 19  แขวงคลองตันเหนือ เขตวัฒนา 10110,,,,,19x1,0.00000000,0,IMPORT,
11x1587,บริษัท เฌอร่า จำกัด  (มหาชน)-รง.นาบอน,MN06,200 หมู่ 7 ทางหลวงแผ่นดินหมายเลข 41 ต.นาบอน อ.นาบอน 80220,,,,,19x1,0.00000000,3070,IMPORT,
11x1588,บริษัท โทสแพลนท์ เอ็นจิเนียริ่ง (ประเทศไทย) จำกัด,SV01,66 อาคารคิวเฮาส์(อโศก) ชั้น 15 ถนนสุขุมวิท 21 (อโศก)  แขวงคลองเตยเหนือ เขตวัฒนา 10110,,,,,19x51,0.00000000,0,IMPORT,
11x1589,บริษัท แก๊สซัพพลายส์ จำกัด,CH02,244/1 ถ.แก้วนวรัฐ ต.วัดเกต อ.เมือง 50000,,,,,19x43,0.00000000,0,IMPORT,
11x1590,บริษัท เทซอยล์ ปิโตรเคมีคัล จำกัด,SV04,90/147 หมู่ 6  ต.ลาดสวาย อ.ลำลูกกา 12150,,,,,19x1,0.00000000,0,IMPORT,
11x1591,บริษัท ซีบร้า อินเตอร์เนชั่นแนล จำกัด,SV04,99/34-35 หมู่ 1 ถ.พระราม2 แขวงท่าข้าม  เขตบางขุนเทียน 10150,,,,,19x1,0.00000000,0,IMPORT,
11x1592,บริษัท ซีบา สเปเชียลตี้ เคมิคอลส์ (ประเทศไทย)  จำกัด,SV04,อาคารชินวัตรทาวเวอร์ 3  ชั้น 27 1010  ถ.วิภาวดีรังสิต  แขวงจตุจักร เขตจตุจักร 10900,,,,,19x1,0.00000000,0,IMPORT,
11x1593,บริษัท ไซเบอร์แพค จำกัด,SV01,123 หมู่ 9 นิคมอุตสาหกรรมเวลโกรว์ ต.บางวัว อ.บางปะกง 24180,,,,,19x27,0.00000000,144,IMPORT,
11x1594,บริษัท อี แอนด์ เอ็ม(ไทยแลนด์) จำกัด,SV04,609/9 หมู่ 8 ซอยรามอินทรา 34 ถนนรามอินทรา แขวงท่าแร้ง เขตบางเขน 10230,,,,,19x1,0.00000000,0,IMPORT,
11x1595,บริษัท ที.เจ.เอ. อินดัสตรีย์ จำกัด,SV04,103/75 ซ.ทรัพย์เจริญสุข ถ.สุขุมวิท 105 แขวงบางนา เขตบางนา 10260,,,,,19x1,0.00000000,0,IMPORT,
11x1596,บริษัท เอส.ดี.บี. คอนสตัคชั่น จำกัด,SV04,117/84  ซ.วัดช่องลม แขวงช่องนนทรี เขตยานนาวา 10120,,,,,19x23,0.00000000,0,IMPORT,
11x1597,บริษัท เอสดี ไบโอซัพพลาย จำกัด,FD08,99 ม.10 ถ.สมเด็จ-กุฉินารายณ์ ต.คำบง  อ.ห้วยผึ้ง 46240,,,,,19x1,0.00000000,0,IMPORT,
11x1598,ห้างหุ้นส่วนจำกัด จารุวงศ์ก๊าซบึงกาฬ,CH02,129 หมู่ 9  ถ.บึงกาฬ-พังโคน ต.บึงกาฬ อ.บึงกาฬ,,,,,19x1,0.00000000,0,IMPORT,
11x1599,บริษัท เค.เอ็ม. เคมีคอล คอร์ปอเรชั่น จำกัด,SV04,236/7  ซ.กิ่งจันทน์ ถ.จันทน์ แขวงวัดพระยาไกร เขตบางคอแหลม 10120,,,,,19x1,0.00000000,0,IMPORT,
11x1600,บริษัท เอ็มบาร์ จำกัด,SV04,10/5 ม.3 แขวงสามวาตะวันออก เขตคลองสามวา 10250,,,,,19x1,0.00000000,0,IMPORT,
11x1601,บริษัท บี.เค.ซิมเม็กซ์ จำกัด,SV04,22/17 ม.8 ถ.เฉลิมพระเกียรติ ร.9 ซ.72 แขวงประเวศ  เขตประเวศ 10520,,,,,19x1,0.00000000,0,IMPORT,
11x1602,ห้างหุ้นส่วนจำกัด ชรินทร์เฮ็ลธ์แคร์,CH06,144/200  ซ.70  ม.3 ถ.ร่มเกล้า  แขวงคลองสองต้นนุ่น เขตลาดกระบัง 10540,,,,,19x1,0.00000000,0,IMPORT,
11x1603,ห้างหุ้นส่วนจำกัด เอสเอสดี ทูลส์,SV04,5/42 หมู่ 1 ถ.ศรีนครินทร์-เทพารักษ์ ต.บางแก้ว อ.บางพลี 10540,,,,,19x1,0.00000000,0,IMPORT,
11x1604,บริษัท ไทยรับเบอร์ลาเท็คซ์กรุ๊ป จำกัด,AG02,98  ม.2  บ้านดอนอุดม ต.โนนสมบูรณ์  อ.บึงกาฬ 43140,,,,,19x1,0.00000000,136,IMPORT,
11x1605,ห้างหุ้นส่วนจำกัด ร่มบุญปิโตรเลียมแพร่,CH02,142/2  ม.8  ถ.สายแพร่-ลอง ต.ป่าแมต  อ.เมือง 54000,,,,,19x1,0.00000000,0,IMPORT,
11x1606,บริษัท ดิพโซล (ประเทศไทย) จำกัด,AG02,159/2 หมู่ 17 นิคมอุตสาหกรรมบางพลี ต.บางเสาธง กิ่งอ.บางเสาธง 10540,,,,,19x1,0.00000000,0,IMPORT,
11x1607,บริษัท วาซเซอร์เท็ค  จำกัด,SV04,165/14 หมู่ 4 ถ.สุขสวัสดิ์ ต.บางพึ่ง อ.พระประแดง 10130,,,,,19x1,0.00000000,0,IMPORT,
11x1608,บริษัท คาร์ดิแนล เฮลท์ 222 (ประเทศไทย)  จำกัด,CH05,7/111  ม.4 ถ.ทางหลวงสาย 331 ต.มาบยางพร  อ.ปลวกแดง 21140,,,,,19x1,0.00000000,1319,IMPORT,
11x1609,บริษัท โสสุโก้ เซรามิค จำกัด,MN03,33/2  ม.2  ต.หนองปลิง อ.หนองแค 18140,,,,,19x1,0.00000000,0,IMPORT,
11x1610,ห้างหุ้นส่วนจำกัด บอสยูเนี่ยนเมคคานิค,SV04,43/12  ม.4  ต.บางกุ้ง อ.เมือง 84000,,,,,19x23,0.00000000,0,IMPORT,
11x1611,บริษัท อีจีแอล อีเกิ้ล โกลบอล โลจิสติกส์ (ประเทศไทย) จำกัด,,"311,313,315,317 ซ.โชคชัยจงจำเริญ ถ.พระราม 3 แขวงบางโพงพาง เขตยานนาวา 10120",,,,,19x1,0.00000000,0,IMPORT,
11x1612,บริษัท เอบีบี จำกัด,SV01,322 หมู่ 4 นิคมอุตสาหกรรมบางปู ซ.6 ถ.สุขุมวิท ต.แพรกษา อ.เมือง 10280,,,,,19x1,0.00000000,303,IMPORT,
11x1613,บริษัท เอ็น เอส. 91 เทรดดิ้ง  จำกัด,SV04,36/56  ม.13  ถ.โชคชัย 4 แขวงลาดพร้าว  เขตลาดพร้าว 10230,,,,,19x1,0.00000000,0,IMPORT,
11x1614,บริษัท เอเบิล อินดัสตรีส์  จำกัด,SV04,48/1-2  ม.1  ถ.พหลโยธิน ก.ม.33 ต.คลองหนึ่ง  อ.คลองหลวง 12120,,,,,19x1,0.00000000,0,IMPORT,
11x1615,บริษัท เค เพาเวอร์ เอ็นจิเนียริ่ง  จำกัด,SV04,7/3  เซ็นทรัลทาวเวอร์ บี ปิ่นเกล้า ชั้น 15 ถ.บรมราชชนนี แขวงอรุณอมรินทร์  เขตบางกอกน้อย 10700,,,,,19x1,0.00000000,0,IMPORT,
11x1616,บริษัท เบสทอล เกลซ  จำกัด,SV04,1783/67-68 ซ.ลาดพร้าว 35/1 ถ.ลาดพร้าว  แขวงสามเสนนอก เขตห้วยขวาง 10310,,,,,19x1,0.00000000,0,IMPORT,
11x1617,บริษัท เมนเทนแนนซ์ แอนด์ คอนสตรัคชั่น เซอร์วิส จำกัด,SV01,37/23  ม.4  ถ.รัตนาธิเบศร์ ต.บางกระสอ  อ.เมืองนนทบุรี 11000,,,,,19x1,0.00000000,0,IMPORT,
11x1618,บริษัท เอ็ม พี ซัพพลายแอนด์เซอร์วิส จำกัด,SV04,83/86  ม.6 ถ.สุขาภิบาล 5 แขวงท่าแร้ง  เขตบางเขน 10220,,,,,19x1,0.00000000,0,IMPORT,
11x1619,บริษัท ฟีคันด์ ฟิตติ้ง สเตนเลส จำกัด,SV04,"92,94,96 ถ.รามอินทรา แขวงมีนบุรี  เขตมีนบุรี 10510",,,,,19x1,0.00000000,0,IMPORT,
11x1620,บริษัท นูมาน แอนด์ เอสเชอร์ เซ้าท์ อีสต์ เอเซีย จำกัด,CH99,178/1  ม.7  ต.เพ อ.เมืองระยอง 21160,,,,,19x51,0.00000000,0,IMPORT,
11x1621,บริษัท โฟลว์ซิสเท็มส์ คอร์ปอเรชั่น  จำกัด,SV04,เลขที่ 436 อาคารเอ็นเทค ชั้น 1 ซ.อ่อนนุช 39 ถ.สุขุมวิท แขวงสวนหลวง เขตสวนหลวง 10250,,,,,19x1,0.00000000,0,IMPORT,
11x1622,บริษัท ยูโร สยาม เอ็นจิเนียริ่ง  จำกัด,SV04,6/13-14  ซ.สามมิตร ถ.สุขุมวิท 16 แขวงคลองเตย  เขตคลองเตย 10110,,,,,19x1,0.00000000,0,IMPORT,
11x1623,บริษัท ศารายา เอ็มเอฟจี. (ไทยแลนด์)  จำกัด,CH06,700/504  ม.2  นิคมอุตสาหกรรมอมตะนคร ต.บ้านเก่า  อ.พานทอง จ.ชลบุรี 20160 20160,,,,,19x74,709965398.20000000,51,IMPORT,
11x1624,บริษัท ไทโย ก๊าซ จำกัด,SV04,159  อาคารเสริมมิตรทาวเวอร์ ชั้น 17 ถ.สุขุมวิท 21 (อโศก)  แขวงคลองเตยเหนือ เขตวัฒนา 10110,,,,,19x74,0.00000000,12,IMPORT,
11x1625,บริษัท ลีโอ เพ้นท์ จำกัด,CH03,291 ซอยลาดพร้าว 71 ถนนลาดพร้าว แขวงวังทองหลาง เขตวังทองหลาง 10310,,,,,19x1,0.00000000,0,IMPORT,
11x1626,ห้างหุ้นส่วนจำกัด ชากพงบริการ,SV04,87/1  ม.2 ต.บ้านค่าย อ.บ้านค่าย,,,,,19x1,0.00000000,0,IMPORT,
11x1627,บริษัท โตโยต้า ไดฮัทสุ เอ็นจิเนียริ่ง,UT99,แอนด์ แมนูแฟคเจอริ่ง จำกัด 99 หมู่ 5 ตำบลบ้านระกาศ  อำเภอบางบ่อ 10560,,,,,19x1,0.00000000,666,IMPORT,
11x1628,บริษัท ฮาเคม เพ้นท์ จำกัด,CH03,64/2 หมู่ 13 ซอยวัดอัมพวัน ถนนตลิ่งชัน-สุพรรณบุรี ตำบลบางม่วง อำเภอบางใหญ่ 11140,,,,,19x1,0.00000000,15,IMPORT,
11x1629,บริษัท ฟิตส์ จำกัด,SV04,28/42 หมู่ 5 ตำบลป่าสัก อำเภอเมือง จังหวัดลำพูน   51000 51000,,,,,19x1,0.00000000,0,IMPORT,
11x1630,บริษัท แทเลนท์ ฟลูอิด เทรด จำกัด,SV04,22/59 ซ.กรุงเทพกรีฑา 7 แยก 4 (บ้านสวนราชา) แขวงหัวหมาก เขตบางกะปิ 10240,,,,,19x1,0.00000000,0,IMPORT,
11x1631,บริษัท ซาน มิเกล เบียร์ (ประเทศไทย)  จำกัด,SV04,89  ม.2  ถ.ติวานนท์ ต.บ้านใหม่  อ.เมือง 12000,,,,,19x1,0.00000000,142,IMPORT,
11x1632,บริษัท ปัญญารักษา จำกัด,SV04,199/1-3 หมู่ 1 ต.วังด้ง อ.เมือง 71190,,,,,19x27,0.00000000,76,IMPORT,
11x1633,ห้างหุ้นส่วนจำกัด แอสซิส แมนเนจเม้นท์,SV04,31/916 หมู่ 10 ถนน.รามคำแหง 190 เขต มีนบุรี 10510,,,,,19x1,0.00000000,0,IMPORT,
11x1634,บริษัท มหพันธ์กระเบื้องคอนกรีต  จำกัด,MN05,59/9 หมู่ 12 ถ.สระบุรี-หล่มสัก กม.16 ต.ช่องสาริกา อ.พัฒนานิคม จ.ลพบุรี 15220 15220,,,,,19x1,0.00000000,0,IMPORT,
11x1635,บริษัท อัลฟ่า อิควิปเม้นท์  จำกัด,SV01,10/40  ม.4 ถ.สนามบินน้ำ ต.ท่าทราย  อ.เมืองนนทบุรี 11000,,,,,19x1,0.00000000,0,IMPORT,
11x1636,บริษัท นครชัยปราการ เคมีภัณฑ์  จำกัด,OM00,700/340  ม.6  ต.ดอนหัวฬ่อ อ.เมือง จ.ชลบุรี 20000 20000,,,,,19x1,0.00000000,0,IMPORT,
11x1637,บริษัท ครอส เทคโนโลยี  จำกัด,SV01,22/485  ม.10  ถ.บางนา-ตราด แขวงบางนา เขตบางนา 10260,,,,,19x1,0.00000000,0,IMPORT,
11x1638,บริษัท ไทยแอดวานซ์ อิเล็คทริค เซลส์แอนด์เซอร์วิส จำกัด,SV04,19/19-20 ม.3 ถ.พหลโยธิน ต.คลองหนึ่ง  อ.คลองหลวง 12120,,,,,19x1,0.00000000,0,IMPORT,
11x1639,บริษัท กิบไทย จำกัด,SV04,อาคารกิบไทย เลขที่ 44/6 ถ.สุทธิสารวินิจฉัย  แขวงสามเสนนอก เขตห้วยขวาง 10320,,,,,19x1,0.00000000,0,IMPORT,
11x1640,บริษัท จีเอฟพีที จำกัด (มหาชน),FD01,209 หมู่ที่ 1 ถนนเทพารักษ์ ต.บางเสาธง อ.บางเสาธง 10570,,,,,19x45,0.00000000,0,IMPORT,
11x1641,บริษัท อาร์.ซี.ซัพพลายเคมีภัณฑ์  จำกัด,SV04,20/8  หมู่ 1  ต.แหลมใหญ่ อ.เมือง 75000,,,,,19x1,0.00000000,5,IMPORT,
11x1642,ห้างหุ้นส่วนจำกัด ฟลาวเวอร์ฟูด,FD01,91/38  ม.2 ถ.รามอินทรา แขวงอนุสาวรีย์  เขตบางเขน 10220,,,,,19x1,0.00000000,0,IMPORT,
11x1643,บริษัท ช้างอวอดส์ (1959)  จำกัด,FD01,381/1  ม.1 ต.แม่ข่า  อ.ฝาง 50320,,,,,19x1,0.00000000,347,IMPORT,
11x1644,บริษัท พี พี เอ็ม วอเตอร์แคร์  จำกัด,,289/9 ม.10 ถ.รถรางสายเก่า ต.สำโรง อ.พระประแดง 10130,,,,,19x1,0.00000000,0,IMPORT,
11x1645,บริษัท ทีเคเค คอร์ปอเรชั่น จำกัด,SV04,1023 อาคารเอ็ม เอส สยามทาวเวอร์ ชั้นที่ 24 ห้องเลขที่ 244-247 ถ.พระราม3 แขวงช่องนนทรี เขตยานนาวา 10120,,,,,19x77,0.00000000,0,IMPORT,
11x1646,บริษัท เอเวอรี่ เวอร์ค เอ็นจิเนียริ่ง  จำกัด,SV04,72/2  ม.4  ต.แพรกษา อ.เมืองสมุทรปราการ 10280,,,,,19x1,0.00000000,0,IMPORT,
11x1647,บริษัท รุ่งเรือง อินสตรูเม้นท์ จำกัด,SV04,44/213  ม.10  ถ.นวมินทร์ แขวงคลองกุ่ม  เขตบึงกุ่ม 10230,,,,,19x1,0.00000000,0,IMPORT,
11x1648,บริษัท บริจวิว จำกัด,UT06,372  ถ.พระราม 3 แขวงบางโคล่ เขตบางคอแหลม 10120,,,,,19x1,0.00000000,0,IMPORT,
11x1649,ซีพีเอฟ,FD05,บางเสาธง จ.สมุทรปราการ 10510,,,,,19x1,0.00000000,54,IMPORT,
11x1650,บริษัท เชฟรอน ออฟชอร์ (ประเทศไทย) จำกัด,CH14,19  อาคารไทยพาณิชย์ ปาร์ค พลาซ่า อีสท์ อาคาร 3  ชั้น 5  ถ.รัชดาภิเษก แขวงจตุจักร เขตจตุจักร 10900,,,,,19x1,0.00000000,0,IMPORT,
11x1651,บริษัท อิงค์ เทค แอนด์ เคมิคอล  จำกัด,CH03,41/8  ม.19  ถ.ธนสิทธิ์ ต.บางพลีใหญ่ อ.บางพลี 10540,,,,,19x1,0.00000000,0,IMPORT,
11x1652,บริษัท อิมพีเรียล เรียลเอสเตท  จำกัด,SV04,999/100-101  ม.1  ถ.สุขุมวิท ต.สำโรงเหนือ อ.เมืองสมุทรปราการ 10270,,,,,19x1,0.00000000,0,IMPORT,
11x1653,GLOBAL WATER ENGINEERING LTD.,SV01,"901 A, KINWICK CENTRE 32 HOLLYWOOD ROAD, CENTRAL",,,,,19x1,0.00000000,0,IMPORT,
11x1654,บริษัท ยูนิ-เพรสซิเดนท์ (ประเทศไทย)  จำกัด,FD01,253 ชั้น 18 ซ.อโศก ถ.สุขุมวิท 21 แขวงคลองเตยเหนือ เขตวัฒนา 10110,,,,,19x1,0.00000000,49,IMPORT,
11x1655,บริษัท นิปปอน ไฮ-แพค (ประเทศไทย)  จำกัด,PP02,221  ม.7  ต.ท่าตูม อ.ศรีมหาโพธิ 25140,,,,,19x1,0.00000000,108,IMPORT,
11x1656,ห้างหุ้นส่วนจำกัด โอ เค ทู เอ็นจิเนียริ่ง,SV04,7 ม.3 ซ.ลาดพร้าว 125 แขวงคลองจั่น  เขตบางกะปิ 10240,,,,,19x1,0.00000000,0,IMPORT,
11x1657,บริษัท ทรานส์ ไทย-มาเลเซีย (ประเทศไทย) จำกัด,CH02,181 หมู่ 8  ต.ตลิ่งชัน อ.จะนะ จ.สงขลา  90130 90130,,,,,19x1,0.00000000,0,IMPORT,
11x1658,บริษัท เอสทูจี จำกัด,FD01,257  นิคมอุตสาหกรรมลาดกระบัง ซ.G3/6 ถ.ฉลองกรุง  แขวงลำปลาทิว เขตลาดกระบัง 10520,,,,,19x1,0.00000000,0,IMPORT,
11x1659,บริษัท เอ็มทีอี  จำกัด,SV04,1604  ถ.อ่อนนุช แขวงสวนหลวง เขตสวนหลวง 10250,,,,,19x1,0.00000000,0,IMPORT,
11x1660,ห้างหุ้นส่วนจำกัด ไดนามิค เพาเวอร์ แอนด์ เซอร์วิส,SV04,300/357 ม.5 ถ.บายพาส ต.เชิงเนิน อ.เมือง 21000,,,,,19x1,0.00000000,0,IMPORT,
11x1661,บริษัท ไฮมาสเตอร์โฟมโปรดักส์ จำกัด,CH41,96  ม.2  ต.คอกกระบือ อ.เมืองสมุทรสาคร 74000,,,,,19x88,0.00000000,16,IMPORT,
11x1662,บริษัท บุญพิศาล จำกัด,FD04,29/4  ม.9  ต.บางขนาก อ.บางน้ำเปรี้ยว 24150,,,,,19x1,0.00000000,14,IMPORT,
11x1663,บริษัท มั่นชัย แมชชินเนอรี่ จำกัด,CH02,88/3  ม.11 ถ.เอกชัย-บางบอน ต.คลองมะเดื่อ อ.กระทุ่มแบน 74110,,,,,19x1,0.00000000,72,IMPORT,
11x1664,บริษัท สีไทยกันไซเพ้นท์ จำกัด(รง.อีสเทิร์น),CH03,34/1 หมู่ 4 ต.ปลวกแดง อ.ปลวกแดง 21140,,,,,19x1,0.00000000,584,IMPORT,
11x1665,บริษัท เบเวอเรจ คอนซัลติ้ง แอนด์ เอ็นจิเนียริ่ง จำกัด,FD02,947/161 ม.12 บางนาคอมเพล็กซ์ ถ.บางนา-ตราด กม.3 แขวงบางนา เขตบางนา 10260,,,,,19x1,0.00000000,0,IMPORT,
11x1666,บริษัท เอ็มทีไอ เอ็นจิเนียริ่ง  จำกัด,SV04,36/143 ม.8 ซ.วัดกำแพง ถ.พิบูลสงคราม ต.บางเขน อ.เมืองนนทบุรี 11000,,,,,19x1,0.00000000,0,IMPORT,
11x1667,บริษัท ปัญญารักษา จำกัด (ยกเลิก),SV04,199/1-3  ม.1 ถ.แสงชูโต ต.วังด้ง  อ.เมือง 71190,,,,,19x1,0.00000000,0,IMPORT,
11x1668,บริษัท โพลีแมกซ์ อินเตอร์เนชั่นแนล จำกัด,EL01,724 ถ.จรัญสนิทวงศ์ แขวงบางยี่ขัน เขตบางพลัด 10700,,,,,19x1,0.00000000,0,IMPORT,
11x1669,บริษัท เอ พี ที เอ็นจิเนียริ่ง จำกัด,FD01,45/101 หมู่ 6 ถ.พระราม 2 แขวงแสมดำ เขตบางขุนเทียน 10150,,,,,19x1,0.00000000,0,IMPORT,
11x1670,บริษัท เอ็มคอน อินเตอร์เนชั่นแนล จำกัด,SV01,92/96  ซ.ทวีสุข 9  ม.2 ถ.เสรีไทย แขวงคลองกุ่ม เขตบึงกุ่ม 10240,,,,,19x1,0.00000000,0,IMPORT,
11x1671,ห้างหุ้นส่วนจำกัด ที.เอส.พัฒนกิจ,SV01,75  ม.3  ถ.แสมดำ แขวงแสมดำ เขตบางขุนเทียน 10150,,,,,19x1,0.00000000,0,IMPORT,
11x1672,บริษัท ซัมมิท สเตียริง วีล จำกัด,UT99,92 ซ.กิ่งทอง หมู่ 14 ถ.กิ่งแก้ว ต.ราชาเทวะ อ.บางพลี 10540,,,,,19x1,0.00000000,339,IMPORT,
11x1673,การไฟฟ้าฝ่ายผลิตแห่งประเทศไทย,UT01,53 หมู่ 2 ถ.จรัญสนิทวงศ์ ต.บางกรวย อ.บางกรวย 11130,,,,,19x1,0.00000000,2624,IMPORT,
11x1674,บริษัท แซม วัน เทคโนโลยี จำกัด,SV04,6/205 หมู่บ้านเกตุนุติการ์เด้นท์ ซ.ลาดพร้าว 71 ถ.นาคนิวาส แขวงลาดพร้าว เขตลาดพร้าว 10230,,,,,19x1,0.00000000,0,IMPORT,
11x1675,บริษัท ซี.เค.อี. แอนด์ เอส.  จำกัด,CH43,4/17 ม.3 ต.สวนหลวง อ.กระทุ่มแบน 74110,,,,,19x1,0.00000000,15,IMPORT,
11x1676,บริษัท ออโต้อินโฟ  จำกัด,SV04,1359 ซ.ลาดพร้าว 94 (ปัญจมิตร) ถ.ลาดพร้าว แขวงวังทองหลาง เขตวังทองหลาง 10310,,,,,19x1,0.00000000,0,IMPORT,
11x1677,บริษัท กฤษณะมงคล จำกัด,PP01,2/1 ม.8 ถ.คงทอง ต.วังน้ำเขียว อ.กำแพงแสน 73140,,,,,19x1,0.00000000,88,IMPORT,
11x1678,บริษัท มั่นใจเอ็นจิเนียริ่ง แอนด์ ทรานสปอร์ต จำกัด,OM00,80/463 ม.5 ถ.เทพารักษ์ ต.บางเมืองใหม่ อ.เมือง 10270,,,,,19x1,0.00000000,0,IMPORT,
11x1679,บริษัท หนองแค โคเจนเนอเรชั่น จำกัด,UT01,111/11 หมู่ 7 ต.หนองปลาหมอ อ.หนองแค 18140,,,,,19x1,0.00000000,0,IMPORT,
11x1680,บริษัท รังสรรค์ เอ็นจิเนียริ่ง แอนด์ เซอร์วิส จำกัด,SV04,1596/490 ม.4 ต.เทพารักษ์ อ.เมืองสมุทรปราการ 10270,,,,,19x1,0.00000000,0,IMPORT,
11x1681,ห้างหุ้นส่วนจำกัด รุ่งเรืองผลเขาฉกรรจ์,FD05,170/2  หมู่ที่ 4  ต.เขาฉกรรจ์ อ.เขาฉกรรจ์ 27000,,,,,19x1,0.00000000,0,IMPORT,
11x1682,บริษัท จันทบุรีซีฟู้ดส์ จำกัด,FD04,44/2-3  ซ.เจริญกรุง 69 แขวงยานนาวา เขตสาทร 10120,,,,,19x1,0.00000000,0,IMPORT,
11x1683,บริษัท ไทยนิสชิน เซฟุง  จำกัด,FD01,276 หมู่ 4 ถ.สุขุมวิท ต.แพรกษา อ.เมืองสมุทรปราการ 10280,,,,,19x45,0.00000000,74,IMPORT,
11x1684,บริษัท ชินวา โคเงียว (ประเทศไทย) จำกัด,SV01,อาคารวอร์เนอร์ทาวเวอร์ ชั้น 5 ห้องA2-4 119 ถ.มเหสักข์ แขวงสุริยวงศ์ เขตบางรัก 10500,,,,,19x1,0.00000000,29,IMPORT,
11x1685,บริษัท บีเอเอสเอฟ โพลียูรีเธนส์ (ประเทศไทย) จำกัด,CH05,308/1 หมู่ 4 นิคมอุตสาหกรรมบางปู ซอย 5 ถ.สุขุมวิท ต.แพรกษา อ.เมือง 10280,,,,,19x1,0.00000000,0,IMPORT,
11x1686,บริษัท ดีมายเออร์ จำกัด,SV01,97/1 ซ.ลาดพร้าว 114  ถนนลาดพร้าว แขวงพลับพลา เขตวังทองหลาง 10310,,,,,19x1,0.00000000,26,IMPORT,
11x1687,บริษัท พลวัตร จำกัด,SV04,76 ม.11 ถ.พุทธมณฑลสาย 5 ต.ไร่ขิง อ.สามพราน จ.นครปฐม 73210 73210,,,,,19x1,0.00000000,36,IMPORT,
11x1688,บริษัท โนเบล เอ็นซี จำกัด,CH01,24 ถ.พระราม 1 แขวงรองเมือง เขตปทุมวัน 10330,,,,,19x1,0.00000000,0,IMPORT,
11x1689,บริษัท ศรีพิพัฒน์ เอ็นจิเนียริ่ง จำกัด,SV04,"165,165/1 ซอยสุขุมวิท 93 (พึ่งมี) ถนนสุขุมวิท แขวงบางจาก เขตพระโขนง 10260",,,,,19x1,0.00000000,0,IMPORT,
11x1690,บริษัท ที อาร์ แมคคานิค มาร์แชล จำกัด(เปลี่ยนชื่อ),SV04,151/63 ม.11 แขวงคลองกุ่ม เขตบึงกุ่ม 10230,,,,,19x1,0.00000000,0,IMPORT,
11x1691,บริษัท เทอร์โบเมค (ไทยแลนด์)  จำกัด,SV04,180/1-2 อาคารสมาพันธ์ ถ.สุขุมวิท ต.เชิงเนิน อ.เมืองระยอง 21000,,,,,19x1,0.00000000,0,IMPORT,
11x1692,ห้างหุ้นส่วนจำกัด เอส.เอ.ซี.อีควิปเม้นท์,SV04,70/3 ม.3 ต.หนองผึ้ง อ.สารภี 50140,,,,,19x1,0.00000000,0,IMPORT,
11x1693,บริษัท ช.พัฒนา อพาร์ทเมนต์ จำกัด,OT99,135-137 ถ.บรรทัดทอง แขวงถนนเพชรบุรี เขตราชเทวี,,,,,19x1,0.00000000,0,IMPORT,
11x1694,ห้างหุ้นส่วนจำกัด นาดีเทค เอ็นจิเนียริ่ง,SV04,3/1 ม.5 ต.นาดี อ.เมือง 74000,,,,,19x1,0.00000000,0,IMPORT,
11x1695,บริษัท โมดูล่าร์ คอมพาวด์ จำกัด,SV04,50/86 หมู่ 5 ต.ไร่ขิง อ.สามพราน จ.นครปฐม 73210 73210,,,,,19x19,0.00000000,88,IMPORT,
11x1696,บริษัท สายไฟฟ้าบางกอกเคเบิ้ล จำกัด,MT03,39/1 ม.1 ถ.บางปะกง-ฉะเชิงเทรา ต.แสนภูด่าษ อ.บ้านโพธิ์ 24140,,,,,19x1,0.00000000,121,IMPORT,
11x1697,บริษัท อีเทอนอล ซากาตะ อิ้งซ์  จำกัด,CH03,30/35 หมู่ 1 ต.โคกขาม อ.เมืองสมุทรสาคร 74000,,,,,19x88,0.00000000,41,IMPORT,
11x1698,บริษัท มหาชัยอาหารไทย  จำกัด,FD04,89/22 ม.2 ต.คอกกระบือ อ.เมืองสมุทรสาคร 74000,,,,,19x1,0.00000000,52,IMPORT,
11x1699,บริษัท เอทีที อินดัสตรีส์  จำกัด,SV04,573/41-2 ซ.รามคำแหง39(เทพลีลา1) ถ.รามคำแหง แขวงพลับพลา เขตวังทองหลาง 10310,,,,,19x1,0.00000000,0,IMPORT,
11x1700,ห้างหุ้นส่วนจำกัด ส.กมลวัฒนา,CH15,179 ม.8 ต.บานา อ.เมือง,,,,,19x1,0.00000000,22,IMPORT,
11x1701,ห้างหุ้นส่วนจำกัด สุรีย์พร ซัพพลาย,SV04,1305/102-104 หมู่ที่ 4 ซอยวัดด่านสำโรง ถ.ศรีนครินทร์ ต.สำโรงเหนือ อ.เมืองสมุทรปราการ 10270,,,,,19x1,0.00000000,0,IMPORT,
11x1702,บริษัท ซินธีส (ประเทศไทย) จำกัด,CH43,76 ซ.ธรรมศิริ ม.7 ถ.บางนา-ตราด กม.25 ต.บางเสาธง อ.บางเสาธง 10540,,,,,19x77,0.00000000,16,IMPORT,
11x1703,บริษัท ไทย-อิชิ อินเตอร์เทรด จำกัด,SV04,233/49 ม.13 ต.แหลมฟ้าผ่า อ.พระสมุทรเจดีย์ 10290,,,,,19x51,0.00000000,0,IMPORT,
11x1704,บริษัท ไทย ไอโซนอล จำกัด,FD03,62 หมู่ 9 ต.คลองมะเดื่อ อ.กระทุ่มแบน 74110,,,,,19x92,0.00000000,0,IMPORT,
11x1705,บริษัท ซี.เอส.บี.แมชชีนกรุ๊ป จำกัด,SV04,50-52 ซ.รัชดาภิเษก 19 ถ.รัชดาภิเษก แขวงวัดท่าพระ เขตบางกอกใหญ่ 10600,,,,,19x1,0.00000000,0,IMPORT,
11x1706,ห้างหุ้นส่วนจำกัด พิฆนา,SV04,19/243  ม.13 ถ.นวมินทร์ แขวงคลองกุ่ม เขตบึงกุ่ม 10240,,,,,19x1,0.00000000,0,IMPORT,
11x1707,บริษัท ไฮโดร อินสทรูเมนท์ คอนโทรล (ประเทศไทย) จำกัด,SV04,48/27  หมู่บ้านกลางเมือง ซ.ประดิษฐ์มนูธรรม 19  ถ.ประดิษฐ์มนูธรรม แขวงลาดพร้าว เขตลาดพร้าว 10230,,,,,19x1,0.00000000,0,IMPORT,
11x1708,บริษัท คลาสสิค โปรดักส์ (ประเทศไทย)  จำกัด,TT00,333 ม.4 ถ.พุทธรักษา ต.ท้ายบ้านใหม่ อ.เมืองสมุทรปราการ 10280,,,,,19x1,0.00000000,177,IMPORT,
11x1709,บริษัท ลองไชน์ (ประเทศไทย) จำกัด,SV04,230/7 ม.1 ถ.หลวงแพ่ง แขวงทับยาว เขตลาดกระบัง 10520,,,,,19x1,0.00000000,0,IMPORT,
11x1710,บริษัท ย่งฮง (ประเทศไทย) จำกัด,SV04,27/10 ซ.ประดิพัทธ์ 10 ถ.ประดิพัทธ์ แขวงสามเสนใน เขตพญาไท 10400,,,,,19x1,0.00000000,0,IMPORT,
11x1711,บริษัท เอฟแอนด์เอฟฟู้ด  จำกัด,FD01,61 ม.3 ถ.สายทุ่งคอก-ดอนตาเพชร ต.บ่อสุพรรณ อ.สองพี่น้อง,,,,,19x1,0.00000000,0,IMPORT,
11x1712,บริษัท ไอเอ็มไอ อินดัสตรีส์  จำกัด,SV04,9/333-4 ม.8 ถ.พหลโยธิน แขวงอนุสาวรีย์ เขตบางเขน 10220,,,,,19x1,0.00000000,0,IMPORT,
11x1713,บริษัท โกลเด้น แอรโร โค้ทติ้ง จำกัด,CH03,586 ซ.13 บี นิคมอุตสาหกรรมบางปู ถ.สุขุมวิท กม.37 ต.แพรกษา อ.เมืองสมุทปราการ 10280,,,,,19x1,0.00000000,0,IMPORT,
11x1714,บริษัท เอบาร่า (ไทยแลนด์) จำกัด,SV04,125 อาคารเอ็กมี่ ชั้น3 ถ.เพชรบุรี แขวงทุ่งพญาไท เขตราชเทวี 10400,,,,,19x1,0.00000000,50,IMPORT,
11x1715,เอ.พี. ฮีตติ้งซีสเต็ม,SV04,52/52 ม.10 ต.ห้วยบง อ.เฉลิมพระเกียรติ 18000,,,,,19x1,0.00000000,0,IMPORT,
11x1716,ห้างหุ้นส่วนจำกัด ธนพงษ์อุปกรณ์ก่อสร้าง,SV04,100 ซอยสุขุมวิท 54 แยก 6 แขวงบางจาก เขตพระโขนง 10260,,,,,19x1,0.00000000,0,IMPORT,
11x1717,บริษัท สายไฟฟ้าไทย-ยาซากิ จำกัด,MT03,283 ม. 1 ถ.สุขสวัสดิ์ ต.ปากคลองบางปลากด อ.พระสมุทรเจดีย์ 10290,,,,,19x1,0.00000000,116,IMPORT,
11x1718,บริษัท ปูนซีเมนต์นครหลวง จำกัด (มหาชน),MN05,219 ม.5 ถ.มิตรภาพ กม.131 ต.ทับกวาง อ.แก่งคอย 18260,,,,,19x89,0.00000000,0,IMPORT,
11x1719,บริษัท วาย.ยู.ดี. เท็กซ์ไทล์ จำกัด,TT00,48 ม.8 ต.บางกระเจ้า อ.เมืองสมุทรสาคร 74000,,,,,19x1,0.00000000,78,IMPORT,
11x1720,บริษัท ชิพเชพ ซี สโตร์ จำกัด,SV01,217/1 ซอย 7/1 ถ.พุทธบูชา แขวงบางมด เขตจอมทอง 10150,,,,,19x1,0.00000000,0,IMPORT,
11x1721,บริษัท เฉียวฟู เอ็นเตอร์ไพรส์ จำกัด,CH03,839 ซ.12 ม.4 ถ.นิคมอุตสาหกรรมบางปู ต.แพรกษา อ.เมืองสมุทรปราการ 10280,,,,,19x1,0.00000000,0,IMPORT,
11x1722,บริษัท ฟรอนท์ วีล จำกัด,SV04,91/776 หมู่ 11 ถ.รามอินทรา แขวงคลองกุ่ม เขตบึงกุ่ม 10230,,,,,19x45,0.00000000,0,IMPORT,
11x1723,บริษัท คอปโก้ โฟลเทค จำกัด,SV04,99/891 ซ.หทัยราษฎร์ 33 ถ.หทัยราษฎร์ แขวงบางชัน เขตคลองสามวา 10510,,,,,19x1,0.00000000,0,IMPORT,
11x1724,บริษัท ดี.เอช.เอ.สยามวาลา จำกัด,OT99,210 ถ.สุรวงศ์ แขวงสี่พระยา เขตบางรัก 10500,,,,,19x1,0.00000000,313,IMPORT,
11x1725,บริษัท สยามเคมีคอลอินดัสตรี้ จำกัด,CH43,549 หมู่ 7 ถ.สุขุมวิท กม.36 ต.บางปูใหม่ อ.เมือง 10280,,,,,19x1,0.00000000,256,IMPORT,
11x1726,บริษัท ไทยคอนเทนเนอร์ (ทีซีซี) จำกัด,PP01,221 ม.7 ต.ท่าตูม อ.ศรีมหาโพธิ 25140,,,,,19x1,0.00000000,108,IMPORT,
11x1727,บริษัท เวลโรล จำกัด,SV04,888/8 หมู่ 2 ถ.บางพลี-ตำหรุ อ.เมือง 10540,,,,,19x1,0.00000000,50,IMPORT,
11x1728,บริษัท วีร่า อัลลายด์ แมนูแฟคเจอริ่ง จำกัด,CH05,65/2 ถ.รังสิต-องครักษ์ หมู่ 1 แขวงคลองรังสิต เขตธัญญบุรี 12110,,,,,19x1,0.00000000,72,IMPORT,
11x1729,บริษัท สวารอฟสกี้ เจมสโตนส์ (ประเทศไทย) จำกัด,SV04,333 หมู่ 17 นิคมอุตสาหกรรมบางพลี ถ.บางนา-ตราด ต.บางเสาธง กิ่ง อ.บางเสาธง,,,,,19x1,0.00000000,370,IMPORT,
11x1730,บริษัท กิจจา วอเตอร์ปั๊ม เอ็นจิเนียริ่ง จำกัด,SV04,6 ซ.พระรามที่ 2 ซ.62 แยก 1-8 ถ.พระราม 2 แขวงแสมดำ เขตบางขุนเทียน 10150,,,,,19x1,0.00000000,0,IMPORT,
11x1731,บริษัท เค้นท์ฟอร์ดแมชินเนอรี่  จำกัด,SV04,344 ถ.พระรามที่ 3 แขวงบางโคล่ เขตบางคอแหลม 10120,,,,,19x1,0.00000000,0,IMPORT,
11x1732,บริษัท คิวเทค เทคโนโลยี จำกัด,OG01,457 ถนนบอนด์สตรีท ต.บางพูด อ.ปากเกร็ด 11120,,,,,19x43,0.00000000,0,IMPORT,
11x1733,บริษัท มิลเลนเนียม เทคโนโลยี จำกัด,SV04,19/63 ม.3 ถ.พหลโยธิน ต.คลองหนึ่ง อ.คลองหลวง 12120,,,,,19x1,0.00000000,0,IMPORT,
11x1734,บริษัท ปิโตรเวิร์ค จำกัด,SV04,1176/11 ซอยพหลโยธิน 32 แขวงจันทรเกษม เขตจตุจักร 10900,,,,,19x1,0.00000000,0,IMPORT,
11x1735,บริษัท จันทบุรี โฟรเซ่นฟู้ด จำกัด,FD01,44 ซ.เจริญกรุง 69 แขวงยานนาวา เขตสาทร 10120,,,,,19x1,0.00000000,180,IMPORT,
11x1736,บริษัท เพอร์เฟค เอ็นจิเนียริ่ง แอนด์ เทคโนโลยี จำกัด,SV04,88/3 ถนนมาบยา ต.มาบตาพุด อ.เมืองระยอง 21150,,,,,19x1,0.00000000,0,IMPORT,
11x1737,บริษัท คอนแนลล์ บราเดอร์ส (ประเทศไทย) จำกัด,CH01,54 อาคารบี.บี.บิลดิ้ง ชั้น 18 ห้อง 1802 ถ.สุขุมวิท 21 (อโศก) แขวงคลองเตยเหนือ เขตวัฒนา 10110,,,,,19x1,0.00000000,15,IMPORT,
11x1738,บริษัท เอ๊คก้า เคมิคอล ไทยแลนด์ จำกัด,PP01,283/46 อาคารโฮมเพลส ออฟฟิต ชั้น 10 ถ.สุขุมวิท 55 แขวงคลองตันเหนือ เขตวัฒนา 10110,,,,,19x1,0.00000000,0,IMPORT,
11x1739,บลู เทรดดิ้ง,SV04,99/193 ม.3 ม.พกบัณฑิต ต.คูคต อ.ลำลูกกา 12130,,,,,19x1,0.00000000,0,IMPORT,
11x1740,บริษัท วิศวจักษ์  จำกัด,SV04,148/36 หมู่ 1 ถ.เทพารักษ์ ต.เทพารักษ์ อ.เมืองสมุทรปราการ 10270,,,,,19x1,0.00000000,0,IMPORT,
11x1741,บริษัท เฮดดิ้ง เทรดดิ้ง ไทย จำกัด,SV04,44 ซอยเฉลิมพระเกียรติ ร.9 ซ.28 แยก 14 แขวงดอกไม้ เขตประเวศ 10250,,,,,19x1,0.00000000,0,IMPORT,
11x1742,บริษัท ไทยซินคอน แอนด์ ซัพพลาย จำกัด,SV04,111 หมู่ 1  ตำบลหอมศีล อำเภอบางปะกง 24180,,,,,19x70,0.00000000,150,IMPORT,
11x1743,บริษัท ฟลูอิด แอดวานซ์ (ประเทศไทย) จำกัด,SV04,347/9  หมู่ 9 ถ.สุขสวัสดิ์ ต.ในคลองบางปลากด อ. พระสมุทรเจดีย์ 10290,,,,,19x1,0.00000000,0,IMPORT,
11x1744,บริษัท มนัสชัยการช่าง แอนด์ ทรานสปอร์ต จำกัด,SV04,267/4 ถ.เชื้อเพลิง แขวงช่องนนทรี เขตยานนาวา 10120,,,,,19x1,0.00000000,0,IMPORT,
11x1745,บริษัท ที เอ็นจิเนียร์ริ่ง คอร์เปอร์เรชั่น จำกัด (มหาชน),SV01,3 อาคารรัจนาการ ชั้นที่ 15 ถนนสาทรใต้ แขวงยานนาวา เขตสาทร 10120,,,,,19x1,0.00000000,0,IMPORT,
11x1746,บริษัท กม.18 วิศวกรรม จำกัด,SV01,358 ม.4 ต.ลำไทร อ.วังน้อย 10170,,,,,19x1,0.00000000,0,IMPORT,
11x1747,บริษัท พนาพัฒน์ จำกัด,SV04,126/185 หมู่ 12 ถ.รามอินทรา40 แขวงคลองกุ่ม เขตบึงกุ่ม 10230,,,,,19x1,0.00000000,0,IMPORT,
11x1748,บริษัท ด็อทแบมบู(กรุงเทพ) จำกัด,SV04,37/4 ม.2 ถ.บางกรวย-ไทรน้อย ต.บางเลน อ.บางใหญ่ 11140,,,,,19x1,0.00000000,0,IMPORT,
11x1749,บริษัท บลูรีฟริกเจอเรชั่น จำกัด,SV04,38/65 หมู่ 3  ต.คูคต อ.ลำลูกกา 12130,,,,,19x45,0.00000000,0,IMPORT,
11x1750,บริษัท เบนซ์มาร์ค อิเลคทรอนิคส์(ประเทศไทย) จำกัด (มหาชน),EL01,94 ม.1 นิคมอุตสาหกรรมไฮเทค ต.บ้านเลน อ.บางปะอิน 13160,,,,,19x1,0.00000000,2336,IMPORT,
11x1751,บริษัท โรงงานสุราพิเศษสุวรรณภูมิ จำกัด,FD02,เลขที่ 214-218 ซ.จุฬาลงกรณ์ 24 ถ.เจริญเมือง แขวงวังใหม่ เขตปทุมวัน 10330,,,,,19x1,0.00000000,105,IMPORT,
11x1752,บริษัท อีสเทิร์นฟีดมิลล์  จำกัด,SV04,19/4 ม.1 ต.หนองรี อ.เมืองชลบุรี จ.ชลบุรี 20000 20000,,,,,19x1,0.00000000,38,IMPORT,
11x1753,บริษัท ไทยคอนเทนเนอร์ (ทีซีซี)  จำกัด,PP01,99 ม.1 ต.บางคูวัด อ.เมืองปทุมธานี 12000,,,,,19x1,0.00000000,108,IMPORT,
11x1754,ห้างหุ้นส่วนจำกัด ธีรไทยเทรดดิ้ง,SV04,162 ซ.เจริญพานิช ถ.ทรงวาด แขวงตลาดน้อย เขตสัมพันธวงศ์ 10100,,,,,19x1,0.00000000,0,IMPORT,
11x1755,ซี พี เอส ซัพพลาย,SV04,85/1 ม.3 แขวงบางแคเหนือ เขตบางแค 10160,,,,,19x1,0.00000000,0,IMPORT,
11x1756,บริษัท อายิโนะโมะโต๊ะ เอ็นจิเนียริ่ง 2001 (ประเทศไทย) จำกัด,FD01,487/1 อาคารศรีอยุธยา ชั้น 7 ถนนศรีอยุธยา แขวงถนนพญาไท เขตราชเทวี 10400,,,,,19x45,0.00000000,0,IMPORT,
11x1757,บริษัท ซินเมค  จำกัด,SV04,3/10 ซ.พหลโยธิน 21 ถ.พหลโยธิน แขวงจตุจักร เขตจตุจักร 10900,,,,,19x1,0.00000000,0,IMPORT,
11x1758,ห้างหุ้นส่วนจำกัด เอส.พี.เค. ไฮเทค,SV04,69/59 ม.2 ต.คลองหนึ่ง อ.คลองหลวง 12120,,,,,19x1,0.00000000,0,IMPORT,
11x1759,บริษัท อินโนเวชั่น เพาเวอร์เทค เอ็นจิเนียริ่ง จำกัด,MT03,203/59 ม.6 ซ.พัฒนาการ 63 ถ.พัฒนาการ แขวงประเวศ เขตประเวศ 10250,,,,,19x1,0.00000000,0,IMPORT,
11x1760,ธนาคารกรุงไทย จำกัด (มหาชน),,223 อาคารคันทรีทาวเวอร์ ถ.สรรพวุธ แขวงบางนา เขตบางนา 10260,,,,,19x1,0.00000000,0,IMPORT,
11x1761,ห้างหุ้นส่วนจำกัด เอ็น.อี.ที.มาร์เก็ตติ้ง,MN99,288 ซ.ร่มเกล้า 58 แขวงคลองสามประเวศ เขตลาดกระบัง 10520,,,,,19x1,0.00000000,0,IMPORT,
11x1762,บริษัท ลีโอ เพ้นท์ จำกัด,CH03,13/8 ม.1 ต.บึงคำพร้อย อ.ลำลูกกา 12150,,,,,19x1,0.00000000,0,IMPORT,
11x1763,บริษัท คอสมอส บริวเวอรี่ (ประเทศไทย) จำกัด,FD06,77 หมู่ที่ 1 ถนนพหลโยธิน กม.54 ตำบลลำไทร อำเภอวังน้อย 13170,,,,,19x74,0.00000000,399,IMPORT,
11x1764,บริษัท ศรีโพธิ์ทองเมตัลเวิร์ค จำกัด,SV01,72/21 ม.4 ถ.พระรามที่ 2 แขวงแสมดำ เขตบางขุนเทียน 10150,,,,,19x1,0.00000000,161,IMPORT,
11x1765,บริษัท โกลบอล อัลลายแอนซ์ เซอร์วิส จำกัด,SV04,49/152 ม.3 แขวงตลาดบางเขน เขตหลักสี่ 10210,,,,,19x1,0.00000000,0,IMPORT,
11x1766,บริษัท ทรอยสยาม จำกัด,CH01,242 ซ.ฉลองกรุง 31 นิคมอุตสาหกรรมลาดกระบัง แขวงลำปลาทิว เขตลาดกระบัง 10520,,,,,19x77,0.00000000,40,IMPORT,
11x1767,บริษัท พีวี (ประเทศไทย) จำกัด,SV04,1 ซอยอ่อนนุช 65 แยก 9 แขวงประเวศ เขตประเวศ 10250,,,,,19x1,0.00000000,0,IMPORT,
11x1768,บริษัท ธนารักษ์ จำกัด,GV00,14 ถ.ทรัพย์ แขวงสี่พระยา เขตบางรัก 10500,,,,,19x23,0.00000000,0,IMPORT,
11x1769,บริษัท ยูทิลิตี้ วัน จำกัด,SV04,110 หมู่ 1 ถ.รังสิต-นครนายก ต.บึงสนั่น อ.ธัญบุรี 12110,,,,,19x1,0.00000000,0,IMPORT,
11x1770,บริษัท แม็คคานิคส์ เอ็นจิเนียริ่ง เซอร์วิส จำกัด,SV04,75 ม.8 ถ.อ่อนนุช-ลาดกระบัง ต.ราชาเทวะ อ.บางพลี 10540,,,,,19x1,0.00000000,24,IMPORT,
11x1771,บริษัท วีระสุวรรณ จำกัด,CH14,53/2 ม.5 ต.นาดี อ.เมืองสมุทรสาคร 74000,,,,,19x1,0.00000000,14,IMPORT,
11x1772,บริษัท เอ็นอีพีเอสเอส(ไทยแลนด์) จำกัด,SV04,72/1 ซ.มิตรภาพ 19 ถ.มิตรภาพ ต.ในเมือง อ.เมืองนครราชสีมา,,,,,19x1,0.00000000,0,IMPORT,
11x1773,บริษัท อมรไชย จำกัด (สาขาท่าเรือ),FD03,57  ม.2  ถนนท่าเรือ-วังแดง ต.ท่าเจ้าสนุก  อ.ท่าเรือ 13130,,,,,19x1,0.00000000,0,IMPORT,
11x1774,บริษัท แบนโด แมนูแฟคเจอริ่ง (ประเทศไทย) จำกัด,UT99,47/7  หมู่ที่ 4 ถ.บางปลา ต.บ้านเกาะ  อ.เมืองสมุทรสาคร 74000,,,,,19x77,0.00000000,5,IMPORT,
11x1775,บริษัท ไดน่าเทค (ประเทศไทย) จำกัด,SV04,607/54-55   ถนนเจริญกรุง 107 แขวงบางโคล่  เขตบางคอแหลม 10120,,,,,19x1,0.00000000,0,IMPORT,
11x1776,บริษัท โพเคียวเมนท์ เซลล์ แอนด์ เซอร์วิส จำกัด,SV04,90/219  หมู่ 10 ถนนพุทธมณฑลสาย  4 ต.อ้อมน้อย อ.กระทุ่มแบน 74130,,,,,19x1,0.00000000,0,IMPORT,
11x1777,บริษัท ออกัส เทคโนโลยี จำกัด,SV01,120/2098  หมู่2  ซอยอุ่นอารีย์ ถนนแพรกษา  ต.ท้ายบ้านใหม่ อ.เมืองสมุทรปราการ 10280,,,,,19x1,0.00000000,0,IMPORT,
11x1778,บริษัท แวนด้าโฟรเซ่น จำกัด,SV04,56 หมู่ 7 ต. แสนตอ  อ. ท่ามะกา 71130,,,,,19x1,0.00000000,215,IMPORT,
11x1779,บริษัท วัฒนชัย  เซฟตี้กลาส จำกัด,MN04,9/9  ม.1   ต. บางโทรัด อ. เมืองสมุทรสาคร 74000,,,,,19x1,0.00000000,108,IMPORT,
11x1780,บริษัท เอ เค โซลูชั่นส์ จำกัด,OM00,133/171 หมู่บ้านเพลินใจ 3 ตำบลทับมา อำเภอเมืองระยอง 21150,,,,,19x1,0.00000000,0,IMPORT,
11x1781,บริษัท โดล ไทยแลนด์ จำกัด  (ชุมพร),FD01,75 ม.10 ถ.เพชรเกษม ต.ท่าแซะ อ.ท่าแซะ 86140,,,,,19x1,0.00000000,0,IMPORT,
11x1782,บริษัท อินเตอร์สเตท สเมร์อฟิท-สโตน (ประเทศไทย) จำกัด,CH03,5/10  หมู่ 1  ต.พิมพา อ.บางปะกง 24180,,,,,19x1,0.00000000,0,IMPORT,
11x1783,บริษัท ฉายแสง เอ็นจิเนียริ่ง พาร์ท แอนด์ ซัพพลาย จำกัด,SV04,602 ซ.สะแกงาม 35/3 ถ.สะแกงาม แขวงแสมดำ เขตบางขุนเทียน 10150,,,,,19x1,0.00000000,0,IMPORT,
11x1784,ห้างหุ้นส่วนจำกัด ศรีรามา แอสโซซิเอท,SV04,"521/3-4 รางน้ำอพาร์ทเม้นท์ ห้อง 116,315 ถ.ศรีอยุธยา แขวงถนนพญาไท เขตราชเทวี 10400",,,,,19x1,0.00000000,0,IMPORT,
11x1785,บริษัท สตาร์ เทค เคมีคอล อินดัสเทรียล จำกัด,CH03,20/43  หมู่ที่ 5  ถ. เพชรเกษม แขวงบางด้วน  เขตภาษีเจริญ 10160,,,,,19x1,0.00000000,24,IMPORT,
11x1786,บริษัท ครัวการบินกรุงเทพ จำกัด,UT99,888  ม.1  ต.หนองปรือ อ.บางพลี 10540,,,,,19x1,0.00000000,305,IMPORT,
11x1787,บริษัท ปาร์คเกอร์ เอ็นยิเนียริ่ง (ไทยแลนด์) จำกัด,OM00,62 อาคารธนิยะ ชั้น 5 ห้องเลขที่ 501 ถนนสีลม แขวงสุริยวงศ์ เขตบางรัก 10500,,,,,19x1,0.00000000,14,IMPORT,
11x1788,บริษัท เอสซีจี ผลิตภัณฑ์ก่อสร้าง จำกัด,MN05,1 ถ.ปูนซิเมนต์ไทย แขวงบางซื่อ เขตบางซื่อ 10800,,,,,19x1,0.00000000,0,IMPORT,
11x1789,บริษัท ยูนิลีเวอร์ ไทยเทรดดิ้ง จำกัด,CH06,161 ถนนพระราม 9 แขวงห้วยขวาง เขตห้วยขวาง 10310,,,,,19x74,0.00000000,0,IMPORT,
11x1790,บริษัท ผลิตไฟฟ้า จำกัด (มหาชน),UT01,35 ถ.ทางหลวงระยองสาย 3191 ต.ห้วยโป่ง อ.เมือง 21150,,,,,19x1,0.00000000,0,IMPORT,
11x1791,บริษัท นิคเคสยามอลูมิเนียม จำกัด,MT01,30  ม.14 ถ.พหลโยธิน ก.ม. 47 ต.คลองหนึ่ง อ.คลองหลวง 12120,,,,,19x1,0.00000000,82,IMPORT,
11x1792,บริษัท สุพรีม ซัพพอร์ท อิมเม็กซ์ จำกัด,SV04,663/2-3 ซ.วชิรธรรมสาธิต 39 ถ.สุขุมวิท 101/1 แขวงบางจาก เขตพระโขนง 10260,,,,,19x1,0.00000000,0,IMPORT,
11x1793,บริษัท เซ็มโก จำกัด,FD01,997-999-1001 ถ.สีลม แขวงสีลม เขตบางรัก 10500,,,,,19x1,0.00000000,0,IMPORT,
11x1794,บริษัท ซี.เอ็ม.พี เซ็นเตอร์ ดีเวลล๊อปเม้นท์ จำกัด,SV01,"295,297 ชั้นที่ 3,4 ถนนพระราม 2 แขวงแสมดำ เขตบางขุนเทียน 10150",,,,,19x1,0.00000000,0,IMPORT,
11x1795,บริษัท แสงธารา จำกัด,SV04,14 ซ.สามัคคี 46 ถ.สามัคคี ต.ท่าทราย อ.เมือง 11000,,,,,19x1,0.00000000,0,IMPORT,
11x1796,บริษัท วอเตอร์เทคโนโลยีแอนด์อินสทรูเม็นส์ จำกัด,UT03,1669/634  หมู่ที่ 3 ถ.สรงประภา แขวงสีกัน เขตดอนเมือง 10210,,,,,19x1,0.00000000,0,IMPORT,
11x1797,บริษัท สมจิต แมนชั่น จำกัด,GV00,135-137 ถ.บรรทัดทอง แขวงถนนเพชรบุรี เขตราชเทวี,,,,,19x1,0.00000000,0,IMPORT,
11x1798,บริษัท ซี.เอส.ดับบลิว.แมนชั่น จำกัด,GV00,135-137 ถ.บรรทัดทอง แขวงถนนเพชรบุรี เขตราชเทวี,,,,,19x1,0.00000000,0,IMPORT,
11x1799,บริษัท แหลมทองสหการ จำกัด,FD05,1126/1 ถ.เพชรบุรีตัดใหม่ แขวงมักกะสัน เขตราชเทวี 10400,,,,,19x27,0.00000000,0,IMPORT,
11x1800,THE PERFECT SEAL & SERVICES,,"135/27, 11th FLOOR,AMORNPHAN 205 TOWER 2,SOI NATHONG, RATCHADAPISEK ROAD DINDANG, DINDANG 10320",,,,,19x1,0.00000000,0,IMPORT,
11x1801,บริษัท ไทยซิงอิอุตสาหกรรม จำกัด,SV04,4/3 หมู่ 11 ต.หนองอ้อ อ.บ้านโป่ง จ.ราชบุรี 70110 70110,,,,,19x74,0.00000000,0,IMPORT,
11x1802,บริษัท ไทยยูเนี่ยน สกรูน็อต จำกัด,MT03,63/11-12 หมู่ 1 ถ.พระราม 2 ต.บางน้ำจืด อ.เมืองสมุทรสาคร 74000,,,,,19x45,0.00000000,0,IMPORT,
11x1803,บริษัท เฮเว่น เฮิร์บ จำกัด,CH06,21/5  หมู่ 2 ต.พืชอุดม อ.ลำลูกกา 12150,,,,,19x1,0.00000000,20,IMPORT,
11x1804,บริษัท เอไอ พอร์ตส์ แอนด์ เทอร์มินัลส์ จำกัด,SV01,254 ถ.เสรีไทย แขวงคันนายาว เขตคันนายาว 10230,,,,,19x1,0.00000000,0,IMPORT,
11x1805,บริษัท ออลปั๊มส์ จำกัด,SV04,621 ซ.อ่อนนุช 70/1 แยก 2 แขวงประเวศ เขตประเวศ 10250,,,,,19x1,0.00000000,0,IMPORT,
11x1806,บริษัท ไฮโดรพลัส จำกัด,SV04,119/168  ซ.หมู่บ้านพัชราภรณ์ หมู่ 18 ถ.สุขสวัสดิ์ ต.บางพึ่ง อ.พระประแดง 10130,,,,,19x1,0.00000000,0,IMPORT,
11x1807,บริษัท ไอซิน ทาคาโอก้า ฟาวน์ดริ บางปะกง จำกัด,UT99,700/89 หมู่ 1 ต.บ้านเก่า อ.พานทอง จ.ชลบุรี 20160 20160,,,,,19x1,0.00000000,180,IMPORT,
11x1808,บริษัท พี.ไพศาล วิศวกรรม จำกัด,SV04,98/30 หมู่ 19  ซ.สุขสวัสดิ์ 66 ถ.สุขสวัสดิ์  ต.บางพึ่ง อ.พระประแดง 10130,,,,,19x1,0.00000000,0,IMPORT,
11x1809,บริษัท บิสซิเนส แอพพลิเคชั่น จำกัด,,163 อาคารไทยสมุทร ชั้น 2 ถ.สุรวงศ์ แขวงสุริยวงศ์ เขตบางรัก 10500,,,,,19x1,0.00000000,0,IMPORT,
11x1810,บริษัท พรูฟ เอ็นเทค จำกัด,SV04,77/2 หมู่ 4 ต.บางแก้ว อ.บางพลี 10540,,,,,19x1,0.00000000,0,IMPORT,
11x1811,ห้างหุ้นส่วนจำกัด เอส.เจ โกลบอลเทรด,SV04,6  ซ.แคล้วศรี ต.หาดใหญ่ อ.หาดใหญ่ จ.สงขลา 90110 90110,,,,,19x1,0.00000000,0,IMPORT,
11x1812,ห้างหุ้นส่วนจำกัด พันชนิด เทรดดิ้ง,SV04,211 ถ.เจริญนคร แขวงบุคคโล เขตธนบุรี 10600,,,,,19x1,0.00000000,0,IMPORT,
11x1813,ห้างหุ้นส่วนจำกัด ที.ที.เอ็น.สแตนเลส,CH05,202/1 ม.10 ซ.โรงเกลือ ถ.เศรษฐกิจ  ต.คลองมะเดื่อ อ.กระทุ่มแบน 74110,,,,,19x1,0.00000000,25,IMPORT,
11x1814,บริษัท เอ็นไลน์ อะกริคัลเช่อร์ จำกัด,SV01,46/3 หมู่ 5 ต.คลองใหม่ อ.สามพราน จ.นครปฐม  73110 73110,,,,,19x1,0.00000000,0,IMPORT,
11x1815,บริษัท หลักสี่ออกแบบและวิศวกรรม จำกัด,SV04,456/171 หมู่ 1 ต.แพรกษาใหม อ.เมืองสมุทรปราการ 10280,,,,,19x43,0.00000000,0,IMPORT,
11x1816,บริษัท อายิโนะโมะโต๊ะ (ประเทศไทย)  จำกัด,FD01,487/1 ถ.ศรีอยุธยา แขวงถนนพญาไท เขตราชเทวี 10400,,,,,19x1,0.00000000,228,IMPORT,
11x1817,บริษัท คาลบี้ธนาวัธน์ จำกัด,FD01,258  ม.4  ถนนสุขุมวิท ต.แพรกษา อ.เมืองสมุทรปราการ 10280,,,,,19x43,0.00000000,160,IMPORT,
11x1818,บริษัท โตชิบาคอนซูมเมอร์โปรดัคส์ (ประเทศไทย) จำกัด,EL01,144/1 ม.5  ถ.ติวานนท์ สวนอุตสาหกรรมบางกะดี ต.บางกะดี อ.เมืองปทุมธานี 12000,,,,,19x96,0.00000000,2603,IMPORT,
11x1819,บริษัท ไทยคอนเทนเนอร์ (ทีซีซี) จำกัด,PP01,321/9  ม.6 ต.สุรศักดิ์ อ.ศรีราชา จ.ชลบุรี 20110 20110,,,,,19x1,0.00000000,108,IMPORT,
11x1820,บริษัท นายปิโตร จำกัด,SV04,59 ม.2 ถ.มิตรภาพ ต.ตลิ่งชัน อ.เมือง 18000,,,,,19x1,0.00000000,0,IMPORT,
11x1821,บริษัท เพรซิเดนท์ไรซ์โปรดักส์ จำกัด (มหาชน),FD99,304  ถ.ศรีนครินทร์ แขวงหัวหมาก เขตบางกะปิ 10240,,,,,19x1,0.00000000,0,IMPORT,
11x1822,บริษัท กัลฟ์ ยะลา กรีน จำกัด,UT01,80 ม.1 ต.พร่อน อ.เมืองยะลา จ.ยะลา  95160 95160,,,,,19x1,0.00000000,55,IMPORT,
11x1823,บริษัท ปัญจพลไฟเบอร์คอนเทนเนอร์  จำกัด,PP01,183  หมู่ 8 ถ.ปู่เจ้าสมิงพราย ต.สำโรงใต้ อ.พระประแดง 10130,,,,,19x1,0.00000000,600,IMPORT,
11x1824,บริษัท มาร์ส เพ็ทแคร์ (ประเทศไทย) จำกัด,FD05,799 หมู่ 4 ต.จันทึก อ.ปากช่อง 30130,,,,,19x88,0.00000000,32,IMPORT,
11x1825,บริษัท ไวส์ เอนเตอร์ไพรส์ จำกัด,EL01,82/326-327 หมู่ 9 ซ.เอกชัย 76 ถ.เอกชัย แขวงบางแค เขตบางแค 10160,,,,,19x1,0.00000000,0,IMPORT,
11x1826,บริษัท บี.พี.แอร์ แอนด์ เอ็นจิเนียริ่ง จำกัด,CH14,11/89 ม.20 ซ.เทศบาล 25 ถ.นิมิตใหม่ ต.ลำลูกกา อ.ลำลูกกา 12150,,,,,19x43,0.00000000,35,IMPORT,
11x1827,บริษัท วีเอส เคม (1970) จำกัด,SV04,24 ถ.พระราม 1 แขวงรองเมือง เขตปทุมวัน 10330,,,,,19x1,0.00000000,3,IMPORT,
11x1828,ห้างหุ้นส่วนจำกัด สราวุธการช่าง (2000),SV04,"270,272,274 ถ.ปัทมานนท์ ต.ในเมือง อ.เมืองสุรินทร์ 32000",,,,,19x1,0.00000000,0,IMPORT,
11x1829,บริษัท บางกอกวอเตอร์เทรด จำกัด,UT03,1340 ซ.เพชรเกษม 94 ถ.เพชรเกษม แขวงบางแคเหนือ เขตบางแค 10160,,,,,19x1,0.00000000,0,IMPORT,
11x1830,บริษัท เค.เอส.อินเตอร์คูล เอ็นจิเนียริ่ง จำกัด,SV04,105/516-517 ซอยนวมินทร์ 57 แยก 3-4 แขวงนวมินทร์ เขตบึงกุ่ม 10240,,,,,19x45,0.00000000,15,IMPORT,
11x1831,บริษัท เอ็น เอส เค ซัพพลาย แอนด์ เซอร์วิส จำกัด,SV01,89/104 ม.8 ต.บางครุ อ.พระประแดง,,,,,19x1,0.00000000,0,IMPORT,
11x1832,บริษัท ชูบุราชบุรี อีเลคทริคเซอร์วิส จำกัด,UT01,128  ม.6  ต.พิกุลทอง อ.เมือง  จ.ราชบุรี  70000 70000,,,,,19x1,0.00000000,0,IMPORT,
11x1833,บริษัท เค.ที.เอ็นจิเนียริ่ง แอนด์ อินดัสตรี้ จำกัด,SV01,60/42 ม.5 ต.ลาดสวาย อ.ลำลูกกา 12150,,,,,19x1,0.00000000,0,IMPORT,
11x1834,บริษัท ยูไนเต็ด ซัพพลาย แอนด์ มัลติเทรด จำกัด,OM00,3 ถ.สามัคคีสุข 2 ต.บ่อยาง อ.เมืองสงขลา จ.สงขลา  90000 90000,,,,,19x43,0.00000000,0,IMPORT,
11x1835,บริษัท เอ็นทีเอ็น แมนูแฟคเจอริ่ง (ไทยแลนด์) จำกัด,MT03,111/2 ม.4 ต.ปลวกแดง อ.ปลวกแดง 21140,,,,,19x1,0.00000000,823,IMPORT,
11x1836,บริษัท เอส ไรคส์ จำกัด,SV04,14/9 ซ.ริมคลองไผ่สิงห์โต ถ.พระรามที่ 4 แขวงคลองเตย เขตคลองเตย 10110,,,,,19x1,0.00000000,0,IMPORT,
11x1837,รุ่งเจริญ เซอร์วิส,SV04,83/247 ม.7 ซ.เทศบาล 23(กันตะบุตร) ถ.สุขุมวิท ต.บางเมืองใหม่ อ.เมือง 10270,,,,,19x1,0.00000000,0,IMPORT,
11x1838,บริษัท ยูนิลีเวอร์ ไทย เซอร์วิสส์ จำกัด,CH06,161 ถนนพระราม 9 แขวงห้วยขวาง เขตห้วยขวาง 10310,,,,,19x1,0.00000000,0,IMPORT,
11x1839,บริษัท เพียวไบโอดีเซล จำกัด,CH14,7/4 ถ.ปกรณ์สงเคราะห์ราษฎร์ ต.มาบตาพุด  อ.เมืองระยอง 21150,,,,,19x1,0.00000000,14,IMPORT,
11x1840,ห้างหุ้นส่วนจำกัด ไอซ์แลนด์อุปกรณ์เครื่องเย็น,SV04,147 ซ.จันทน์ 18/7 (เซนต์หลุยส์ 3) แขวงทุ่งวัดดอน เขตสาทร 10120,,,,,19x1,0.00000000,0,IMPORT,
11x1842,บริษัท เอเชี่ยนเคมีคัล แอนด์ เอ็นยิเนียริ่ง จำกัด,SV04,76/5 ม.3 ถ.เทพารักษ์ กม.10 ต.บางพลีใหญ่ อ.บางพลี 10540,,,,,19x1,0.00000000,44,IMPORT,
11x1843,บริษัท คิดกัน จำกัด,MT99,119/18 หมู่ 4 ถ.ปลวกแดง-วังตาผิน สะพานสี่ ต.ปลวกแดง อ.ปลวกแดง 21140,,,,,19x1,0.00000000,0,IMPORT,
11x1844,Carbide Chemical (Thailand) Ltd.,CH42,"14th & 15th Fl., White Group Building II 75 Soi Rubia, Sukhumvit 42, Prakanong Klongtoey 10110",,,,,19x51,0.00000000,3,IMPORT,
11x1845,บริษัท ระยองอินดัสเตรียล เซอร์วิส แอนด์ ซัพพลาย จำกัด,SV04,78/43 หมู่ 1 ต.เนินพระ อ.เมืองระยอง 21000,,,,,19x1,0.00000000,0,IMPORT,
11x1846,บริษัท ไออาร์พีซี โพลีออล จำกัด,CH42,299 หมู่ 5 ถ.สุขุมวิท ต.เชิงเนิน อ.เมืองระยอง 21000,,,,,19x90,0.00000000,35,IMPORT,
11x1847,บริษัท ที.เอ็น.เอฟ เอ็นจิเนียริ่ง อินดัสตรี  จำกัด,SV01,31/1840 หมู่ 2 ซอย 3/2 ถ.เลียบคลองสาม ต. คลองสาม อ. คลองหลวง 12120,,,,,19x1,0.00000000,0,IMPORT,
11x1848,บริษัท เอ็กซ์เฟิร์ทซัพพลายแอนด์เซอร์วิส จำกัด,SV04,270 หมู่ 5 ตำบลพะวง อำเภอเมืองสงขลา จังหวัดสงขลา  90000 90000,,,,,19x1,0.00000000,0,IMPORT,
11x1849,บริษัท ไทยลู้บเบส จำกัด (มหาชน),CH14,163/19  หมู่ 7 ถ.สุขุมวิท-อ่าวอุดม ต.ทุ่งสุขลา อ.ศรีราชา  จ.ชลบุรี  20230 20230,,,,,19x45,0.00000000,0,IMPORT,
11x1850,บริษัท โพสโค- ไทยน๊อคซ์  จำกัด (มหาชน),MT01,324 หมู่ 8 ถนนทางหลวงหมายเลข 3191 ตำบลมาบข่า อำเภอนิคมพัฒนา 21180,,,,,19x1,0.00000000,0,IMPORT,
11x1851,บริษัท อุตสาหกรรมน้ำตาลอีสาน จำกัด,FD04,99 หมู่ที่ 9  ถ. วังสามหมอ-คำม่วง ต. สำราญ อ. สามชัย 46180,,,,,19x1,0.00000000,471,IMPORT,
11x1852,บริษัท ควอลิเมอร์ จำกัด,CH43,5/9 หมู่ 1 ต.บางโฉลง อ.บางพลี 10540,,,,,19x1,0.00000000,37,IMPORT,
11x1853,DOW  CHEMICAL THAILAND LIMITED,CH42,"14th & 15th Fl., White Group Building II 75 Soi Rubia, Sukhumvit 42, Prakanong Klongtoey 10110",,,,,19x51,0.00000000,0,IMPORT,
11x1854,บริษัท เอ็กซ์เธอร์แอน (ประเทศไทย) จำกัด,SV04,100/58  อาคารสาธรนคร ชั้นที่ 28 ถนนสาทรเหนือ แขวงสีลม เขตบางรัก 10500,,,,,19x1,0.00000000,0,IMPORT,
11x1855,บริษัท อินเตอร์เนชั่นแนล ดีไซน์ โซลูชั่น จำกัด,SV01,9/206 หมู่บ้านลลิล อินเดอะพาร์ค หมู่ 4 แขวงคลองถนน เขตสายไหม 10210,,,,,19x1,0.00000000,0,IMPORT,
11x1856,บริษัท ไทยแท้งค์เทอร์มินัล จำกัด,TP00,เลขที่ 19 ถ.ไอ-หนึ่ง ต.มาบตาพุด อ.เมืองระยอง 21150,,,,,19x90,0.00000000,0,IMPORT,
11x1857,บริษัท ไทยเคนเปเปอร์ จำกัด (มหาชน),PP01,70 หมู่ 4 ถ.หนองสังข์-วังตะเคียน ต.บ่อทอง อ.กบินทร์บุรี 25110,,,,,19x34,0.00000000,126,IMPORT,
11x1858,บริษัท สตาร์ พลัส เคมีคอล จำกัด,CH43,100/1 อาคารวรสมบัติ ชั้น 12LC ถ.พระราม 9 แขวงห้วยขวาง เขตห้วยขวาง 10310,,,,,19x51,0.00000000,19,IMPORT,
11x1859,บริษัท นิปปอนเพนต์ (ประเทศไทย)  จำกัด (อมตะนคร),CH03,"700/29,31  หมู่ที่ 6  ต.หนองไม้แดง, 700/33 หมู่ที่ 5 ต.คลองตำหรุ อ.เมืองชลบุรี  จ. ชลบุรี 20000 20000",,,,,19x1,0.00000000,371,IMPORT,
11x1860,บริษัท ไทยดีเอนทีเพนท์ จำกัด,CH03,38/25  หมู่ 5 ถ. สุขุมวิท ต. ทุ่งสุขลา อ.ศรีราชา จ. ชลบุรี 20230 20230,,,,,19x1,0.00000000,124,IMPORT,
11x1861,บริษัท อินเตอร์โฟลว์  จำกัด,SV04,230/229   ซอยแจ้งวัฒนะ 6 แยก 1 ถ.แจ้งวัฒนะ แขวงตลาดบางเขน เขตหลักสี่ 10210,,,,,19x1,0.00000000,0,IMPORT,
11x1862,บริษัท เอ็มแอนด์อาร์ แลบเบอราทอรี่ จำกัด,FD08,1/29 ม.5 ต.คานหาม อ.อุทัย 13210,,,,,19x1,0.00000000,93,IMPORT,
11x1863,บริษัท ไชน่าการค้า (กรุงเทพฯ) จำกัด,SV04,92 ซอยเจริญนคร 37 ถนนเจริญนคร แขวงบางลำภูล่าง เขตคลองสาน 10600,,,,,19x1,0.00000000,0,IMPORT,
11x1864,บริษัท ซีโน-แปซิฟิค เทรดดิ้ง (ไทยแลนด์) จำกัด,FD01,122/2-3 ถ.นนทรี แขวงช่องนนทรี เขตยานนาวา 10120,,,,,19x1,0.00000000,236,IMPORT,
11x1865,บริษัท ไทยลู้บเบล็นดิ้ง จำกัด,CH14,555  ถนนอาจณรงค์ แขวงคลองเตย เขตคลองเตย 10260,,,,,19x1,0.00000000,40,IMPORT,
11x1866,บริษัท เอ็กโก เอ็นจิเนียริ่ง แอนด์ เซอร์วิส จำกัด,UT01,222 หมู่ 5  อาคารเอ็กโกนอร์ธปาร์ค ถ. วิภาวดี-รังสิต แขวงทุ่งสองห้อง เขตหลักสี่ 10210,,,,,19x1,0.00000000,0,IMPORT,
11x1867,บริษัท สยามคอมเพรสเซอร์ อุตสาหกรรม จำกัด,EL01,87/10  หมู่ 2  ถ.สุขุมวิท ต. ทุ่งสุขลา  อ.ศรีราชา  จ.ชลบุรี  20230 20230,,,,,19x1,0.00000000,0,IMPORT,
11x1868,บริษัท สีเดลต้า จำกัด,CH03,262  หมู่ 4 แขวงลำปลาทิว เขตลาดกระบัง 10520,,,,,19x1,0.00000000,18,IMPORT,
11x1869,บริษัท วนชัย กรุ๊ป จำกัด (มหาชน),AG03,22/1  หมู่ 1  ต.หนองอิรุณ อ.บ้านบึง  จ.ชลบุรี  20220 20220,,,,,19x34,0.00000000,84,IMPORT,
11x1870,WATER (THAILAND) LIMITED PARTNERSHIP,,"155/7 PRABAT ROAD., TAMBOL PRABAT AMPHUR MUANG LAMPANG 52000 52000",,,,,19x1,0.00000000,0,IMPORT,
11x1871,"RIVER ENGINEERING CO.,LTD.",SV04,"155  LADPRO ROAD, WANGTHONGLANG WANGTHONGLANG DISTRICT 10310",,,,,19x1,0.00000000,0,IMPORT,
11x1872,บริษัท เบสท์โปรดักส์ เทรดดิ้ง จำกัด,SV04,48/27  หมู่ 12  ตำบลลำลูกกา อำเภอลำลูกกา 12150,,,,,19x1,0.00000000,0,IMPORT,
11x1873,บริษัท เมกก้า ซายน์ จำกัด,SV01,77 ซอยบางบอน 5 ซอย 12 แขวงบางบอน เขตบางบอน 10150,,,,,19x1,0.00000000,0,IMPORT,
11x1874,บริษัท ท่าอากาศยานไทย จำกัด (มหาชน)   สาขาท่าอากาศยานสุวรรณภูมิ,SV01,999  หมู่ 1  ตำบลหนองปรือ อำเภอบางพลี 10540,,,,,19x1,0.00000000,0,IMPORT,
11x1875,บริษัท ไทยชินเรียว จำกัด,SV04,3656/18-19  อาคารกรีนทาวเวอร์ ชั้น 7  ถนนพระราม 4 แขวงคลองตัน เขตคลองเตย 10110,,,,,19x1,0.00000000,0,IMPORT,
11x1876,บริษัท พีเจ แอสเซท จำกัด,SV01,32 หมู่ 3 ตำบลบางไผ่ อำเภอเมือง 11000,,,,,19x1,0.00000000,0,IMPORT,
11x1877,บริษัท ไทยแอลกอฮอล์ จำกัด (มหาชน),FD07,เลขที่ 1 อาคารเอ็มไพร์ ทาวเวอร์ ชั้น 43 ถนนสาทรใต้ แขวงยานนาวา เขตสาทร 10120,,,,,19x1,0.00000000,284,IMPORT,
11x1878,บริษัท อินโดรามา โพลีเอสเตอร์ อินดัสตรี้ส์ จำกัด (มหาชน),MN02,เลขที่ 6 ถ.ไอสอง ต.มาบตาพุด อ.เมืองระยอง 21150,,,,,19x1,0.00000000,38,IMPORT,
11x1879,"Thai Tokai Carbon Product Rojana Co., Ltd. (TCP-R)",UT99,4/11 หมู่ 2 ต.หนองบัว อ.บ้านค่าย 21120,,,,,19x1,0.00000000,52,IMPORT,
11x1880,บริษัท ไทยโพลีอะซีทัล จำกัด,CH42,622 อาคารเอ็มโพเรี่ยม ชั้น 24/4-7 ถนนสุขุมวิท แขวงคลองตัน เขตคลองเตย 10110,,,,,19x1,0.00000000,122,IMPORT,
11x1881,บริษัท ไทยโพลีคาร์บอเนต จำกัด,CH42,622 อาคารเอ็มโพเรี่ยม ชั้น 24/4-8 ถนนสุขุมวิท แขวงคลองตัน เขตคลองเตย 10110,,,,,19x1,0.00000000,260,IMPORT,
11x1882,บริษัท 104 เอ็นจิเนียริ่ง จำกัด,UT99,5/3 หมู่ 2 ตำบล บางแก้ว อำเภอ นครชัยศรี จังหวัด นครปฐม  73120 73120,,,,,19x1,0.00000000,6,IMPORT,
11x1883,บริษัท ถนอมวงศ์บริการ จำกัด,CH15,118/1  ถนนพระราม 6 แขวงสามเสนใน เขตพญาไท 10400,,,,,19x1,0.00000000,5,IMPORT,
11x1884,ลาซาล พาร์ค คอนโดมิเนียม อาคาร.ซี,SV01,10  ซอยสุขุมวิท 105 แขวงบางนา เขตบางนา 10260,,,,,19x1,0.00000000,0,IMPORT,
11x1885,บริษัท ไฮโดรควิพ จำกัด,UT01,36-36/1  ซอยเปรมฤทัย ถนนติวานนท์  ตำบลท่าทราย อำเภอเมืองนนทบุรี 11000,,,,,19x1,0.00000000,23,IMPORT,
11x1886,บริษัท แอมเพิลไลท์ แมนูแฟคเจอริ่ง จำกัด,MN05,111/2 หมู่ที่ 4  ถนนสายปลวกแดง-ห้วยปราบ ตำบลมาบยางพร อำเภอปลวกแดง 21140,,,,,19x1,0.00000000,23,IMPORT,
11x1887,บริษัท ไอ.ที.ซี.(1993)  จำกัด,SV04,"115,117,119  ซอยรามคำแหง 58/4 แขวงหัวหมาก เขตบางกะปิ 10240",,,,,19x1,0.00000000,0,IMPORT,
11x1888,บริษัท พีทีที ฟีนอล จำกัด,CH01,555/1  อาคารศูนย์เอนเนอร์ยี่คอมเพล็กซ์ อาคารเอ ชั้น15 ถนนวิภาวดีรังสิต แขวงจตุจักร เขตจตุจักร 10900,,,,,19x1,0.00000000,38,IMPORT,
11x1889,บริษัท เอนริช (ประเทศไทย) จำกัด,SV04,399/1  หมู่ 3 ตำบลเสม็ด อำเภอเมืองชลบุรี  จังหวัดชลบุรี  20000 20000,,,,,19x45,0.00000000,0,IMPORT,
11x1890,บริษัท เซอร่า เซรามิก จำกัด,MN03,889 หมู่ที่ 6 ตำบลหนองใหญ่ อำเภอหนองใหญ่ จังหวัดชลบุรี 20190 20190,,,,,19x1,0.00000000,0,IMPORT,
11x1891,บริษัท ทีไอจี แอร์เคมีคัล จำกัด,CH02,2/3 หมู่ที่ 14 อาคารบางนาทาวเวอร์ ชั้น 15 ถนนบางนา-ตราด ตำบลบางแก้ว อำเภอบางพลี 10540,,,,,19x1,0.00000000,0,IMPORT,
11x1892,บริษัท ดีไอซี กราฟฟิค (ประเทศไทย) จำกัด,CH03,159/34 อาคารเสริมมิตรทาวเวอร์ ชั้น 20 ซอยอโศก ถนนสุขุมวิท 21 (อโศก) แขวงคลองเตยเหนือ เขตวัฒนา 10110,,,,,19x1,0.00000000,0,IMPORT,
11x1893,บริษัท เซาเทิร์น พีเอสเอส จำกัด,SV04,16/18-19  หมู่ที่ 3 ถนนเลี่ยงเมือง ตำบลมะขามเตี้ย อำเภอเมืองสุราษฎร์ธานี 84000,,,,,19x1,0.00000000,0,IMPORT,
11x1894,บริษัท สิริฉัตร อินดัสเตรียล แอนด์ เซอร์วิส จำกัด,SV04,24 ซอย 4  ถนนสาครมงคล ตำบลหาดใหญ่  อำเภอหาดใหญ่ จังหวัดสงขลา 90110 90110,,,,,19x1,0.00000000,0,IMPORT,
11x1895,บริษัท คิวเทค เอ็นจิเนียริ่ง จำกัด,SV01,1093/149 หมู่ 12 ถ.บางนา-ตราด (กม.3) แขวงบางนา เขตบางนา 10260,,,,,19x1,0.00000000,0,IMPORT,
11x1896,บริษัท ฟาร์เธอร์ แอสฟัลท์ จำกัด,CH15,155/6 หมู่ที่ 10  ตำบลท่าตูม อำเภอศรีมหาโพธิ 25140,,,,,19x1,0.00000000,0,IMPORT,
11x1897,บริษัท วอเตอร์ฟิลด์เอเซีย จำกัด,SV04,623 ซอยอ่อนนุช 70/1 แยก 2 แขวงประเวศ เขตประเวศ 10250,,,,,19x34,0.00000000,0,IMPORT,
11x1898,บริษัท ออสคอน จำกัด,CH99,800/95 ถ.อโศก- ดินแดง แขวงดินแดง เขตดินแดง 10400,,,,,19x1,0.00000000,0,IMPORT,
11x1899,บริษัท พี เอส วิคตอรี่ ซิสเต็ม เอ็นเตอร์ไพรส์ จำกัด,SV04,5/4 ถ.เดโช แขวงสุริยวงศ์ เขตบางรัก 10500,,,,,19x1,0.00000000,0,IMPORT,
11x1900,บริษัท ไมลอทท์ แลบบอราทอรีส์ จำกัด,CH06,84/55 หมู่ที่ 11 ซอยธนสิทธิ์ ถนนเทพารักษ์ ตำบลบางปลา อำเภอบางพลี 10540,,,,,19x1,0.00000000,485,IMPORT,
11x1901,บริษัท อินดัสเตรียล มินเนอรัล ดิวิลอปเมนท์ จำกัด,SV04,255 ซอยพัฒนาการ 61 แขวงประเวศ เขตประเวศ 10250,,,,,19x1,0.00000000,15,IMPORT,
11x1902,บริษัท เอ็นจิเนียริ่ง เซ็นเตอร์ ซัพพลาย จำกัด,SV04,577/3 หมู่ 6 ซอยแอนเน็กซ์ 39 ถนนพหลโยธิน แขวงสายไหม เขตสายไหม 10220,,,,,19x1,0.00000000,0,IMPORT,
11x1903,บริษัท สยามซินเนอร์ยี จำกัด,UT01,2/1 ซ.เกษมสำราญ 1 ซ.3 ถ.สุขุมวิท 71 แขวงคลองตันเหนือ เขตวัฒนา 10110,,,,,19x1,0.00000000,0,IMPORT,
11x1904,บริษัท เอเชีย ซิลิโคนส์ โมโนเมอร์ จำกัด,CH04,1 หมู่ที่ 2  ตำบลบ้านฉาง อำเภอบ้านฉาง 21130,,,,,19x51,0.00000000,0,IMPORT,
11x1905,บริษัท วอทรีท จำกัด,SV04,7/25 หมู่ที่ 10 ต. บ้านใหม่ อ.บางใหญ่ 11140,,,,,19x1,0.00000000,0,IMPORT,
11x1906,บริษัท ไทยแมกซ์เวล อินดัสเทรียล เซอร์วิส จำกัด,EL01,24/3  หมู่ที่ 5  ตำบลหนองละลอก อำเภอบ้านค่าย 21120,,,,,19x1,0.00000000,15,IMPORT,
11x1907,บริษัท เอส พี เอส อินเตอร์เทรด แอนด์ เอ็นจิเนียริ่ง จำกัด,SV04,211/1 ซ.คุ้มเกล้า 7 ถ.สุวินทวงศ์ แขวงแสนแสบ เขตมีนบุรี 10510,,,,,19x1,0.00000000,0,IMPORT,
11x1908,บริษัท ออลเน็กซ์ (ประเทศไทย) จำกัด,CH04,127/32  อาคารปัญจธานี ชั้น 27 ถ.นนทรี แขวงช่องนนทรี เขตยานนาวา 10120,,,,,19x1,0.00000000,133,IMPORT,
11x1909,บริษัท สุขุมพาณิชย์ จำกัด,FD04,88/9 หมุ่ที่ 8 ซอยสมเอก ถนนติวานนท์ ตำบลบางพูด อำเภอปากเกร็ด 11120,,,,,19x1,0.00000000,68,IMPORT,
11x1910,บริษัท ทีพีซี เพสต์ เรซิน จำกัด,CH04,1 ถ.ปูนซิเมนต์ไทย แขวงบางซื่อ เขตบางซื่อ 10800,,,,,19x51,0.00000000,31,IMPORT,
11x1911,บริษัท พูแรค (ประเทศไทย) จำกัด,CH01,3 หมู่ที่ 2 ตำบลบ้านฉาง อำเภอบ้านฉาง 21130,,,,,19x51,0.00000000,27,IMPORT,
11x1912,"TOP UNION CO., LTD.",CH43,"137 Moo 3, T.Nonglalok, A. Bankhai 21120",,,,,19x1,0.00000000,0,IMPORT,
11x1913,บริษัท ไทยโอลีโอเคมี จำกัด,CH14,555/1 ศูนย์เอนเนอร์ยี่คอมเพล็กซ์ อาคารเอ ชั้น 15  ถนนวิภาวดีรังสิต แขวงจตุจักร เขตจตุจักร 10900,,,,,19x1,0.00000000,0,IMPORT,
11x1914,บริษัท โกลว์ พลังงาน จำกัด (มหาชน),UT99,11 ถนนไอ-ห้า ตำบลมาบตาพุด อำเภอเมืองระยอง 21150,,,,,19x1,0.00000000,95,IMPORT,
11x1915,บริษัท อุตสาหกรรมน้ำปลาระยอง จำกัด,FD04,29 หมู่ 4 ถ.บางนา-ตราด ต.ทับมา อ.เมือง 21000,,,,,19x1,0.00000000,32,IMPORT,
11x1916,บริษัท เวบพริ้นท์ (ประเทศไทย)  จำกัด,SV04,22/20 หมู่ 6 ถนนงามวงศ์วาน แขวงทุ่งสองห้อง เขตหลักสี่ 10210,,,,,19x1,0.00000000,0,IMPORT,
11x1917,บริษัท กิจชาญชัย เอ็นจิเนียริ่ง แอนด์ ซัพพลาย จำกัด,SV04,573 หมู่ 3 ซอยพระราม 2 ซอย 4 ถนนพระราม 2 แขวงจอมทอง เขตจอมทอง 10150,,,,,19x1,0.00000000,0,IMPORT,
11x1918,บริษัท ที เอส ซัพพลาย แอนด์ คอนสตรัคชั่น จำกัด,SV01,70 หมู่ 3 ซอยปู่หลวง  ถนนพระราม 2 แขวงแสมดำ เขตบางขุนเทียน 10150,,,,,19x1,0.00000000,12,IMPORT,
11x1919,บริษัท ไทยสตีลโปรไฟล์ จำกัด (มหาชน),MT02,19/35 หมู่ 4 ต.คอกกระบือ อ.เมืองสมุทรสาคร 74000,,,,,19x1,0.00000000,128,IMPORT,
11x1920,ห้างหุ้นส่วนจำกัด พีเอ็นพี เอ็นจิเนียริ่ง แอนด์ ซัพพลาย,SV01,4/13 ซอยรามคำแหง 151/1 แขวงสะพานสูง เขตสะพานสูง 10240,,,,,19x1,0.00000000,0,IMPORT,
11x1921,บริษัท มาบตาพุดโอเลฟินส์ จำกัด,CH42,88/3 ถนนทางหลวงระยอง-สาย 3191 ต.มาบตาพุด อ.เมืองระยอง 21150,,,,,19x51,0.00000000,0,IMPORT,
11x1922,บริษัท ซี เอส อาร์ มารีน จำกัด,TP00,611/88 ตรอกวัดจันทร์ใน แขวงบางโคล่ เขตบางคอแหลม 10120,,,,,19x1,0.00000000,0,IMPORT,
11x1923,บริษัท ท้อปแก๊ส จำกัด,,4/53 หมู่ที่ 9 ถนนบรมราชชนนี แขวงฉิมพลี เขตตลิ่งชัน 10170,,,,,19x1,0.00000000,0,IMPORT,
11x1924,"DANIELI FAR EAST CO., LTD.",MT02,THE EASTERN SEABOARD INDUSTRIAL ESTATE (RAYONG) 64/210  MOO 4  T.PLUAKDAENG A.PLUAKDAENG 21140,,,,,19x1,0.00000000,0,IMPORT,
11x1925,บริษัท เจนเนอรัล บิซิเนส เอ็นจิเนียริ่ง จำกัด,UT99,357 ซอยอ่อนนุช  70/1 แขวงประเวศ เขตประเวศ 10250,,,,,19x1,0.00000000,0,IMPORT,
11x1926,บริษัท บอสเทค อินเตอร์เนชั่นแนล จำกัด,FD01,775 ถนนประชาอุทิศ แขวงสามเสนนอก เขตห้วยขวาง 10320,,,,,19x1,0.00000000,0,IMPORT,
11x1927,บริษัท เทส มัลติเฟส เมเชอร์เมนท์ จำกัด,OG01,30 ซอยรามคำแหง 12(อุดมยศ) ถนนรามคำแหง แขวงหัวหมาก เขตบางกะปิ 10240,,,,,19x1,0.00000000,0,IMPORT,
11x1928,บริษัท สหรุ่งพัฒนา 15 จำกัด,OG01,54 หมู่ที่ 2 ซอยวัดหนามแดง ถนนศรีนครินทร์ ตำบลบางแก้ว อำเภอบางพลี 10540,,,,,19x74,0.00000000,0,IMPORT,
11x1929,บริษัท ทองไทยการทอ จำกัด,TT00,111 หมู่ 1 ซอยเอราวัณ ถนนเพชรเกษม ตำบลยายชา อำเภอสามพราน จังหวัดนครปฐม 73110 73110,,,,,19x1,0.00000000,979,IMPORT,
11x1930,บริษัท ดีโก้ โปรเจค เซอร์วิส จำกัด,SV04,83/50 หมู่ 1 ถนนสุขุมวิท ตำบลพลา อำเภอบ้านฉาง 21130,,,,,19x1,0.00000000,0,IMPORT,
11x1931,บริษัท นิว สากลซัพพลาย จำกัด,SV04,287/106-107  หมู่ 1 ถ.สุขสวัสดิ์  ต.ปากคลองบางปลากด อ.พระสมุทรเจดีย์ 10290,,,,,19x1,0.00000000,0,IMPORT,
11x1932,บริษัท เฮสส์ (ไทยแลนด์)  จำกัด,CH02,อาคาร เซ็นทรัลเวิลด์ ชั้น 27 999/9 ถ.พระราม 1 แขวงปทุมวัน เขตปทุมวัน 10330,,,,,19x1,0.00000000,0,IMPORT,
11x1933,บริษัท ฟูจิตสึ เจเนอรัล (ประเทศไทย) จำกัด,EL01,92/9  หมู่ 2 นิคมอุตสาหกรรมแหลมฉบัง เขตประกอบการเสรี  ถ.สุขุมวิท  ต.ทุ่งสุขลา อ.ศรีราชา  จ.ชลบุรี 20230 20230,,,,,19x1,0.00000000,1372,IMPORT,
11x1934,ห้างหุ้นส่วนจำกัด เอ.เอ็น.เอส.พรีซีชั่น,SV04,110/49  หมู่ 5 ตำบลบึง  อำเภอศรีราชา จังหวัดชลบุรี 20230 20230,,,,,19x1,0.00000000,0,IMPORT,
11x1935,บริษัท บางจากไบโอฟูเอล จำกัด,CH14,28 หมู่ 9  ต.บางกระสั้น อ.บางปะอิน 13160,,,,,19x1,0.00000000,30,IMPORT,
11x1936,บริษัท อินเตอร์ แปซิฟิค เปเปอร์ จำกัด,PP01,99 หมู่ 4  ถนนบ้านสร้าง-คลองสารภี ตำบลบางพลวง อำเภอบ้านสร้าง 25150,,,,,19x34,0.00000000,112,IMPORT,
11x1937,บริษัท มาสเตอร์เทค เทคโนโลยี จำกัด,SV04,47/149 หมู่ที่ 5 แขวงบางแค เขตบางแค 10160,,,,,19x1,0.00000000,0,IMPORT,
11x1938,ห้างหุ้นส่วนจำกัด พี.เอส.เอ็ม.แมชชีนเนอรี่,SV04,88 หมู่ 4  ซอยชัยพฤกษ์ 18 (พิทักษ์ธรรม) ถนนชัยพฤกษ์ แขวงตลิ่งชัน เขตตลิ่งชัน 10170,,,,,19x1,0.00000000,0,IMPORT,
11x1939,บริษัท อิวอนิก ไทย แอโรซิล จำกัด,CH09,990 อาคารอับดุลราฮิม ชั้น 9 ถนนพระรามที่ 4 แขวงสีลม เขตบางรัก 10500,,,,,19x1,0.00000000,0,IMPORT,
11x1940,บริษัท ดาต้ากรีน จำกัด,OM00,1213/22  ถนนลาดพร้าว ซอย 94 แขวงวังทองหลาง เขตวังทองหลาง 10310,,,,,19x1,0.00000000,0,IMPORT,
11x1941,บริษัท ซาบิก อินโนเวทีฟ พลาสติคส์ (ประเทศไทย) จำกัด,CH42,64/22  หมู่ที่ 4 ตำบลปลวกแดง อำเภอปลวกแดง 21140,,,,,19x1,0.00000000,0,IMPORT,
11x1942,บริษัท พีพีที เอ็นจิเนียร์ จำกัด,SV04,922/8  หมู่ที่ 5 ต.สำโรงเหนือ อ.เมือง 10270,,,,,19x1,0.00000000,0,IMPORT,
11x1943,"THAI SYNTHETIC RUBBERS CO., LTD.",PP99,"87/2  CRC TOWER, ALL SEASONS PLACE, 9th FLOOR, WIRELESS ROAD, LUMPINI, PATHUMWAN 10330",,,,,19x1,0.00000000,0,IMPORT,
11x1944,บริษัท แปซิฟิค ยูนิเทรด จำกัด,OG01,20/29-30 หมู่ที่ 3  ซอยจตุโชติ ถนนรัตนโกสินทร์สมโภชน์ แขวงออเงิน เขตสายไหม 10220,,,,,19x1,0.00000000,0,IMPORT,
11x1945,บริษัท ซี.แอนด์ พี. จำกัด,TP00,153 อาคารมาโณทาวเวอร์ ชั้น 4 ซอย 39 ถนนสุขุมวิท แขวงคลองตันเหนือ เขตวัฒนา 10110,,,,,19x1,0.00000000,0,IMPORT,
11x1946,บริษัท บางกอกอินดัสเทรียลแก๊ส จำกัด,CH02,3 อาคารรัจนาการ ชั้น 11 ถ.สาทรใต้ แขวงยานนาวา เขตสาทร 10120,,,,,19x90,0.00000000,11,IMPORT,
11x1947,บริษัท อัลสตอม (ประเทศไทย) จำกัด,,ชั้น 9 อาคารแคปปิตอลทาวเวอร์ ออลซีซั่นส์เพลส 87/1 ถ.วิทยุ แขวงลุมพินี เขตปทุมวัน 10330,,,,,19x1,0.00000000,0,IMPORT,
11x1948,บริษัท ซี.เจ.ไอ. (ไทยแลนด์) จำกัด,SV04,195  ซอยรามคำแหง 36 ถนนรามคำแหง แขวงหัวหมาก เขตบางกะปิ 10240,,,,,19x1,0.00000000,0,IMPORT,
11x1949,บริษัท เอ็น ไอ บี โกลบอล จำกัด,SV04,616/29 ถนนสาธุประดิษฐ์ แขวงบางโพงพาง เขตยานนาวา 10120,,,,,19x1,0.00000000,0,IMPORT,
11x1950,บริษัท สิงห์ เบเวอเรช จำกัด,FD02,99 หมู่ 10 ต.บัวปากท่า  อ.บางเลน จ.นครปฐม 73130 73130,,,,,19x1,0.00000000,356,IMPORT,
11x1951,บริษัท ทีพีที ปิโตรเคมิคอลส์ จำกัด (มหาชน),CH14,75/116-117 อาคารโอเชี่ยนทาวเวอร์ 2 ชั้น 41 ซ.สุขุมวิท 19 (วัฒนา) ถ.สุขุมวิท แขวงคลองเตยเหนือ เขตวัฒนา 10110,,,,,19x92,0.00000000,255,IMPORT,
11x1952,บริษัท ไทยชินกงอินดัสตรี คอร์ปอเรชั่น จำกัด,,54 อาคารหะรินธร ห้องเลขที่ 7 บี ถ.สาทรเหนือ แขวงสีลม เขตบางรัก 10500,,,,,19x1,0.00000000,98,IMPORT,
11x1953,บริษัท อีพีเอสเอ็ม (ไทยแลนด์) จำกัด,SV04,267/241 ถนนสุขุมวิท ตำบลมาบตาพุด อำเภอเมืองระยอง 21150,,,,,19x1,0.00000000,0,IMPORT,
11x1954,บริษัท ไทยโพลิเอททีลีน  จำกัด,CH42,88/4-5  ถ.ทางหลวงระยอง-สาย 3191 ต.มาบตาพุด อ.เมืองระยอง 21150,,,,,19x1,0.00000000,87,IMPORT,
11x1955,บริษัท บางกอกโพลีเอสเตอร์ จำกัด (มหาชน),,45/9 ม.4 ถ.สาย 36 ต.นิคมพัฒนา อ.นิคมพัฒนา 21180,,,,,19x1,0.00000000,0,IMPORT,
11x1956,บริษัท ซันโย กาเซ (ไทยแลนด์) จำกัด,CH07,22 ซอยสุขุมวิท 42 ถนนสุขุมวิท แขวงพระโขนง เขตคลองเตย 10110,,,,,19x51,0.00000000,0,IMPORT,
11x1957,บริษัท การ์เดียนอินดัสทรีส์ คอร์ป จำกัด,MN04,42 หมู่ 7 ต.หนองปลาหมอ อ.หนองแค 18140,,,,,19x1,0.00000000,329,IMPORT,
11x1958,บริษัท วี.เอ.พี.เซอร์วิส (1997) จำกัด,SV01,267/142 ถนนสุขุมวิท ตำบลมาบตาพุด อำเภอเมืองระยอง 21150,,,,,19x1,0.00000000,0,IMPORT,
11x1959,บริษัท มาบตาพุด แทงค์ เทอร์มินัล จำกัด,UT05,271  ถ.สุขุมวิท ต.มาบตาพุด อ.เมืองระยอง 21150,,,,,19x51,0.00000000,79,IMPORT,
11x1960,บริษัท พรีเท็ค เอ็นจิเนียริ่ง อินดัสทรี จำกัด,SV04,124/137/43  ม. 4  ต. ตลาดขวัญ อ. เมืองนนทบุรี 11000,,,,,19x1,0.00000000,0,IMPORT,
11x1961,บริษัท โซลูชั่น ยัวส์  จำกัด,SV04,170/2   ถนนวิทยุ แขวงลุมพินี เขตปทุมวัน 10330,,,,,19x1,0.00000000,0,IMPORT,
11x1962,บริษัท วินแชนซ์ ฟู้ดส์ จำกัด,FD04,134 หมู่ 17 ถนนเทพารักษ์ ตำบลบางเสาธง  อำเภอบางเสาธง 10540,,,,,19x1,0.00000000,0,IMPORT,
11x1963,บริษัท ยูไนเต็ดไวน์เนอรี่แอนด์ดิสทิลเลอรี่ จำกัด,FD07,14 ซอยยาสูบ 1 ถนนวิภาวดีรังสิต แขวงจอมพล เขตจตุจักร 10900,,,,,19x1,0.00000000,242,IMPORT,
11x1964,บริษัท ทีเอ็น เมกเกอร์ จำกัด,SV04,5/59 ซอยรามคำแหง 24/2 (พนาสิน 2) แขวงหัวหมาก เขตบางกะปิ 10240,,,,,19x1,0.00000000,0,IMPORT,
11x1965,บริษัท เค.เจ.รับเบอร์พาร์ท แอนด์ แมชชินเนอรี่ จำกัด,SV04,18/168 ม. 6 ซ. บรมราชชนนี 68 ถ. บรมราชชนนี แขวงศาลาธรรมสพน์ เขตทวีวัฒนา 10170,,,,,19x1,0.00000000,0,IMPORT,
11x1966,บริษัท อูเบะ เคมิคอลส์  (เอเชีย)  จำกัด (มหาชน),PE00,87/2  อาคารซีอาร์ซี ออลซีซั่นส์เพลส ชั้น 9 ถ. วิทยุ  แขวงลุมพินี เขตปทุมวัน 10330,,,,,19x51,0.00000000,17,IMPORT,
11x1967,บริษัท กิจไพศาล อิมปอร์ต เอ็กซ์ปอร์ต ระนอง จำกัด,TP00,72/27 ม. 5 ต. บางริ้น อ. เมือง จ. ระนอง  85000 85000,,,,,19x1,0.00000000,0,IMPORT,
11x1968,บริษัท โจตันไทย  จำกัด,CH03,700/353 หมู่ที่ 6 นิคมอุตสาหกรรมอมตะนคร (บางปะกง 2) ต.ดอนหัวฬ่อ อ.เมืองชลบุรี จ.ชลบุรี 20000 20000,,,,,19x88,0.00000000,90,IMPORT,
11x1969,บริษัท ซิเลซติกา ( ประเทศไทย)  จำกัด,EL01,49/18  นิคมอุตสาหกรรมแหลมฉบัง ม. 5  ต. ทุ่งสุขลา  อ. ศรีราชา จ. ชลบุรี 20230 20230,,,,,19x51,0.00000000,0,IMPORT,
11x1970,บริษัท การ์เดียนอินดัสทรีส์ ระยอง จำกัด,MN04,116 หมู่ 3 ต.หนองละลอก อ.บ้านค่าย 21120,,,,,19x1,0.00000000,350,IMPORT,
11x1971,บริษัท โกลว์ ไอพีพี จำกัด,UT01,42 หมู่ที่ 8 ถนน ซีไออี-8 ต.บ่อวิน อ.ศรีราชา จ.ชลบุรี  20230 20230,,,,,19x1,0.00000000,36,IMPORT,
11x1972,บริษัท ซัมม่า เอ็น.เค.คอนแทรคติ้ง จำกัด,SV01,63/9 หมู่ 3 ถนนรังสิต-ปทุมธานี ตำบลบางพูน อำเภอเมืองปทุมธานี 12000,,,,,19x1,0.00000000,151,IMPORT,
11x1973,บริษัท วรีพิทักษ์ จำกัด,OM00,122/15  หมู่ที่ 1 ถนนพระยาสัจจา   ตำบลเสม็ด อำเภอเมืองชลบุรี  จังหวัดชลบุรี 20000 20000,,,,,19x1,0.00000000,0,IMPORT,
11x1974,บริษัท อัครา ไมนิ่ง จำกัด,MN01,99 หมู่ 9 ตำบลเขาเจ็ดลูก  อำเภอทับคล้อ 66230,,,,Shutdown,19x1,0.00000000,0,IMPORT,
11x1975,บริษัท บางกอกโพลีเอททีลีน จำกัด (มหาชน),CH04,555/1 ศูนย์เอนเนอร์ยี่คอมเพล็กซ์ อาคารเอ ชั้น 15  ถนนวิภาวดีรังสิต แขวงจตุจักร เขตจตุจักร 10900,,,,,19x1,0.00000000,0,IMPORT,
11x1976,ร้าน พรชัย บริการ,,เลขที่ 3 ซ.ลาซาล 58 ต.บางนา อ.บางนา 10260,,,,,19x1,0.00000000,0,IMPORT,
11x1977,บริษัท ธาริกัน จำกัด,SV01,33 ซอยโพธิ์แก้ว 3 แยก 19 แขวงคลองจั่น เขตบางกะปิ 10240,,,,,19x1,0.00000000,0,IMPORT,
11x1978,บริษัท เจนเนอเรเตอร์ซิสเต็ม จำกัด,UT99,10 ซอยลาซาล 79 ถ.สุขุมวิท 105 แขวงบางนา เขตบางนา 10260,,,,,19x23,0.00000000,0,IMPORT,
11x1979,บริษัท ปูนซีเมนต์เอเซีย จำกัด  (มหาชน),MN05,4/1 ม.1 ถ.โยธาสาย 2 ต.พุกร่าง อ.พระพุทธบาท 18120,,,,,19x1,0.00000000,202,IMPORT,
11x1980,บริษัท ไดกิ้น อินดัสทรีส์ (ประเทศไทย) จำกัด,,700/11 หมู่ที่ 1 ตำบลคลองตำหรุ อำเภอเมืองชลบุรี จังหวัดชลบุรี 20000 20000,,,,,19x1,0.00000000,1489,IMPORT,
11x1981,บริษัท เรทโทร เพาเวอร์ จำกัด,SV04,1133/11 ถ.นครไชยศรี แขวงถนนนครไชยศรี เขตดุสิต 10300,,,,,19x34,0.00000000,0,IMPORT,
11x1982,บริษัท ฟอสเตอร์ วีลเลอร์ อินเตอร์ เนชั่นแนล คอร์ปอเรชั่น,SV01,53 หมู่ 9 อาคารทะเลทองทาวเวอร์ ชั้น 1 ถ.สุขุมวิท  ต.ทุ่งสุขลา อ.ศรีราชา  จ.ชลบุรี 20230 20230,,,,,19x1,0.00000000,0,IMPORT,
11x1983,ห้างหุ้นส่วนจำกัด เอส.พี.เค.ไฮโดรลิค,AG02,1147  ถนนเอกชัย  แขวงบางบอน เขตบางบอน,,,,,19x1,0.00000000,0,IMPORT,
11x1984,บริษัท เอสทีซี นิกกะ จำกัด,CH01,138  อาคารบุญมิตร ชั้น 8 ถนนสีลม แขวงสุริยวงศ์ เขตบางรัก 10500,,,,,19x1,0.00000000,55,IMPORT,
11x1985,บริษัท เหล็กสยามยามาโตะ จำกัด,MT01,9  ถ.ไอ-เจ็ด นิคมอุตสาหกรรมมาบตาพุด ต.มาบตาพุด อ.เมือง 21150,,,,,19x1,0.00000000,397,IMPORT,
11x1986,บริษัท ระยองเพียวริฟายเออร์ จำกัด (มหาชน),PE00,1010 อาคารชินวัตรทาวเวอร์ 3 ชั้น 14 ถนนวิภาวดีรังสิต แขวงจตุจักร เขตจตุจักร 10900,,,,,19x1,0.00000000,0,IMPORT,
11x1987,บริษัท ไอ ริช จำกัด,SV01,209/179 ซอยงามวงศ์วาน 35 (พงษ์เพชรพัฒนา) แขวงทุ่งสองห้อง เขตหลักสี่ 10210,,,,,19x1,0.00000000,0,IMPORT,
11x1988,บริษัท เทรด เอ็นทรีฟรีเนอ จำกัด,SV04,160/480-2  อาคารไอทีเอฟ สีลมพาเลส ชั้น 22 ถ.สีลม แขวงสุริยวงศ์ เขตบางรัก 10500,,,,,19x1,0.00000000,0,IMPORT,
11x1989,บริษัท เอสเคอีซี (ไทย) จำกัด,,142  อาคาร ทู แปซิฟิค เพลส ชั้น 27  ห้อง 2702 ถนนสุขุมวิท แขวงคลองเตย เขตคลองเตย 10110,,,,,19x1,0.00000000,0,IMPORT,
11x1990,ห้างหุ้นส่วนจำกัด เอ็น แอนด์ ดี ซัพพลาย เอ็นจิเนียริง,SV04,288/173 หมู่บ้าน Baanmai ซ.พุทธบูชา 36 แขวงบางมด เขตทุ่งครุ 10140,,,,,19x1,0.00000000,0,IMPORT,
11x1991,บริษัท เพรซิเดนท์ไรซ์โปรดักส์ จำกัด (มหาชน),FD99,115 หมู่ 15  ซ.ไร่คุณเพ็ญ ถ.ทรงพล  ต.ปากแรต อ.บ้านโป่ง  จ.ราชบุรี 70110 70110,,,,,19x1,0.00000000,0,IMPORT,
11x1992,บริษัท แวนด้าแพค จำกัด,CH42,700/135  หมู่ที่ 5 ตำบลคลองตำหรุ อำเภอเมืองชลบุรี จังหวัดชลบุรี 20000 20000,,,,,19x1,0.00000000,328,IMPORT,
11x1993,บริษัท โคฮากุ คิไค อินเตอร์เทรด จำกัด,SV04,20/140 หมู่ 11 แขวงบางเชือกหนัง เขตตลิ่งชัน 10170,,,,,19x1,0.00000000,0,IMPORT,
11x1994,ห้างหุ้นส่วนจำกัด เอ็น.อี.ที.มาร์เก็ตติ้ง,MN99,288 ซอยร่มเกล้า 58 แขวงคลองสามประเวศ เขตลาดกระบัง 10520,,,,,19x1,0.00000000,0,IMPORT,
11x1995,บริษัท วินเทอมส์ จำกัด,CH04,202 หมู่ที่ 1 ตำบลบ้านค่าย อำเภอบ้านค่าย 21120,,,,,19x1,0.00000000,84,IMPORT,
11x1996,บริษัท วาเคไทย (ไทยแลนด์) จำกัด,UT99,1091/343 ถนนเพชรบุรีตัดใหม่ แขวงมักกะสัน เขตราชเทวี 10400,,,,,19x1,0.00000000,0,IMPORT,
11x1997,บริษัท โตชิบา แคเรียร์ (ประเทศไทย) จำกัด,EL01,144/9  หมู่ 5 สวนอุตสาหกรรมบางกะดี ถนนติวานนท์ ตำบลบางกะดี อำเภอเมือง 12000,,,,,19x1,0.00000000,1270,IMPORT,
11x1998,บริษัท สตาร์-บอนด์ (ไทยแลนด์) จำกัด,CH09,41 ซอยเฉลิมพระเกียรติ ร.9 ซอย 30 แยก 14 แขวงดอกไม้ เขตประเวศ 10250,,,,,19x1,0.00000000,24,IMPORT,
11x1999,บริษัท ไออีซี แพลนท์ แมชชีนเนอรี่ จำกัด,SV04,10/262 หมู่3  ซ.สุขุมวิท 113(วัดด่านสำโรง) ถ.สุขุมวิท ต.สำโรงเหนือ อ.เมืองสมุทรปราการ 10270,,,,,19x1,0.00000000,0,IMPORT,
11x2000,บริษัท แอ็บโซลูท เดนิม จำกัด,TT00,99  สุขุมวิทซอย  6 แขวงคลองเตย เขตคลองเตย 10110,,,,,19x1,0.00000000,606,IMPORT,
11x2001,บริษัท เบทาโกรนอร์ธเทอร์น จำกัด,FD05,105/1-2 ถนนวัวลาย ต.หายยา อ.เมือง 50100,,,,,19x1,0.00000000,0,IMPORT,
11x2002,ห้างหุ้นส่วนจำกัด สยาม ณครพรรณ,SV04,49/111 ซ. หทัยราษฎร์ 37 ถ.หทัยราษฎร์ แขวงสามวาตะวันตก เขตคลองสามวา 10510,,,,,19x1,0.00000000,0,IMPORT,
11x2003,บริษัท เอไอ เอนเนอร์จี จำกัด (มหาชน),CH14,55/2  หมู่ 8 ต.คลองมะเดื่อ อ.กระทุ่มแบน 74110,,,,,19x45,0.00000000,23,IMPORT,
11x2004,บริษัท ทีเอสเอ็มอาร์ เอ็นจิเนียริ่ง จำกัด,UT99,31/1 ถนนประดิพัทธ์ (ถนนกำแพงเพชร 5) แขวงสามเสนใน เขตพญาไท 10400,,,,,19x1,0.00000000,0,IMPORT,
11x2005,บริษัท ซีเกท เทคโนโลยี(ประเทศไทย) จำกัด,EL01,1627 หมู่ที่ 7 ถนนเทพารักษ์ ตำบลเทพารักษ์ อำเภอเมือง 10270,,,,,19x1,0.00000000,0,IMPORT,
11x2006,บริษัท บุญยฤทธิ์ จำกัด,SV04,80 ซอยวัดพระพิเรนทร์ ถนนวรจักร แขวงบ้านบาตร เขตป้อมปราบศัตรูพ่าย 10100,,,,,19x43,0.00000000,0,IMPORT,
11x2007,บริษัท จอห์นสัน แอนด์ จอห์นสัน (ไทย) จำกัด,CH06,106 หมู่ที่ 4  นิคมอุตสาหกรรมลาดกระบัง ถนนฉลองกรุง แขวงลำปลาทิว เขตลาดกระบัง 10520,,,,,19x1,0.00000000,226,IMPORT,
11x2008,ห้างหุ้นส่วนจำกัด เค.ซี.วี.เอ็นจิเนียริ่ง (1998),SV04,15 ซอยประชาอุทิศ 27 แยก 3 แขวงราษฎร์บูรณะ เขตราษฎร์บูรณะ 10140,,,,,19x1,0.00000000,0,IMPORT,
11x2009,บริษัท ไทยการซอง จำกัด,TT00,2011-2012 หมู่ 2 ซอยสันติคาม 8 ถนนสุขุมวิท 109 ตำบล สำโรงเหนือ อำเภอเมือง 10270,,,,,19x1,0.00000000,47,IMPORT,
11x2010,บริษัท เต็ดตรา แพ้ค (ประเทศไทย) จำกัด,CH04,นิคมอุตสาหกรรมอีสเทอร์นซีบอร์ด(ระยอง) 109 หมู่ 4 ทางหลวงหมายเลข 331 อ.ปลวกแดง 21140,,,,,19x1,0.00000000,133,IMPORT,
11x2011,บริษัท กรุงเทพอุตสาหกรรมเลเซอร์และโมลด์ จำกัด,MT01,3769/193-195 ตรอกนอกเขต  ถนนพระราม 3 แขวงบางโคล่ เขตบางคอแหลม 10120,,,,,19x1,0.00000000,10,IMPORT,
11x2012,บริษัท นครหลวงคอนกรีต จำกัด,MN05,"อาคารคอลัมน์ทาวเวอร์ ชั้น3,10-12 เลขที่ 199 ถนนรัชดาภิเษก แขวงคลองเตย เขตคลองเตย 10110",,,,,19x1,0.00000000,6,IMPORT,
11x2013,บริษัท คราวน์ เซรามิคส์ จำกัด,MN03,234 หมู่ 17 ตำบล เขาขลุง อำเภอบ้านโป่ง จังหวัด ราชบุรี 70110 70110,,,,,19x1,0.00000000,2198,IMPORT,
11x2014,บริษัท โซลเวย์ เพอรอกซิไทย  จำกัด,CH13,เลขที่ 1 ถนนไอ - 3 A นิคมอุตสาหกรรมมาบตาพุด ตำบลมาบตาพุด อำเภอเมือง 21150,,,,,19x1,0.00000000,69,IMPORT,
11x2015,บริษัท จูเคียว ยูชิ (ประเทศไทย) จำกัด,CH43,700/897 หมู่ 3 ตำบลหนองกะขะ อำเภอพานทอง จังหวัดชลบุรี  20160 20160,,,,,19x77,0.00000000,22,IMPORT,
11x2016,บริษัท เอส ที อาร์ อาร์ เอ็นจิเนียริ่ง จำกัด,CH04,108 หมู่ที่ 18 ถนนคุ้มเกล้า แขวงแสนแสบ เขตมีนบุรี 10510,,,,,19x1,0.00000000,170,IMPORT,
11x2017,Emas Offshore Construction  And Production Pte Ltd.,,"39/15 Moo 10 Soi Karjanavanich 29, Karnjanavanich Rd., Tambon Khaoroopchang, Amphur Muang Songkhla  90000 90000",,,,,19x1,0.00000000,0,IMPORT,
11x2018,บริษัท จ.แสงศิริ จำกัด,SV04,225 ซอย อ่อนนุช 70/1 แขวงประเวศ เขตประเวศ 10250,,,,,19x1,0.00000000,0,IMPORT,
11x2019,บริษัท จีเอส เอ็นจิเนียริ่ง แอนด์ คอนสตรัคชั่น คอร์ปอเรชั่น,SV01,246 อาคารไทมส์ สแควร์ ชั้น 12 ห้อง 12-04 เอ  ถนนสุขุมวิท 12-14 แขวงคลองเตย เขตคลองเตย 10110,,,,,19x1,0.00000000,0,IMPORT,
11x2020,ห้างหุ้นส่วนจำกัด พี เอ็นจิเนียริ่งส์ แอนท์ มัลติ ซิสเต็มส์,SV04,85 ซอยเลียบคูนายกิม 21 (ดาวทอง2) ถนนเลียบคูนายกิมสาย 1 แขวงสีกัน เขตดอนเมือง 10210,,,,,19x1,0.00000000,0,IMPORT,
11x2021,บริษัท โพรเซส เทคโนโลยี แอนด์ เซอร์วิส จำกัด,,10/121  หมู่ 4  ซอย 19  ถนนพยูน ตำบลบ้านฉาง  อำเภอบ้านฉาง 21130,,,,,19x1,0.00000000,0,IMPORT,
11x2022,ห้างหุ้นส่วนจำกัด พี.เค.เค.เทค,SV04,38/19  ซอยหทัยราษฏร์ 39 ถนนหทัยราษฎร์ แขวงสามวาตะวันตก เขตคลองสามวา 10510,,,,,19x1,0.00000000,0,IMPORT,
11x2023,บริษัท ไดอะล็อก ซิสเต็มส์ (ประเทศไทย) จำกัด,SV04,"ยูนิต 1204-2, 555 อาคารรสาทาวเวอร์ 2 ชั้น 12 ถ.พหลโยธิน แขวงจตุจักร เขตจตุจักร 10900",,,,,19x43,0.00000000,0,IMPORT,
11x2024,การไฟฟ้า ฝ่ายผลิตแห่งประเทศไทย,,เลขที่ 128 หมู่ 6 ตำบลพิกุลทอง อำเภอเมือง จังหวัดราชบุรี  70000 70000,,,,,19x1,0.00000000,0,IMPORT,
11x2025,บริษัท ซูมิโตโม รับเบอร์ (ไทยแลนด์) จำกัด,AG02,7/232 หมู่ที่ 6  ซอยพรประภา (นิคมอุตสาหกรรมอมตะซิตี้ ระยอง) ตำบลมาบยางพร อำเภอปลวกแดง 21140,,,,,19x51,0.00000000,1171,IMPORT,
11x2026,บริษัท อยุธยา อินดัสเตรียล แก๊ส จำกัด,CH02,378 หมูที่ 2 ตำบลคลองจิก อำเภอบางปะอิน 13160,,,,,19x1,0.00000000,17,IMPORT,
11x2027,บริษัท วิปเทล จำกัด,SV01,140/1 อาคารเคี่ยนหงวน 2 ชั้น 18 ถนนวิทยุ แขวงลุมพินี เขตปทุมวัน 10330,,,,,19x1,0.00000000,0,IMPORT,
11x2028,บริษัท วี - เอฟ ไล้ท์ติ้ง จำกัด,EL01,57 หมู่ 5 ถ.กิ่งแก้ว ต.ราชาเทวะ อ.บางพลี 10540,,,,,19x1,0.00000000,0,IMPORT,
11x2029,สมชาย เซอร์วิส,SV04,140 ซอยกรุงธนบุรี 4 ถนนกรุงธนบุรี แขวงบางลำภูล่าง เขตคลองสาน 10600,,,,,19x1,0.00000000,0,IMPORT,
11x2030,บริษัท นิตโต เดนโกะ แมททีเรียล (ประเทศไทย) จำกัด,UT99,1/75 หมู่ที่ 5  ถนนโรจนะ ตำบลคานหาม อำเภออุทัย 13210,,,,,19x1,0.00000000,0,IMPORT,
11x2031,บริษัท นวพลาสติกอุตสาหกรรม(สระบุรี) จำกัด,CH42,42 หมู่ 8 ต.หนองปลิง อ.หนองแค 18140,,,,,19x1,0.00000000,139,IMPORT,
11x2032,บริษัท พัฒนนันท์ พี ที เอ็น จำกัด,SV04,4/1215 หมู่ 7 แขวงคลองกุ่ม เขตบึงกุ่ม 10230,,,,,19x1,0.00000000,0,IMPORT,
11x2033,บริษัท บริดจสโตน เอ็นซีอาร์ จำกัด,UT99,88/8 หมู่ที่ 2  ถนนสาย 13 ตำบลมะขามคู่  อำเภอนิคมพัฒนา 21180,,,,,19x1,0.00000000,0,IMPORT,
11x2034,บริษัท แก๊สซัพพลายส์ จำกัด,CH02,220  หมู่ 3 ตำบลสันปูเลย อำเภอดอยสะเก็ด 50220,,,,,19x1,0.00000000,0,IMPORT,
11x2035,บริษัท ไอ ออน เอ็คซเซ้นจ์  เอเซีย แปซิฟิค (ประเทศไทย) จำกัด,SV04,267/263  ถนนสุขุมวิท ตำบลมาบตาพุด อำเภอเมืองระยอง 21150,,,,,19x1,0.00000000,0,IMPORT,
11x2036,บริษัท ทริปเปิ้ล เอ เอ็นจิเนียริ่ง แอนด์ ซัพพลาย จำกัด,SV04,19/9 หมู่ 1 ถนนบายพาส ต.หนองรี อ.เมืองชลบุรี จ.ชลบุรี 20000 20000,,,,,19x1,0.00000000,0,IMPORT,
11x2037,จุฬาลงกรณ์มหาวิทยาลัย,GV00,ภาควิชาเคมีเทคนิค คณะวิทยาศาสตร์ จุฬาลงกรณ์มหาวิทยาลัย 10330,,,,,19x1,0.00000000,0,IMPORT,
11x2038,ศูนย์บริการวิชาการแห่งจุฬาลงกรณ์มหาวิทยาลัย,GV00,254 อาคารวิจัย ชั้น 4 ซอยจุฬาลงกรณ์ 12 ถนนพญาไท เขตปทุมวัน,,,,,19x1,0.00000000,0,IMPORT,
11x2039,บริษัท เอสแอนด์เจโปรดักท์ จำกัด,FD04,229 หมู่ที่ 7 ตำบลนครเจดีย์ อำเภอป่าซาง จังหวัดลำพูน  51120 51120,,,,,19x1,0.00000000,0,IMPORT,
11x2040,บริษัท คิวแฟค จำกัด,CH11,263 หมู่ 4 ซอย 4C นิคมอุตสาหกรรมบางปู ถนนสุขุมวิท ต.แพรกษา อ.เมืองสมุทรปราการ 10280,,,,,19x1,0.00000000,44,IMPORT,
11x2041,บริษัท ดาว เทรดดิ้ง จำกัด,SV04,240/51 อาคารอโยธยาทาวเวอร์ ชั้น 22 ซ.รัชดาภิเษก 18 ถ.รัชดาภิเษก แขวงห้วยขวาง เขตห้วยขวาง 10310,,,,,19x1,0.00000000,0,IMPORT,
11x2042,บริษัท ซีรีคลอร์ คอร์ปอเรชั่น (ประเทศไทย) จำกัด,PE00,4/34 หมู่ที่ 9 ถนนพระราม 2 แขวงจอมทอง เขตจอมทอง 10150,,,,,19x1,0.00000000,0,IMPORT,
11x2043,บริษัท น้ำตาลพิษณุโลก จำกัด,FD04,794 ถนนกรุงเกษม แขวงวัดโสมนัส เขตป้อมปราบศัตรูพ่าย 10100,,,,,19x1,0.00000000,105,IMPORT,
11x2044,บริษัท บางกอก ที.เอ็ม.เครื่องดื่ม จำกัด,FD99,239  ซอยบางแค 4 แขวงบางแค เขตบางแค 10160,,,,,19x1,0.00000000,25,IMPORT,
11x2045,บริษัท เอส.บี.เอ็น.เอ็นจิเนียริ่ง จำกัด,SV04,123 ซอยพัฒนาการ 38 ถนนพัฒนาการ แขวงสวนหลวง เขตสวนหลวง 10250,,,,,19x1,0.00000000,0,IMPORT,
11x2046,บริษัท นำวิวัฒน์การช่าง (1992) จำกัด,CH05,999/5 หมู่ที่ 9  ถ.ประชาอุทิศ-คู่สร้าง ต.ในคลองบางปลากด  อ.พระสมุทรเจดีย์ 10290,,,,,19x1,0.00000000,30,IMPORT,
11x2047,บริษัท คัมมิ่นส์ ดีเคเอสเอช (ประเทศไทย) จำกัด,SV04,1696 ถนนเพชรบุรีตัดใหม่ แขวงบางกะปิ เขตห้วยขวาง 10310,,,,,19x1,0.00000000,45,IMPORT,
11x2048,บริษัท เก็คโค่-วัน จำกัด,UT99,11 ถนนไอ-5 ตำบลมาบตาพุด อำเภอเมืองระยอง 21150,,,,,19x78,0.00000000,0,IMPORT,
11x2049,บริษัท เค.เอ็ม.เคมีคอล คอร์ปอเรชั่น จำกัด,CH01,เลขที่ 1 ซอยจันทน์ 51 แยก 12 แขวงวัดพระยาไกร เขตบางคอแหลม 10120,,,,,19x1,0.00000000,115,IMPORT,
11x2050,บริษัท แมกซ์เวล เซอร์วิส เซ็นเตอร์ จำกัด,MT03,2/9  หมู่ 3 ซอยเทศบาล 15/5 ถ.เพชรเกษม ต.อ้อมใหญ่ อ.สามพราน จ.นครปฐม 73160 73160,,,,,19x1,0.00000000,0,IMPORT,
11x2051,บริษัท อีเกิ้ล อินเตอร์ทรานส์ จำกัด,CH02,อาคารพงษ์สุภี ชั้น 7 เลขที่ 19 ซอยยาสูบ 1 ถนนวิภาวดีรังสิต แขวงจอมพล เขตจตุจักร 10900,,,,,19x45,0.00000000,0,IMPORT,
11x2052,บริษัท เอ็นบีซี (เอเชีย) จำกัด,CH03,700/751 หมู่ 1 ต.พานทอง อ.พานทอง จ.ชลบุรี  20160 20160,,,,,19x1,0.00000000,0,IMPORT,
11x2053,บริษัท ไทยเซ็นทรัลเคมี จำกัด  (มหาชน),CH11,"284,284/1 หมู่ที่ 1  ถ.สุขสวัสดิ์ ต.ปากคลองบางปลากด อ.พระสมุทรเจดีย์ 10290",,,,,19x1,0.00000000,280,IMPORT,
11x2054,บริษัท ท็อปพ้อยท์ คอร์ปอเรชั่น จำกัด,CH04,323/8 หมู่ที่ 8  ถ.3191 ต.มาบข่า  อ.นิคมพัฒนา 21180,,,,,19x1,0.00000000,0,IMPORT,
11x2055,บริษัท นวพลาสติกอุตสาหกรรม จำกัด,CH42,1  ถนนปูนซีเมนต์ไทย แขวงบางซื่อ เขตบางซื่อ 21120,,,,,19x1,0.00000000,139,IMPORT,
11x2056,บริษัท เกรซฟู้ด  จำกัด,FD01,28  หมู่ที่ 3  ถ.เชียงราย-แม่สรวย ต.ดงมะดะ  อ.แม่ลาว 57250,,,,,19x1,0.00000000,0,IMPORT,
11x2057,"IWASE (THAILAND) CO., LTD.",SV01,"50 GMM GRAMMY PLACE, 15 th FLOOR, SUKHUMVIT 21 ROAD (ASOKE) NORTH KLONGTOEY, WATTANA 10110",,,,,19x1,0.00000000,0,IMPORT,
11x2058,บริษัท จอห์นสัน คอนโทรลส์ แอนด์ ซัมมิท อินทีเรียส์ จำกัด,UT99,64/25 นิคมอุตสาหกรรมอีสเทิร์นซีบอร์ด หมู่ 4 ต.ปลวกแดง อ.ปลวกแดง 21140,,,,,19x1,0.00000000,28,IMPORT,
11x2059,บริษัท นวพลาสติกอุตสาหกรรม  จำกัด,CH04,130 หมู่ 3 ต.หนองละลอก อ.บ้านค่าย 21120,,,,,19x1,0.00000000,0,IMPORT,
11x2060,บริษัท ฟินิกส์ แมชชีนเนอรี่ จำกัด,SV04,77/299 หมู่บ้านวิเศษสุขนคร ซอย 1 ต.พันท้ายนรสิงห์ อ.เมืองสมุทรสาคร 74000,,,,,19x77,0.00000000,0,IMPORT,
11x2061,"SAMSUNG ENGINEERING CO., LTD.",,"12th Fl., Unit 12B, Lake Rajada Office Complex, 193/44 Rachadapisek Rd., Klongtoey, Klongtoey 10110",,,,,19x1,0.00000000,0,IMPORT,
11x2062,ห้างหุ้นส่วนจำกัด คิ้ม แอนด์ เอส อีควิปเมนท์,SV04,134/7 ตรอกบ้านดอกไม้ ถนนวรจักร แขวงบ้านบาตร เขตป้อมปราบศัตรูพ่าย 10100,,,,,19x1,0.00000000,0,IMPORT,
11x2063,บริษัท  เน็กไลน์  จำกัด,SV04,102/19  ถ.ทางหลวงระยอง สาย3191 ต.มาบข่า  อ.นิคมพัฒนา 21180,,,,,19x1,0.00000000,0,IMPORT,
11x2064,บริษัท เอ็มซี สยาม โลจีสติคส์ จำกัด,CH01,157/1 หมู่ 2 ถ.สุขสวัสดิ์ ต.บางจาก อ.พระประแดง 10130,,,,,19x1,0.00000000,40,IMPORT,
11x2065,บริษัท พี.เอส.พี. ทรานสปอร์ต จำกัด,TP00,100/149 หมู่ 1  ต.ท่าจีน อ.เมือง 74000,,,,,19x1,0.00000000,0,IMPORT,
11x2066,"Thai Engineering Professional Co.,Ltd.",,104/7  M.5 T.Nongpaikaew A.Banbeung Chonburi 20220 20220,,,,,19x1,0.00000000,0,IMPORT,
11x2067,บริษัท เอเชีย เอ็นเนอยี่ เทคโนโลยี  จำกัด,,408/137  อาคารพหลโยธินเพลสชั้น 32 ถนนพหลโยธิน  แขวงสามเสนใน เขตพญาไท 10400,,,,,19x1,0.00000000,0,IMPORT,
11x2068,บริษัท อิมเมจ อิงค์ จำกัด,CH03,51/1 หมู่ 1 ถ.บางนา-ตราด ต.หอมศีล อ.บางปะกง 24180,,,,,19x88,0.00000000,11,IMPORT,
11x2069,บริษัท จามจุรี วาณิช จำกัด,SV04,223 ซ.อ่อนนุช 70/1 ถ.อ่อนนุช แขวงประเวศ เขตประเวศ 10250,,,,,19x1,0.00000000,0,IMPORT,
11x2070,บริษัท อมตะ บี.กริม เพาเวอร์ 2 จำกัด,UT01,5 ถ.กรุงเทพกรีฑา แขวงหัวหมาก เขตบางกะปิ 10240,,,,,19x1,0.00000000,0,IMPORT,
11x2071,TIG Air Chemicals Limited,,"2/3 Moo 14 Bangna Tower, 15th Floor, Bangna-Trad Road T.Bangkaew A.Bangplee 10540",,,,,19x1,0.00000000,0,IMPORT,
11x2072,บริษัท แม่สอดพลังงานสะอาด จำกัด,CH14,123 หมู่ 6 ต.แม่ตาว อ.แม่สอด 63110,,,,,19x34,0.00000000,41,IMPORT,
11x2073,บริษัท บริการเชื้อเพลิงการบินกรุงเทพ จำกัด (มหาชน),TP00,171/2 ถ.กำแพงเพชร 6 แขวงดอนเมือง เขตดอนเมือง 10210,,,,,19x43,0.00000000,0,IMPORT,
11x2074,บริษัท คูริฮารา (ประเทศไทย) จำกัด,SV01,555/50-51 ซ.สุขุมวิท 63 (เอกมัย) ถ.สุขุมวิท แขวงคลองตันเหนือ เขตวัฒนา 10110,,,,,19x1,0.00000000,0,IMPORT,
11x2075,บริษัท เค็พเลอร์ อินเตอร์เนชั่นแนล จำกัด,SV04,55/3 หมู่ 8 ซ.วัดปากน้ำ ถ.จรัลสนิทวงศ์ 35 แขวงบางพรม เขตตลิ่งชัน 10170,,,,,19x1,0.00000000,19,IMPORT,
11x2076,บริษัท โกลว์ เอสพีพี 2 จำกัด,UT01,เลขที่ 11 ถนน ไอ-ห้า ต.มาบตาพุด อ.เมืองระยอง 21150,,,,,19x1,0.00000000,7,IMPORT,
11x2077,บริษัท เอส.ซี.อาร์ เอ็นจิเนียริ่ง แอนด์ เซอร์วิส จำกัด,SV04,9/735 หมู่ที่ 5  ถ.เทพารักษ์ ต.แพรกษา อ.เมือง 10280,,,,,19x1,0.00000000,0,IMPORT,
11x2078,GS Engineering & Construction Corporation,,"142 Two Pacific Place Building,23 rd F1.,Room no.2301, Sukhumvit Rd.,Klongtoey 10110",,,,,19x1,0.00000000,0,IMPORT,
11x2079,บริษัท  เวสท์โคสท์ เอ็นจิเนียริ่ง  จำกัด,SV01,9/1  หมู่ที่ 4  ถ.บ้านกลางนา-ยายพลอย ต.แม่รำพึง  อ.บางสะพาน 77140,,,,,19x1,0.00000000,36,IMPORT,
11x2080,บริษัท  ปฐมศิลาสหมิตร  จำกัด,MN01,68  หมู่ที่ 9 ต.จอมบึง อ.จอมบึง  จ.ราชบุรี  70150 70150,,,,,19x1,0.00000000,0,IMPORT,
11x2081,บริษัท  ศรีปฐมอุตสาหกรรม  จำกัด,MN01,52  หมู่ที่ 8  ต.รางบัว อ.จอมบึง  จ.ราชบุรี  70150 70150,,,,,19x1,0.00000000,0,IMPORT,
11x2082,บริษัท ทีไอจี แอร์เคมีคัล จำกัด(ยกเลิก),,2/3 หมู่ที่ 14 อาคารบางนาทาวเวอร์ ชั้น 15 ถนนบางนา-ตราด ตำบลบางแก้ว อำเภอบางพลี 10540,,,,,19x1,0.00000000,0,IMPORT,
11x2083,เอส.ที. อินเตอร์เทรด,SV04,719/63 ซอย ม.บ้านพุดตาน ถนนมาเจริญ แขวงหนองแขม เขตหนองแขม 10160,,,,,19x1,0.00000000,0,IMPORT,
11x2084,บริษัท แอดวานซ์ ไบโอเคมิคอล (ประเทศไทย) จำกัด,CH04,3656/41 อาคารกรีนทาวเวอร์ ชั้น 14 ถ.พระราม 4 แขวงคลองตัน เขตคลองเตย 10110,,,,,19x1,0.00000000,0,IMPORT,
11x2085,บริษัท สุริยอนันต์ วิศวกรรม จำกัด,SV01,28 หมู่ 5 ต.อ่างศิลา อ.เมืองชลบุรี จ.ชลบุรี  20000 20000,,,,,19x1,0.00000000,0,IMPORT,
11x2086,บริษัท ไทสัน โพลทรี่ (ไทยแลนด์) จำกัด,FD01,34/1 หมู่ 7 ต.บึงคำพร้อย อ.ลำลูกกา 12150,,,,,19x1,0.00000000,1240,IMPORT,
11x2087,"Process Technology and Services Co.,Ltd",,"10/121 Moo4 Lomthalay,Soi 19 Payoon Rd., Banchang 21130",,,,,19x1,0.00000000,0,IMPORT,
11x2088,บริษัท อินโดรามา ปิโตรเคม จำกัด,CH14,เลขที่ 4 หมู่ที่ 2 ซ.นิคมอุตสาหกรรมเอเซีย ต.บ้านฉาง อ.บ้านฉาง 21130,,,,,19x78,0.00000000,125,IMPORT,
11x2089,บริษัท ทีอาร์ซี คอนสตรัคชั่น จำกัด (มหาชน),SV01,8 ซอยสุขาภิบาล 5 ซอย 32 แขวงท่าแร้ง เขตบางเขน 10220,,,,,19x1,0.00000000,100,IMPORT,
11x2090,ห้างหุ้นส่วนจำกัด พี.ซับคอน 333,CH06,79/4 หมู่ที่ 3 ต.ในคลองบางปลากด อ.พระสมุทรเจดีย์ 10290,,,,,19x1,0.00000000,0,IMPORT,
11x2091,บริษัท คูริตะ-จีเค เคมีคอล จำกัด,SV01,460 หมู่ที่ 17 นิคมอุตสาหกรรมบางพลี ต.บางเสาธง อ.บางเสาธง 10540,,,,,19x1,0.00000000,4,IMPORT,
11x2092,บริษัท บีแอล บราเดอร์ จำกัด,SV04,31/98 ชั้น 4 ซ.ลาดพร้าว 33 ถ.ลาดพร้าว แขวงจันทรเกษม เขตจตุจักร 10900,,,,,19x1,0.00000000,0,IMPORT,
11x2093,บริษัท ลีดเดอร์ ซัพพลาย แอนด์ เซอร์วิส จำกัด,SV04,29 ถนนสวนหมาก ต.บ่อยาง อ.เมืองสงขลา จ.สงขลา 90000 90000,,,,,19x1,0.00000000,0,IMPORT,
11x2094,บริษัท เอเชียบางนา จำกัด,FD01,4/12 ซอยวัดสลุด หมู่ที่ 7 ถ.บางนา-ตราด ต.บางแก้ว อ.บางพลี 10540,,,,,19x1,0.00000000,0,IMPORT,
11x2095,บริษัท เค เค กลอเรียส จำกัด,SV04,79/746 หมู่ที่ 4 ต.ลาดสวาย อ.ลำลูกกา 12150,,,,,19x1,0.00000000,0,IMPORT,
11x2096,บริษัท แฟคตอรี่ ออโตเมชั่น ซิสเต็ม จำกัด,SV04,75/62 หมู่ 11 ต.คลองหนึ่ง อ.คลองหลวง 12120,,,,,19x1,0.00000000,0,IMPORT,
11x2097,บริษัท พีพีจี โคทติ้งส์ (ประเทศไทย) จำกัด,CH03,423 หมู่ 17 ถ.บางนา-ตราด ต.บางเสาธง อ.บางเสาธง 10570,,,,,19x88,0.00000000,37,IMPORT,
11x2098,บริษัท วีเอส ไฮโดรเทค จำกัด,SV04,97/192 หมู่บ้านซื่อตรงรังสิต คลอง 3 หมู่ที่ 1 ต.บึงยี่โถ อ.ธัญบุรี 12130,,,,,19x1,0.00000000,0,IMPORT,
11x2099,บริษัท ไวท์เฮ้าส์คลีนนิ่ง โปรดักส์ จำกัด,CH06,847 หมู่ 4 นิคมอุตสาหกรรมบางปู ซอย 12 ถ.สุขุมวิท ต.แพรกษา อ.เมืองสมุทรปราการ 10270,,,,,19x1,0.00000000,0,IMPORT,
11x2100,ห้างหุ้นส่วนจำกัด โรงงานอุตสาหกรรมการยางยืนยง,CH41,158 หมู่ที่ 1 ซอยผูกมิตร ถนนรถรางเก่า ตำบลสำโรงใต้ อำเภอพระประแดง 10130,,,,,19x1,0.00000000,35,IMPORT,
11x2101,บริษัท ครอบครัวขนส่ง จำกัด,,712 แขวงหัวหมาก เขตบางกะปิ 10240,,,,,19x1,0.00000000,0,IMPORT,
11x2102,บริษัท เกษตรภัณฑ์อุตสาหกรรม จำกัด,SV01,100 หมู่ 9 ต.บางจาก อ.พระประแดง 10130,,,,,19x27,0.00000000,22,IMPORT,
11x2103,บริษัท อ.ศิริชัยพัฒนา จำกัด,TP00,1045/4 ถ.วิเชียรโชฎก ต.มหาชัย อ.เมือง 74000,,,,,19x1,0.00000000,0,IMPORT,
11x2104,บริษัท โยแมน เอ็นจิเนียริ่ง แอนด์ เซอร์วิส จำกัด,TP00,99/24 หมู่ที่ 8 ตำบลนาเกลือ อำเภอพระสมุทรเจดีย์ 10290,,,,,19x1,0.00000000,0,IMPORT,
11x2105,บริษัท ไทยไบโอ อ๊อกซีน จำกัด,SV04,56/15 หมู่ที่ 5 ถนนแจ้งวัฒนะ ตำบลปากเกร็ด อำเภอปากเกร็ด 11120,,,,,19x1,0.00000000,0,IMPORT,
11x2106,บริษัท ระยองวิศวกรรมและซ่อมบำรุง จำกัด,SV03,271 ถ.สุขุมวิท ต.มาบตาพุด อ.เมืองระยอง 21150,,,,,19x90,0.00000000,0,IMPORT,
11x2107,บริษัท แอมโม จำกัด,SV04,29/81 หมุ่ 11 ถ.บางบอน 4 แขวงบางบอน เขตบางบอน 10150,,,,,19x1,0.00000000,0,IMPORT,
11x2108,บริษัท ประวัติสุขนวล จำกัด,SV01,149/191 หมู่ที่ 3 ต.บางเพรียง อ.บางบ่อ 10560,,,,,19x1,0.00000000,0,IMPORT,
11x2109,บริษัท เอ็กซ์เซลเล้นท์ รับเบอร์ จำกัด,AG02,94 หมู่ 5 ต.หนองบัว อ.บ้านค่าย 21120,,,,,19x1,0.00000000,0,IMPORT,
11x2110,บริษัท ไนเตรทไทย จำกัด,CH04,140/7 หมู่ 4 ถ.สุขุมวิท ต.ตะพง อ.เมืองระยอง 21000,,,,,19x51,0.00000000,84,IMPORT,
11x2111,เอ็น พี ยู มาเกตติ้ง,SV04,11 ซอย 59 ถ.นวมินทร์ แขวงคลองจั่น เขตบางกะปิ 10240,,,,,19x1,0.00000000,0,IMPORT,
11x2112,บริษัท เอเวอร์กรีน อินเตอร์เนชั่นแนล โฮเต็ล พรอเพอตี้ (กรุงเทพฯ)จำกัด,UT99,เลขที่ 88 ถ.สาทรเหนือ แขวงสีลม เขตบางรัก 10500,,,,,19x1,0.00000000,0,IMPORT,
11x2113,บริษัท บางกอกโนเวล จำกัด,FD01,เลขที่ 105 ถนนราชดำริ แขวงลุมพินี เขตปทุมวัน 10330,,,,,19x1,0.00000000,0,IMPORT,
11x2114,บริษัท คินเดน (ประเทศไทย) จำกัด,SV04,เลขที่ 41  ห้อง 1001-3 ชั้น 10 อาคารเลิศปัญญา ซอยเลิศปัญญา ถ.ศรีอยุธยา แขวงถนนพญาไท เขตราชเทวี 10400,,,,,19x88,0.00000000,0,IMPORT,
11x2115,ห้างหุ้นส่วนจำกัด จ.เจริญกรุง,SV04,616 ถ.สมเด็จพระเจ้าตากสิน แขวงบุคคโล เขตธนบุรี 10600,,,,,19x1,0.00000000,0,IMPORT,
11x2116,บริษัท แอดวานซ์ อินดัสเทรียล เซอร์วิส จำกัด,SV04,774/1 ถ.พิชัยรณรงค์สงคราม ต.ปากเพรียว อ.เมือง 18000,,,,,19x1,0.00000000,32,IMPORT,
11x2117,บริษัท กัลฟ์ เพาเวอร์ เจเนอเรชั่น จำกัด,UT01,87 อาคารเอ็มไทย ทาวเวอร์ ชั้น 8 ออลซีซั่น เพลส ถนนวิทยุ แขวงลุมพีนี เขตปทุมวัน 10330,,,,,19x1,0.00000000,0,IMPORT,
11x2118,บริษัท อมตะ บี.กริม เพาเวอร์ 1  จำกัด,UT01,5 ถ.กรุงเทพกรีฑา แขวงหัวหมาก เขตบางกะปิ 10240,,,,,19x1,0.00000000,0,IMPORT,
11x2119,บริษัท โกลว์ พลังงาน จำกัด (มหาชน),UT99,5  ถนนไอ-สี่ ตำบลมาบตาพุด อำเภอเมืองระยอง 21150,,,,,19x1,0.00000000,95,IMPORT,
11x2120,บริษัท อาหารเบทเทอร์ จำกัด,FD99,4/2  ซ.สุขาภิบาล 2 ถ.พุทธมณฑลสาย 5 ต.อ้อมน้อย อ.กระทุ่มแบน 74130,,,,,19x44,0.00000000,137,IMPORT,
11x2121,บริษัท ฝาจีบ จำกัด (มหาชน),SV04,เลขที่ 5 ซอยรังสิต-นครนายก 46 ต.ประชาธิปัตย์ อ.ธัญบุรี 12130,,,,,19x1,0.00000000,713,IMPORT,
11x2122,บริษัท ออโต้ อินทีเรียร์ โปรดักส์ จำกัด,CH41,201/4 หมู่ 3 ต.ทุ่งสุขลา อ.ศรีราชา จ.ชลบุรี  20230 20230,,,,,19x1,0.00000000,45,IMPORT,
11x2123,บริษัท ซีทีซีไอ(ประเทศไทย) จำกัด,SV01,ชั้น 19 อาคารไพโรจน์กิจจาทาวเวอร์ เลขที่ 825 ถ.บางนา-ตราด กม.4 แขวงบางนา เขตบางนา 10260,,,,,19x1,0.00000000,0,IMPORT,
11x2124,บริษัท ยูเนี่ยนโฟรเซนโปรดักส์ จำกัด,FD01,"1259, 1094/10 ถ.วิเชียรโชฎก ต.มหาชัย อ.เมือง 74000",,,,,19x1,0.00000000,3829,IMPORT,
11x2125,บริษัท ดับเบิ้ลยูจีซี จำกัด,FD99,72 หมู่ที่ 6 ถ.พระประโทน - บ้านแพ้ว ต.ตลาดจินดา อ.สามพราน จ.นครปฐม 73110 73110,,,,,19x34,0.00000000,14,IMPORT,
11x2126,บริษัท สตาร์ ซานิทารีแวร์ จำกัด (มหาชน),MN03,55-55/1 ม.6 ถ.พหลโยธิน กม.82 ต.ไผ่ต่ำ อ.หนองแค 18140,,,,,19x1,0.00000000,0,IMPORT,
11x2127,ห้างหุ้นส่วนจำกัด เอ็น แอนด์ ดี ซัพพลาย เอ็นจิเนียริ่ง,SV04,288/173 ซอยพุทธบูชา 36 แขวงบางมด เขตทุ่งครุ 10140,,,,,19x1,0.00000000,0,IMPORT,
11x2128,บริษัท ไทยซัมมิท เทป จำกัด,MN05,150/17-19 ม.9 ต.หนองขาม อ.ศรีราชา จ.ชลบุรี  20110 20110,,,,,19x1,0.00000000,0,IMPORT,
11x2129,บริษัท บางกอกโคมัตสุ จำกัด,UT99,700/21 หมู่ 5 ถ.บางนา-ตราด ต.คลองตำหรุ อ.เมืองชลบุรี จ.ชลบุรี  20000 20000,,,,,19x77,0.00000000,138,IMPORT,
11x2130,บริษัท เอส.ที.เมนเทนแนนซ์ แอนด์ คอนสทรัคชั่น จำกัด,SV04,เลขที่ 15 ถนนบ้านพลง ตำบลมาบตาพุด อำเภอเมืองระยอง 21150,,,,,19x1,0.00000000,0,IMPORT,
11x2131,บริษัท ยูโรเทค นิวทรีชั่น(ไทยแลนด์) จำกัด,SV01,90/380 หมู่ 5 ถนนพระยาสุเรนทร์ แขวงบางชัน เขตคลองสามวา 10510,,,,,19x1,0.00000000,0,IMPORT,
11x2132,บริษัท อเลคซ์ คอร์ปอเรชั่น 99 จำกัด,,717/6 ถนนพหลโยธิน แขวงสายไหม เขตสายไหม 10220,,,,,19x1,0.00000000,0,IMPORT,
11x2133,บริษัท โรงน้ำปลาตั้งไถ่เชียง จำกัด,FD04,เลขที่ 025  ถนนอารีราษฎร์ ต.ปากน้ำ อ.เมืองระยอง 21000,,,,,19x1,0.00000000,32,IMPORT,
11x2134,บริษัท เจ้าคุณเกษตรพืชผล จำกัด,FD08,252/16 ยูนิต บี ชั้น 12 อาคารเมืองไทย-ภัทรคอมเพล็กซ์ อาคาร 1 ถ.รัชดาภิเษก แขวงห้วยขวาง เขตห้วยขวาง 10320,,,,,19x1,0.00000000,107,IMPORT,
11x2135,บริษัท บีอีอี - บอยเลอร์ เอ็นเนอจี แอนด์ เอนไวเรินเมนท์ เซอร์วิส จำกัด,SV04,121/77 หมู่ 6 ถ.ทุ่งรี-โคกวัด ต.คอหงส์ อ.หาดใหญ่ จ.สงขลา  90110 90110,,,,,19x1,0.00000000,0,IMPORT,
11x2136,บริษัท ไทยโพลิโพรไพลีน จำกัด,CH04,10  ถนน ไอ - หนึ่ง ต.มาบตาพุด อ.เมืองระยอง 21150,,,,,19x1,0.00000000,0,IMPORT,
11x2137,บริษัท ซี พี เอ็น ทรานสฟอร์เมอร์ จำกัด,EL01,65/10 หมู่ 1 ต.บางกระทึก อ.สามพราน จ.นครปฐม  73210 73210,,,,,19x1,0.00000000,27,IMPORT,
11x2138,"Johnson Control International (Thailand) Co., Ltd.",,"131/54 Moo 9 Sukhumwit Road, Tambol Nongprue, Amphur Banglamung Chonburi 20150 20150",,,,,19x1,0.00000000,0,IMPORT,
11x2139,บริษัท สไตโรลูชั่น (ประเทศไทย) จำกัด,CH03,4/2 ถนนไอ-แปด ต.มาบตาพุด อ.เมืองระยอง 21140,,,,,19x1,0.00000000,0,IMPORT,
11x2140,บริษัท เอทีเซรามิกส์ จำกัด,SV04,เลขที่ 64/35 หมู่ 4 นิคมอุตสาหกรรมอีสเทิร์นซีบอร์ด(ระยอง) ถนนทางหลวงสาย 331 ตำบลปลวกแดง อำเภอปลวกแดง 21140,,,,,19x1,0.00000000,0,IMPORT,
11x2141,บริษัท หยั่น หว่อ หยุ่น จำกัด,FD04,12/8 หมู่ที่ 6 ถนนพระราม 2 ตำบลท่าจีน อำเภอเมืองสมุทรสาคร 74000,,,,,19x1,0.00000000,303,IMPORT,
11x2142,บริษัท อาซาฮีคาเซอิ พลาสติก (ประเทศไทย) จำกัด,CH42,เลขที่ 77 หมู่ที่ 2 ต.บ้านเลน อ.บางปะอิน 13160,,,,,19x1,0.00000000,97,IMPORT,
11x2143,บริษัท ไทยเคนเมนทิแนนซ์แอนด์เซอร์วิส จำกัด,SV04,445 หมู่ 17 ถนนเทพารักษ์ ต.บางเสาธง อ.บางเสาธง 10540,,,,,19x1,0.00000000,0,IMPORT,
11x2144,บริษัท  เมคทรอนิกซ์  อินดัสเทรียล ซัพพลาย จำกัด,SV01,130/16 หมู่บ้านเบญจพร หมู่ที่ 2 ต.วัดประดู่ อ.เมืองสุราษฎร์ธานี 84000,,,,,19x1,0.00000000,0,IMPORT,
11x2145,บริษัท ไอ.เอส.โอ.พาเนล จำกัด,SV04,4/6 หมู่ 12 ตำบลบึงคำพร้อย อำเภอลำลูกกา 12150,,,,,19x1,0.00000000,0,IMPORT,
11x2146,บริษัท ตราสิน จำกัด,GV00,41/11 ซอยสีลม 19 ถนนสีลม แขวงสีลม เขตบางรัก 10500,,,,,19x1,0.00000000,0,IMPORT,
11x2147,บริษัท โปรไวเดอร์ เอ็นจิเนียริ่ง คอนสตรัคชั่น จำกัด,SV04,111/814 หมู่ 1 ต.บึงยี่โถ อ.ธัญบุรี 12130,,,,,19x1,0.00000000,0,IMPORT,
11x2148,บริษัท อาร์พีซี เอ็นจิเนียริ่ง จำกัด,SV04,389/156 หมู่ 4 แขวงคลองสามประเวศ เขตลาดกระบัง 10520,,,,,19x1,0.00000000,0,IMPORT,
11x2149,บริษัท ทิทโก้ กรุงเทพ จำกัด,SV04,12/555 หมู่ 15 อาคารกุหลาบ ชั้น 8 ถนนบางนา-ตราด ต.บางแก้ว อ.บางพลี 10540,,,,,19x1,0.00000000,0,IMPORT,
11x2150,บริษัท เพิร์ล ออย (ประเทศไทย) จำกัด,CH14,1010 อาคารชินวัตร ทาวเวอร์ 3 ชั้น 29-31 ถนนวิภาวดีรังสิต แขวงจตุจักร 10900,,,,,19x1,0.00000000,0,IMPORT,
11x2151,บริษัท พีทีที โกลบอล เคมิคอล จำกัด (มหาชน),PE00,555/1 ศูนย์เอนเนอร์ยี่คอมเพล็กซ์ อาคารเอ ชั้น 14-18 ถ.วิภาวดีรังสิต แขวงจตุจักร เขตจตุจักร 10900,,,,,19x78,0.00000000,321,IMPORT,
11x2152,บริษัท เคซีอี เทคโนโลยี จำกัด,EL01,"117,118 หมู่ 1 นิคมอุตสาหกรรมบ้านหว้า (ไฮเทค) ถ.สายเอเซีย-นครสวรรค์ ต.บ้านเลน อ.บางปะอิน 13160",,,,,19x1,0.00000000,299,IMPORT,
11x2153,บริษัท ปูนซิเมนต์ไทย (ทุ่งสง) จำกัด (โรงงานทุ่งสง),MN05,52 หมู่ 6 ถ.ทุ่งสง-ห้วยยอด ต.ที่วัง อ.ทุ่งสง 10110,,,,,19x85,0.00000000,0,IMPORT,
11x2154,บริษัท โกลด์เกียร์ เอ็นเตอร์ไพร์ส จำกัด,SV04,800/18 หมู่ 11 แขวงคันนายาว เขตคันนายาว 10250,,,,,19x1,0.00000000,0,IMPORT,
11x2155,GLOW SPP 1 COMPANY LIMITED,UT99,"No.10, Soi G2, Pakornsongkrawhrat rd.,Huaypong, Muang 21150",,,,,19x1,0.00000000,0,IMPORT,
11x2156,บริษัท ไทสัน โพลทรี่ (ไทยแลนด์)  จำกัด,FD01,42/6 หมู่ที่ 4 ต.องครักษ์ อ.องครักษ์ 26120,,,,,19x1,0.00000000,1240,IMPORT,
11x2157,"INNOVEK SOLUTION CO., LTD.",SV04,"133/27-28 MOO 2, T.THUBMA, A.MUANG, 21000",,,,,19x1,0.00000000,0,IMPORT,
11x2158,บริษัท ออปอเรชั่น เอ็นจิเนียริ่ง เซอร์วิส จำกัด,UT01,170/41 อาคารโอเชี่ยนทาวเวอร์ 1 ชั้น 14 ถ.รัชดาภิเษกตัดใหม่ แขวงคลองเตย เขตคลองเตย 10110,,,,,19x1,0.00000000,0,IMPORT,
11x2159,บริษัท เอเชียน เทค แอนด์ เอ็นจิเนียริ่ง จำกัด,SV01,เลขที่ 15 ซอยอุดมสุข 53 แยก 2 แขวงหนองบอน เขตประเวศ 10250,,,,,19x1,0.00000000,3,IMPORT,
11x2160,บริษัท พี.อาร์.ฟู้ดแลนด์ จำกัด,FD01,เลขที่ 56 หมู่ 10 ต.ปากช่อง อ.ปากช่อง 30130,,,,,19x1,0.00000000,0,IMPORT,
11x2161,บริษัท ซันสตาร์ เคมีคัล(ประเทศไทย) จำกัด,CH09,เลขที่ 624 หมู่ 4 นิคมอุตสาหกรรมบางปู ซอย 7 ถ.สุขุมวิท ต.แพรกษา อ.เมืองสมุทรปราการ 10280,,,,,19x92,0.00000000,0,IMPORT,
11x2162,บริษัท อิวอนิก ยูไนเต็ด ซิลิกา (สยาม) จำกัด,CH13,เลขที่ 1 ถนนไอ-3 นิคมอุตสาหกรรมมาบตาพุด ต.มาบตาพุด อ.เมืองระยอง 21150,,,,,19x51,0.00000000,80,IMPORT,
11x2163,บริษัท ชาร์พ แอพพลายแอนซ์ (ประเทศไทย) จำกัด,EL01,64 หมู่ 5 ถ.บางนา-ตราด ต.บางสมัคร อ.บางปะกง 24130,,,,,19x1,0.00000000,0,IMPORT,
11x2164,บริษัท ไอดี โซลูชั่น จำกัด,SV01,75/24 หมู่ 11 ถ.พหลโยธิน ต.คลองหนึ่ง อ.คลองหลวง 12120,,,,,19x1,0.00000000,0,IMPORT,
11x2165,บริษัท เอส.ที.อิเล็คทริคอลโปรดักส์ จำกัด,SV01,143 หมู่ 5 ต.พันท้ายนรสิงห์ อ.เมือง 74000,,,,,19x43,0.00000000,0,IMPORT,
11x2166,บริษัท เอสเอฟเอฟ กรุ๊ป จำกัด,SV04,11 หมู่บ้านเคหะนคร ซอย พัฒนาการ 52 ถ.พัฒนาการ แขวงสวนหลวง เขตสวนหลวง 10250,,,,,19x1,0.00000000,0,IMPORT,
11x2167,บริษัท เซเรบอส (ประเทศไทย) จำกัด,FD01,เลขที่ 150/50 หมู่ที่ 9 การนิคมอุตสาหกรรมปิ่นทอง ต.หนองขาม อ.ศรีราชา จ.ชลบุรี  20110 20110,,,,,19x1,0.00000000,0,IMPORT,
11x2168,บริษัท วิคกี้เอ็นจิเนียริ่ง จำกัด,,เลขที่ 5 ซอยพัฒนาการ 48 ถ.พัฒนาการ แขวงพัฒนาการ  เขตสวนหลวง 10250,,,,,19x1,0.00000000,0,IMPORT,
11x2169,บริษัท ฤทธา จำกัด,SV01,เลขที่ 300 ถนนร่มเกล้า แขวงคลองสามประเวศ เขตลาดกระบัง 10520,,,,,19x1,0.00000000,165,IMPORT,
11x2170,บริษัท มารูอิ อินดัสตรี (ไทยแลนด์) จำกัด,MT02,เลขที่ 397 หมู่ที่ 7 ต.ท่าตูม อ.ศรีมหาโพธิ 25140,,,,,19x1,0.00000000,305,IMPORT,
11x2171,บริษัท สหไทยอาวากระดาษ จำกัด,PP03,เลขที่ 36 หมู่ที่ 7 ถ.บางนา-ตราด ต.บางแก้ว อ.บางพลี 10540,,,,,19x1,0.00000000,51,IMPORT,
11x2172,บริษัท  เอสเอฟซี นิวเมติคส์  จำกัด,SV04,189/792-795  หมู่ที่ 5 ต.พันท้ายนรสิงห์ อ.เมืองสมุทรสาคร 74000,,,,,19x1,0.00000000,0,IMPORT,
11x2173,บริษัท วนชัย กรุ๊ป จำกัด (มหาชน),AG03,2/1 อาคารสุนันท์ ถ.พิบูลสงคราม แขวงบางซื่อ เขตบางซื่อ,,,,,19x1,0.00000000,84,IMPORT,
11x2174,บริษัท เนสท์เล่ (ไทย) จำกัด,FD01,999/9  ถนนพระราม 1 แขวงปทุมวัน เขตปทุมวัน 10330,,,,,19x51,0.00000000,226,IMPORT,
11x2175,บริษัท โอลิโอฟายน์ ออกานิก (ประเทศไทย) จำกัด,CH42,126/1 หมู่ 1 ต.ดีลัง อ.พัฒนานิคม จ.ลพบุรี  15220 15220,,,,,19x1,0.00000000,0,IMPORT,
11x2176,บริษัท พี.เอส.ซี.ที.เอ็นจิเนียริ่ง (2009) จำกัด,SV04,เลขที่ 157/48 หมู่ที่ 5 ต.แพรกษา อ.เมืองสมุทรปราการ 10280,,,,,19x43,0.00000000,0,IMPORT,
11x2177,บริษัท จอห์นสัน คอนโทรลส์ แอนด์ ซัมมิท อินทีเรียส์  จำกัด,UT99,เลขที่ 64/58 นิคมอุตสาหกรรมอีสเทริ์นซีบอร์ด หมู่ 4 ต.ปลวกแดง อ.ปลวกแดง 21140,,,,,19x1,0.00000000,28,IMPORT,
11x2178,บริษัท ซีทู โซลูชั่น แอนด์ อินโนเวชั่น จำกัด,SV04,188/169 หมู่ 3 ถ.เทพารักษ์ ต.บางพลีใหญ่ อ.บางพลี 10540,,,,,19x1,0.00000000,0,IMPORT,
11x2179,ห้างหุ้นส่วนจำกัด อ.แสงสุวรรณ ทูลส์,FD01,เลขที่ 121/195 หมู่ที่ 11 ซอยธนสิทธิ์ ถ.เทพารักษ์ ต.บางปลา อ.บางพลี 10540,,,,,19x1,0.00000000,0,IMPORT,
11x2180,บริษัท หยั่น หว่อ หยุ่น  จำกัด,FD04,88/8 หมู่ 5 ต.ท่าทราย อ.เมือง 74000,,,,,19x1,0.00000000,303,IMPORT,
11x2181,ซีพีเอฟ - มีนบุรี2,FD01,,,,,,19x1,0.00000000,54,IMPORT,
11x2182,บริษัท ซีพีเอฟ (ประเทศไทย) จำกัด  (มหาชน),FD05,57 หมู่ 1 ถ.บางนา-ตราด ต.ศีรษะจรเข้ใหญ่ อ.บางเสาธง 10540,,,,,19x27,0.00000000,54,IMPORT,
11x2183,บริษัท ซีพีเอฟ  (ประเทศไทย) จำกัด (มหาชน),FD05,89 หมู่ 5 ถ.ซุปเปอร์ไฮเวย์ลำปาง-เชียงใหม่ ต.เวียงยอง อ.เมือง จ.ลำพูน 51000 51000,,,,,19x1,0.00000000,54,IMPORT,
11x2184,บริษัท ซีพีเอฟ (ประเทศไทย) จำกัด(มหาชน),FD05,80/3 หมู่ 8 ถ.เพชรเกษม ต.ดอนกระเบื้อง อ.บ้านโป่ง จ.ราชบุรี 70110 70110,,,,,19x1,0.00000000,0,IMPORT,
11x2185,บริษัท ซีพีเอฟ  ( ประเทศไทย) จำกัด (มหาชน),FD05,178  หมู่ 4  ถ.พิษณุโลก-หล่มสัก ต.สมอแข อ.เมืองพิษณุโลก 65000,,,,,19x1,0.00000000,0,IMPORT,
11x2186,บริษัท ซีพีเอฟ (ประเทศไทย)  จำกัด (มหาชน),FD05,86 ม.6 ถ.มิตรภาพ ต.โคกกรวด อ.เมืองนครราชสีมา 30280,,,,,19x1,0.00000000,54,IMPORT,
11x2187,บริษัท ซีพีเอฟ (ประเทศไทย)  จำกัด(มหาชน),FD05,242/4  หมู่ที่ 10 ถนนสุขุมวิท ตำบลบางพระ อำเภอศรีราชา  จังหวัดชลบุรี  20110 20110,,,,,19x1,0.00000000,0,IMPORT,
11x2188,บริษัท เอ็กซอนโมบิล เอ็กซ์โพลเรชั่น แอนด์โพรดักชั่น โคราช อิงค์,,3195/17-29 ถนนพระราม 4 แขวงคลองตัน เขตคลองเตย 10110,,,,,19x1,0.00000000,0,IMPORT,
11x2189,บริษัท ไทยเบฟเวอเรจ เอ็นเนอร์ยี่ จำกัด,FD07,เลขที่ 333 อ าคารเล้าเป้งง้วน 1 ชั้นที่ 19 ซอยเฉยพ่วง ถ.วิภาวดีรังสิต แขวงจอมพล เขตจตุจักร 10900,,,,,19x74,0.00000000,106,IMPORT,
11x2190,บริษัท ที.เอส.พาร์ท จำกัด,SV01,เลขที่ 189/6 หมู่ที่ 12 ซอยมิตรภาพ ถ.บางนา-ตราด กม.6 ต.บางแก้ว อ.บางพลี 10540,,,,,19x1,0.00000000,0,IMPORT,
11x2191,บริษัท สุรีย์ เทรดดิ้ง จำกัด,SV01,เลขที่ 1305/102-104 หมู่ที่ 4 ซอยวัดด่านสำโรง ถ.ศรีนครินทร์ ต.สำโรงเหนือ อ.เมืองสมุทรปราการ 10270,,,,,19x1,0.00000000,0,IMPORT,
11x2192,บริษัท โรงงานแม่รวย จำกัด,FD01,11/1 ถ.บางขุนเทียน-ชายทะเล แขวงแสมดำ เขตบางขุนเทียน 10150,,,,,19x1,0.00000000,0,IMPORT,
11x2193,บริษัท ทัสโก้ ทราโฟ จำกัด,EL01,"เลขที่ 612-612/1,1888 หมู่ที่ 4 นิคมอุตสาหกรรมบางปู ซอย 8,9 เอ  ถ.พัฒนา 1 ต.แพรกษา อ.เมืองสมุทรปราการ 10280",,,,,19x1,0.00000000,0,IMPORT,
11x2194,บริษัท คอนแอนด์บิลด์ แมชชินเนอรี่ จำกัด,SV01,1035/22 ซ.ขุนวิจิตร ถ.สุขุมวิท 71 แขวงคลองตันเหนือ เขตวัฒนา 10110,,,,,19x1,0.00000000,0,IMPORT,
11x2195,บริษัท พีทีที เมนเทนแนนซ์ แอนด์ เอนจิเนียริง จำกัด,SV01,22/2 ถนนปกรณ์สงเคราะห์ราษฎร์  ต.มาบตาพุด อ.เมืองระยอง 21150,,,,,19x1,0.00000000,0,IMPORT,
11x2196,บริษัท ที.พี.ซี.บลาสติ้ง แอนด์ เอ็นไวรอนเม้นท์ เซอร์วิส จำกัด,SV01,เลขที่ 9/499 หมู่บ้านลัลลี่วิลล์ หมู่ที่ 5 ตำบลแพรกษา อำเภอเมืองสมุทรปราการ จังหวัดสมุทรปราการ 10280 10280,,,,,19x1,0.00000000,0,IMPORT,
11x2197,บริษัท แสงประดิษฐ์ เอ็นยิเนียริ่ง จำกัด,,เลขที่ 256/1-3 ถ.พหลโยธิน แขวงสามเสนใน เขตพญาไท 10400,,,,,19x1,0.00000000,0,IMPORT,
11x2198,บริษัท ยูเอสอี.โฟล-ไลน์ จำกัด,CH14,เลขที่ 101/11 หมู่ที่ 20 นิคมอุตสาหกรรมนวนคร ต.คลองหนึ่ง อ.คลองหลวง 12120,,,,,19x1,0.00000000,104,IMPORT,
11x2199,ห้างหุ้นส่วนจำกัด ดี เอส เอ็นจิเนียริ่ง แอนด์ ซัพพลาย,SV04,เลขที่ 93/239 หมู่ที่ 10 ต.หนองขาม อ.ศรีราชา จ.ชลบุรี  20230 20230,,,,,19x1,0.00000000,0,IMPORT,
11x2200,บริษัท โรเดีย ไทย โฮลดิ้งส์ จำกัด,CH06,342 นิคมอุตสาหกรรมบางปู หมู่ 4 ถ.สุขุมวิท ต.แพรกษา อ.เมืองสมุทรปราการ 10280,,,,,19x1,0.00000000,0,IMPORT,
11x2201,บริษัท โตโยต้า โบโชคุ เกตเวย์(ประเทศไทย) จำกัด,CH41,เลขที่ 182 หมู่ที่ 7 ต.หัวสำโรง อ.แปลงยาว 24190,,,,,19x1,0.00000000,0,IMPORT,
11x2202,บริษัท ไอ.เอส.เอ.แวลู จำกัด,FD01,"48,50,89,91 ซอยบางขุนเทียน 14 ถนนบางขุนเทียน แขวงแสมดำ เขตบางขุนเทียน 10150",,,,,19x1,0.00000000,0,IMPORT,
11x2203,บริษัท แซส เทค โซลูชั่น จำกัด,SV04,เลขที่ 30 ซอยบางนา-ตราด 23 แขวงบางนา เขตบางนา 10260,,,,,19x23,0.00000000,55,IMPORT,
11x2204,บริษัท สหฟาร์ม จำกัด,FD01,เลขที่ 128 ถ.นวมินทร์ แขวงรามอินทรา เขตคันนายาว 10230,,,,,19x1,0.00000000,4800,IMPORT,
11x2205,บริษัท โกลว์ พลังงาน  จำกัด (มหาชน),UT99,3 ถนน ไอ-สี่ นิคมอุตสาหกรรมมาบตาพุด ต.มาบตาพุด อ.เมือง 21150,,,,,19x1,0.00000000,95,IMPORT,
11x2206,บริษัท เอ็น ซัพพลาย จำกัด,SV01,เลขที่ 25/10 หมู่ที่ 6 ต.บางตลาด อ.ปากเกร็ด 11120,,,,,19x1,0.00000000,0,IMPORT,
11x2207,บริษัท ซีโร่-ลีก จำกัด,SV01,3/263-264  หมู่ที่ 9 ถนนสุวินทวงศ์ แขวงลำผักชี เขตหนองจอก 10530,,,,,19x1,0.00000000,24,IMPORT,
11x2208,ห้างหุ้นส่วนจำกัด จิรสินแมชชีนเนอรี่เซอร์วิส,OM00,330/29 ม.10 ถ.เจ้าคุณทหาร แขวงลำปลาทิว เขตลาดกระบัง 10520,,,,,19x1,0.00000000,0,IMPORT,
11x2209,บริษัท ซียูอีแอล จำกัด,,18 อาคารไทยพาณิชย์ปาร์คพลาซ่า อาคาร 2 (เวสต์)  ชั้น 9 ถ.รัชดาภิเษก แขวงจตุจักร  เขตจตุจักร 10900,,,,,19x1,0.00000000,550,IMPORT,
11x2210,บริษัท ซี.เอส.โอ.ปิโตรเลียม จำกัด,CH14,299 หมู่ที่ 2 ต.หนองผึ้ง อ.สารภี 50140,,,,,19x1,0.00000000,0,IMPORT,
11x2211,บริษัท ไดนามิก้า เอ็นจิเนียริ่ง จำกัด,OM00,เลขที่ 1584 ซอยสมานมิตร ถนนสุทธิสารวินิจฉัย แขวงห้วยขวาง เขตห้วยขวาง 10310,,,,,19x1,0.00000000,0,IMPORT,
11x2212,บริษัท อดิสสิโอ เทรดดิ้ง (ประเทศไทย) จำกัด,SV04,127/14 ปัญจธานีทาวเวอร์ ชั้น 12 ถ.นนทรี แขวงช่องนนทรี เขตยานนาวา 10120,,,,,19x27,0.00000000,0,IMPORT,
11x2213,"Navanakorn Electric Co.,Ltd.",,"3rd Floor, Navanakorn Tower, No.98/98 Moo 13 Klongnueng, Klongluang 12120",,,,,19x1,0.00000000,0,IMPORT,
11x2214,บริษัท กรีน รีฟายน์ จำกัด,CH03,169 ซอย ส.ไทยเสรี 2 ถ.สุขสวัสดิ์ ต.ในคลองบางปลากด อ.พระสมุทรเจดีย์ 10290,,,,,19x1,0.00000000,0,IMPORT,
11x2215,บริษัท นาติก้า เอ็นจิเนียริ่ง จำกัด,SV04,8/5 หมู่ 8 ต.หนองรี อ.เมือง จ.ชลบุรี  20000 20000,,,,,19x1,0.00000000,0,IMPORT,
11x2216,บริษัท เคมิคอลไลน์ จำกัด,SV04,39/8 หมู่ 2 ซ.เฉลิมพระเกียรติ ร.9 ถ.บางกรวย-ไทรน้อย ต.บางเลน อ.บางใหญ่ 11140,,,,,19x1,0.00000000,0,IMPORT,
11x2217,บริษัท แบงค็อก โฮเทล โลตัส สุขุมวิท จำกัด,UT99,เลขที่ 1 ซอยแดงอุดม ถนนสุขุมวิท 33 แขวงคลองตันเหนือ เขตวัฒนา 10110,,,,,19x1,0.00000000,0,IMPORT,
11x2218,บริษัท  ไทยโพลิเอททีลีน  จำกัด,CH42,271 ถ.สุขุมวิท ต.มาบตาพุด อ.เมืองระยอง 21150,,,,,19x1,0.00000000,87,IMPORT,
11x2219,บริษัท อินเตอร์เนชั่นเเนล แลบบอราทอรีส์ จำกัด,CH05,549/2 ซอยแสงสุข ถนนสาธุประดิษฐ์ แขวงช่องนนทรี เขตยานนาวา 10120,,,,,19x1,0.00000000,0,IMPORT,
11x2220,บริษัท ไอเอซีซี เคมิคอล โซลูชั่นส์ จำกัด,CH01,303 ม.4 นิคมอุตสาหกรรมบางปูซอย 5 C ถ.สุขุมวิท ต.แพรกษา อ.เมือง 10280,,,,,19x89,0.00000000,50,IMPORT,
11x2221,บริษัท สิริณ อินเตอร์ ซัพพลาย จำกัด,SV04,452 หมู่ที่ 1 ถ.เทพารักษ์ ต.แพรกษาใหม่ อ.เมืองสมุทรปราการ 10280,,,,,19x1,0.00000000,0,IMPORT,
11x2222,บริษัท พี ซี ซี ไพศาลสิน จำกัด,SV04,99 ซ.สรงประภา 24 ถ.สรงประภา แขวงสีกัน เขตดอนเมือง 10210,,,,,19x1,0.00000000,0,IMPORT,
11x2223,บริษัท ไทยอิสเทอนอินดัสทรี้ จำกัด,TT00,42/220 หมู่ที่ 5 ต.ไร่ขิง อ.สามพราน จ.นครปฐม  73210 73210,,,,,19x1,0.00000000,0,IMPORT,
11x2224,บริษัท น้ำมัน ไออาร์พีซี จำกัด,CH14,555/2 อาคารศูนย์เอนเนอร์ยี่คอมเพล็กซ์ อาคารบี ชั้น 7 ถ.วิภาวดีรังสิต แขวงจตุจักร เขตจตุจักร 10900,,,,,19x23,0.00000000,18,IMPORT,
11x2225,บริษัท ดีพี เจริญเอ็นจิเนียริ่ง จำกัด,SV01,138/34 หมู่ 3 ต.บึง อ.ศรีราชา จ.ชลบุรี  20230 20230,,,,,19x1,0.00000000,0,IMPORT,
11x2226,บริษัท บี.อี.คอน จำกัด,SV04,เลขที่ 103 หมู่ที่ 2 ต.บางขุนกอง อ.บางกรวย 11130,,,,,19x1,0.00000000,0,IMPORT,
11x2227,บริษัท อูเบะ เคมิคอลส์ (เอเชีย) จำกัด (มหาชน),PE00,ชั้น 18 อาคารสาทรสแควร์ ออฟฟิศทาวเวอร์ เลขที่ 98 ถนนสาทรเหนือ แขวงสีลม เขตบางรัก 10500,,,,,19x1,0.00000000,17,IMPORT,
11x2228,บริษัท โซเก็น เคมิคอล เอเชีย จำกัด,CH09,เลขที่ 700/699 ม.1 ต.พานทอง อ.พานทอง จ.ชลบุรี  20160 20160,,,,,19x34,0.00000000,19,IMPORT,
11x2229,บริษัท กาญจนสิงขร จำกัด,FD07,50 หมู่ที่ 7 ตำบลวังขนาย อำเภอท่าม่วง 71110,,,,,19x74,0.00000000,0,IMPORT,
11x2230,บริษัท เพียวเคมม์ จำกัด,FD04,65 หมู่ที่ 11 ซอยวิลาลัย 1 ถนนบางนา - ตราด ตำบลบางโฉลง อำเภอบางพลี 10540,,,,,19x1,0.00000000,39,IMPORT,
11x2231,บริษัท นวนครการไฟฟ้า จำกัด,,98/98 อาคารทาวเวอร์ ชั้นที่ อาร์  หมู่ 13 ถ.พหลโยธิน ต.คลองหนึ่ง อ.คลองหลวง 12120,,,,,19x1,0.00000000,0,IMPORT,
11x2232,บริษัท ท็อปเวลล์ อิลาสติกส์ เทคโนโลยี จำกัด,SV01,3110 หมู่ที่ 10 ซอย 32 ถนนแบริ่ง (สุขุมวิท 107) ตำบลสำโรงเหนือ อำเภอเมืองสมุทรปราการ 10270,,,,,19x1,0.00000000,0,IMPORT,
11x2233,บริษัท วี-สมาร์ท แมชชีน จำกัด,SV01,143/1 หมู่ 4 ต.บางหญ้าแพรก อ.เมือง 74000,,,,,19x1,0.00000000,0,IMPORT,
11x2234,บริษัท  ซีพีเอฟ (ประเทศไทย)  จำกัด (มหาชน),FD05,63 ม. 7 ต.จำปา อ.ท่าเรือ 13130,,,,,19x1,0.00000000,54,IMPORT,
11x2235,บริษัท เทวนตี้ โฟร์ เทวนตี้ โฟร์ จำกัด,UT01,เลขที่ 236/50-51 ซอยเสนากิจ ถนนพญาไท แขวงทุ่งพญาไท เขตราชเทวี 10400,,,,,19x1,0.00000000,0,IMPORT,
11x2236,บริษัท อิมโก้ ฟู๊ดแพ็ค จำกัด,FD01,88 หมู่ที่ 1 นิคมอุตสาหกรรมเวลโกรว์ ต.หอมศีล อ.บางประกง 24190,,,,,19x1,0.00000000,140,IMPORT,
11x2237,บริษัท ภาคภูมิ สแปพาร์ต จำกัด,SV04,93/11 ถนนศุภมิตร แขวงวัดโสมนัส เขตป้อมปราบศัตรูพ่าย 10110,,,,,19x27,0.00000000,0,IMPORT,
11x2238,บริษัท  ซีพีเอฟ (ประเทศไทย) จำกัด (มหาชน),FD05,61/2 ม.2 ถ.สายตรี ต.ธารเกษม อ.พระพุทธบาท 18120,,,,,19x1,0.00000000,54,IMPORT,
11x2239,บริษัท วิลสันอาร์ท (ประเทศไทย) จำกัด,MN99,75/16 หมู่ที่ 5 ซอยวัดโสภณาราม ถนนเอกชัย ตำบลโคกขาม อำเภอเมือง 74000,,,,,19x1,0.00000000,0,IMPORT,
11x2240,บริษัท ไฮสปีด เอ็นจิเนียริ่ง จำกัด,SV01,68/11 หมู่ที่ 11 ตำบลหนองละลอก อำเภอบ้านค่าย 21120,,,,,19x1,0.00000000,0,IMPORT,
11x2241,บริษัท ไทยแทฟฟิต้า จำกัด,TT00,13 ถนนทางหลวงสาย 3191 ต.ห้วยโป่ง อ.เมือง 21150,,,,,19x1,0.00000000,0,IMPORT,
11x2242,บริษัท เอส เอ็น ซี ซาวด์ พรู๊ฟ จำกัด,UT99,700/302 ม.6 นิคมอุตสาหกรรมอมตะนคร ถ.บางนา-ตราด ต.ดอนหัวฬ่อ อ.เมืองชลบุรี จ.ชลบุรี 20000 20000,,,,,19x77,0.00000000,99,IMPORT,
11x2243,บริษัท ดับบลิว ซี เอส คาร์เซ็นเตอร์ จำกัด,,227/11-14 ม.5 ถ.ศรีนครินทร์ ต.บางเมือง อ.เมืองสมุทรปราการ 10270,,,,,19x1,0.00000000,0,IMPORT,
11x2244,บริษัท เทสโก้ แมน (ประเทศไทย) จำกัด,SV04,74/9 หมู่ 10 ตำบลมิตรภาพ อำเภอมวกเหล็ก 18180,,,,,19x1,0.00000000,0,IMPORT,
11x2245,บริษัท ธนคอนสตรัคชั่น (1994) จำกัด,TP00,49/1 ม.6 ต.โพชนไก่ อ.บางระจัน 16130,,,,,19x1,0.00000000,7,IMPORT,
11x2246,บริษัท สตาร์ ปิโตรเลียม รีไฟน์นิ่ง จำกัด (มหาชน),PE00,เลขที่ 1 ถนนไอ - สามบี ตำบลมาบตาพุด อำเภอเมืองระยอง 21150,,,,,19x51,0.00000000,386,IMPORT,
11x2247,บริษัท แอดวานซ์ อินดัสทรี เทคโน แอนด์ เซอร์วิส จำกัด,SV01,99/360  หมู่ 3 ต.ลาดสวาย อ.ลำลูกกา 12150,,,,,19x51,0.00000000,0,IMPORT,
11x2248,บริษัท ไทยยูเนี่ยน ฟีดมิลล์  จำกัด,FD05,103/1 หมู่ที่ 2 ถ.สงขลา-ระโนด ต.ปากแตระ อ.ระโนด จ.สงขลา 90140 90140,,,,,19x1,0.00000000,1040,IMPORT,
11x2249,บริษัท โบ ทรี เอ็นจิเนียริ่ง จำกัด,SV01,9/7-9/9 หมู่บ้านแกรนดิตี้ สาธุประดิษฐ์ 2 ซ.จันทน์ 43 แยก 26-1-1 ถ.จันทน์ แขวงบางโคล่ เขตบางคอแหลม 10120,,,,,19x23,0.00000000,0,IMPORT,
11x2250,บริษัท อุตสาหกรรมหลอมโลหะไทย จำกัด,MT02,เลขที่ 1 ซอยเอกชัย 93 ถนนเอกชัย แขวงบางบอน เขตบางบอน 10150,,,,,19x1,0.00000000,4,IMPORT,
11x2251,บริษัท อินฟินิออน พลัส จำกัด,SV01,75/101 หมู่ที่ 8 แขวงบางบอน เขตบางบอน 10150,,,,,19x1,0.00000000,0,IMPORT,
11x2252,บริษัท เคียววา เทรดดิ้ง (ประเทศไทย) จำกัด,SV04,27/113 ถนนกาญจนาภิเษก แขวงคันนายาว เขตคันนายาว 10230,,,,,19x1,0.00000000,0,IMPORT,
11x2253,บริษัท ลินเด้ (ประเทศไทย) จำกัด (มหาชน),CH02,2/3 หมู่ที่ 14 ถนนบางนา-ตราด ตำบลบางแก้ว อำเภอบางพลี 10510,,,,,19x78,0.00000000,12,IMPORT,
11x2254,บริษัท ลินเด้ แอร์เคมีคัล จำกัด,CH02,2/3 หมู่ที่ 14 ถนนบางนา-ตราด ตำบลบางแก้ว อำเภอบางพลี 10510,,,,,19x1,0.00000000,0,IMPORT,
11x2255,บริษัท ไทย-ชาญ สเตนเลส ซัพพลาย จำกัด,SV04,3 ซอยเอกชัย 55 ถนนเอกชัย แขวงบางบอน เขตบางบอน 10150,,,,,19x1,0.00000000,50,IMPORT,
11x2256,บริษัท เนชั่นแนล สตาร์ช แอนด์ เคมิเคิล (ไทยแลนด์)  จำกัด,FD08,202 หมู่ 12 ถ.สุขุมวิท (กม.275) ต.ทุ่งควายกิน อ.แกลง 21110,,,,,19x1,0.00000000,16,IMPORT,
11x2257,บริษัท ไทย โคโคนัท จำกัด,FD02,67 หมู่ที่ 1 ตำบลหนองกลางนา อำเภอเมืองราชบุรี จังหวัดราชบุรี  70000 70000,,,,,19x1,0.00000000,0,IMPORT,
11x2258,บริษัท เอ็มทีพี เอชพีพีโอ แมนูแฟคเจอริ่ง จำกัด,PE00,75 อาคารไวท์กรุ๊ป 2 ชั้น 15 ซอยรูเบีย ถนนสุขุมวิท 42 แขวงพระโขนง เขตคลองเตย 10110,,,,,19x1,0.00000000,0,IMPORT,
11x2259,บริษัท เอ็น เอช เค สปริง (ประเทศไทย) จำกัด,CH41,99 หมู่ 3 ต.สนามจันทร์ อ.บ้านโพธิ์ 24140,,,,,19x1,0.00000000,452,IMPORT,
11x2260,บริษัท ซีพีเอฟ (ประเทศไทย)  จำกัด  (มหาชน),FD05,250 ม.6 ถ.สีคิ้ว - โชคชัย ต.ตะคุ อ.ปักธงชัย 30150,,,,,19x1,0.00000000,54,IMPORT,
11x2261,ห้างหุ้นส่วนจำกัด บำรุงรักษ์เทคนิคและเครื่องชั่ง,SV01,6 ถ.เทียนจ่อสงเคาะห์ 3 ต.หาดใหญ่ อ.หาดใหญ่ จ.สงขลา  90110 90110,,,,,19x1,0.00000000,0,IMPORT,
11x2262,บริษัท ญาสิทธิ์ จำกัด,SV04,2/88 อาคารทศพลแลนด์ 4 ชั้น 17 ซอยบางนา - ตราด 25 แขวงบางนา เขตบางนา 10260,,,,,19x1,0.00000000,0,IMPORT,
11x2263,บริษัท ไทย วู รี เอ็นจิเนียริ่ง จำกัด,SV01,239 ถนนห้วยโป่ง - หนองบอน ตำบลห้วยโป่ง อำเภอเมือง 21150,,,,,19x1,0.00000000,0,IMPORT,
11x2264,บริษัท ไฮโดรเท็ค จำกัด (มหาชน),SV01,1363 ซอยลาดพร้าว 94 ถนนลาดพร้าว แขวงพลับพลา เขตวังทองหลาง 10310,,,,,19x1,0.00000000,0,IMPORT,
11x2265,ห้างหุ้นส่วนจำกัด โรจนกิจ เอ็นจิเนียริ่ง,SV04,256/38 ซอยวิภาวดีรังสิต 70 ถนนวิภาวดีรังสิต แขวงตลาดบางเขน เขตหลักสี่ 10210,,,,,19x27,0.00000000,0,IMPORT,
11x2266,บริษัท วีเอ็มซี คอนซัลแต็น จำกัด,SV01,59/299 ซอยนิมิตใหม่ 28 ถนนนิมิตใหม่ แขวงสามวาตะวันออก เขตคลองสามวา 10510,,,,,19x1,0.00000000,0,IMPORT,
11x2267,บริษัท ไดเฮ็น อิเล็คทริค จำกัด,EL01,258-259 หมู่ที่ 6 ตำบลท่าสะอ้าน อำเภอบางปะกง 24130,,,,,19x1,0.00000000,127,IMPORT,
11x2268,บริษัท อีเลคโทรไทย จำกัด(ยกเลิก),,233 ถนน ณ ระนอง แขวงคลองเตย เขตคลองเตย 10110,,,,,19x1,0.00000000,0,IMPORT,
11x2269,บริษัท ครอมตั้น อิเล็คทริค มอเตอร์ (ประเทศไทย) จำกัด,FD01,161 ตรอกบางขุนพรหม ถนนวิสุทธิกษัตริย์ แขวงบ้านพานถม เขตพระนคร 10200,,,,,19x1,0.00000000,0,IMPORT,
11x2270,บริษัท พีชเชอร์แอนด์พายเคิล แอพพลายแอนเซส(ไทยแลนด์)จำกัด,EL01,"7/252,7/282 หมู่ที่ 6 นิคมอุตสาหกรรมอมตะซิตี้ ตำบลมาบยางพร อำเภอปลวกแดง 21140",,,,,19x1,0.00000000,0,IMPORT,
11x2271,บริษัท สยาม เปเปอร์ เดคคอร์ จำกัด,PP01,88 หมู่ 8 ต.ราษฎร์นิยม อ.ไทรน้อย 11150,,,,,19x1,0.00000000,15,IMPORT,
11x2272,บริษัท เครสค่อน จำกัด,SV01,18/29 หมู่ที่ 9 ถนนประดิษฐ์มนูธรรม แขวงคลองกุ่ม เขตบึงกุ่ม 10230,,,,,19x1,0.00000000,0,IMPORT,
11x2273,บริษัท อี.เอส.ไอ.(ไทยแลนด์) จำกัด,SV01,139/742 ม.4 ต.พยอม อ.วังน้อย 13170,,,,,19x1,0.00000000,0,IMPORT,
11x2274,บริษัท บีเอสที สเปเชียลตี้ จำกัด,PE00,175 อาคารสาธรซิตี้ทาวเวอร์ ชั้นที่ 22 ถนนสาทรใต้ แขวงทุ่งมหาเมฆ เขตสาทร 10120,,,,,19x1,0.00000000,1,IMPORT,
11x2275,บริษัท กรุงเทพ ซินธิติกส์ จำกัด,PE00,8 ถนน ไอ- สอง ต.มาบตาพุด อ.เมืองระยอง 21150,,,,,19x90,0.00000000,108,IMPORT,
11x2276,บริษัท เอ็ม ไอจี โปรดักชั่น จำกัด,,2/3 หมู่ 14 ถ.บางนาตราด ต.บางแก้ว อ.บางพลี 10540,,,,,19x1,0.00000000,0,IMPORT,
11x2277,บริษัท สยามซานิทารีแวร์อินดัสทรี (หนองแค)จำกัด,MN03,22 หมู่ 1 ต.บัวลอย อ.หนองแค 18140,,,,,19x19,0.00000000,0,IMPORT,
11x2278,บริษัท ต้ากงเคมีคอลอินดัสเทรียล (ไทยแลนด์) จำกัด,CH03,817 ซอยลาซาล 24 แขวงบางนา เขตบางนา 10260,,,,,19x1,0.00000000,80,IMPORT,
11x2279,บริษัท โกลเด้น คิตส์ จำกัด,SV01,64 หมู่ 1 ต.จอมปลวก อ.บางคนที 75120,,,,,19x1,0.00000000,0,IMPORT,
11x2280,ห้างหุ้นส่วนจำกัด เกีย ออโต้แก๊ส ราชบุรี,CH02,111 ม.1 ต.วังมะนาว อ.ปากท่อ จ.ราชบุรี  70140 70140,,,,,19x1,0.00000000,0,IMPORT,
11x2281,ห้างหุ้นส่วนจำกัด เกีย ออโต้แก๊ส,CH02,99/9 ม.6 ต.บางแก้ว อ.เมือง 75000,,,,,19x1,0.00000000,0,IMPORT,
11x2282,บจก.ไทยนิปปอน สตีล แอนด์ ซูมิคิน เอ็นจิเนียริ่ง แอนด์ คอนสตัคชั่น คอร์,SV01,390 หมู่ 6 ถนนท้ายบ้าน ตำบลท้ายบ้าน อำเภอเมืองสมุทรปราการ 10280,,,,,19x1,0.00000000,0,IMPORT,
11x2283,บริษัท ราชบุรี เอทานอล จำกัด,CH16,เลขที่ 5 หมู่ 6 ตำบลเบิกไพร อำเภอบ้านโป่ง จังหวัดราชบุรี  70110 70110,,,,,19x74,0.00000000,99,IMPORT,
11x2284,บริษัท คาร์ลตัน อินเตอร์เนชั่นแนล (ประเทศไทย)  จำกัด,SV01,82/2 ซ.ลาดพร้าว 110 แยก 1 ถ.ลาดพร้าว แขวงพลับพลา เขตวังทองหลาง 10310,,,,,19x1,0.00000000,0,IMPORT,
11x2285,บริษัท แกดเทรดดิ้ง จำกัด,SV04,49/709 หมู่ 4 ต.ตลาดขวัญ อ.เมืองนนทบุรี 11000,,,,,19x1,0.00000000,0,IMPORT,
11x2286,ห้างหุ้นส่วนจำกัด อาเจเมล เอ็นจิเนียริ่ง,SV04,20/274 หมู่ที่ 7 ตำบลมหาสวัสดิ์ อำเภอบางกรวย 11130,,,,,19x1,0.00000000,0,IMPORT,
11x2287,บริษัท น้ำตาลราชบุรี จำกัด,FD04,302 อาคาร เอส แอนด์ เอ ชั้น 2 ห้อง 2 บี ถ.สีลม แขวงสุริยวงศ์ เขตบางรัก 10500,,,,,19x74,0.00000000,290,IMPORT,
11x2288,บริษัท บี เอ็น เค เฟรม จำกัด,OT99,131/35 หมู่ 2 ต.ทับมา อ.เมืองระยอง 21000,,,,,19x1,0.00000000,0,IMPORT,
11x2289,บริษัท เอเชี่ยนเทค เอ็นเตอร์ไพรซ์ จำกัด,OM00,54 อาคารบีบี บิลดิ้ง ชั้น 13 ห้อง 1310 ถ.สุขุมวิท 21 (อโศก) แขวงคลองเตยเหนือ เขตวัฒนา 10110,,,,,19x1,0.00000000,0,IMPORT,
11x2290,บริษัท วชิรสุ คอร์ปอเรชั่น จำกัด,SV01,222/132 ซอยประชาอุทิศ 72 ถนนประชาอุทิศ แขวงทุ่งครุ เขตทุ่งครุ 10140,,,,,19x1,0.00000000,0,IMPORT,
11x2291,ห้างหุ้นส่วนจำกัด สุณัฎฐา ซัพพลาย,SV04,28/112 หมู่ที่ 5 ถนนสรงประภา แขวงสีกัน เขตดอนเมือง 10210,,,,,19x1,0.00000000,0,IMPORT,
11x2292,บริษัท กวิน วิศวกรรม (ประเทศไทย) จำกัด,,119/103 หมู่ที่ 3 ต.ทับมา อ.เมืองระยอง 21000,,,,,19x1,0.00000000,0,IMPORT,
11x2293,บริษัท เทคนิป เอ็นจิเนียริ่ง (ประเทศไทย) จำกัด,SV01,123 อาคารซันทาวเวอร์ เอ ชั้นที่ 20 ถนนวิภาวดี-รังสิต แขวงจอมพล เขตจตุจักร 10900,,,,,19x1,0.00000000,0,IMPORT,
11x2294,บริษัท พี.เอส.อโกร-อินดัสเตรียล เซอร์วิส จำกัด,SV01,451/54 ซอยสุวินทวงศ์ 11 แขวงแสนแสบ เขตมีนบุรี 10510,,,,,19x27,0.00000000,0,IMPORT,
11x2295,บริษัท สมาย คอนเทนเนอร์ อุตสาหกรรม จำกัด,CH03,1/76 ซ.เวิลด์คลับ หมู่ที่ 3 ถ.เลียบคลองสอง ต.คลองสอง อ.คลองหลวง จ.ปทุมธานี  12120 20000,,,,,19x1,0.00000000,135,IMPORT,
11x2296,บริษัท เมเจอร์ เอ็นจิเนียริ่ง แอนด์ ซัพพลาย จำกัด,SV04,170/93  ถ.สุขุมวิท ต.บางปลาสร้อย อ.เมืองชลบุรี 21120,,,,,19x1,0.00000000,0,IMPORT,
11x2297,บริษัท มิตรสตีล จำกัด (สาขา),MT99,114/40 หมู่ที่ 10 ตำบลหนองละลอก อำเภอบ้านค่าย 21120,,,,,19x1,0.00000000,0,IMPORT,
11x2298,บริษัท ซอสพริกไทยรุ่งเรือง จำกัด,FD04,1/2 หมู่ 6 ถ.เทพกาญจนา ต.คอกกระบือ อ.เมือง 74000,,,,,19x1,0.00000000,0,IMPORT,
11x2299,บริษัท คอร์น โปรดักส์ (ประเทศไทย) จำกัด,FD04,2/3 หมู่ 14 อาคารบางนาทาวเวอร์ ตึก เอ ชั้น 3 ถ.บางนา-ตราด ก.ม. 6.5 ต.บางแก้ว อ.บางพลี 10540,,,,,19x1,0.00000000,0,IMPORT,
11x2300,บริษัท ไทยพาราไซลีน จำกัด,CH01,105/12 หมู่ 2 ถ.สุขุมวิท  ต.ทุ่งสุขลา อ.ศรีราชา จ.ชลบุรี  20230 20230,,,,,19x1,0.00000000,37,IMPORT,
11x2301,บริษัท อีโคโน่เทค จำกัด,FD99,31/4 หมู่ 2 ซอยวัดส้มเกลี้ยง ถนนกาญจนาภิเษก ตำบลบางแม่นาง อำเภอบางใหญ่ 11140,,,,,19x1,0.00000000,0,IMPORT,
11x2302,บริษัท สีมาธุรกิจ จำกัด,FD07,เลขที่ 1 ม.6 ต.บ้านแดน อ.บรรพตพิสัย 60180,,,,,19x1,0.00000000,212,IMPORT,
11x2303,บริษัท นางาซากิ คิคิ (ประเทศไทย) จำกัด,FD99,เลขที่ 2 ชั้น 2 อาคาร เอ็น.เค.เอส. ซอยเจริญพัฒนา 1 รามอินทรา 117 แขวงบางชัน เขตคลองสามวา 10510,,,,,19x1,0.00000000,0,IMPORT,
11x2304,บริษัท เอส.อาร์.แอกโกรแพค จำกัด,FD99,เลขที่ 197/1 หมู่ 8 ถนนเชียงใหม่ - ฮอด ตำบลมะขามหลวง อำเภอสันป่าตอง 50120,,,,,19x1,0.00000000,3,IMPORT,
11x2305,ร้าน จ.การช่าง,SV04,160 ม.17 ถ.บุรีรัมย์ - พุทไธสง ต.ชุมเห็ด อ.เมือง 31000,,,,,19x1,0.00000000,0,IMPORT,
11x2306,บริษัท เอส.พี.เทคโนเทรด จำกัด,SV04,151/2 ม.16 ตำบลสันทราย อำเภอฝาง 50110,,,,,19x1,0.00000000,0,IMPORT,
11x2307,บริษัท มิลล์คอน บูรพา จำกัด,MT01,99 ม.3 ต.นิคมพัฒนา อ.นิคมพัฒนา 21180,,,,,19x1,0.00000000,64,IMPORT,
11x2308,บริษัท จี อินโนเวชั่น จำกัด,SV04,เลขที่ 52  ซอยประดิษฐ์มนูธรรม 25 ถนนประดิษฐ์มนูธรรม แขวงลาดพร้าว เขตลาดพร้าว 10230,,,,,19x23,0.00000000,0,IMPORT,
11x2309,บริษัท แฟร์เทค จำกัด,SV04,333/40 ม.7 ต.ทุ่งสุขลา อ.ศรีราชา จ.ชลบุรี  20230 20230,,,,,19x51,0.00000000,0,IMPORT,
11x2310,บริษัท ฟาร์มาสันต์ แล็บบอราตอรี่ส์ จำกัด,CH05,96/3 ม.6 ถ.บางบัวทอง - สุพรรณบุรี ต.ราษฏร์นิยม อ.ไทรน้อย 11150,,,,,19x1,0.00000000,42,IMPORT,
11x2311,บริษัท เอเชีย บิซิเนส เทรดดิ้ง จำกัด,SV04,243 ม. 4 ต.มีชัย อ.เมืองหนองคาย 43000,,,,,19x1,0.00000000,0,IMPORT,
11x2312,บริษัท เกรทโฟม โปรดักส์ จำกัด,SV04,88 ม. 1 ต.หนองจอก อ.บางปะกง 24130,,,,,19x1,0.00000000,90,IMPORT,
11x2313,บริษัท ไทยผลิตภัณฑ์ยิบซั่ม จำกัด (มหาชน),MN05,539/2 ถนนศรีอยุธยา แขวงถนนพญาไท เขตราชเทวี 10400,,,,,19x89,0.00000000,125,IMPORT,
11x2314,บริษัท ดับบลิว พี เอ็ม เอ็นจิเนียริ่ง แอนด์ เซอร์วิส จำกัด,SV04,200 ม.12 ต.ท่าช้าง อ.บางกล่ำ จ.สงขลา  90110 90110,,,,,19x1,0.00000000,0,IMPORT,
11x2315,บริษัท ซี.เอ็ม.พี.พระนคร จำกัด,SV01,"295,297 ชั้นที่ 1,2 ถนนพระราม 2 แขวงแสมดำ เขตบางขุนเทียน 10150",,,,,19x1,0.00000000,0,IMPORT,
11x2316,บริษัท บางปูเคมีเคิลส์ จำกัด,CH01,523 ม.4 ถ.พัฒนา 3 ซอย 8 นิคมอุตสาหกรรมบางปู ต.แพรกษา อ.เมืองสมุทรปราการ 10280,,,,,19x1,0.00000000,0,IMPORT,
11x2317,บริษัท เพิร์ล ออย บางกอก จำกัด,PE00,1010 อาคารชินวัตร ทาวเวอร์ 3 ชั้น 29-31 ถ.วิภาวดีรังสิต แขวงจตุจักร เขตจตุจักร 10900,,,,,19x1,0.00000000,0,IMPORT,
11x2318,บริษัท อีโคโน่ ซัพพลาย จำกัด,FD99,31/4 ม.2 ซอยวัดส้มเกลี้ยง ถ.กาญจนาภิเษก ต.บางแม่นาง อ.บางใหญ่ 11140,,,,,19x1,0.00000000,0,IMPORT,
11x2319,บริษัท พีทีที แอลเอ็นจี จำกัด,,555/1 ศูนย์เอนเนอร์ยี่คอมเพล็กซ์ อาคารเอ ชั้น 3 ถนนวิภาวดีรังสิต แขวงจตุจักร เขตจตุจักร 10900,,,,,19x1,0.00000000,15,IMPORT,
11x2320,ห้างหุ้นส่วนจำกัด อร่ามเรือง เอ็นจิเนียริ่ง,SV04,97/80 หมู่ 9 ถ.ประชาชื่น ต.บางเขน อ.เมืองนนทบุรี 11000,,,,,19x1,0.00000000,0,IMPORT,
11x2321,บริษัท  แมกซ์เอนส์ จำกัด,,70/6 ถ.สตรีวิทยา 2 แขวงลาดพร้าว เขตลาดพร้าว 10230,,,,,19x1,0.00000000,0,IMPORT,
11x2322,บริษัท สุจิต สุมิตร จำกัด,SV04,59/7 ม.4 ถ.รามคำแหง ซอย 140 แขวงสะพานสูง เขตสะพานสูง 10240,,,,,19x1,0.00000000,0,IMPORT,
11x2323,บริษัท เค.เอ็ม.ซี.วอเตอร์ ซัพพลาย จำกัด,SV04,19/15 ซอยเลียบคลองสอง 27 แขวงสามวาตะวันตก เขตคลองสามวา 10510,,,,,19x1,0.00000000,0,IMPORT,
11x2324,บริษัท รุ่งเรืองผล  จำกัด,FD05,1 หมู่ 2  ต.คลองหินปูน อ.วังน้ำเย็น 27210,,,,,19x27,0.00000000,15,IMPORT,
11x2325,บริษัท ฮาร์โมนี อินดัสตรี้ จำกัด,CH02,80/1 ม.9 ต.บางปลา อ.บางพลี 10540,,,,,19x1,0.00000000,0,IMPORT,
11x2326,บริษัท ซิเบลโก้ มิเนอร์รัลส์ (ประเทศไทย)  จำกัด,CH42,27 ม.4 ต.ดอนตูม อ.บางเลน จ.นครปฐม  73150 73150,,,,,19x1,0.00000000,0,IMPORT,
11x2327,บริษีท ทีเอ็น เมกเกอร์ จำกัด,SV04,18/151 ถ.มอเตอร์เวย์ แขวงประเวศ เขตประเวศ 10250,,,,,19x1,0.00000000,0,IMPORT,
11x2328,บริษัท คอมมานเดอร์ อิเล็คทริค จำกัด,EL01,7/1 หมู่ 9 ต.พืชอุดม อ.ลำลูกกา 12150,,,,,19x27,0.00000000,0,IMPORT,
11x2329,ห้างหุ้นส่วนจำกัด ด๊อกเตอร์ แก๊ส รถยนต์,CH02,19/75 หมู่ 18 ต.คูคต อ.ลำลูกกา 12130,,,,,19x1,0.00000000,0,IMPORT,
11x2330,บริษัท ซันไรส์ แดรี่ จำกัด,FD01,289 ม.15 ต.ลาดบัวขาว อ.สีคิ้ว 30340,,,,,19x1,0.00000000,13,IMPORT,
11x2331,บริษัท ทีดับเบิ้ลยู ลีดเดอร์ เอ็นจิเนียริ่ง จำกัด,OM00,345/22 ถ.เลียบคลองสอง แขวงบางชัน เขตคลองสามวา 10510,,,,,19x1,0.00000000,0,IMPORT,
11x2332,บี.เอส เซอร์วิส,SV04,173 ซอยสุมาลี ต.หาดใหญ่ อ.หาดใหญ่ จ.สงขลา  90110 90110,,,,,19x1,0.00000000,0,IMPORT,
11x2333,บริษัท นิตโต้ มาเทค (ประเทศไทย) จำกัด,UT99,700/611 ม.7 ถ.บางนา-ตราด กม.57 ต.ดอนหัวฬ่อ อ.เมืองชลบุรี จ.ชลบุรี  20000 20000,,,,,19x78,0.00000000,118,IMPORT,
11x2334,บริษัท เอ็ม ซี เอส ออโตเมชั่น เทคโนโลยี จำกัด,,253 ถนนสุขุมวิท 21 (อโศก) แขวงคลองเตยเหนือ เขตวัฒนา 10110,,,,,19x1,0.00000000,0,IMPORT,
11x2335,บริษัท เอ พี แอนด์ อี เอ็นจิเนียริ่ง จำกัด,SV01,1677 ซอยลาดพร้าว 94(ปัญจมิตร) ถ.ศรีวรา แขวงวังทองหลาง เขตวังทองหลาง 10310,,,,,19x1,0.00000000,0,IMPORT,
11x2336,บริษัท ริชเทค อินโนเวชั่น จำกัด,SV04,8/13 ม.8 ถ.นวลจันทร์ แขวงคลองกุ่ม เขตบึงกุ่ม 10230,,,,,19x1,0.00000000,0,IMPORT,
11x2337,บริษัท เอ็น เค เค จำกัด,SV04,6/33 ถ.สุคนธสวัสดิ์ แขวงลาดพร้าว เขตลาดพร้าว 10230,,,,,19x1,0.00000000,0,IMPORT,
11x2338,Chevron Thailand Exploration and Production.Ltd.,OG01,"5th Floor,Tower III,SCB Park Plaza 19 Ratchadapisek Road, Khwaeng Chatuchak, Khet Chatuchak 10900",,,,,19x1,0.00000000,0,IMPORT,
11x2339,บริษัท ระยองอินทาเนีย จำกัด,,54/9 ถ.ราษฎร์บำรุง ต.ห้วยโป่ง อ.เมืองระยอง 21150,,,,,19x1,0.00000000,95,IMPORT,
11x2340,บริษัท เจมาโก จำกัด,UT01,33/1 หมู่ 2 ถ.สุวรรณศร ต.โคกแย้ อ.หนองแค 18230,,,,,19x1,0.00000000,0,IMPORT,
11x2341,บริษัท เนชั่นแนล เพาเวอร์ แพลนท์ 5 เอ จำกัด,PP01,218  หมู่ 2  ต.ท่าตูม อ.ศรีมหาโพธิ 25140,,,,,19x1,0.00000000,35,IMPORT,
11x2342,บริษัท เอสซีจี เคมิคอลส์ จำกัด,CH05,1 ถ.ปูนซิเมนต์ไทย แขวงบางซื่อ เขตบางซื่อ 10800,,,,,19x1,0.00000000,0,IMPORT,
11x2343,บริษัท กรุงเทพโฟม ซี.เอส.เอ.จำกัด,CH41,79/18  หมู่ที่ 19 ซอยธนสิทธิ์ ถนนเทพารักษ์ ตำบลบางพลีใหญ่ อำเภอบางพลี 10540,,,,,19x1,0.00000000,0,IMPORT,
11x2344,บริษัท สยาม เนเชอรัล เอนเนอจี จำกัด,SV04,201/92 ม.2 ต.บึง อ.ศรีราชา จ.ชลบุรี  20230 20230,,,,,19x1,0.00000000,0,IMPORT,
11x2345,บริษัท มิลล์คอน สตีล จำกัด (มหาชน),MT01,"9,11,13 ซอยบางกระดี่ 32 ถนนบางกระดี่ แขวงแสมดำ เขตบางขุนเทียน 10150",,,,,19x1,0.00000000,120,IMPORT,
11x2346,บริษัท บีเอส แมนนูแฟคเจอริ่ง จำกัด,FD01,385 ถนนบางนา-ตราด แขวงบางนา เขตบางนา 10260,,,,,19x1,0.00000000,0,IMPORT,
11x2347,ELECTROTHAI COMPANY LIMITED,SV04,"233 Na Ranong Road, Klongtoey 10110",,,,,19x1,0.00000000,0,IMPORT,
11x2348,บริษัท เอ.พี.ที.พี.เอ็นจิเนียริ่ง แอนด์ ซัพพลาย จำกัด,SV04,8/94 หมู่บ้านลัดดาวิลล์ ม.1 ต.บางบัวทอง อ.บางบัวทอง 11110,,,,,19x1,0.00000000,0,IMPORT,
11x2349,บริษัท ซอสซิ่ง 360 จำกัด,SV04,239/2 อาคารลุมพินี 1 ชั้น 2 ห้อง 22 ถ.ราชดำริ แขวงลุมพินี เขตปทุมวัน 10330,,,,,19x1,0.00000000,0,IMPORT,
11x2350,บริษัท เอเชียเพาเวอร์ แอนด์ ดีเวลลอปเมนต์ จำกัด,SV01,11/45 ม.19 ซ.พุทธมณฑลสาย 2 ซอย 24 แขวงศาลาธรรมสพน์ เขตทวีวัฒนา 10170,,,,,19x1,0.00000000,0,IMPORT,
11x2351,บริษัท ทีโอเอ-ชินโต (ไทยแลนด์) จำกัด,CH03,31/1 หมู่ 3 ถ.บางนา-ตราด กม.23 ต.บางเสาธง อ.บางเสาธง 10570,,,,,19x77,0.00000000,0,IMPORT,
11x2352,บริษัท บิโช(ประเทศไทย) จำกัด,SV01,เลขที่ 1 อาคารเอ็มดีทาวเวอร์ ชั้น 18 ห้อง ซี2 ซอยบางนา-ตราด 25 ถนนบางนา-ตราด แขวงบางนา เขตบางนา 10260,,,,,19x1,0.00000000,0,IMPORT,
11x2353,บริษัท ธรรมพร พาณิชย์ จำกัด,SV01,144/31 หมู่ 7 ต.บางโฉลง อ.บางพลี 10540,,,,,19x1,0.00000000,0,IMPORT,
11x2354,บริษัท คลีนเฮ้าส์ เซอร์วิส จำกัด,SV04,112/30-31 หมู่ 6 ถ.สุขสวัสดิ์ ต.บางจาก อ.พระประแดง 10130,,,,,19x1,0.00000000,0,IMPORT,
11x2355,บริษัท โพรดิจี คอนโทรล จำกัด,SV04,145 ซอย 1ถ.นาก่วม ต.สบตุ๋ย อ.เมืองลำปาง จ.ลำปาง  52100 52100,,,,,19x1,0.00000000,0,IMPORT,
11x2356,บริษัท สยามเซลลูโลส จำกัด,PP01,99 หมู่ 6 ถนนแสงชูโต (สายเก่า)  ต.วังศาลา อ.ท่าม่วง 71130,,,,,19x1,0.00000000,0,IMPORT,
11x2357,บริษัท สกายฟู้ด จำกัด,FD01,7/3 ม.1 ถ.พหลโยธิน ต.คลองหนึ่ง อ.คลองหลวง 12120,,,,,19x1,0.00000000,1580,IMPORT,
11x2358,ห้างหุ้นส่วนจำกัด คอนสแตนติน,SV04,เลขที่ 23/1 หมู่ที่ 5 ตำบลเริงราง อำเภอเสาไห้ 18160,,,,,19x1,0.00000000,0,IMPORT,
11x2359,บริษัท นารายณ์ อินเตอร์ ซัพพลาย จำกัด,SV04,89/1088 ม.5 ต.บางแม่นาง อ.บางใหญ่ 11140,,,,,19x1,0.00000000,0,IMPORT,
11x2360,บริษัท เซอร์วิส ออยล์ แอนด์ โซลูชั่น จำกัด,SV04,278/3 ม.7 ต.ท่าโพธิ์ อ.เมือง 65000,,,,,19x1,0.00000000,0,IMPORT,
11x2361,บริษัท เจ.เอส.โฟม จำกัด,CH41,123/9 หมู่ 2 ต.กระทุ่มล้ม อ.สามพราน จ.นครปฐม  73220 73220,,,,,19x88,0.00000000,8,IMPORT,
11x2362,บริษัท เฮงเกอร์ เอ็ม.เอฟ.อาร์.จำกัด,SV04,152/2 หมู่ 3 ถ.รังสิต - นครนายก ต.รังสิต อ.ธัญบุรี 12110,,,,,19x1,0.00000000,0,IMPORT,
11x2363,บริษัท หะรินต่อเรือ จำกัด,TP00,"38,38/2-6 ถ.มไหสวรรย์ (ฝั่งขวา) แขวงบางคอแหลม เขตบางคอแหลม 10120",,,,,19x1,0.00000000,37,IMPORT,
11x2364,การไฟฟ้าฝ่ายผลิต แห่งประเทศไทย,UT99,66 หมู่ 2 ตำบลไผ่ขอดอน อำเภอเมือง 65000,,,,,19x1,0.00000000,0,IMPORT,
11x2365,บริษัท ฟรอนท์ วีล เทค จำกัด,FD04,38/48 หมู่ที่ 8 ต.คูบางหลวง อ.ลาดหลุมแก้ว 12140,,,,,19x1,0.00000000,0,IMPORT,
11x2366,บริษัท มิตรผล ไบโอฟูเอล จำกัด,FD04,เลขที่ 99 หมู่ 1 ถ.บัวขาว - โพนทอง ต.สมสะอาด อ.กุฉินารายณ์ 46110,,,,,19x74,0.00000000,81,IMPORT,
11x2367,บริษัท ชิไทยยูเนี่ยน อิมพอร์ต จำกัด,,28/6 ถนนวัชรพล แขวงคลองถนน เขตสายไหม,,,,,19x1,0.00000000,0,IMPORT,
11x2368,บริษัท เอส.ที.อินเว็นชั่น จำกัด,,14/51 หมู่ที่ 3 แขวงออเงิน เขตสายไหม,,,,,19x1,0.00000000,0,IMPORT,
11x2369,บริษัท บีเอส แมนนูแฟคเจอริ่ง  จำกัด,FD01,99/9 หมู่ 7 ซ.ร่วมใจ ถ.บางนา - ตราด ต.บางโฉลง อ.บางพลี 10540,,,,,19x1,0.00000000,0,IMPORT,
11x2370,ห้างหุ้นส่วนจำกัด แม็กซ์โฟลปั๊ม อินเตอร์เทรด,SV04,2036/16 ถ.สุขุมวิท แขวงบางจาก เขตพระโขนง 10260,,,,,19x1,0.00000000,0,IMPORT,
11x2371,บริษัท ทีซี เอ็นสเตจ จำกัด,SV04,38/66 หมู่ที่ 6 ตำบลบ้านฉาง อำเภอบ้านฉาง 21130,,,,,19x1,0.00000000,0,IMPORT,
11x2372,บริษัท นำวัฒนา (เวิลด์ไวด์) จำกัด,MT02,"104/1,3,4,6 หมู่ที่ 19  ถนนสุขสวัสดิ์ ตำบลบางพึ่ง อำเภอพระประแดง 10130",,,,,19x1,0.00000000,80,IMPORT,
11x2373,บริษัท พาตาร์ แลบ (2517) จำกัด,CH05,เลขที่ 51 หมู่ที่ 3 ถ.เลียบคลอง 7( ธัญบุรี-ลำลูกกา) ต.บึงคำพร้อย อ.ลำลูกกา 12150,,,,,19x1,0.00000000,0,IMPORT,
11x2374,บริษัท เอเชียไฮโดรเซอร์วิสแอนด์พาร์ท จำกัด,SV04,เลขที่ 3405 หมู่ 7 ซ.วัดด่าน ถ.สุขุมวิท ต.สำโรงเหนือ อ.เมืองสมุทรปราการ 10270,,,,,19x1,0.00000000,0,IMPORT,
11x2375,บริษัท แฟคตอรี่ฮับ ดิสทริบิวชั่น จำกัด,SV01,580/280 ซ.โพธิ์ปั้น แยก 7 ถ.อโศก-ดินแดง แขวงดินแดง เขตดินแดง 10400,,,,,19x1,0.00000000,0,IMPORT,
11x2376,ห้างหุ้นส่วนจำกัด สยามอนันต์กิจ,SV04,30/188-189 หมู่ 1 ถ.พุทธบูชา แขวงบางมด เขตจอมทอง 10150,,,,,19x1,0.00000000,0,IMPORT,
11x2377,บริษัท แกรนด์ เบสท์ เทค จำกัด,CH14,28/1 ถนนสำนักอ้ายงอน ต.มาบข่า อ.นิคมพัฒนา 21180,,,,,19x1,0.00000000,0,IMPORT,
11x2378,บริษัท สยามคราฟท์อุตสาหกรรม  จำกัด,PP01,99 หมู่ 6 ถ.แสงชูโต ต.วังศาลา อ.ท่าม่วง 71130,,,,,19x1,0.00000000,8,IMPORT,
11x2379,บริษัท พานาโซนิค แมนูแฟคเจอริ่ง อยุธยา จำกัด,CH04,1/69 หมู่ 5 ถ.โรจนะ ต.คานหาม อ.อุทัย 13210,,,,,19x74,0.00000000,227,IMPORT,
11x2380,ห้างหุ้นส่วนจำกัด พีเอสที อินเตอร์ซัพพลาย,SV01,46/133 หมู่ที่ 1 ซอย 6 ถนนประชาชื่น - นนทบุรี ตำบลบางเขน อำเภอเมืองนนทบุรี 11000,,,,,19x1,0.00000000,0,IMPORT,
11x2381,บริษัท ยูบิส พรีมาเทค จำกัด,CH09,807/1  ชั้นที่ 6  ถนนพระราม 3 แขวงบางโพงพาง เขตยานนาวา 10120,,,,,19x88,0.00000000,18,IMPORT,
11x2382,บริษัท อาร์ แอนด์ บี ฟู้ด ซัพพลาย จำกัด,FD01,3395 ซอยลาดพร้าว 101 ( วัดบึงทองหลาง) แขวงคลองจั่น เขตบางกะปิ 10240,,,,,19x1,0.00000000,0,IMPORT,
11x2383,บริษัท มิตรผล ไบโอฟูเอล  จำกัด,FD04,109 หมู่ 10 ต.หนองมะค่าโมง อ.ด่านช้าง 72180,,,,,19x1,0.00000000,81,IMPORT,
11x2384,บริษัท  ซีพีเอฟ  (ประเทศไทย) จำกัด (มหาชน),FD05,"70,73 หมู่ที่ 8 ถนนกาญจนวนิช ต.น้ำน้อย อ.หาดใหญ่ จ.สงขลา  90110 90110",,,,,19x1,0.00000000,54,IMPORT,
11x2385,บริษัท พริซิชั่น ทูลส์ เซอร์วิส (ประเทศไทย) จำกัด,SV04,1 ชั้น 3 อาคารเอ็มดีทาวเวอร์ ซ.บางนา-ตราด 25 ถ.บางนา-ตราด แขวงบางนา เขตบางนา 10260,,,,,19x1,0.00000000,0,IMPORT,
11x2386,บริษัท เคเอสพี พรีซิชั่น เทคโนโลยี่ จำกัด,SV04,176 หมู่ 1 ต.แคราย อ.กระทุ่มแบน 74110,,,,,19x1,0.00000000,0,IMPORT,
11x2387,บริษัท คอปโก้ เคมเทค จำกัด,SV04,89/76 ถนนหทัยราษฏร์ แขวงบางชัน เขตคลองสามวา 10510,,,,,19x1,0.00000000,0,IMPORT,
11x2388,บริษัท อูเด้ห์ (ประเทศไทย) จำกัด,SV01,195 อาคารเอ็มไพร์ ทาวเวอร์ 3 ชั้นที่ 30 ถนนสาทรใต้ แขวงยานนาวา เขตสาทร 10120,,,,,19x1,0.00000000,0,IMPORT,
11x2389,บริษัท ที ที การ์เดียน สตรีม จำกัด,SV04,195 ซอยพระรามที่ 2 ซอยที่ 3 แยก 3 แขวงบางมด เขตจอมทอง 10150,,,,,19x1,0.00000000,0,IMPORT,
11x2390,บริษัท กลุ่มสยามบรรจุภัณฑ์ จำกัด,MN05,99 หมู่ 1 ต.บางคูวัด อ.เมืองปทุมธานี 12000,,,,,19x92,0.00000000,108,IMPORT,
11x2391,บริษัท นอร์ธเทอร์น ฟู้ด คอมเพล็กซ์ จำกัด,FD04,99/3 หมู่ 1 ต.แม่กรณ์ อ.เมือง 57000,,,,,19x43,0.00000000,0,IMPORT,
11x2392,บริษัท ยู-เทค อินสตรูเมนท์ จำกัด,SV01,72/126 หมู่ 2 ถ.ติวานนท์ ต.บ้านใหม่ อ.ปากเกร็ด 11120,,,,,19x1,0.00000000,0,IMPORT,
11x2393,สำนักงานเทศบาลนครนนทบุรี,UT03,โรงงานปรับปรุงคุณภาพน้ำ 139 หมู่ 8 ถ.รัตนาธิเบศร์ ต.บางกระสอ อ.เมือง 11000,,,,,19x1,0.00000000,1,IMPORT,
11x2394,บริษัท มิตรอุดม เอ็นจิเนียริ่ง จำกัด,SV04,1970 หมู่ 1 ซอยมิตรอุดม 2 ถ.สุขุมวิท 74 ต.สำโรงเหนือ อ.เมืองสมุทรปราการ 10270,,,,,19x1,0.00000000,0,IMPORT,
11x2395,ห้างหุ้นส่วนจำกัด ธวัชชัย ที.เอส.พี. แก๊ส,SV04,46/88 หมู่ 8 ต.ท่าทราย อ.เมือง 74000,,,,,19x1,0.00000000,0,IMPORT,
11x2396,บริษัท ไทย ตรินิตรี้ จำกัด,SV04,อาคารเอ็มดี ทาวเวอร์ ชั้น 10 เลขที่ 1 ซ.บางนา-ตราด 25 ถนนบางนา-ตราด แขวงบางนา เขตบางนา 10260,,,,,19x1,0.00000000,0,IMPORT,
11x2397,บริษัท มิตรผล  ไบโอฟูเอล จำกัด,FD04,99 หมู่ที่ 10 ตำบลโคกสะอาด อำเภอภูเขียว 36110,,,,,19x1,0.00000000,81,IMPORT,
11x2398,ห้างหุ้นส่วนจำกัด เคเอส เทค,SV04,84/34 อาคารจุฑารัตน์ 2 ห้อง 111 หมู่ที่ 19 ถ.ไทยธานี ต.คลองหนึ่ง อ.คลองหลวง 12120,,,,,19x1,0.00000000,0,IMPORT,
11x2399,บริษัท ที.ไอ.พี.เกียร์ เอ็นเตอร์ไพรส์ จำกัด,SV01,58/13-15 หมู่ที่ 1 ซอยวัดหนามแดง ถ.ศรีนครินทร์ ต.บางแก้ว อ.บางพลี 10540,,,,,19x1,0.00000000,0,IMPORT,
11x2400,บริษัท ฮันฮวา เคมิคัล (ไทยแลนด์) จำกัด,CH01,377 หมู่ที่ 17 ต.บางเสาธง อ.บางเสาธง 10570,,,,,19x1,0.00000000,103,IMPORT,
11x2401,EMERSON (THAILAND) LIMITED (ยกเลิก) เปลี่ยนที่อยู่,,"1/41-43 RAYONG HIGHWAY ROAD NO.3191, T.HUAYPONG,A.MUANG RAYONG 21150",,,,,19x1,0.00000000,0,IMPORT,
11x2402,บริษัท ไทยนิสชิน เทคโนมิค จำกัด,FD08,276 หมู่ 4 ถ.สุขุมวิท ต.แพรกษา อ.เมืองสมุทรปราการ 10280,,,,,19x1,0.00000000,61,IMPORT,
11x2403,ห้างหุ้นส่วนจำกัด เอ็มพี โรจนะคอนสตรัคชั่น,SV04,เลขที่ 68 หมู่ 2 ต.หนองบัว อ.บ้านค่าย 21120,,,,,19x1,0.00000000,0,IMPORT,
11x2404,บริษัท เอสทีซี ไดคาสติ้ง (ไทยแลนด์) จำกัด,MT02,25 หมู่ 5 ต.มาบข่า อ.นิคมพัฒนา 21180,,,,,19x1,0.00000000,0,IMPORT,
11x2405,บริษัท ไทยบิทูเมน จำกัด,CH15,118/1 ถนนพระราม 6 แขวงสามเสนใน เขตพญาไท 10400,,,,,19x1,0.00000000,103,IMPORT,
11x2406,บริษัท จีซี สไตรีนิคส์ จำกัด,CH14,555/1 ศูนย์เอนเนอร์ยี่คอมเพล็กซ์ อาคารเอ ชั้น 15  ถ.วิภาวดีรังสิต แขวงจตุจักร เขตจตุจักร 10900,,,,,19x1,0.00000000,0,IMPORT,
11x2407,บริษัท แซฟทรอล จำกัด,SV04,221 ถนนบางขุนเทียน - ชายทะเล แขวงแสมดำ เขตบางขุนเทียน 10150,,,,,19x1,0.00000000,0,IMPORT,
11x2408,บริษัท เอ็ม.ที.คอนโทรล แอนด์ เทคโนโลยี จำกัด,SV01,99/24 ถ.กาญจนาภิเษก แขวงประเวศ เขตประเวศ 10250,,,,,19x1,0.00000000,0,IMPORT,
11x2409,บริษัท เมเยอร์เรซิ่น จำกัด,CH03,969 หมู่ที่ 13 ซอย 45 ถ.บางนาตราด ต.บางแก้ว อ.บางพลี 10540,,,,,19x77,0.00000000,15,IMPORT,
11x2410,บริษัท ธนภักดี จำกัด,FD07,เลขที่ 315 หมู่ 4 ตำบลแม่แฝก อำเภอสันทราย 10540,,,,,19x74,0.00000000,126,IMPORT,
11x2411,บริษัท สุราพิเศษทิพราช จำกัด,FD07,488 หมู่ 1 ต.วังด้ง อ.เมืองกาญจนบุรี 71190,,,,,19x1,0.00000000,130,IMPORT,
11x2412,บริษัท เอ็มพี บี5 (ประเทศไทย) จำกัด,PE00,เลขที่ 1010 อาคารชินวัตร ทาวเวอร์ 3 ชั้น 29-31 ถนนวิภาวดีรังสิต แขวงจตุจักร เขตจตุจักร 10900,,,,,19x1,0.00000000,0,IMPORT,
11x2413,บริษัท แอมเจย์ จำกัด,CH02,575 ถ.รัชดาภิเษก แขวงจตุจักร เขตจตุจักร 10280,,,,,19x1,0.00000000,0,IMPORT,
11x2414,บริษัท อิเมอร์สัน อิเล็คทริค (ประเทศไทย) จำกัด,CH42,24 หมู่ 4 ต.ปลวกแดง อ.ปลวกแดง 21140,,,,,19x1,0.00000000,0,IMPORT,
11x2415,บริษัท อัคคีปราการ จำกัด (มหาชน),UT99,792 หมู่ 2 ซ. 1 ซี/1 นิคมอุตสาหกรรมบางปู ถ.สุขุมวิท ต.บางปูใหม่ อ.เมืองสมุทรปราการ 10280,,,,,19x1,0.00000000,0,IMPORT,
11x2416,บริษัท ไทยศิลป์ลาเบลแพค จำกัด,CH42,79/82-84 หมู่ 19 ซ.ธนสิทธิ์แยกรัตนโชค 12 ถ.เทพารักษ์ ต.บางพลีใหญ่ อ.บางพลี 10540,,,,,19x1,0.00000000,210,IMPORT,
11x2417,บริษัท สยามไฟเบอร์กลาส จำกัด,TT01,39 หมู่ 9 ถ.หนองปลากระดี่ ต.หนองปลิง อ.หนองแค 18140,,,,Active,19x89,910221892.00000000,120,IMPORT,
11x2418,บริษัท เอทูเอส เอ็นจิเนียริ่ง จำกัด,SV04,289/17 ม.การ์เด้น สวีท ดิ อินดี้ โฮม ถ.ราษฎรพัฒนา แขวงสะพานสูง เขตสะพานสูง 10240,,,,,19x1,0.00000000,0,IMPORT,
11x2419,บริษัท คันไซ เรซิน (ประเทศไทย) จำกัด,CH03,34 หมู่ 4 นิคมอุตสาหกรรมอีสเทิร์นซีบอร์ด(ระยอง) ถ.ยุทธสาสตร์ ต.ปลวกแดง อ.ปลวกแดง,,,,,19x70,0.00000000,38,IMPORT,
11x2420,บริษัท ฟิฟธ์ เอพริล เอ็นจิเนียริ่ง จำกัด,SV04,230/15 ถนนอนามัยงามเจริญ แขวงท่าข้าม เขตบางขุนเทียน 10150,,,,,19x1,0.00000000,0,IMPORT,
11x2421,บริษัท บางปะอิน โคเจนเนอเรชั่น จำกัด,UT01,587 ถนนสุทธิสารวินิจฉัย แขวงรัชดาภิเษก เขตดินแดง 10400,,,,,19x45,0.00000000,57,IMPORT,
11x2422,บริษัท เอส พาเนล จำกัด,SV04,89/64 หมู่ 2 ต.กาหลง อ.เมืองสมุทรสาคร 74000,,,,,19x88,0.00000000,15,IMPORT,
11x2423,บริษัท โซลเวย์ (ประเทศไทย) จำกัด,CH42,55 อาคารเวฟเพลส ชั้น 11 และ 16 ถนนวิทยุ แขวงลุมพินี เขตปทุมวัน 10330,,,,,19x51,0.00000000,0,IMPORT,
11x2424,บริษัท ไพร์ม โปรดักส์ วิศวกรรม จำกัด,SV04,478/88 ถนนลาดกระบัง แขวงลาดกระบัง เขตลาดกระบัง 10520,,,,,19x1,0.00000000,0,IMPORT,
11x2425,บริษัท หลักชัยค้าสุรา จำกัด,FD07,46 หมู่ 1 ต.หนองกลางนา อ.เมืองราชบุรี จ.ราชบุรี  70000 70000,,,,,19x1,0.00000000,339,IMPORT,
11x2426,บริษัท พี.อาร์.พาราเท็กซ์ จำกัด,SV01,41 ซอยสุคนธสวัสดิ์ 11 แขวงลาดพร้าว เขตลาดพร้าว 10230,,,,,19x1,0.00000000,0,IMPORT,
11x2427,บริษัท ยูเนี่ยนไทย-นิจิบัน จำกัด,CH43,12 ซอยเสรีไทย 62 แขวงมีนบุรี เขตมีนบุรี 10510,,,,,19x1,0.00000000,211,IMPORT,
11x2428,บริษัท คลีน เท็กซ์ (ไทยแลนด์) จำกัด,CH42,789/76 หมู่ 1 นิคมอุตสาหกรรมปิ่นทอง ถ.สายหนองค้อ - แหลมฉบัง ต.หนองขาม อ.ศรีราชา จ.ชลบุรี 20230 20230,,,,,19x1,0.00000000,10,IMPORT,
11x2429,บริษัท ยัมมิกซ์ จำกัด,FD01,124/60 หมู่ 4 ต.ตลาดขวัญ อ.เมือง 11000,,,,,19x1,0.00000000,0,IMPORT,
11x2430,บริษัท เอ็นไวร์ โอเปอเรชั่น จำกัด,UT03,1131/233 ถนนเทอดดำริ แขวงถนนนครไชยศรี เขตดุสิต 10300,,,,,19x1,0.00000000,0,IMPORT,
11x2431,ห้างหุ้นส่วนจำกัด เชื่อมไมตรี คอนสตรัคชั่น,SV01,2/24 หมู่ที่ 4 ตำบลบึง อำเภอศรีราชา จังหวัดชลบุรี  20230 20230,,,,,19x1,0.00000000,0,IMPORT,
11x2432,บริษัท นาคากาวะ เคมิคัล อีควิปเม้นท์ (ประเทศไทย) จำกัด,SV01,161/5 ชั้น 2 ถ.เทศบาลนิมิตรเหนือ แขวงลาดยาว เขตจตุจักร 10900,,,,,19x1,0.00000000,0,IMPORT,
11x2433,บริษัท ราชสีมา ผลิตเหล็ก จำกัด,MT01,269 หมู่ 1 ถ.มิตรภาพ ต.โคกกรวด อ.เมืองนครราชสีมา 30280,,,,,19x1,0.00000000,490,IMPORT,
11x2434,บริษัท ไซม์ ดาร์บี้ เพาเวอร์ จำกัด,,142 อาคารทูแปซิฟิค เพลส ชั้น 24 ถ.สุขุมวิท แขวงคลองเตย เขตคลองเตย 10110,,,,,19x1,0.00000000,0,IMPORT,
11x2435,บริษัท อินสทรูเทค เอ็นจิเนียริ่ง จำกัด,SV04,156 ซอยเสรีไทย 29 ถนนเสรีไทย แขวงคลองกุ่ม เขตบึงกุ่ม 10240,,,,,19x1,0.00000000,0,IMPORT,
11x2436,บริษัท เอก กู๊ดคาร์ จำกัด,,99/9 ศูนย์รถยนต์ออโต้ คาซ่า บี4/3 ถนนรามอินทรา แขวงรามอินทรา เขตคันนายาว 10230,,,,,19x1,0.00000000,0,IMPORT,
11x2437,บริษัท เอ็นเอชเค แอนโทลิน (ประเทศไทย) จำกัด,CH41,549 นิคมอุตสาหกรรมบางปู หมู่ที่ 4 ถ.สุขุมวิท ต.แพรกษา อ.เมืองสมุทรปราการ 10280,,,,,19x88,0.00000000,0,IMPORT,
11x2438,บริษัท ไทยน้ำทิพย์ แมนูแฟคเจอริ่ง จำกัด,FD02,55 หมู่ 2 ถนนกรุงเทพ-ปทุมธานี ต.บางขะแยง อ.เมือง 12000,,,,,19x1,0.00000000,0,IMPORT,
11x2439,บริษัท ลิกซิล (ประเทศไทย) จำกัด (มหาชน),MN03,1/6 ม.1 ถ.พหลโยธิน กม.32 ต.คลองหนึ่ง อ.คลองหลวง 12120,,,,,19x19,0.00000000,150,IMPORT,
11x2440,บริษัท พี.วี.ไมนิ่ง แอนด์ เอ็กซ์พลอเรชั่น จำกัด,SV04,48/3 หมู่ 17 ถ.กาญจนาภิเษก แขวงศาลาธรรมสพน์ เขตทวีวัฒนา 10170,,,,,19x1,0.00000000,0,IMPORT,
11x2441,บริษัท เนเชอรัล เลเท็กซ์ แมทเทรส อินดัสตรี(ไทยแลนด์) จำกัด,CH04,32/32-33 หมู่ 4 ต.ท้ายเกาะ อ.สามโคก 12160,,,,,19x1,0.00000000,0,IMPORT,
11x2442,บริษัท แอร์โฟลว์ (ประเทศไทย) จำกัด,SV04,209/179 ซอยงามวงศ์วาน 35 (พงษ์เพชรพัฒนา) แขวงทุ่งสองห้อง เขตทุ่งสองห้อง 10210,,,,,19x1,0.00000000,0,IMPORT,
11x2443,บริษัท พีซีซี ไพศาลสิน จำกัด,SV04,99  ซ.สรงประภา  24  ถ.สรงประภา แขวงสีกัน เขตดอนเมือง 10210,,,,,19x1,0.00000000,18,IMPORT,
11x2444,บริษัท เอเชี่ยน ไวร์โปรดักส์ จำกัด,MT01,269 หมู่ 1 ถนนมิตรภาพ ต.โคกกรวด อ.เมืองนครราชสีมา 30280,,,,,19x1,0.00000000,182,IMPORT,
11x2445,บริษัท วันเนส เซอร์วิส แอนด์ ซัพพลาย จำกัด,,44/37 หมู่ 4 ต.คุ้งลาน อ.บางปะอิน 13160,,,,,19x1,0.00000000,0,IMPORT,
11x2446,บริษัท ทีเอ็มซี เอ็นจิเนียริ่ง แอนด์ เซอร์วิส จำกัด,SV04,119/42 หมู่ 8 ต.เขารูปช้าง อ.เมืองสงขลา จ.สงขลา  90000 90000,,,,,19x1,0.00000000,0,IMPORT,
11x2447,บริษัท มหานครสากลมาร์เก็ตติ้ง จำกัด,SV04,321/13-14 ถ.นางลิ้นจี่ แขวงช่องนนทรี เขตยานนาวา 10120,,,,,19x1,0.00000000,0,IMPORT,
11x2448,บริษัท เจเอสอาร์ บีเอสที อิลาสโตเมอร์ จำกัด,PE00,เลขที่ 8/1 นิคมอุตสาหกรรมมาบตาพุด ถ.ไอ-สอง ต.มาบตาพุด อ.เมืองระยอง 21150,,,,,19x1,0.00000000,0,IMPORT,
11x2449,บริษัท อะควาทรีท เคมิคอล จำกัด,CH01,165 หมู่ 4 ต.บ้านโพธิ์ อ.เมืองนครราชสีมา 30310,,,,,19x1,0.00000000,33,IMPORT,
11x2450,บริษัท แสงวิทย์ 2000 จำกัด,SV01,66/701-702 หมู่ 5 ซอยจรัญสนิทวงศ์ 13 ถ.สายบางแวก แขวงคลองขวาง เขตภาษีเจริญ 10160,,,,,19x1,0.00000000,0,IMPORT,
11x2451,บริษัท โรงงานเหล็กกรุงเทพฯ จำกัด,MT01,42 หมู่ 4 ถ.สุขสวัสดิ์ ต.บางครุ อ.พระประแดง 10130,,,,,19x27,0.00000000,461,IMPORT,
11x2452,บริษัท ไทยเพรซิเดนท์ฟูดส์ จำกัด (มหาชน),FD99,115 หมู่ 15 ถ.ทรงพล ต.ปากแรต อ.บ้านโป่ง จ.ราชบุรี  70110 70110,,,,,19x1,0.00000000,697,IMPORT,
11x2453,บริษัท โปรพีคส์ จำกัด,SV04,เลขที่ 36/82 ซอยเพชรเกษม 68 แยก 25 ถ.เพชรเกษม แขวงบางแคเหนือ เขตบางแค 10160,,,,,19x1,0.00000000,0,IMPORT,
11x2454,บริษัท โซลเวย์ (บางปู) สเปเชียลตี้ เคมีคอลส์ จำกัด,CH06,342 นิคมอุตสาหกรรมบางปู หมู่ 4 ถ.สุขุมวิท ต.แพรกษา อ.เมืองสมุทรปราการ 10280,,,,,19x1,0.00000000,42,IMPORT,
11x2455,บริษัท พีเจ ซีลแอนด์อิเล็คทรอนิกส์ จำกัด,SV04,545/215 หมู่ 1 ถ.เทพารักษ์ ต.แพรกศาใหม่ อ.เมือง จังหวัดสมุทรปราการ 10270,,095-642 8293,,,19x1,0.00000000,0,IMPORT,
11x2456,บริษัท พรีเมียร์ แทงค์ คอร์ปอเรชั่น จำกัด (มหาชน),CH14,111 หมู่ที่ 10 ตำบลกุดน้ำใส อำเภอน้ำพอง 40310,,,,,19x43,0.00000000,0,IMPORT,
11x2457,บริษัท ทรัพย์ทิพย์ จำกัด,FD04,68 ซ.สันติภาพ ถ.ทรัพย์ แขวงสี่พระยา เขตบางรัก 10500,,,,,19x96,0.00000000,45,IMPORT,
11x2458,บริษัท เจดับบลิวเทค จำกัด,SV04,697 ซอยหมู่บ้านเสนาวิลล่า ถ.นวมินทร์ แขวงคลองจั่น เขตบางกะปิ 10240,,,,,19x1,0.00000000,0,IMPORT,
11x2459,บริษัท อมตะ บี.กริม เพาเวอร์ (ระยอง) 1  จำกัด,,5 ถ.กรุงเทพกรีฑา แขวงหัวหมาก เขตบางกะปิ 10240,,,,,19x1,0.00000000,0,IMPORT,
11x2460,บริษัท วิลเลรอย แอนด์ บอค (ประเทศไทย) จำกัด,MN03,65/227 ถ.พระราม 9 แขวงห้วยขวาง เขตห้วยขวาง 10310,,,,,19x19,0.00000000,675,IMPORT,
11x2461,บริษัท วิลเลรอย แอนด์ บอค (ประเทศไทย)  จำกัด,MN03,58 หมู่ 6 ถ.หนองปลากระดี่ ต.หนองปลาหมอ อ.หนองแค 18140,,,,,19x1,0.00000000,675,IMPORT,
11x2462,บริษัท เอสวีอาร์ เอ็นจิเนียริ่งแอนด์ซัพพลาย จำกัด,SV04,"7,7/6 ซอยอ่อนนุช 74/1 แยก 1 ถ.อ่อนนุช แขวงประเวศ เขตประเวศ 10250",,,,,19x1,0.00000000,0,IMPORT,
11x2463,บริษัท คิว แพลน จำกัด,SV01,495 ถ.บอนด์สตรีท ต.บางพูด อ.ปากเกร็ด 11120,,,,,19x1,0.00000000,0,IMPORT,
11x2464,บริษัท เด เอนจิเนียริ่ง จำกัด,SV01,131 ซอยจรัญสนิทวงศ์ 66/1 แขวงบางพลัด เขตบางพลัด 10700,,,,,19x1,0.00000000,0,IMPORT,
11x2465,บริษัท มารีน อินเตอร์เนชั่นแนล ซัพพลาย จำกัด,SV04,139 ซอยพระรามที่ 2 ซอย 20 แยก 2 ถนนพระรามที่ 2 แขวงบางมด เขตจอมทอง 10150,,,,,19x1,0.00000000,0,IMPORT,
11x2466,บริษัท เจียไต๋ จำกัด,CH11,299-301 ถ.ทรงสวัสดิ์ แขวงสัมพันธวงศ์ เขตสัมพันธวงศ์ 10100,,,,,19x92,0.00000000,21,IMPORT,
11x2467,บริษัท ยูเซ็น โลจิสติกส์ (ประเทศไทย) จำกัด,SV04,82 ถนนมาบยา ต.มาบตาพุด อ.เมือง 21150,,,,,19x78,0.00000000,10,IMPORT,
11x2468,ซาลามานเดอร์ เอนเนอร์ยี่ (บัวหลวง) ลิมิเต็ด,CH14,อาคารคิวเฮ้าส์ ลุมพินี ชั้น 28 ห้อง 2802 ถ.สาทรใต้ แขวงทุ่งมหาเมฆ เขตสาทร 10120,,,,,19x1,0.00000000,0,IMPORT,
11x2469,บริษัท ปทุมรีไซเคิล จำกัด,CH42,40 หมู่ 5 ถ.ปทุมธานี-ลาดหลุมก้ว ต.คูบางหลวง อ.ลาดหลุมแก้ว 12140,,,,,19x1,0.00000000,50,IMPORT,
11x2470,บริษัท ไบโอซินเนอร์จี จำกัด,CH14,150 หมู่ 13 ต.โคกกรวด อ.เมืองนครราชสีมา 30280,,,,,19x1,0.00000000,0,IMPORT,
11x2471,บริษัท โพลี ซัน จำกีด,SV04,15/5 หมู่ 6 ถ.ตลิ่งชัน - สุพรรณบุรี ต.ละหาร อ.บางบัวทอง 11110,,,,,19x1,0.00000000,0,IMPORT,
11x2472,บริษัท รูเบียอุตสาหกรรม จำกัด,CH06,70 หมู่ที่ 13 ถ.ปู่เจ้าสมิงพราย ต.บางหญ้าแพรก อ.พระประแดง 10130,,,,,19x1,0.00000000,364,IMPORT,
11x2473,ห้างหุ้นส่วนจำกัด ไทยสามัญซัพพลาย แอนด์ เซอร์วิส,SV04,78/6 หมู่ 10 ต.ไร่ขิง อ.สามพราน จ.นครปฐม  73210 73210,,,,,19x1,0.00000000,0,IMPORT,
11x2474,ห้างหุ้นส่วนจำกัด คัดสรรเซอร์วิส,SV04,295/3 หมู่ที่ 1 ต.นิคมพัฒนา อ.นิคมพัฒนา 21180,,,,,19x1,0.00000000,0,IMPORT,
11x2475,บริษัท สยามอุตสาหกรรมยิปซัม (สระบุรี) จำกัด,MN05,30 หมู่ 7  ต.หนองปลิง อ.หนองแค 18140,,,,,19x77,0.00000000,0,IMPORT,
11x2476,บริษัท สยามอุตสาหกรรมยิปซัม (สระบุรี)  จำกัด,MN05,44 หมู่ 1 หมู่บ้านบัวลอยกลางนา ต.บัวลอย อ.หนองแค 18140,,,,,19x1,0.00000000,0,IMPORT,
11x2477,บริษัท เคเอสบีที เอ็นจิเนียริ่ง จำกัด,SV04,79 ถ.ลาดปลาเค้า แขวงอนุสาวรีย์ เขตบางเขน 10220,,,,,19x1,0.00000000,0,IMPORT,
11x2478,บริษัท เกรียงวิศวกรรม จำกัด,SV04,20/585 ซอยเลียบคลองสอง 27 แขวงสามวาตะวันตก เขตคลองสามวา 10510,,,,,19x1,0.00000000,0,IMPORT,
11x2479,บริษัท อินโนเวชั่น เมนเทนแนนซ์ เซอร์วิสเซส จำกัด,SV04,142/4 หมู่ที่ 2 ต.โป่ง อ.บางละมุง จ.ชลบุรี  20150 20150,,,,,19x1,0.00000000,0,IMPORT,
11x2480,บริษัท อาเซียนโปแตชชัยภูมิ จำกัด (มหาชน),MN01,1363 อาคารไฮโดรเทค ชั้นที่ 2 ซ.ลาดพร้าว 94 ถ.ลาดพร้าว แขวงพลับพลา เขตวังทองหลาง 10310,,,,,19x1,0.00000000,0,IMPORT,
11x2481,บริษัท โรป้า อินดัสตรี จำกัด,SV01,11/2 ซอยรามคำแหง 166 แยก 2 แขวงมีนบุรี เขตมีนบุรี 10510,,,,,19x1,0.00000000,0,IMPORT,
11x2482,บริษัท บีทีจี ฟีดมิลล์ จำกัด,FD05,323 หมู่ที่ 6 แขวงทุ่งสองห้อง เขตหลักสี่ 10210,,,,,19x1,0.00000000,0,IMPORT,
11x2483,บริษัท งามดี จำกัด,TT00,223/3 ถ.ลาดกระบัง แขวงลาดกระบัง เขตลาดกระบัง 10520,,,,,19x92,0.00000000,45,IMPORT,
11x2484,บริษัท มิ่งเจริญเทรดดิ้ง จำกัด,SV04,350 ซอย บุรีรมย์ 5 ถนนวรจักร แขวงบ้านบาตร เขตป้อมปราบศัตรูพ่าย 10100,,,,,19x1,0.00000000,0,IMPORT,
11x2485,บริษัท เฉลิมชัยชาญ จำกัด,CH03,"เลขที่ 536,536/1 ถนนเอกชัย แขวงบางบอน เขตบางบอน 10180",,,,,19x88,0.00000000,174,IMPORT,
11x2486,บริษัท เฟื่องฟูอนันต์ จำกัด,FD07,333 หมู่ 1 ต.ท่าตูม อ.ศรีมหาโพธิ 25140,,,,,19x74,0.00000000,182,IMPORT,
11x2487,บริษัท ยูไนเตดแอสฟัลท์โปรดักซ์ จำกัด,CH14,485 ถ.นนทบุรี ต.ท่าทราย อ.เมืองนนทบุรี 11000,,,,,19x45,0.00000000,5,IMPORT,
11x2488,บริษัท นำไท อีควิปเม้นท์ จำกัด,CH99,1387-1389 ถ.พัฒนาการ แขวงสวนหลวง เขตสวนหลวง 10250,,,,,19x1,0.00000000,0,IMPORT,
11x2489,บริษัท แนททูร่า วัน จำกัด,FD03,24/9 หมู่ 4 ต.ท่าสะท้อน อ.พุนพิน 84130,,,,,19x1,0.00000000,28,IMPORT,
11x2490,บริษัท แมกโซ่เพ้นท์ จำกัด,CH03,1/55 หมู่ 2 ต.ท่าทราย อ.เมือง 74000,,,,,19x19,0.00000000,60,IMPORT,
11x2491,บริษัท ไลม์ ควอลิตี้ พัลพ์ 2 จำกัด,PP01,เลขที่ 1 หมู่ที่ 2 ต.ท่าตูม อ.ศรีมหาโพธิ 25140,,,,,19x1,0.00000000,0,IMPORT,
11x2492,บริษัท เอ.เอ.เอส.เอ็นจิเนียริ่ง แอนด์ ซัพพลาย จำกัด,SV04,754/37 หมู่ที่ 1 ซอยมังกร-นาคดี ต.แพรกษาใหม่ อ.เมืองสมุทรปราการ 10280,,,,,19x1,0.00000000,0,IMPORT,
11x2493,บริษัท ภัทรา พอร์ซเลน จำกัด,MN03,54 หมู่ที่ 1 ถ.เลียบคลองระพีพัฒน์ ต.หนองปลิง อ.หนองแค 18140,,,,,19x1,0.00000000,864,IMPORT,
11x2494,บริษัท อัลติม่าโพลีเมอร์ จำกัด,SV01,44/5 หมู่ที่ 4 ถ.พหลโยธิน-ลำลูกกา ต.ลำลูกกา อ.ลำลูกกา 12150,,,,,19x1,0.00000000,0,IMPORT,
11x2495,บริษัท ซี.เอช.ยู.เอ็นจิเนียริ่ง จำกัด,SV04,2/277 ซอยไมตรีจิต 9 ถ.ไมตรีจิต แขวงสามวาตะวันออก เขตคลองสามวา 10510,,,,,19x1,0.00000000,0,IMPORT,
11x2496,บริษัท มอนเดลีซ อินเตอร์เนชันแนล (ประเทศไทย) จำกัด,FD01,102/1 หมู่ 4 ถ.ฉลองกรุง แขวงลำปลาทิว เขตลาดกระบัง 10520,,,,,19x45,0.00000000,0,IMPORT,
11x2497,บริษัท เอชแอนด์อาร์ เคมฟาร์ม (ประเทศไทย) จำกัด,CH14,179 อาคารบางกอกซิตี้ ทาวเวอร์ ชั้น 5 ถ.สาทรใต้ แขวงทุ่งมหาเมฆ เขตสาทร 10120,,66 38 190 112-3,,,19x43,0.00000000,9,IMPORT,
11x2498,บริษัท ทูเอฟ อินเตอร์พาร์ท แอนด์ ซัพพลาย จำกัด,SV04,303/3 หมู่ 1 ต.แพรกษา อ.เมืองสมุทรปราการ 10280,,,,,19x88,0.00000000,0,IMPORT,
11x2499,ห้างหุ้นส่วนจำกัด โอ.เค.เค.เอ็นจิเนียริ่ง ซัพพลาย,SV01,39/125 หมู่ที่ 2 ต.บางน้ำจืด อ.เมืองสมุทรสาคร 74000,,,,,19x1,0.00000000,0,IMPORT,
11x2500,บริษัท เฮงเค็ล (สยาม) แอ็ดฮีซีฟ เทคโนโลยี่ส์ จำกัด,CH43,212 หมู่ 1 ถ.เทพารักษ์ ต.บางเสาธง อ.บางเสาธง 10570,,,,,19x1,0.00000000,0,IMPORT,
11x2501,บริษัท ถาวร เอ็นจิเนียริ่ง แอนด์ คอนสตรัคชั่น จำกัด,SV01,41/85 หมู่ที่ 3 แขวงคลองถนน เขตสายไหม 10220,,,,,19x1,0.00000000,0,IMPORT,
11x2502,บริษัท พาราเคมีภัณฑ์ จำกัด,CH01,225 หมู่ 4 ถ.สุขุมวิท กม.34 ต.แพรกษา อ.เมืองสมุทรปราการ 10280,,,,,19x1,0.00000000,109,IMPORT,
11x2503,บริษัท ไทย ลีคเลส คอร์ปอเรชั่น จำกัด,UT99,9/8 หมู่ที่ 4 ต.ฉลุง อ.หาดใหญ่ จ.สงขลา  90110 90110,,,,,19x1,0.00000000,229,IMPORT,
11x2504,พี.บี.ทูลส์,SV04,71 ถ.ละม้ายสงเคราะห์ ต.หาดใหญ่ อ.หาดใหญ่ จ.สงขลา  90110 90110,,,,,19x1,0.00000000,0,IMPORT,
11x2505,บริษัท อิเล็กโทรไทย จำกัด (มหาชน),SV04,233 ถนน ณ ระนอง แขวงคลองเตย เขตคลองเตย 10110,,,,,19x1,0.00000000,0,IMPORT,
11x2506,บริษัท ดีมายเออร์ แฟลบ จำกัด,SV01,39 หมู่ที่ 6 ต.ดีลัง อ.พัฒนานิคม จ.ลพบุรี  15220 15220,,,,,19x1,0.00000000,0,IMPORT,
11x2507,"CEC International, Ltd. (Thailand Branch)",,"16th Floor Unit 1601-1604 Exchange Tower 388 Sukhumvit Road, Klongtoey 10110",,,,,19x1,0.00000000,0,IMPORT,
11x2508,ห้างหุ้นส่วนจำกัด แอลฟ่า ซีสเท็ม คอนโทรล,SV01,32/1 หมู่ 4 ถ.สีมารัตน์วิทยา ต.สัมปทวน อ.นครชัยศรี จ.นครปฐม  73120 73120,,,,,19x1,0.00000000,0,IMPORT,
11x2509,บริษัท สยามเซมเพอร์เมด จำกัด,AG02,110 ถ.กาญจนวนิช ต.พะตง อ.หาดใหญ่ จ.สงขลา  90230 90230,,,,,19x1,0.00000000,1600,IMPORT,
11x2510,บริษัท แม็ททอล อินเตอร์ เทคโนโลยี  จำกัด,SV04,49/553 หมู่บ้านสัมมากร ซอยนิมิตใหม่ 34 แขวงสามวาตะวันออก เขตคลองสามวา 10510,,,,,19x27,0.00000000,0,IMPORT,
11x2511,บริษัท เคเอ็มเจ เอ็นจิเนียริ่ง จำกัด,SV01,3215 หมู่ที่ 1 ต.สำโรงเหนือ อ.เมืองสมุทรปราการ 10270,,,,,19x1,0.00000000,0,IMPORT,
11x2512,ยกเลิก,,555 หมู่ที่ 8 ต.ท่าพระ อ.เมืองขอนแก่น 40260,,,,,19x1,0.00000000,0,IMPORT,
11x2513,บริษัท กัปตัน โค๊ทติ้ง จำกัด,CH03,906 หมู่ที่ 15 ต.บางเสาธง อ.บางเสาธง 10540,,,,,19x70,0.00000000,29,IMPORT,
11x2514,บริษัท ที.เค.ที.คอมเมอร์เชียล จำกัด,CH14,673/1 ถ.รามอินทรา แขวงคันนายาว เขตคันนายาว 10230,,,,,19x1,0.00000000,0,IMPORT,
11x2515,บริษัท น้ำตาลไทยเอทานอล จำกัด,CH16,1/104 หมู่ที่ 8 ต.ท่าไม้ อ.ท่ามะกา 71120,,,,,19x96,0.00000000,43,IMPORT,
11x2516,ห้างหุ้นส่วนจำกัด ที.เอส.เอ็น แมชชีนเนอร์รี่,SV04,226/12 หมู่ที่ 18 ถ.สุขสวัสดิ์ ต.บางพึ่ง อ.พระประแดง 10130,,,,,19x1,0.00000000,0,IMPORT,
11x2517,บริษัท สยามมองดี จำกัด,SV04,64/78 หมู่ที่ 4 ต.ดอนหัวฬ่อ อ.เมืองชลบุรี จ.ชลบุรี  20000 20000,,,,,19x1,0.00000000,0,IMPORT,
11x2518,บริษัท เค.ไอ.เอ็ม.เอ็นจิเนียริ่ง จำกัด,SV04,1/94 ซอยสะแกงาม 14 แยก 2 แขวงแสมดำ เขตบางขุนเทียน 10150,,,,,19x1,0.00000000,0,IMPORT,
11x2519,บริษัท มุนินทร์ เม็กซ์ จำกัด,SV01,107/1 หมู่ที่ 5 ต.วังก์พง อ.ปราณบุรี 77120,,,,,19x1,0.00000000,0,IMPORT,
11x2520,บริษัท ไทย วี เค คอร์ปอเรชั่น จำกัด,SV01,44/301 ซอยเฉลิมพระเกียรติ ร.9 ซ.87 แขวงประเวศ เขตประเวศ 10250,,,,,19x1,0.00000000,0,IMPORT,
11x2521,บริษัท สยาม สตีล มิลล์ เซอร์วิสเซส จำกัด,MN01,177/1 อาคารบางกอกสหประกันภัย ชั้น 12 ยูนิต 5 ถ.สุรวงศ์ แขวงสุริยวงศ์ เขตบางรัก 10500,,,,,19x1,0.00000000,5,IMPORT,
11x2522,บริษัท พิคาโซ่ เนเชอรัลส์ แลบบอราทอรี่ จำกัด,CH05,333 หมู่ 4 ถ.ฉลองกรุง แขวงลำปลาทิว เขตลาดกระบัง 10520,,,,,19x1,0.00000000,159,IMPORT,
11x2523,บริษัท กรีนสวิลล์ จำกัด,CH06,"33, 34 ซอยฉลองกรุง 31 แขวงลำปลาทิว เขตลาดกระบัง 10520",,,,,19x1,0.00000000,112,IMPORT,
11x2524,บริษัท เอควิป จำกัด,SV04,140/23 หมู่ที่ 12 ถ.กิ่งแก้ว ต.ราชาเทวะ อ.บางพลี 10540,,,,,19x1,0.00000000,0,IMPORT,
11x2525,บริษัท ไอเอ็กซ์แอล จำกัด,SV01,4 ซอยสุขาภิบาล 2 ซอย 11 แยก 2-3 แขวงประเวศ เขตประเวศ 10250,,,,,19x88,0.00000000,0,IMPORT,
11x2526,บริษัท ราชบุรีเพาเวอร์ จำกัด,UT01,1828 ถนนสุขุมวิท แขวงบางจาก เขตพระโขนง 10260,,,,,19x1,0.00000000,150,IMPORT,
11x2527,ห้างหุ้นส่วนจำกัด เอส.พี.แมชินเนอรี่ (2014),SV04,55/5 หมู่ 8 ต.ท่างิ้ว อ.เมืองนครศรีธรรมราช 80280,,,,,19x1,0.00000000,0,IMPORT,
11x2528,บริษัท สีไทยกันไซเพ้นท์  จำกัด(รง.เกตุเวย์),CH03,350 หมู่ 7 ต.หัวสำโรง อ.แปลงยาว 24190,,,,,19x1,0.00000000,584,IMPORT,
11x2529,บริษัท แอ๊ดวานซ์ เอ็นเนอร์ยี ดีเวลลอปเมนท์ จำกัด,SV01,269 หมู่ 4 ต.หมอนนาง อ.พนัสนิคม จ.ชลบุรี  20140 20140,,,,,19x1,0.00000000,0,IMPORT,
11x2530,บริษัท อธิมาตร จำกัด,FD07,170 หมู่ 11 ต.นิคม อ.สตึก 31150,,,,,19x1,0.00000000,218,IMPORT,
11x2531,บริษัท ท็อป เอสพีพี จำกัด,,555/1 ศูนย์เอนเนอร์ยี่ คอมเพล็กซ์ อาคารเอ ชั้น 11 ถนนวิภาวดีรังสิต แขวงจตุจักร เขตจตุจักร 10900,,,,,19x1,0.00000000,9,IMPORT,
11x2532,บริษัท ทวีคูณไฮโดร นิวเมติก แอนด์ เอ็นจิเนียริ่ง จำกัด,SV04,188/65-66 หมู่ 4 ถ.บางพลี-หนามแดง ต.บางพลีใหญ่ อ.บางพลี 10540,,,,,19x1,0.00000000,0,IMPORT,
11x2533,บริษัท พิดิไลต์ แบมโก จำกัด,MN99,"699 อาคารโมเดอร์นฟอร์มทาวเวอร์ ชั้น 15, 17 ถ.ศรีนครินทร์ แขวงพัฒนาการ เขตสวนหลวง 10250",,,,,19x1,0.00000000,39,IMPORT,
11x2534,บริษัท วาย.เอส.เอส.(ประเทศไทย) จำกัด,UT99,88/88 หมู่ที่ 9 ซอยพิกุลทอง ถ.เทพารักษ์ ต.บางปลา อ.บางพลี 10540,,,,,19x1,0.00000000,0,IMPORT,
11x2535,บริษัท ดีแฟม จำกัด,SV04,91/160 หมู่ 2 ต.บางพูน อ.เมือง 12000,,,,,19x1,0.00000000,0,IMPORT,
11x2536,พีทีทีอีพี เอสพี ลิมิเต็ด,,"555/1 อาคารศูนย์เอนเนอร์ยี่คอมเพล็กซ์ อาคาร A ชั้นที่ 6,19-36 ถ.วิภาวดีรังสิต แขวงจตุจักร เขตจตุจักร 10900",,,,,19x43,0.00000000,0,IMPORT,
11x2537,บริษัท คิมเบอร์ลี่ย์-คล๊าค แมนูแฟคเจอริ่ง (ประเทศไทย) จำกัด,PP03,58 หมู่ 2 ถ.ปู่เจ้าสมิงพราย ต.บางหญ้าแพรก อ.พระประแดง 10130,,,,,19x1,0.00000000,349,IMPORT,
11x2538,บริษัท คิมเบอร์ลี่ย์-คล๊าค แมนูแฟคเจอริ่ง(ประเทศไทย) จำกัด,PP01,323 อาคารยูไนเต็ด เซ็นเตอร์ ชั้น 32-33 ถ.สีลม แขวงสีลม เขตบางรัก 10500,,,,,19x1,0.00000000,349,IMPORT,
11x2539,บริษัท อีซึ่น เพ้นท์ จำกัด (มหาชน),CH03,เลขที่ 7/1-2 หมู่ 1 ต.พานทอง อ.พานทอง จ.ชลบุรี  20160 20160,,,,,19x1,0.00000000,88,IMPORT,
11x2540,บริษัท อิวัลสา เอ็นจิเนียริ่ง แอนด์ เซอร์วิสเซส จำกัด,,เลขที่ 99/108 หมู่ที่ 4 ถนนวัชรพล แขวงคลองถนน เขตสายไหม 10220,,,,,19x1,0.00000000,7,IMPORT,
11x2541,บริษัท เพอร์เฟค แพคเกจจิ้ง จำกัด,CH42,เลขที่ 19/9 หมู่ 6 ถ.พระรามที่ 2 ต.คอกกระบือ อ.เมืองสมุทรสาคร 74000,,,,,19x1,0.00000000,120,IMPORT,
11x2542,CHINA PETROLEUM PIPELINE BUREAU,,"3300/21-22, 19th  Floor, Tower A,The Elephant Tower, Phaholyothin Rd., Chompol, Chatujak 10900",,,,,19x1,0.00000000,0,IMPORT,
11x2543,บริษัท สยาม แท้งค์ เทอร์มินอลส์ จำกัด,OT99,175 อาคารสาธรซิตี้ทาวเวอร์ ชั้น 16 ถนนสาทรใต้ แขวงทุ่งมหาเมฆ เขตสาทร 10120,,,,,19x89,0.00000000,0,IMPORT,
11x2544,บริษัท ซีพีเอฟ (ประเทศไทย)จำกัด (มหาชน),FD05,313  อาคารซี.พี.ทาวเวอร์ ถนนสีลม แขวงสีลม เขตบางรัก 10500,,,,,19x1,0.00000000,0,IMPORT,
11x2545,บริษัท เมโทรแมชีนเนอรี่  จำกัด,SV04,1760 ถ.สุขุมวิท แขวงบางจาก เขตพระโขนง 10260,,,,,19x1,0.00000000,126,IMPORT,
11x2546,บริษัท ไทยมัลลิเอเบิลไอออนแอนด์สตีล จำกัด,MT01,1139/6-7 ถ.พระราม 3 แขวงช่องนนทรี เขตยานนาวา 10120,,,,,19x27,0.00000000,140,IMPORT,
11x2547,บริษัท อลิอันซ์ เฟล็กทรอนิกส์ จำกัด,SV01,28 ซอยลาดกระบัง 9 แขวงลาดกระบัง เขตลาดกระบัง 10520,,,,,19x1,0.00000000,0,IMPORT,
11x2548,บริษัท กรุนด์ฟอส (ประเทศไทย)จำกัด,,92 ถนนเฉลิมพระเกียรติ ร.9 แขวงดอกไม้ เขตประเวศ 10250,,,,,19x1,0.00000000,0,IMPORT,
11x2549,บริษัท เอสที แฟคทอรี่ ออโตเมชั่น จำกัด,SV04,12/97 ถนนมาเจริญ แขวงหนองแขม เขตหนองแขม 10160,,,,,19x1,0.00000000,0,IMPORT,
11x2550,บริษัท ทีพีไอ โพลีน เพาเวอร์ จำกัด,MN05,26/56 ถนนจันทน์ตัดใหม่ แขวงทุ่งมหาเมฆ เขตสาทร 10120,,,,,19x1,0.00000000,55,IMPORT,
11x2551,บริษัท มิตซุย ไฮยีน แมททีเรียลส์ (ประเทศไทย) จำกัด,CH04,64/45 หมู่ 4 ต.ปลวกแดง อ.ปลวกแดง 21140,,,,,19x1,0.00000000,155,IMPORT,
11x2552,บริษัท อเมริกัน แอ็คเซิล แอนด์ แมนูแฟคเจอริ่ง (ประเทศไทย) จำกัด,OM00,500/52 หมู่ที่ 3 ต.ตาสิทธิ์ อ.ปลวกแดง 21140,,,,,19x51,0.00000000,70,IMPORT,
11x2553,บริษัท ทีพีซี เพสต์ เรซิน  จำกัด,CH04,16 นิคมอุตสาหกรรมมาบตาพุด ถ.ไอ-หนึ่ง ต.มาบตาพุด อ.เมืองระยอง 21150,,,,,19x1,0.00000000,31,IMPORT,
11x2554,บริษัท สโคมี่ ออยล์ทูลส์ (ประเทศไทย) จำกัด,CH14,"191/42,191/45 อาคารซีทีไอ ทาวเวอร์ ชั้น 21 ถ.รัชดาภิเษก แขวงคลองเตย เขตคลองเตย 10110",,,,,19x1,0.00000000,0,IMPORT,
11x2555,บริษัท โกลบอล อินทิเกรทเต็ด โซลูชั่น จำกัด,SV04,662/59-60 ถ.พระราม 3 แขวงบางโพงพาง เขตยานนาวา 10120,,,,,19x1,0.00000000,0,IMPORT,
11x2556,บริษัท อีบี เอ็นจิเนียริ่ง (ประเทศไทย) จำกัด,SV04,335/21 ถ.ศรีนครินทร์ แขวงหนองบอน เขตประเวศ 10250,,,,,19x1,0.00000000,0,IMPORT,
11x2557,บริษัท โออีเอ็ม อิเล็คตริคอล จำกัด,SV04,"240,242,244 ถนนสุทธิสารแยก 1 แขวงดินแดง เขตดินแดง 10400",,,,,19x1,0.00000000,0,IMPORT,
11x2558,บริษัท นีโอเซ็น จำกัด,OM00,เลขที่ 44/1 หมู่ 7 ซอยวัดมหาวงษ์ ถ.ปู่เจ้าสมิงพราย ต.สำโรงกลาง อ.พระประแดง 10130,,,,,19x1,0.00000000,0,IMPORT,
11x2559,บริษัท ไทย ฮิราคาวา จำกัด,OM00,เลขที่ 109/92-95 หมู่ที่ 19 ซอยสุขสวัสดิ์ 66 ถ.สุขสวัสดิ์ ต.บางพึ่ง อ.พระประแดง 10130,,,,,19x1,0.00000000,30,IMPORT,
11x2560,บริษัท ดับเบิ้ล  เอ็นจิเนียริ่ง จำกัด,SV04,20 ซอยร่มเกล้า 38 แขวงคลองสามประเวศ เขตลาดกระบัง 10520,,,,,19x1,0.00000000,0,IMPORT,
11x2561,บริษัท เทยิน คอร์ปอเรชั่น (ประเทศไทย) จำกัด,TT00,549 หมู่ 2 นิคมอุตสาหกรรมบางปะอิน ต.คลองจิก อ.บางปะอิน 13160,,,,,19x92,0.00000000,0,IMPORT,
11x2562,บริษัท ไอทีที ฟลูอิด เทคโนโลยี่ อินเตอร์เนชั่นแนล จำกัด,SV04,450 ถ.สุขุมวิท ต.ห้วยโป่ง อ.เมือง 21150,,,,,19x1,0.00000000,0,IMPORT,
11x2563,บริษัท ชูชื่นวัฒนา จำกัด,,105 ซอยบางแค3 ถนนบางแค แขวงบางแค เขตบางแค 10160,,,,,19x1,0.00000000,0,IMPORT,
11x2564,บริษัท เอสอีดับเบิลยู ยูโรไดรฟ(ประเทศไทย) จำกัด,,700/456 หมู่ที่ 7 ต.ดอนหัวฬ่อ อ.เมืองชลบุรี จ.ชลบุรี  20000 20000,,,,,19x1,0.00000000,0,IMPORT,
11x2565,บริษัท เค.อาร์.เอส.จักรกล จำกัด,,512/2 หมู่ 1 ถ.สุขุมวิท ต.สำโรงเหนือ อ.เมือง 10270,,,,,19x1,0.00000000,9,IMPORT,
11x2566,ห้างหุ้นส่วนจำกัด ศรีศุภโชค,SV04,54 หมู่ 5 ต.บ่อสุพรรณ อ.สองพี่น้อง 72190,,,,,19x1,0.00000000,0,IMPORT,
11x2567,บริษัท คองโก เคมีฟาไทย จำกัด,CH43,101/50 หมู่ที่ 20 ต.คลองหนึ่ง อ.คลองหลวง 12120,,,,,19x1,0.00000000,13,IMPORT,
11x2568,บริษัท ไทยธุรกิจอุตสาหกรรม จำกัด,SV04,1584 ซ.สมานมิตร ถ.สุทธิสารวินิจฉัย แขวงห้วยขวาง เขตห้วยขวาง 10310,,,,,19x1,0.00000000,0,IMPORT,
11x2569,ห้างหุ้นส่วนจำกัด ดีอาร์เค.เอ็นจิเนียริ่ง แอนด์ เซอร์วิส,CH14,105/145 หมู่ที่ 10 ต.บางกร่าง อ.เมืองนนทบุรี 11000,,,,,19x23,0.00000000,0,IMPORT,
11x2570,บริษัท ริเก้น อีลาสโตเมอร์ (ประเทศไทย) จำกัด,AG02,50 หมู่ 4 ต.สามบัณฑิต อ.อุทัย 13210,,,,,19x1,0.00000000,33,IMPORT,
11x2571,บริษัท มิชลิน อาร์โอเอช จำกัด,AG02,33/4 ถ.พระราม 9 แขวงห้วยขวาง เขตห้วยขวาง 10310,,,,,19x1,0.00000000,0,IMPORT,
11x2572,บริษัท เฉียวฟู(ไทยแลนด์)จำกัด,CH41,839 หมู่ 4 ซอย 12 นิคมอุตสาหกรรมบางปู ต.แพรกษา อ.เมือง 10280,,,,,19x88,0.00000000,0,IMPORT,
11x2573,บริษัท อุตสาหกรรมผลิตยางไทยสิน จำกัด,AG02,65 หมู่ 3 ถ.เศรษฐกิจ 1 ต.อ้อมน้อย อ.กระทุ่มแบน 74130,,,,,19x34,0.00000000,577,IMPORT,
11x2574,บริษัท ไฮโดร วอเตอร์ ซัพพลาย จำกัด,SV01,101/15 หมู่ที่ 8 ต.บางคูวัด อ.เมืองปทุมธานี 12000,,,,,19x1,0.00000000,0,IMPORT,
11x2575,บริษัท ภคนันท์ เอ็นจิเนียริ่ง จำกัด,SV04,125/10 หมู่ที่ 4 ต.ทับมา อ.เมืองระยอง 21000,,,,,19x1,0.00000000,0,IMPORT,
11x2576,บริษัท เอ็ม ที อาร์ (ประเทศไทย) จำกัด,SV04,414 ถนนพรานนก-พุทธมณฑลสาย 4 แขวงบางเชือกหนัง เขตตลิ่งชัน 10170,,,,,19x1,0.00000000,0,IMPORT,
11x2577,บริษัท พลังงานบริสุทธิ์ จำกัด (มหาชน),CH14,89 อาคารเอไอเอ แคปปิตอล เซ็นเตอร์ ชั้น 16 ถนนรัชดาภิเษก แขวงดินแดง เขตดินแดง 10400,,,,,19x1,0.00000000,11,IMPORT,
11x2578,สมชัย เซอร์วิส,CH14,160/30 ถนนเพชรเกษม 28 แขวงปากคลองภาษีเจริญ เขตภาษีเจริญ 10160,,,,,19x1,0.00000000,0,IMPORT,
11x2579,บริษัท แอซเซ็ท เพอฟอร์แมนซ์ โซลูชั่น จำกัด,SV04,128 ซ.จรัญสนิทวงศ์ 92 ถ.จรัญสนิทวงศ์ แขวงบางอ้อ เขตบางพลัด 10700,,,,,19x1,0.00000000,0,IMPORT,
11x2580,บริษัท ซันสยาม จำกัด,CH14,"325,327,329  ซอยพัฒนาการ 3 ถนนพัฒนาการ แขวงสวนหลวง เขตสวนหลวง 10250",,,,,19x23,0.00000000,7,IMPORT,
11x2581,บริษัท 504 แอล เค คอนสทรัคชั่น จำกัด,CH14,"เลขที่ 16,18 ซอยจันทน์ 43(ฝั่งขวา) ถนนจันทน์ แขวงบางโคล่ เขตบางคอแหลม 10120",,,,,19x1,0.00000000,21,IMPORT,
11x2582,บริษัท เอ.พี.วิชั่น เอ็นจิเนียริ่ง จำกัด,SV04,เลขที่ 59/88 ถนนบางบอน 3 ซอย 7 แขวงหนองแขม เขตหนองแขม 10160,,,,,19x1,0.00000000,0,IMPORT,
11x2583,บริษัท อิเมอร์สัน (ประเทศไทย) จำกัด,,เลขที่ 88/4 ถนนมาบยา ต.มาบตาพุด อ.เมืองระยอง 21150,,,,,19x1,0.00000000,0,IMPORT,
11x2584,บริษัท สยามเอกมีอาหารสัตว์น้ำ จำกัด,FD05,130-132 อาคารสินธรทาวเวอร์ 3 ชั้น 18 ถ.วิทยุ แขวงลุมพินี เขตปทุมวัน 10330,,,,,19x1,0.00000000,0,IMPORT,
11x2585,บริษัท โอเรียนเต็ล เพนท์ แอนด์ เคมิคอล จำกัด,CH03,158 หมู่ 2 ถ.สุขุมวิท ต.คลองตำหรุ อ.เมืองชลบุรี จ.ชลบุรี  20000 20000,,,,,19x1,0.00000000,78,IMPORT,
11x2586,บริษัท ไอที อิมเมจ จำกัด,SV04,21/6 ถนนศรีอยุธยา แขวงวชิรพยาบาล เขตดุสิต 10300,,,,,19x1,0.00000000,0,IMPORT,
11x2587,บริษัท ซีพีเอฟ  (ประเทศไทย)  จำกัด (มหาชน),FD05,555 หมู่ 8  ต.ท่าพระ อ.เมืองขอนแก่น 40260,,,,,19x1,0.00000000,54,IMPORT,
11x2588,บริษัท บี แอล และบุตร จำกัด,SV04,เลขที่ 109/20 หมู่ที่ 2 ซอยสายไหม 11 ถนนสายไหม แขวงสายไหม เขตสายไหม 10220,,,,,19x1,0.00000000,0,IMPORT,
11x2589,ห้างหุ้นส่วนจำกัด เค เอส.อิเลคทรอนิคส์ แอนด์ เซอร์วิส,EL01,99/199 หมู่ 8 ต.คลองจิก อ.บางปะอิน 13160,,,,,19x1,0.00000000,0,IMPORT,
11x2590,บริษัท เอสเธติค พลัส จำกัด,CH05,เลขที่ 24/54-56 หมู่ 3 ถนนพุทธมณฑลสาย 7 ต.หอมเกร็ด อ.สามพราน จ.นครปฐม  73110 73110,,,,,19x1,0.00000000,55,IMPORT,
11x2591,บริษัท ไทยไฟเบอร์ออพติคส์ จำกัด,MT03,233 หมู่ที่ 6 ซ.วัดชังเรือง ถ.สุขสวัสดิ์ ต.ในคลองบางปลากด อ.พระสมุทรเจดีย์ 10290,,,,,19x1,0.00000000,0,IMPORT,
11x2592,บริษัท มาร์แชล ฟลูอิด จำกัด,SV04,7/154 ซอยนวลจันทร์ 56 แขวงนวลจันทร์ เขตบึงกุ่ม 10230,,,,,19x1,0.00000000,0,IMPORT,
11x2593,บริษัท เอสซีลอร์ แมนูแฟ็คเจอริ่ง(ประเทศไทย) จำกัด,CH99,213 เขตอุตสาหกรรมส่งออก 3 นิคมอุตสาหกรรมลาดกระบัง ถ.ฉลองกรุง แขวงลำปลาทิว เขตลาดกระบัง 10520,,,,,19x1,0.00000000,0,IMPORT,
11x2594,บริษัท โกลบอล คอนเน็คชั่นส์ จำกัด (มหาชน),CH42,เลขที่ 13/1 หมู่ 2 ถ.กิ่งแก้ว ต.ราชาเทวะ อ.บางพลี 10540,,,,,19x1,0.00000000,0,IMPORT,
11x2595,บริษัท สยามพาที จำกัด,SV01,เลขที่ 381/33 ถ.ท้าวสุระ ต.ในเมือง อ.เมืองนครราชสีมา 30000,,,,,19x27,0.00000000,0,IMPORT,
11x2596,บริษัท ไทยแหลมฉบัง เทอร์มินัล จำกัด,TP00,เลขที่ 88 หมู่ที่ 3 ต.ทุ่งสุขลา อ.ศรีราชา จ.ชลบุรี  20230 20230,,,,,19x1,0.00000000,0,IMPORT,
11x2597,บริษัท ฮัทชิสัน แหลมฉบัง เทอร์มินัล จำกัด,TP00,เลขที่ 88 หมู่ที่ 3 ต.ทุ่งสุขลา อ.ศรีราชา จ.ชลบุรี  20230 20230,,,,,19x1,0.00000000,0,IMPORT,
11x2598,บริษัท เพชรธารา  จำกัด,FD08,เลขที่ 299 หมู่ที่ 7 ต.โนนยอ อ.ชุมพวง 30270,,,,,19x1,0.00000000,105,IMPORT,
11x2599,บริษัท โกลบอล เพาเวอร์ ซินเนอร์ยี่ จำกัด (มหาชน),OG01,เลขที่ 555/2 ศูนย์เอนเนอร์ยี่คอมเพล็กซ์ อาคารบี ชั้น 5 ถ.วิภาวดีรังสิต แขวงจตุจักร เขตจตุจักร 10900,,,,,19x78,0.00000000,53,IMPORT,
11x2600,บริษัท เวนเดอร์ริช จำกัด,SV04,854 ถ.เอกชัย แขวงบางบอน เขตบางบอน 10150,,,,,19x1,0.00000000,0,IMPORT,
11x2601,บริษัท ดีมายเออร์ เซอร์วิส จำกัด,SV01,เลขที่ 97/1 ซอยลาดพร้าว 114 ถนนลาดพร้าว แขวงพลับพลา เขตวังทองหลาง 10310,,,,,19x23,0.00000000,0,IMPORT,
11x2602,บริษัท ฟินิคส์ อินดัสเทรียล โปรดักส์ จำกัด,SV01,เลขที่ 199/163 หมู่ที่ 7 ถ.บางนา-ตราด ต.บางโฉลง อ.บางพลี 10540,,,,,19x1,0.00000000,0,IMPORT,
11x2603,บริษัท เน็ตพาวเวอร์ เทคโนโลยี จำกัด,SV01,เลขที่ 123/1195 หมู่ 3 ต.บางปลา อ.บางพลี 10540,,,,,19x1,0.00000000,0,IMPORT,
11x2604,บริษัท ไอชิปั๊ม แอนด์ พาร์ท จำกัด,SV04,99/605 หมู่ 2 แขวงบางพลีใหญ่ เขตบางพลี 10540,,,,,19x1,0.00000000,0,IMPORT,
11x2605,บริษัท อินคำราษฎร์ เซอร์วิส จำกัด,SV01,19 ซอย 3 ถ.พิพัฒนมงคล ต.กุดป่อง อ.เมืองเลย 42000,,,,,19x45,0.00000000,0,IMPORT,
11x2606,บริษัท อะเดกะ ไฟน์ เคมิคัล (ไทยแลนด์) จำกัด,CH42,300/12 หมู่ 1 ต.ตาสิทธิ์ อ.ปลวกแดง 21140,,,,,19x1,0.00000000,30,IMPORT,
11x2607,บริษัท ซีวี เคม จำกัด,CH03,77/155-156 อาคารสินสาธรทาวเวอร์ ชั้น 36 ถ.กรุงธนบุรี แขวงคลองต้นไทร เขตคลองสาน 10600,,,,,19x1,0.00000000,0,IMPORT,
11x2608,บริษัท ฟรีสแลนด์คัมพิน่า (ประเทศไทย) จำกัด (มหาชน),FD01,89/2 หมู่ 8 ซอยวัดสวนส้ม ถนนปู่เจ้าสมิงพราย ตำบลสำโรงใต้ อำเภอพระประแดง 10130,,,,,19x1,0.00000000,390,IMPORT,
11x2609,บริษัท น้ำตาลขอนแก่น จำกัด (มหาชน),CH04,3003 หมู่ 6 ต.เทพารักษ์ อ.เมืองสมุทรปราการ 10270,,,,,19x1,0.00000000,1715,IMPORT,
11x2610,บริษัท สวนส้ม ทรายทอง จำกัด,SV04,1/1 หมู่ 16 ต.แม่สูน อ.ฝาง 50110,,,,,19x1,0.00000000,0,IMPORT,
11x2611,บริษัท เบทาโกรภาคใต้ จำกัด,FD05,275 หมู่ 13 ต.กำแพงเพชร อ.รัตภูมิ จ.สงขลา  90180 90180,,,,,19x1,0.00000000,0,IMPORT,
11x2612,บริษัท บิโช เอนจิเนียริ่ง เอเชีย  จำกัด,SV04,เลขที่ 1 อาคารเอ็มดี ทาวเวอร์ ชั้น 18 ห้อง ซี 2 ซ.บางนา-ตราด 25 ถ.บางนา-ตราด กม.3 แขวงบางนา เขตบางนา 10260,,,,,19x1,0.00000000,0,IMPORT,
11x2613,บริษัท ธวัช เทคโนโลยี ซิสเต็มส์ จำกัด,SV04,11/11 หมู่ที่ 20 ถ.นิมิตรใหม่ ต.ลำลูกกา  อ.ลำลูกกา 12150,,,,,19x1,0.00000000,84,IMPORT,
11x2614,บริษัท บีพีพี เอ็นเตอร์ไพร์ส จำกัด,SV04,1/35 หมู่บ้านแกรนด์ เดอ วิลล์ ซ.สุภาพงษ์ 1 ถ.ศรีนครินทร์ แขวงหนองบอน เขตประเวศ 10250,,,,,19x1,0.00000000,0,IMPORT,
11x2615,บริษัท มาตาเหล็ก จำกัด,CH15,764/292 ซ.พัฒนาการ 38  แขวงสวนหลวง เขตสวนหลวง 10250,,,,,19x1,0.00000000,0,IMPORT,
11x2616,บริษัท พีที โปรเกรส อินดัสตรีส์ จำกัด,OM00,250 ซ.เพชรเกษม 76/1 แขวงบางแคเหนือ เขตบางแค 10160,,,,,19x1,0.00000000,0,IMPORT,
11x2617,บริษัท เคลล็อก (ประเทศไทย) จำกัด,FD04,60 หมู่ 4 ต.ปลวกแดง อ.ปลวกแดง 21140,,,,,19x51,0.00000000,85,IMPORT,
11x2618,บริษัท บีวอชเชอร์ จำกัด,SV04,59/23 ถ.บางบอน 3 ซ.7 หมู่บ้าน ชนันธร แขวงหนองแซม เขตหนองแขม 10160,,,,,19x1,0.00000000,0,IMPORT,
11x2619,บริษัท เอ็นที เอ็นจิเนียริ่ง แอนด์ ดีไซด์ จำกัด,SV04,5/26 หมู่ 8 ต.สำโรงเหนือ อ.เมืองสมุทรปราการ 10270,,,,,19x1,0.00000000,0,IMPORT,
11x2620,บริษัท เอ็มเคเค เอเซีย จำกัด,SV01,25 อาคารอัลม่าลิงค์ ชั้น 12 ซ.ชิดลม ถ.เพลินจิต แขวงลุมพินี เขตปทุมวัน 10330,,,,,19x1,0.00000000,0,IMPORT,
11x2621,บริษัท เปรม กรุ๊ป เอ็นจิเนียริ่ง จำกัด,SV01,เลขที่ 4 ซ.รามอินทรา 5 แยก13 ถ.รามอินทรา แขวงอนุสาวรีย์  เขตบางเขน 10220,,,,,19x23,0.00000000,0,IMPORT,
11x2622,บริษัท จีไอเอส กรุ๊ป จำกัด,SV04,662/59-60 ถ.พระราม 3 แขวงบางโพงพาง เขตยานนาวา 10120,,,,,19x1,0.00000000,0,IMPORT,
11x2623,บริษัท กรุงเทพ ซินธิติกส์  จำกัด,PE00,เลขที่ 5 ถ.ไอ-เจ็ด ต.มาบตาพุด  อ.เมืองระยอง 21150,,,,,19x1,0.00000000,108,IMPORT,
11x2624,บริษัท ลีน่า (ประเทศไทย) จำกัด,CH03,เลขที่ 46/20 หมู่ที่ 10 ซ.สำนักสงฆ์ ถ.นวมินทร์ แขวงคลองกุ่ม  เขตบึงกุ่ม 10230,,,,,19x1,0.00000000,20,IMPORT,
11x2625,บริษัท เมโทร ปาร์ติเกิล จำกัด,AG03,39/5 หมู่ที่ 4 ต.ไทรใหญ่  อ.ไทรน้อย 11150,,,,,19x34,0.00000000,140,IMPORT,
11x2626,บริษัท เชียงใหม่ทูลส์ จำกัด,SV04,70/5-7 หมู่ 2 ต.ฟ้าฮ่าม อ.เมืองเชียงใหม่ 50000,,,,,19x1,0.00000000,0,IMPORT,
11x2627,บริษัท อีเกิ้ล ออตตาวา (ประเทศไทย) จำกัด,SV04,140 หมู่ 4 ต.มาบยางพร อ.ปลวกแดง 21140,,,,,19x1,0.00000000,84,IMPORT,
11x2628,บริษัท เอสเอฟซี เอกเซลเล้นซ์ จำกัด,CH14,196/4 หมู่ 1 ถ.สุขสวัสดิ์ ต.ปากคลองบางปลากด อ.พระสมุทรเจดีย์ 10290,,,,,19x23,0.00000000,400,IMPORT,
11x2629,บริษัท ทีทีซีแอล จำกัด (มหาชน),SV01,159/41-44 อาคารเสริมมิตรทาวเวอร์ ชั้น 27-30 ถ.สุขุมวิท 21 (อโศก) แขวงคลองเตยเหนือ เขตวัฒนา 10110,,,,,19x1,0.00000000,0,IMPORT,
11x2630,บริษัท เอ็น.เอ็น. วัฒนกิจ จำกัด,SV04,10 ซ.จันทน์ 32 แยก 2 ถ.เจริญกรุง แขวงทุ่งวัดดอน เขตสาทร 10120,,,,,19x1,0.00000000,0,IMPORT,
11x2631,บริษัท ราชพฤกษ์ ออโต้แก๊ส จำกัด,CH02,88/33 หมู่ 6 ถ.บางไผ่-หนองเพรางาย ต.บางรักพัฒนา อ.บางบัวทอง 11110,,,,,19x1,0.00000000,0,IMPORT,
11x2632,บริษัท เคียวเอะอิ จำกัด,SV01,797 อาคารไอบีทีวี ชั้น 3 ถ.พระราม 9 แขวงบางกะปิ เขตห้วยขวาง 10310,,,,,19x1,0.00000000,0,IMPORT,
11x2633,บริษัท เคเอ็นเอ็ม โปรเจ็คส์ (ประเทศไทย) จำกัด,SV04,825 อาคารไพโรจน์กิจจา ชั้นที่ 12 ห้อง บี ถ.บางนา-ตราด แขวงบางนา เขตบางนา 10260,,,,,19x1,0.00000000,0,IMPORT,
11x2634,บริษัท อัครา รีซอร์สเซส จำกัด (มหาชน),,99 หมู่ 9 ต.เขาเจ็ดลูก อ.ทับคล้อ 66230,,,,,19x89,0.00000000,0,IMPORT,
11x2635,บริษัท วิริยะประกันภัย จำกัด (มหาชน),,850/3 ถ.ลาดกระบัง แขวงลาดกระบัง เขตลาดกระบัง 10520,,,,,19x1,0.00000000,0,IMPORT,
11x2636,ร้านโพรเกรส เอ็นจิเนียริ่ง,CH03,75/556  หมู่ 8 แขวงสะพานสูง เขตสะพานสูง 10240,,,,,19x1,0.00000000,0,IMPORT,
11x2637,บริษัท ดวงกมล โพลิเมอร์ส จำกัด,CH41,93/9 หมู่ 3 ตำบลท้ายเกาะ อำเภอสามโคก 12160,,,,,19x1,0.00000000,0,IMPORT,
11x2638,บริษัท น้ำมัน ไออาร์พีซี  จำกัด,CH14,54 หมู่ 2 ถ.สุขสวัสดิ์ ต.บางครุ อ.พระประแดง 10130,,,,,19x1,0.00000000,18,IMPORT,
11x2639,บริษัท ไทยพอยท์ โกลบอล เทคโนโลยี จำกัด,SV04,119/59 หมู่ที่ 3 ตำบลทับมา อำเภอเมืองระยอง 21000,,,,,19x51,0.00000000,0,IMPORT,
11x2640,บริษัท ดูเพล็กซ์ เอนจิเนียริ่ง จำกัด,SV04,28 ซอยเฉลิมเขตร์ 1 แขวงวัดเทพศิรินทร์ เขตป้อมปราบศัตรูพ่าย 10100,,,,,19x1,0.00000000,0,IMPORT,
11x2641,บริษัท ยู-อินดัสเทรียล เทค จำกัด,SV01,1/11-12 ซอยสุภาพงษ์ 3 แยก 8 ถนนศรีนครินทร์ แขวงหนองบอน เขตประเวศ 10250,,,,,19x1,0.00000000,0,IMPORT,
11x2642,บริษัท ออโต้ทรานเฟอร์ เซอร์วิส จำกัด,SV04,64/2 ซอย 2 ถนนต้นขาม ตำบลท่าศาลา อำเภอเมืองเชียงใหม่ 50000,,,,,19x1,0.00000000,0,IMPORT,
11x2643,บริษัท นินจา โฟโต้ก๊อปปี้ เซ็นเตอร์ จำกัด,,32/295 ถนนประชาอุทิศ แขวงทุ่งครุ เขตทุ่งครุ 10140,,,,,19x1,0.00000000,0,IMPORT,
11x2644,บริษัท พี พี ไอ จำกัด,AG02,124 หมู่ 4 นิคมอุตสาหกรรมสหรัตนนคร ตำบลบางพระครู อำเภอนครหลวง 13260,,,,,19x1,0.00000000,45,IMPORT,
11x2645,บริษัท เดลต้า เอลเม็ก จำกัด,SV04,90 ถนนมาบยา ตำบลมาบตาพุด อำเภอเมืองระยอง 21150,,,,,19x23,0.00000000,0,IMPORT,
11x2646,บริษัท ดราโคนิคส์ เทรด จำกัด,SV04,30/655 หมู่ 2 ตำบลคลองสาม อำเภอคลองหลวง 12120,,,,,19x1,0.00000000,0,IMPORT,
11x2647,ว่าที่ ร.ต. ชัยโย มณีจักร์,,52 ซ.เพชรเกษม 3 แยก 1 แขวงวัดท่าพระ เขตบางกอกใหญ่ 10600,,,,,19x1,0.00000000,0,IMPORT,
11x2648,บริษัท ทีพีไอ โพลีน ชีวะอินทรีย์ จำกัด,MN05,26/56 ถนนจันทน์ตัดใหม่ แขวงทุ่งมหาเมฆ เขตสาทร 10120,,,,,19x1,0.00000000,39,IMPORT,
11x2649,บริษัท แมกทริก เอ็นจิเนียริ่ง จำกัด,SV01,เลขที่ 510 ซ.เฉลิมพระเกียรติ ร.9  ซอย 53 แขวงประเวศ  เขตประเวศ 10250,,,,,19x1,0.00000000,0,IMPORT,
11x2650,ห้างหุ้นส่วนจำกัด ศรีศรัณย์ เอ็นจิเนียริ่ง,SV01,347 ถนนสุนทรโกษา แขวงคลองเตย เขตคลองเตย 10110,,,,,19x1,0.00000000,0,IMPORT,
11x2651,บริษัท ซีลิค คอร์พ จำกัด,CH09,270 ถนนเลียบคลองภาษีเจริญฝั่งใต้ แขวงหนองแขม เขตหนองแขม 10160,,,,,19x1,0.00000000,0,IMPORT,
11x2652,บริษัท โคเวสโตร (ประเทศไทย) จำกัด,CH04,4-4/1 นิคมอุตสาหกรรมมาบตาพุด ถ.ไอ-แปด ต.มาบตาพุด อ.เมือง 21150,,,,,19x51,0.00000000,0,IMPORT,
11x2653,บริษัท กรีน ออยล์ ซัพพลาย เซอร์วิส จำกัด,SV01,129 ซอยเฉลิมพระเกียรติ ร.9 ซอย 30 แยก 2 แขวงหนองบอน เขตประเวศ 10250,,,,,19x1,0.00000000,0,IMPORT,
11x2654,คริสเอ็นเนอร์ยี่ (กัลฟ์ ออฟ ไทยแลนด์) ลิมิเต็ด,UT01,63 อาคารแอทธินี ทาวเวอร์ ยูนิต 701-704 ชั้นที่ 7 ถ.วิทยุ แขวงลุมพินี เขตปทุมวัน 10330,,,,,19x1,0.00000000,0,IMPORT,
11x2655,บริษัท กลุ่มสยามบรรจุภัณฑ์  จำกัด,MN05,321/9 หมู่ 6 ตำบลสุรศักดิ์ อำเภอศรีราชา จังหวัดชลบุรี  20110 20110,,,,,19x1,0.00000000,108,IMPORT,
11x2656,บริษัท ได-แดน (ประเทศไทย) จำกัด,SV01,382 อาคารไนซ์ 1 ชั้น 6 ถนนรัชดาภิเษก แขวงสามเสนนอก เขตห้วยขวาง 10320,,,,,19x1,0.00000000,0,IMPORT,
11x2657,บริษัท ไทย จีซีไอ เรซิท็อป จำกัด,CH43,12 ถนนไอ-สี่ ตำบลมาบตาพุด อำเภอเมืองระยอง 21150,,,,,19x1,0.00000000,62,IMPORT,
11x2658,บริษัท โกลบอล เอ็นจิเนียริ่ง โปรดัก ซัพพลาย จำกัด,SV04,72/1 ซอยมิตรภาพ 19 ถนนมิตรภาพ ตำบลในเมือง อำเภอเมืองนครราชสีมา 30000,,,,,19x1,0.00000000,0,IMPORT,
11x2659,บริษัท ไทยซัมมิท เคเบิ้ล แอนด์ พาร์ท จำกัด,UT99,"150/14, 17- 20 หมู่ 9 ตำบลหนองขาม อำเภอศรีราชา จังหวัดชลบุรี 20110 20110",,,,,19x1,0.00000000,9,IMPORT,
11x2660,บริษัท ฟรียาบาดี (ประเทศไทย) จำกัด,FD01,300/121 หมู่ที่ 1 ตำบลตาสิทธิ์ อำเภอปลวกแดง 21140,,,,,19x1,0.00000000,17,IMPORT,
11x2661,บริษัท วิศวกรรมเคมี จำกัด,SV04,1048/2 ซอยสุขุมวิท 66/1 ถนนสุขุมวิท แขวงบางจาก เขตพระโขนง 10260,,,,,19x1,0.00000000,0,IMPORT,
11x2662,บริษัท พีรพัฒน์ เทคโนโลยี จำกัด (มหาชน),CH07,406 ถนนรัชดาภิเษก แขวงสามเสนนอก เขตห้วยขวาง 10310,,,,,19x74,0.00000000,101,IMPORT,
11x2663,บริษัท ทีอาร์เอฟ ฟีดมิลล์ จำกัด,FD05,99/88 หมู่ที่ 2 ตำบลนาโคก อำเภอเมืองสมุทรสาคร 74000,,,,,19x70,0.00000000,190,IMPORT,
11x2664,บริษัท พรีเมี่ยม อิควิปเม้นท์ แอนด์ เอ็นจิเนียริ่ง จำกัด,,46 หมู่ที่ 14 ถนนเสรีไทย แขวงมีนบุรี เขตมีนบุรี 10510,,,,,19x1,0.00000000,0,IMPORT,
11x2665,บริษัท โยโกกาวา (ประเทศไทย) จำกัด,SV04,799 ถนนพระราม 9 แขวงบางกะปิ เขตห้วยขวาง 10310,,,,,19x1,0.00000000,0,IMPORT,
11x2666,บริษัท โรจนะเพาเวอร์ จำกัด,UT01,1/73 หมู่ 5 สวนอุตสาหกรรมโรจนะ ตำบลคานหาม อำเภออุทัย 13210,,,,,19x1,0.00000000,28,IMPORT,
11x2667,บริษัท วี.พี.เค.อินสตรูเม้นท์ เซลส์ แอนด์ เซอร์วิส จำกัด,SV04,127/45 ถนนสุขุมวิท ตำบลศรีราชา อำเภอศรีราชา จังหวัดชลบุรี 20110,,,,,19x1,0.00000000,0,IMPORT,
11x2668,บริษัท แอดวานซ์ นิวทริชั่นแนล โซลูชั่นส์ จำกัด,SV01,หมู่บ้านธารารมณ์ C2/5 เลขที่ 99/535 ซอยราษฎร์พัฒนา 22 แขวงสะพานสูง เขตสะพานสูง 10240,,,,,19x1,0.00000000,0,IMPORT,
11x2669,บริษัท มากอตโต  จำกัด,MT99,เลขที่ 9 หมู่ 5 ต.หัวปลวก อ.เสาไห้ 18160,,,,,19x27,0.00000000,60,IMPORT,
11x2670,บริษัท ไนซัส (ประเทศไทย) จำกัด,SV04,5/1 ซอยเอกชัย 66/5 แขวงบางบอน เขตบางบอน 10150,,,,,19x1,0.00000000,0,IMPORT,
11x2671,บริษัท พีพีโฟกัส จำกัด,SV04,23/8 หมุ่ 8 ตำบลชากบก อำเภอบ้านค่าย 21120,,,,,19x1,0.00000000,0,IMPORT,
11x2672,บริษัท เซเรบอส  (ประเทศไทย)  จำกัด,FD01,38/6 การนิคมอุตสาหกรรมแหลมฉบัง ม.5 ถนนสุขุมวิท ตำบลทุ่งสุขลา อำเภอศรีราชา จังหวัดชลบุรี 20230 20230,,,,,19x1,0.00000000,0,IMPORT,
11x2673,ห้างหุ้นส่วนจำกัด เอส โอ เอส รับเบอร์ แอนด์ โมลด์,SV04,79 ซอยเรือนทอง แขวงบางซื่อ เขตบางซื่อ 10800,,,,,19x1,0.00000000,0,IMPORT,
11x2674,บริษัท ซิสทาโน่ จำกัด,SV01,161/358 ซอยวิภาวดีรังสิต 76 แขวงสนามบิน เขตดอนเมือง 10210,,,,,19x43,0.00000000,0,IMPORT,
11x2675,บริษัท สยาม พาร์บอยล์ ไรซ์ จำกัด,,71 ถนนเจริญราษฎร์ แขวงบางโคล่ เขตบางคอแหลม 10120,,,,,19x1,0.00000000,0,IMPORT,
11x2676,บริษัท ริโก้ (ประเทศไทย) จำกัด,,341 ถนนอ่อนนุช แขวงประเวศ เขตประเวศ 10250,,,,,19x1,0.00000000,66,IMPORT,
11x2677,บริษัท ไอกะ หาดใหญ่ จำกัด,AG02,417/115 ถนนกาญจนวณิช ตำบลพะตง อำเภอหาดใหญ่ จังหวัดสงขลา 90230 90230,,,,,19x34,0.00000000,40,IMPORT,
11x2678,บริษัท บี นิธิ จำกัด,CH02,99/9 หมู่ที่ 6 ตำบลบางแก้ว อำเภอเมืองสมุทรสงคราม 75000,,,,,19x1,0.00000000,0,IMPORT,
11x2679,บริษัท ไชโย พลังงานทดแทน จำกัด,UT01,53 หมู่ที่ 3 ตำบลจรเข้ร้อง อำเภอไชโย 14140,,,,,19x1,0.00000000,3,IMPORT,
11x2680,บริษัท จาดา เทคนิคคอลซัพพลาย จำกัด,EL01,277 ซอยลาดพร้าว 62 (เพ็งสุข) แขวงวังทองหลาง เขตวังทองหลาง 10310,,,,,19x1,0.00000000,0,IMPORT,
11x2681,บริษัท เอส.ที. เซเว่น ไทย จำกัด,SV01,25/24-25 หมู่ที่ 5 ถนนข้าวหลาม ตำบลบ้านปึก อำเภอเมืองชลบุรี จังหวัดชลบุรี 20130 20130,,,,,19x1,0.00000000,0,IMPORT,
11x2682,บริษัท ทำได้ จำกัด,SV04,59/15 หมู่ 18 ตำบลบึงคำพร้อย อำเภอลำลูกกา 12150,,,,,19x1,0.00000000,0,IMPORT,
11x2683,บริษัท คอสเมด อินโนเวชั่น จำกัด,CH05,1534  ซอยเพชรเกษม 94 แขวงบางแคเหนือ เขตบางแค 10160,,,,,19x1,0.00000000,173,IMPORT,
11x2684,บริษัท อีสเทอร์นอินสตรูเมนท์ซัพพลาย จำกัด,SV04,136/167 หมู่ 3 ตำบลบ้านฉาง อำเภอบ้านฉาง 21130,,,,,19x1,0.00000000,0,IMPORT,
11x2685,บริษัท บุณวุฒิ วิศวกรรม จำกัด,SV04,20/586 ซอยเลียบคลองสอง 27 แขวงสามวาตะวันตก เขตคลองสามวา 10510,,,,,19x1,0.00000000,0,IMPORT,
11x2686,บริษัท ซีนเนอร์จี เอ็นจิเนียริ่ง แอดแวนเทจ (ประเทศไทย) จำกัด,SV04,1/61 หมู่บ้านแฮปปี้แลนด์แกรนด์วิลล์ ซอยลาดพร้าว 101 ถนนลาดพร้าว แขวงคลองจั่น เขตบางกะปิ 10240,,,,,19x1,0.00000000,0,IMPORT,
11x2687,บริษัท วงแหวน ออโต้แก๊ส จำกัด,CH02,55/5 หมู่ 2 ถนนกาญจนาภิเษก ตำบลคลองพระอุดม อำเภอลาดหลุมแก้ว 12140,,,,,19x1,0.00000000,0,IMPORT,
11x2688,บริษัท เซอร์คูลาร์ เจพีพี เอนจิเนียริ่ง โซลูชั่น แอนด์ ซัพพลาย จำกัด,SV04,11/134 หมู่ 3 ตำบลสุรศักดิ์ อำเภอศรีราชา จังหวัดชลบุรี 20110 20110,,,,,19x1,0.00000000,0,IMPORT,
11x2689,บริษัท จี สตีล จำกัด (มหาชน),MT02,88 ปาโซ่ ทาวเวอร์ ชั้น 18 ถนนสีลม แขวงสุริยวงศ์ เขตบางรัก 10500,,,,,19x90,0.00000000,379,IMPORT,
11x2690,บริษัท ช.ไพบูลย์วิศวกรรม จำกัด,FD01,1032/12 ซอยเพชรเกษม 106 แขวงหนองค้างพลู เขตหนองแขม 10160,,,,,19x1,0.00000000,0,IMPORT,
11x2691,บริษัท ฟลูอิด อีควิปเม้นท์ จำกัด,SV01,85/157 ซอยประชาอุทิศ 79 ถนนประชาอุทิศ แขวงทุ่งครุ เขตทุ่งครุ 10140,,,,,19x1,0.00000000,0,IMPORT,
11x2692,บริษัท แอดวานซ์ ไซแอม เทค จำกัด,SV01,349 ซอยอ่อนนุช 39 ถนนอ่อนนุช แขวงสวนหลวง เขตสวนหลวง 10250,,,,,19x34,0.00000000,0,IMPORT,
11x2693,บริษัท บัญชากิจ  จำกัด,CH02,69 ซอยสายไหม 39 (ผ่องสุวรรณ) แขวงสายไหม เขตสายไหม 10220,,,,,19x1,0.00000000,26,IMPORT,
11x2694,บริษัท พี.เค. โพรเกรสซีฟ เซอร์วิส จำกัด,,"52,54 ถนนนวมินทร์ 74 แขวงรามอินทรา เขตคันนายาว 10230",,,,,19x1,0.00000000,0,IMPORT,
11x2695,บริษัท สุราบางยี่ขัน   จำกัด,FD07,14 ซอยยาสูบ 1 ถนนวิภาวดีรังสิต แขวงจอมพล เขตจตุจักร 10900,,,,,19x1,0.00000000,593,IMPORT,
11x2696,บริษัท อีเอส ไฟเบอร์ วิชั่นส์ (ประเทศไทย) จำกัด,SV04,"75/64,65 อาคารโอเชี่ยน ทาวเวอร์ 2 ชั้น 28 ซอยสุขุมวิท 19 (วัฒนา) ถนนอโศก แขวงคลองเตยเหนือ เขตวัฒนา 10110",,,,,19x1,0.00000000,0,IMPORT,
11x2697,บริษัท นภัส ซัพพลาย จำกัด,SV04,9/1 ซอยโสภณ 12 ถนนวัดโสภณ ตำบลมาบตาพุด อำเภอเมืองระยอง 21150,,,,,19x1,0.00000000,0,IMPORT,
11x2698,บริษัท ธิสเซ่นครุปป์ อินดัสเตรียล โซลูชั่น (ประเทศไทย) จำกัด,SV01,1 อาคารเอ็มไพร์ ทาวเวอร์ 3 ชั้นที่ 30 ถนนสาทรใต้ แขวงยานนาวา เขตสาทร 10120,,,,,19x1,0.00000000,0,IMPORT,
11x2699,บริษัท ทีพีเอ็ม ออโต้เทค จำกัด,SV01,748/159 หมู่ 7 ถนนบางนา-ตราด กม.10 ตำบลบางพลีใหญ่ อำเภอบางพลี 10540,,,,,19x1,0.00000000,0,IMPORT,
11x2700,บริษัท เอสซีจี เซรามิกส์  จำกัด (มหาชน),MN03,34 หมู่ 1 หมู่บ้านบัวลอยกลางนา ตำบลบัวลอย อำเภอหนองแค 18140,,,,,19x1,0.00000000,152,IMPORT,
11x2701,ซี.ยู.เค. เอ็นจิเนี่ยริ่ง,SV04,531 หมู่ 3 ตำบลบางพูน อำเภอเมืองปทุมธานี 12000,,,,,19x1,0.00000000,0,IMPORT,
11x2702,บริษัท จอห์น บีน เทคโนโลยี่ส์ (ประเทศไทย) จำกัด,FD01,159/26 อาคารเสริมมิตรทาวเวอร์ ห้องเลขที่ 1602-3 ถนนสุขุมวิท 21 แขวงคลองเตยเหนือ เขตวัฒนา 10110,,,,,19x1,0.00000000,0,IMPORT,
11x2703,บริษัท โนเบิล แอ๊ดว๊านซ์ เอ็นจิเนียริ่ง จำกัด,SV04,40 ซอยลาซาล 85 แขวงบางนา เขตบางนา 10260,,,,,19x1,0.00000000,0,IMPORT,
11x2704,บริษัท ฟีลาแพค จำกัด,OM00,77 ซอยอิสสระชัย แขวงสวนหลวง เขตสวนหลวง 10250,,,,,19x1,0.00000000,0,IMPORT,
11x2705,บริษัท ระยอง เทอร์มินัล จำกัด,SV01,271 ถนนสุขุมวิท ตำบลมาบตาพุด อำเภอเมืองระยอง 21150,,,,,19x1,0.00000000,16,IMPORT,
11x2706,บริษัท เอกศรา ซัพพลายเซอร์วิส จำกัด,SV04,119/4 ซอยเทอดไท 77 แขวงบางหว้า เขตภาษีเจริญ 10160,,,,,19x45,0.00000000,0,IMPORT,
11x2707,บริษัท แพน-เอเชีย เคมีเคิล จำกัด,SV04,1268 ซอยอนามัยงามเจริญ 25 แขวงท่าข้าม เขตบางขุนเทียน 10150,,,,,19x1,0.00000000,0,IMPORT,
11x2708,บริษัท ที พี เค เอทานอล จำกัด,CH04,11 อาคารคิวเฮ้าส์สาธร ชั้น 12 ถนนสาทรใต้ แขวงทุ่งมหาเมฆ เขตสาทร 10120,,,,Active,19x1,0.00000000,0,IMPORT,
11x2709,ห้างหุ้นส่วนจำกัด ยงอุดมการทอ,TT00,เลขที่ 1 ซอยบางขุนเทียน 2 ถนนบางขุนเทียน แขวงบางบอน เขตบางบอน 10150,,,,,19x1,0.00000000,65,IMPORT,
11x2710,บริษัท กรุงไทย ไอบีเจ ลิสซิ่ง จำกัด,,161 อาคารนันทวัน ชั้น 18 ถนนราชดำริ แขวงลุมพินี เขตปทุมวัน 10330,,,,,19x1,0.00000000,0,IMPORT,
11x2711,ห้างหุ้นส่วนจำกัด จันทร์-เจริญ ทองสุข,SV04,59/11 หมู่ 5 ตำบลเตาปูน อำเภอแก่งคอย 18110,,,,,19x1,0.00000000,0,IMPORT,
11x2712,บริษัท เคมเทค เอ็นจิเนียริ่ง แอนด์ ซัพพลายด์ จำกัด,SV04,หมู่บ้านสิริยาโฮม เลขที่ 1/51 ซอยสวนสยาม 20 ถนนสวนสยาม แขวงคันนายาว เขตคันนายาว 10230,,,,,19x1,0.00000000,0,IMPORT,
11x2713,บริษัท ออโตเมชั่น เทคนิคอล เอเซีย จำกัด,SV01,68/52 หมู่ 5 ถนนกิ่งแก้ว ตำบลราชาเทวะ อำเภอบางพลี 10540,,,,,19x1,0.00000000,0,IMPORT,
11x2714,บริษัท สเตพไวส์ เอ็นจิเนียริ่ง จำกัด,SV01,27/17 หมู่ 4 ตำบลบางม่วง อำเภอบางใหญ่ 11140,,,,,19x1,0.00000000,0,IMPORT,
11x2715,บริษัท บูม โกลบอล จำกัด,CH03,296 ชั้น 1 ซอยลาดพร้าว 94 (ปัญจมิตร) ถนนลาดพร้าว แขวงพลับพลา เขตวังทองหลาง 10310,,,,,19x1,0.00000000,0,IMPORT,
11x2716,บริษัท ราชาแดรี่ จำกัด,FD05,699 หมู่ 9 ตำบลพัฒนานิคม อำเภอพัฒนานิคม จังหวัดลพบุรี 15140 15140,,,,,19x1,0.00000000,0,IMPORT,
11x2717,บริษัท ซันโก้เคมิคอลส์ จำกัด,CH03,65 หมู่ 4 นิคมอุตสาหกรรมลาดกระบัง ถนนฉลองกรุง แขวงลำปลาทิว เขตลาดกระบัง 10520,,,,,19x1,0.00000000,66,IMPORT,
11x2718,บริษัท กรีนคอร์ป จำกัด,SV01,35 ซอยรามคำแหง 187 แยก 2 ถนนรามคำแหง แขวงมีนบุรี เขตมีนบุรี 10510,,,,,19x1,0.00000000,0,IMPORT,
11x2719,บริษัท นวกิจกรุ๊ป จำกัด,SV01,100/293 หมู่ 8 ถนนติวานนท์ ตำบลบางพูด อำเภอปากเกร็ด 11120,,,,,19x1,0.00000000,0,IMPORT,
11x2720,บริษัท เอ็กโก โคเจนเนอเรชั่น จำกัด,,เลขที่ 222 อาคารเอ็กโก หมู่ 5 ถนนวิภาวดีรังสิต แขวงทุ่งสองห้อง เขตหลักสี่ 10210,,,,,19x1,0.00000000,23,IMPORT,
11x2721,ห้างหุ้นส่วนจำกัด เนตรธนา ก๊าซ,SV04,57/3 หมู่ 4 ถนนเอกชัย ตำบลโคกขาม อำเภอเมืองสมุทรสาคร 74000,,,,,19x1,0.00000000,0,IMPORT,
11x2722,บริษัท โกลบอล เอ็นไวรอนเมนทอล เทคโนโลยี จำกัด,UT03,649/1 หมู่ 4 ถ.สุขุมวิทสายเก่า ตำบลแพรกษา อำเภอเมืองสมุทรปราการ 10280,,,,,19x74,0.00000000,0,IMPORT,
11x2723,บริษัท เอเชี่ยน แอสฟัลท์ จำกัด,CH15,150 หมู่ 3 ตำบลป่าบง อำเภอสารภี 50140,,,,,19x1,0.00000000,38,IMPORT,
11x2724,บริษัท พีเอสพี เครื่องมืออุตสาหกรรม จำกัด,SV04,111/23 หมู่ 1 ตำบลสุรศักดิ์ อำเภอศรีราชา จังหวัดชลบุรี  20110 20110,,,,,19x1,0.00000000,0,IMPORT,
11x2725,ห้างหุ้นส่วนจำกัด เอ็น ทูลส์,SV04,967/333 ถนนรังสิต-นครนายก ตำบลประชาธิปัตย์ อำเภอธัญบุรี 12130,,,,,19x19,0.00000000,0,IMPORT,
11x2726,บริษัท ภู ซัพพลาย จำกัด,SV04,88/219 หมู่ 8 ตำบลเทพารักษ์ อำเภอเมืองสมุทรปราการ 10270,,,,,19x1,0.00000000,0,IMPORT,
11x2727,บริษัท ไทยเอทานอล พาวเวอร์ จำกัด (มหาชน),CH16,88 หมู่6 ถนนมิตรภาพ ตำบลโนนศิลา อำเภอโนนศิลา 40110,,,,,19x96,0.00000000,130,IMPORT,
11x2728,บริษัท ไลอ้อน (ประเทศไทย) จำกัด,CH06,602 หมู่ที่ 11 ถนนสุขาภิบาล 8 ตำบลหนองขาม อำเภอศรีราชา จังหวัดชลบุรี 20230 20230,,,,,19x45,0.00000000,60,IMPORT,
11x2729,บริษัท โกลบอลกรีนเคมิคอล จำกัด (มหาชน),CH14,555/1  ศุนย์เอนเนอร์ยี่คอมเพล็กซ์ อาคารเอ ชั้น 4 ถนนวิภาวดีรังสิต แขวงจตุจักร เขตจตุจักร 10900,,,,,19x78,0.00000000,28,IMPORT,
11x2730,บริษัท รักษ์ป่าสัก จำกัด,CH14,อาคารศูนย์เอนเนอร์ยี่คอมเพล็กซ์ อาคาร บี ชั้น 7 555/2 ถนนวิภาวดีรังสิต แขวงจตุจักร เขตจตุจักร 10900,,,,,19x1,0.00000000,12,IMPORT,
11x2731,บริษัท บี.กริม เพาเวอร์ (แหลมฉบัง) 1 จำกัด,,5 ถนนกรุงเทพกรีฑา ตำบลหัวหมาก อำเภอบางกะปิ 10240,,,,,19x1,0.00000000,0,IMPORT,
11x2732,บริษัท สยามโฟมแมชชีนเนอรี่ จำกัด,CH41,72 หมู่ 6 ตำบลโคกช้าง อำเภอบางไทร 13190,,,,,19x1,0.00000000,0,IMPORT,
11x2733,ห้างหุ้นส่วนจำกัด มีศรี เอ็นจิเนียริ่ง ซัพพลาย,SV01,8/12 หมู่ 2 ตำบลดาวเรือง อำเภอเมืองสระบุรี 18000,,,,,19x1,0.00000000,0,IMPORT,
11x2734,บริษัท โนวาเท็ค ปั๊ม โซลูชั่น จำกัด,SV04,36/9-10 ถนนแจ้งวัฒนะ แขวงทุ่งสองห้อง เขตหลักสี่ 10210,,,,,19x19,0.00000000,0,IMPORT,
11x2735,บริษัท เศรษฐสัมพันธ์ แมคคานิค จำกัด,SV04,40/5 หมู่ 1 ซอยทรัพย์ไพศาล 8 ถนนเลียบคลองสี่วา ตำบลนาดี อำเภอเมืองสมุทรสาคร 74000,,,,,19x1,0.00000000,17,IMPORT,
11x2736,บริษัท มั่นยืน เซอร์วิส แอนด์ วิศวกรรม จำกัด,SV01,หมู่บ้านซื่อตรง เลขที่ 97/407 หมู่ 1 ตำบลบึงยี่โถ อำเภอธัญบุรี 12130,,,,,19x1,0.00000000,0,IMPORT,
11x2737,บริษัท ยูไนเต็ดฟีดมิลล์ จำกัด,FD05,199/49-51 ถนนวิภาวดีรังสิต แขวงสามเสนใน เขตพญาไท 10400,,,,,19x1,0.00000000,137,IMPORT,
11x2738,บริษัท พีพีทีซี จำกัด,,เลขที่ 888 อาคารไอทาวเวอร์ ชั้น 9 ถนนวิภาวดีรังสิต แขวงจตุจักร เขตจตุจักร 10900,,,,,19x1,0.00000000,0,IMPORT,
11x2739,บริษัท ทีโอเอ เพอฟอร์มมานซ์ โค๊ทติ้ง คอร์ปอเรชั่น จำกัด,CH43,31/1 หมู่ 3 ถ.บางนา-ตราด ต.บางเสาธง อ.บางเสาธง 10540,,,,,19x1,0.00000000,107,IMPORT,
11x2740,บริษัท ไทยเมทัลโพรเซสซิ่ง จำกัด,MT99,70 หมู่ที่ 5 ถนนบางนา-ตราด ตำบลท่าข้าม อำเภอบางปะกง 24130,,,,,19x1,0.00000000,67,IMPORT,
11x2741,บริษัท ไทยรุ่งเรืองพลังงาน จำกัด,CH04,794 อาคารไทยรวมทุน ถ.กรุงเกษม แขวงวัดโสมนัส เขตป้อมปราบศัตรูพ่าย 10100,,,,,19x74,0.00000000,6,IMPORT,
11x2742,บริษัท เมทเทคโน พาเนลลี่ (ไทยแลนด์) จำกัด,CH41,25 หมู่ที่ 9 ซอยวัดมหาวงษ์ ถนนปู่เจ้าสมิงพราย ตำบลสำโรงกลาง อำเภอพระประแดง 10130,,,,,19x1,0.00000000,62,IMPORT,
11x2743,บริษัท นิวโมชั่น ปั๊ม แอนด์ เซอร์วิส จำกัด,SV01,274/58 หมู่ 1 ต.บ่อวิน อ.ศรีราชา จ.ชลบุรี  20230 20230,,,,,19x1,0.00000000,0,IMPORT,
11x2744,บริษัท อธิวัฒน์ เอ็นจิเนียริ่ง จำกัด,CH02,721/27 หมู่ที่ 4 ซอยเทพารักษ์ 14 ถนนเทพารักษ์ ตำบลเทพารักษ์ อำเภอเมืองสมุทรปราการ 10270,,,,,19x1,0.00000000,0,IMPORT,
11x2745,บริษัท ทีพีไอ คอนกรีต จำกัด,MN05,26/56  ถนนจันทน์ตัดใหม่ แขวงทุ่งมหาเมฆ เขตสาทร 10120,,,,,19x78,0.00000000,7,IMPORT,
11x2746,ห้างหุ้นส่วนจำกัด เค บี แพ็คเกอร์ แอนด์ มูฟ,,809 ถนนเลียบคลองสอง แขวงบางชัน เขตคลองสามวา 10510,,,,,19x1,0.00000000,0,IMPORT,
11x2747,บริษัท เอ็นอาร์ซี อินเตอร์เทค จำกัด,SV01,88/28 หมู่ 1 ตำบลเหมือง อำเภอเมืองชลบุรี จังหวัดชลบุรี  20130 20130,,,,,19x1,0.00000000,0,IMPORT,
11x2748,บริษัท ไทยเอเชีย แปซิฟิค บริวเวอรี่ จำกัด,FD06,111 หมู่ที่ 2 ถนนบางบัวทอง-สุพรรณบุรี ตำบลไทรใหญ่ อำเภอไทรน้อย 11150,,,,,19x1,0.00000000,0,IMPORT,
11x2749,บริษัท เอเซีย แปซิฟิค ปิโตรเคมิคอล จำกัด,SV04,165/14-16 เนอวานา แอทเวิร์ค รามอินทรา ถ.รามอินทรา แขวงอนุสาวรีย์ เขตบางเขน 10220,,,,,19x23,0.00000000,13,IMPORT,
11x2750,บริษัท อินฟินิท คอนโทรล จำกัด,SV04,100/8 หมู่ที่ 4 ตำบลบางเสาธง อำเภอบางเสาธง 10540,,,,,19x1,0.00000000,0,IMPORT,
11x2751,บริษัท จี เจ สตีล จำกัด (มหาชน),MT01,358 หมู่ 6 ถ.ทางหลวงสาย 331 ต.บ่อวิน อ.ศรีราชา จ.ชลบุรี  20230 20230,,,,,19x70,0.00000000,445,IMPORT,
11x2752,บริษัท ท๊อป เอ็นเนอร์ยี่ แอนด์ เอ็นจิเนียริ่ง จำกัด,SV04,204 ถนนเสรีไทย แขวงคันนายาว เขตคันนายาว 10230,,,,,19x1,0.00000000,0,IMPORT,
11x2753,บริษัท อินนิออส สไตโรลูชั่น (ประเทศไทย) จำกัด,CH03,4/2 ถนน ไอแปด ต.มาบตาพุด อ.เมืองระยอง 21150,,,,,19x1,0.00000000,113,IMPORT,
11x2754,บริษัท เคมโมโก้ จำกัด,MN03,1/21 อาคารบางนาธานี ชั้น 10 บี 1 ซ.บางนา-ตราด 34 ถ.บางนา-ตราด กม.3 แขวงบางนา เขตบางนา 10260,,,,,19x1,0.00000000,9,IMPORT,
11x2755,บริษัท ร่ำรวย คาร์เซ็นเตอร์ จำกัด,,ศูนย์รวมรถยนต์ศรีเมืองบางบอน 1315/2 ล็อค บี 10-12 ถ.เอกชัย แขวงบางบอน เขตบางบอน 10150,,,,,19x1,0.00000000,0,IMPORT,
11x2756,บริษัท ผลิตโชควิศวกรรม จำกัด,SV01,121/1 หมู่ที่ 11 ตำบลงิ้ว อำเภอปักธงชัย 30150,,,,,19x34,0.00000000,0,IMPORT,
11x2757,ห้างหุ้นส่วนจำกัด ใบบริบาล,CH02,283/12-13 ถนนมิตรภาพ ตำบลในเมือง อำเภอเมืองพิษณุโลก 65000,,,,,19x1,0.00000000,0,IMPORT,
11x2758,บริษัท สีไดโน จำกัด,CH04,247 ซอยมีสุวรรณ 3 ถนนสุขุมวิท 71 แขวงพระโขนงเหนือ เขตวัฒนา 10110,,,,,19x88,0.00000000,60,IMPORT,
11x2759,ธนาคารไทยพาณิชย์ จำกัด (มหาชน),UT00,9 ถนนรัชดาภิเษก แขวงจตุจักร เขตจตุจักร 10900,,,,,19x43,0.00000000,0,IMPORT,
11x2760,บริษัท เจ เจ พี ซัพพลาย จำกัด,SV01,106/79 ถ.จรัญสนิทวงศ์ แขวงบ้านช่างหล่อ เขตบางกอกน้อย 10700,,,,,19x1,0.00000000,0,IMPORT,
11x2761,บริษัท ไทย เคียววะ ไบโอเทคโนโลยีส์ จำกัด,CH08,399  เขตประกอบการอุตสาหกรรมไออาร์พีซี หมู่ที่ 1 ต.เชิงเนิน อ.เมืองระยอง 21000,,,,,19x1,0.00000000,80,IMPORT,
11x2762,ห้างหุ้นส่วนจำกัด คิงดอม เอ็นจิเนียริ่ง,SV04,222/730 หมู่ที่ 1 ตำบลชะแมบ อำเภอวังน้อย 13170,,,,,19x1,0.00000000,0,IMPORT,
11x2763,บริษัท เชซ อินดัสเตรียล จำกัด,SV04,225 หมู่ที่ 7 ถนนเกตุเวย์ซิตี้ ตำบลหัวสำโรง อำเภอแปลงยาว 24190,,,,,19x1,0.00000000,0,IMPORT,
11x2764,ห้างหุ้นส่วนจำกัด ไทย ซี.เค.เทคโนโลยี,SV04,440/107 ซอยวัดไผ่เงิน ถนนจันทน์ แขวงบางโคล่ เขตบางคอแหลม 10120,,,,,19x1,0.00000000,0,IMPORT,
11x2765,บริษัท สยาม โปรเกรส (2014) จำกัด,SV04,88/345 หมู่ที่ 1 ตำบลหนองกะขะ อำเภอพานทอง จังหวัดชลบุรี  20160 20160,,,,,19x1,0.00000000,0,IMPORT,
11x2766,บริษัท เอสวายเอ็น เจแปน เบฟเวอเรจ จำกัด,FD07,119 ซอยลาดพร้าววังหิน 70 ถนนลาดพร้าววังหิน แขวงลาดพร้าว เขตลาดพร้าว 10230,,,,,19x1,0.00000000,0,IMPORT,
11x2767,บริษัท อุตสาหกรรมมิตรมงคล จำกัด,CH06,136 ซอยพระรามที่ 2 ซอย 54 แยก 4 แขวงแสมดำ เขตบางขุนเทียน 10150,,,,,19x74,0.00000000,160,IMPORT,
11x2768,บริษัท ส.กิจชัย เอ็ม ดี เอฟ จำกัด,PP02,99/9 หมู่ที่ 7 ตำบลห้วยยาง อำเภอแกลง 21110,,,,,19x1,0.00000000,0,IMPORT,
11x2769,บริษัท เท็กซ์แมค จำกัด,SV04,64/32 หมู่ 3  ถ.เศรษฐกิจ 1 ตำบลคลองมะเดื่อ อำเภอกระทุ่มแบน 74110,,,,,19x1,0.00000000,0,IMPORT,
11x2770,บริษัท นานมีอุตสาหกรรม จำกัด,CH03,1121 หมู่ที่ 6 ถนนเทพารักษ์ ตำบลเทพารักษ์ อำเภอเมืองสมุทรปราการ 10270,,,,,19x1,0.00000000,724,IMPORT,
11x2771,บริษัท อมตะ บี.กริม เพาเวอร์ (ระยอง) 2 จำกัด,,5 ถนนกรุงเทพกรีฑา แขวงหัวหมาก เขตบางกะปิ 10240,,,,,19x1,0.00000000,41,IMPORT,
11x2772,บริษัท เอ็มเออาร์ซี (ไทยแลนด์) จำกัด,SV01,3 หมู่ที่ 6 ถนนพุทธมณฑลสาย 7 ตำบลหอมเกร็ด อำเภอสามพราน จังหวัดนครปฐม 73110 73110,,,,,19x1,0.00000000,25,IMPORT,
11x2773,การไฟฟ้าส่วนภูมิภาค,UT01,เลขที่ 200 ถนนงามวงศ์วาน แขวงลาดยาว เขตจตุจักร 10900,,,,,19x1,0.00000000,0,IMPORT,
11x2774,บริษัท พีที. นครินทร์ จำกัด,SV04,17-17/1 หมู่ 3 ถนนเทพารักษ์ กม.2 ตำบลเทพารักษ์ อำเภอเมืองสมุทรปราการ 10270,,,,,19x1,0.00000000,0,IMPORT,
11x2775,บริษัท ไอพีจี 2008 จำกัด,SV04,205 ถนน บางขุนเทียน-ชายทะเล แขวงแสมดำ เขตบางขุนเทียน 10150,,,,,19x1,0.00000000,0,IMPORT,
11x2776,บริษัท เจเอเอฟ คอนโทรล เทคนิค จำกัด,SV01,269/18 ถนนราษฎร์พัฒนา แขวงสะพานสูง เขตสะพานสูง 10240,,,,,19x1,0.00000000,0,IMPORT,
11x2777,บริษัท กัลปพฤกษ์ เนเชอรัล แก๊ส ซัพพลาย (2008) จำกัด,,4/1 ถ.กัลปพฤกษ์ แขวงบางแค เขตบางแค 10160,,,,,19x1,0.00000000,0,IMPORT,
11x2778,บริษัท พริ้นท์ มาสเตอร์ จำกัด,CH03,172/1 ซอยเพชรเกษม 63 ถนนเพชรเกษม แขวงหลักสอง เขตบางแค 10160,,,,,19x1,0.00000000,115,IMPORT,
11x2779,บริษัท สุธี แท็งเกอร์ แอนด์ สเปเชียลทรัค จำกัด,OM00,10/1 ซอยราษฎร์บำรุง 1 ถนนราษฎร์บำรุง ตำบลห้วยโป่ง อำเภอเมืองระยอง 21150,,,,,19x1,0.00000000,45,IMPORT,
11x2780,บริษัท อินเด็กซ์ อินเตอร์เนชั่นแนล กรุ๊ป จำกัด,,1/814 หมู่ 17 ซอยอัมพร ตำบลคูคต อำเภอลำลูกกา 12130,,,,,19x1,0.00000000,0,IMPORT,
11x2781,บริษัท ยูนิวานิชน้ำมันปาล์ม จำกัด (มหาชน),SV01,258 หมู่ 2 ถ.อ่าวลึก-แหลมสัก ต.อ่าวลึกใต้ อ.อ่าวลึก 81110,,,,,19x1,0.00000000,98,IMPORT,
11x2782,บริษัท ฮ.พัฒนาเอ็นจิเนีย (กรุ๊ป) จำกัด,SV01,61/46 ถนนจรัญสนิทวงศ์ แขวงวัดท่าพระ เขตบางกอกใหญ่ 10600,,,,,19x1,0.00000000,0,IMPORT,
11x2783,บริษัท ตะวันแดง 1999 จำกัด,FD07,462/61 ถนนพระราม 3 แขวงช่องนนทรี เขตยานนาวา 10120,,,,,19x1,0.00000000,290,IMPORT,
11x2784,บริษัท เอ็นไวรอนเม็นท์พัลพ์ แอนด์ เปเปอร์ จำกัด,PP01,9/9 หมู่ที่ 1 ถนนอรรถวิภัชน์ ตำบลหนองโพ อำเภอตาคลี 60140,,,,,19x1,0.00000000,175,IMPORT,
11x2785,บริษัท แอมรอน อินดัสทรี จำกัด,SV04,96 ซอยพระรามที่ 2 ซอย 54 แขวงแสมดำ เขตบางขุนเทียน 10150,,,,,19x1,0.00000000,0,IMPORT,
11x2786,บริษัท ซี บี อินเตอร์โปรดักส์ จำกัด,SV04,30 ซอยเจริญพัฒนา 9 ถนนรามอินทรา แขวงบางชัน เขตคลองสามวา 10510,,,,,19x1,0.00000000,0,IMPORT,
11x2787,บริษัท เบทาโกร จำกัด (มหาชน),FD05,100/1 หมู่ 4 ถนนซุปเปอร์ไฮเวย์ เชียงใหม่- ลำปาง ตำบลบ้านกลาง อำเภอเมือง จังหวัดลำพูน 51000 51000,,,,,19x1,0.00000000,45,IMPORT,
11x2788,บริษัท นิชิยามะ คอร์ปอเรชั่น (ประเทศไทย) จำกัด,SV04,อาคารเอ็มไพร์ ทาวเวอร์ ห้องเลขที่ 1704 ชั้น 17 เลขที่ 1 ถนนสาทรใต้ แขวงยานนาวา เขตสาทร 10120,,,,,19x1,0.00000000,0,IMPORT,
11x2789,บริษัท คิวเอ็ม แอดดิทีฟ จำกัด,CH03,9/13-17 ถนนย่านพหลโยธิน แขวงจตุจักร เขตจตุจักร 10900,,,,,19x1,0.00000000,14,IMPORT,
11x2790,บริษัท ไดนามิค โฟลว์ไลน์ จำกัด,SV01,อาคารเลครัชดาออฟฟิสคอมเพล็กซ์ ห้องเลขที่ 193/109 ชั้น 26 ถนนรัชดาภิเษก แขวงคลองเตย เขตคลองเตย 10110,,,,,19x1,0.00000000,0,IMPORT,
11x2791,บริษัท คิวเซอร์รอน (ประเทศไทย) จำกัด,SV04,147 หมู่ที่ 6 ตำบลดอนหัวฬ่อ อำเภอเมืองชลบุรี จังหวัดชลบุรี  20000 20000,,,,,19x1,0.00000000,0,IMPORT,
11x2792,บริษัท จี อินนอฟ จำกัด,SV01,107 หมู่ 2 ต.อ้อมน้อย อ.กระทุ่มแบน 74130,,,,,19x27,0.00000000,0,IMPORT,
11x2793,บริษัท ดีโกล อุตสาหกรรม จำกัด,SV04,379/61 หมู่ที่ 3 ตำบลหนองขาม อำเภอศรีราชา จังหวัดชลบุรี  20230 20230,,,,,19x1,0.00000000,0,IMPORT,
11x2794,บริษัท ชาร์เตอร์ เมต (ประเทศไทย) จำกัด,SV01,31/419 ซอยกาญจนาภิเษก 5/1 แขวงหลักสอง เขตบางแค 10160,,,,,19x1,0.00000000,0,IMPORT,
11x2795,บริษัท เบอร์ล่า คาร์บอน (ไทยแลนด์) จำกัด (มหาชน),CH01,44 หมู่ 1 ถ.อยุธยา-อ่างทอง ต.โพสะ อ.เมืองอ่างทอง 14000,,,,,19x77,0.00000000,319,IMPORT,
11x2796,บริษัท เพ็ท โฟกัส จำกัด,FD05,299 หมู่ที่ 1 ตำบลช่องสาริกา อำเภอพัฒนานิคม จังหวัดลพบุรี  15220 15220,,,,,19x27,0.00000000,202,IMPORT,
11x2797,บริษัท ยูเนี่ยน คอมปาวด์ จำกัด,TT01,41/1 หมู่ที่ 5 ซอยเทศบาล 10 ถนนเพชรเกษม ตำบลไร่ขิง อำเภอสามพราน จังหวัดนครปฐม 73210 73210,,,,,19x92,0.00000000,0,IMPORT,
11x2798,บริษัท พรเทพ ไลท์ เอนจิเนียริ่ง จำกัด,SV04,399/405 หมู่บ้านราชพฤกษ์ ลาดกระบัง-สุวรรณภูมิ ถ.ฉลองกรุง ซอย 61 แขวงลำปลาทิว เขตลาดกระบัง 10520,,,,,19x1,0.00000000,0,IMPORT,
11x2799,บริษัท หลุยส์ผลิตภัณฑ์กาวเทป จำกัด,CH03,1070 ซ.สวนพลู ถ.สาทรใต้ แขวงทุ่งมหาเมฆ เขตสาทร 10120,,,,,19x34,0.00000000,96,IMPORT,
11x2800,บริษัท วรรธนสิทธิ์ คอนสตรัคชั่น จำกัด,SV04,168/6 ถ.ประเสริฐมนูกิจ แขวงคลองกุ่ม เขตบึงกุ่ม 10230,,,,,19x1,0.00000000,0,IMPORT,
11x2801,บริษัท ไพรม์ พาริซัน จำกัด,SV04,98/53 ซ.ลาดกระบัง 20/1 ถ.ลาดกระบัง แขวงลาดกระบัง เขตลาดกระบัง 10520,,,,,19x23,0.00000000,0,IMPORT,
11x2802,บริษัท เวิลด์ ไวด์ โซลูชั่นส์ 2014 จำกัด,,หมู่บ้าน ไซมิส บลอสซั่ม แอท แฟชั่น เลขที่ 111/6 ถนนรัชดา-รามอินทรา แขวงคันนายาว เขตคันนายาว 10230,,,,,19x1,0.00000000,0,IMPORT,
11x2803,ห้างหุ้นส่วนจำกัด วี.โอ.พี.ซัพพลาย,SV04,454 ซอย จรัญสนิทวงศ์ 65 ถนนจรัญสนิทวงศ์ แขวงบางบำหรุ เขตบางพลัด 10700,,,,,19x1,0.00000000,0,IMPORT,
11x2804,บริษัท กลอเรียส เอ็นจิเนียริ่ง จำกัด,SV02,74/11 ซ.รามคำแหง 180 ถ.รามคำแหง แขวงมีนบุรี เขตมีนบุรี 10510,,,,,19x1,0.00000000,0,IMPORT,
11x2805,บริษัท บีเค เอ็นจิเนียริ่ง แอนด์ เซอร์วิส จำกัด,SV04,1413 ซอยลาดพร้าว (ปัญจมิตร) ถนนศรีวรา (ลาดพร้าว 94) แขวงพลับพลา เขตวังทองหลาง 10310,,,,,19x19,0.00000000,0,IMPORT,
11x2806,บริษัท นันยางการทออุตสาหกรรม จำกัด,TT01,19 หมู่ 5 ถนนเศรษฐกิจ 1 ต.ท่าไม้ อ.กระทุ่มแบน 74110,,,,,19x1,0.00000000,409,IMPORT,
11x2807,ห้างหุ้นส่วนจำกัด แพร่มีรัตน,,70/2  หมู่ที่ 11  ต.เหมืองหม้อ อ.เมืองแพร่ 54000,,,,,19x1,0.00000000,0,IMPORT,
11x2808,บริษัท ที ดับบลิว อินเตอร์เทรด จำกัด,SV04,414/21 ซอยเจริญราษฎร์ 7 แยก 7 แขวงบางโคล่ เขตบางคอแหลม 10120,,,,,19x1,0.00000000,0,IMPORT,
11x2809,บริษัท จีเอสอี ไลนิ่ง เทคโนโลยี จำกัด,SV04,111/5 หมู่ที่ 2 ตำบลนิคมพัฒนา อำเภอนิคมพัฒนา 21180,,,,,19x1,0.00000000,0,IMPORT,
11x2810,บริษัท แสงโสม  จำกัด,FD07,37/3 หมู่ 7 ต.วังขนาย อ.ท่าม่วง 71110,,,,,19x1,0.00000000,146,IMPORT,
11x2811,ห้างหุ้นส่วนจำกัด ที ที เอ็ม วิศวกรรม,SV01,29 หมุ่ 2 ตำบลไผ่ขวาง อำเภอบ้านหมอ 18130,,,,,19x1,0.00000000,0,IMPORT,
11x2812,บริษัท ซี เค เค ออโตเมชั่น จำกัด,SV04,406/91 ถนนเลียบคลองสอง แขวงบางชัน เขตคลองสามวา 10510,,,,,19x1,0.00000000,0,IMPORT,
11x2813,บริษัท โปร ทรี เอส จำกัด,SV01,17 ซอยบรมราชชนนี 63 ถนนบรมราชชนนี แขวงฉิมพลี เขตตลิ่งชัน 10170,,,,,19x1,0.00000000,0,IMPORT,
11x2814,บริษัท เจ.ไอ.ที.อีควิปเม้นท์ จำกัด,SV07,60/1 ซอยสุขาภิบาล 5 ซอย 32 แยก 4 (จัดสรร 2) ถนนสุขาภิบาล 5 แขวงออเงิน เขตสายไหม 10220,,,,,19x77,0.00000000,0,IMPORT,
11x2815,บริษัท มิตรผล (2534) จำกัด,SV04,2/3  อาคารบางนาทาวเวอร์ อาคาร เอ ชั้น 4 หมู่ 14 ถ.บางนา-ตราด  ต.บางแก้ว อ.บางพลี 10540,,,,,19x1,0.00000000,0,IMPORT,
11x2816,บริษัท พัฒน์กล แมนนูแฟคเจอริ่ง จำกัด,SV04,129 หมู่ 3 ถ.เพชรเกษม กม.129 ต.ห้วยโรง อ.เขาย้อย 76140,,,,,19x1,0.00000000,220,IMPORT,
11x2817,บริษัท เอปซิคอนส์ จำกัด,SV02,608/223 ถ.ลาดปลาเค้า แขวงจรเข้บัว เขตลาดพร้าว 10230,,,,,19x1,0.00000000,0,IMPORT,
11x2818,บริษัท แพรนด้า จิวเวลรี่ จำกัด (มหาชน),MN02,28  ซอยบางนา-ตราด 28 แขวงบางนาใต้ เขตบางนา 10260,,,,,19x1,0.00000000,1406,IMPORT,
11x2819,บริษัท ไทยพลาสติก และ เคมีภัณฑ์ จำกัด (มหาชน),CH42,19 หมู่ที่ 9 ถนนเทศบาลสำโรงใต้ 21 ตำบลบางหญ้าแพรก อำเภอพระประแดง 10130,,,,,19x1,0.00000000,0,IMPORT,
11x2820,บริษัท  พีเออี (ประเทศไทย) จำกัด (มหาชน),SV01,69  ซอยอ่อนนุช 64 (สุขสมาน) ถนนศรีนครินทร์ แขวงสวนหลวง เขตสวนหลวง 10250,,,,,19x1,0.00000000,0,IMPORT,
11x2821,บริษัท ซี.ทู.ซี. โซลูชั่นส์ จำกัด,SV04,75/34 อาคารโอเชี่ยนทาวเวอร์ 2 ชั้น 20 ซอยสุขุมวิท 19 (วัฒนา) ถ.สุขุมวิท แขวงคลองเตยเหนือ เขตวัฒนา 10110,,,,,19x1,0.00000000,10,IMPORT,
11x2822,บริษัท โซลเทคโซลูชั่นส์ จำกัด,SV04,135/27 อาคารอมรพันธุ์ 205 ทาวเวอร์ 2 ชั้น 11 ซอยนาทอง ถ.รัชดาภิเษก แขวงดินแดง เขตดินแดง 10400,,,,,19x1,0.00000000,8,IMPORT,
11x2823,บริษัท วาย เจ เซอร์วิส แอนด์ ซัพพลาย จำกัด,SV01,11/1 หมู่ที่ 4 ตำบลพระแก้ว อำเภอภาชี 13140,,,,,19x1,0.00000000,0,IMPORT,
11x2824,บริษัท ไทยโพลีเอสเตอร์ จำกัด,TT00,470 ถนนบางขุนเทียนชายทะเล แขวงแสมดำ เขตบางขุนเทียน 10150,,,,,19x92,0.00000000,306,IMPORT,
11x2825,บริษัท แสนทวี อินเตอร์กรุ๊ป จำกัด,TT00,"339,339/9 หมู่ที่ 9 ซอยสุขสวัสดิ์ 74 ถนนสุขสวัสดิ์ ตำบลบางจาก อำเภอพระประแดง 10130",,,,,19x1,0.00000000,175,IMPORT,
11x2826,บริษัท วายเคเค (ประเทศไทย) จำกัด,UT99,2884/1 อาคารมนูญผล 2 ชั้น 9 ถ.เพชรบุรีตัดใหม่ แขวงบางกะปิ เขตห้วยขวาง 10310,,,,,19x1,0.00000000,0,IMPORT,
11x2827,บริษัท ไมดาส แพคเกอร์ จำกัด,SV04,เลขที่ 4/403 หมู่ที่ 7 ถนน ลำลูกกา ตำบล/แขวง ตำบล/แขวง ลาดสวาย อำเภอ/เขต ลำลูกกา 12150,,,,,19x1,0.00000000,0,IMPORT,
11x2828,บริษัท คิเนทิค จำกัด,,291/7 ตลาดรถมอเตอร์เวิลด์ ถนนประดิษฐ์มนูธรรม แขวงวังทองหลาง เขตวังทองหลาง 10310,,,,,19x1,0.00000000,0,IMPORT,
11x2829,บริษัท เฮอร์บีเกอร์ (ประเทศไทย) จำกัด,,304 ถ.สิรินธร แขวงบางพลัด เขตบางพลัด 10700,,,,,19x1,0.00000000,22,IMPORT,
11x2830,บริษัท ซี.แอล.โอ.ทู จำกัด,AG02,1 หมู่ที่ 2 ตำบลท่าตูม อำเภอศรีมหาโพธิ 25140,,,,,19x1,0.00000000,0,IMPORT,
11x2831,บริษัท กู๊ดเอิร์ท เมอชันไดซซิ่ง จำกัด,SV04,128/141 อาคารพญาไทพลาซ่า ชั้น 13 ถนนพญาไท แขวงทุ่งพญาไท เขตราชเทวี 10400,,,,,19x70,0.00000000,0,IMPORT,
11x2832,บริษัท เนพ เอ็นจิเนียริ่ง จำกัด,SV04,196/46 หมู่ที่ 2 ตำบลนิคมพัฒนา อำเภอนิคมพัฒนา 21180,,,,,19x1,0.00000000,0,IMPORT,
11x2833,บริษัท เอ. เอ็ม. เอ็นจิเนียริ่ง แอนด์ ซัพพลายส์ จำกัด,SV02,313 ซอยศรีนครินทร์ 36 ถนนศรีนครินทร์ แขวงสวนหลวง เขตสวนหลวง 10250,,,,,19x1,0.00000000,0,IMPORT,
11x2834,บริษัท ไทยเบฟเวอเรจ เอ็นเนอร์ยี่  จำกัด,FD07,82 หมู่ 3 ต.บางคูวัด อ.เมืองปทุมธานี 12000,,,,,19x1,0.00000000,106,IMPORT,
11x2835,บริษัท ออนเนอร์ จำกัด,SV01,555/5 ตรอกวัดพระยายัง ถ.พระราม 6 แขวงถนนเพชรบุรี เขตราชเทวี 10400,,,,,19x1,0.00000000,0,IMPORT,
11x2836,บริษัท ไทรอัมพ์ เอวิเอชั่น เซอร์วิสเซส เอเชีย จำกัด,SV01,700/160 นิคมอุตสาหกรรมอมตะนคร หมู่ 1 ต.บ้านเก่า อ.พานทอง จ.ชลบุรี 20160 20160,,,,,19x1,0.00000000,0,IMPORT,
11x2837,บริษัท ดาวทอง ปิโตรเลี่ยม จำกัด,,88/9 หมู่ 1 ตำบลพยอม อำเภอวังน้อย 13170,,,,,19x1,0.00000000,0,IMPORT,
11x2838,บริษัท ศุภวิศว์ ซัพพลาย แอนด์ เอ็นจิเนียริ่ง จำกัด,FD01,19/33-34 หมู่ 3 ตำบลคลองสวนพลู อำเภอพระนครศรีอยุธยา 13000,,,,,19x1,0.00000000,0,IMPORT,
11x2839,ห้างหุ้นส่วนจำกัด เอส.อี.เอ็ม (ไทยแลนด์),SV04,105 หมู่ 8 ต.ม่อนปิ่น อ.ฝาง 50110,,,,,19x1,0.00000000,0,IMPORT,
11x2840,บริษัท ไทย โรตารี่ เอ็นจิเนียริ่ง จำกัด (มหาชน),SV01,168 หมู่ 5 ต.สำนักท้อน อ.บ้านฉาง 21130,,,,,19x1,0.00000000,121,IMPORT,
11x2841,ห้างหุ้นส่วนจำกัด ทีอาร์พี เอ็นจิเนียริ่ง แอนด์ ซัพพลาย,,555/79 หมู่ 1 ถ.สาย 345 ต.บางคูวัด อ.เมืองปทุมธานี 12000,,,,,19x1,0.00000000,0,IMPORT,
11x2842,บริษัท เอส ซี คอร์ปอเรชั่น จำกัด,SV04,118 หมู่ที่ 16 ตำบลบางปะกง อำเภอบางปะกง 24130,,,,,19x1,0.00000000,0,IMPORT,
11x2843,บริษัท อมตะ บี.กริม เพาเวอร์ (ระยอง)  5 จำกัด,,5 ถนนกรุงเทพกรีฑา แขวงหัวหมาก เขตบางกะปิ 10240,,,,,19x1,0.00000000,0,IMPORT,
11x2844,บริษัท เจลลี เบลลี แคนดี้ คอมปานี (ประเทศไทย) จำกัด,FD04,64/206 หมู่ 4 ตำบลปลวกแดง อำเภอปลวกแดง 21140,,,,,19x1,0.00000000,61,IMPORT,
11x2845,บริษัท เอเซียมอเตอร์ เซอร์วิส เซ็นเตอร์ จำกัด,SV04,98/4 หมู่ 6 ตำบลสวนพริกไทย อำเภอเมืองปทุมธานี 12000,,,,,19x1,0.00000000,162,IMPORT,
11x2846,บริษัท นิชชิน อีเลคทริค (ประเทศไทย) จำกัด,EL01,60/64 หมู่ 19 ถนนพหลโยธิน ตำบลคลองหนึ่ง อำเภอคลองหลวง 12120,,,,,19x1,0.00000000,241,IMPORT,
11x2847,บริษัท เอสเอสยูที จำกัด,,888 อาคารไอทาวเวอร์ ชั้น 9 ถนนวิภาวดีรังสิต แขวงจตุจักร เขตจตุจักร 10900,,,,,19x1,0.00000000,0,IMPORT,
11x2848,บริษัท พีอีจี อินเตอร์เทค จำกัด,SV01,37/9 หมู่ 5 ต.มาบข่า อ.นิคมพัฒนา 21180,,,,,19x1,0.00000000,0,IMPORT,
11x2849,บริษัท ลิควิด เพียวริฟิเกชั่น เอ็นจิเนียริ่ง อินเตอร์เนชั่นแนล จำกัด,SV04,68/102 หมู่ที่ 6 ถนนตลิ่งชัน-บางบัวทอง ตำบลเสาธงหิน อำเภอบางใหญ่ 11140,,,,,19x1,0.00000000,10,IMPORT,
11x2850,บริษัท ประกันคุ้มภัย จำกัด (มหาชน),,"อาคารอรกานต์ ชั้นที่ 1,2,4,6 เลขที่ 26/5-6 ถนนชิดลม แขวงลุมพินี เขตปทุมวัน 10330",,,,,19x1,0.00000000,0,IMPORT,
11x2851,บริษัท ไอ ออน เอ็คซเช้นจ์ พีเอสเอส จำกัด,SV01,135/9 ชั้น 7 อาคารอมรพันธุ์ 205 ทาวเวอร์ 2 ซ.นาทอง ถ.รัชดาภิเษก แขวงดินแดง เขตดินแดง 10400,,,,,19x1,0.00000000,0,IMPORT,
11x2852,ห้างหุ้นส่วนจำกัด สยามเซ็นเตอร์ แมชชีน พาร์ท,SV04,143/512 หมู่ 10 ถนนเทพารักษ์ ต.บางปลา อ.บางพลี 10540,,,,,19x1,0.00000000,0,IMPORT,
11x2853,ห้างหุ้นส่วนจำกัดแสงไทยวัฒนา,EL01,51 ซอยสมเด็จพระเจ้าตากสิน 44 ถนนสมเด็จพระเจ้าตากสิน แขวงดาวคะนอง เขตธนบุรี 10600,,,,,19x1,0.00000000,0,IMPORT,
11x2854,บริษัท ไพรัตน์อุตสาหกรรม จำกัด,FD01,เลขที่ น413/13-14 ถนนฝั่งสถานีรถไฟปากน้ำโพ ตำบลปากน้ำโพ อำเภอเมืองนครสวรรค์ 60000,,,,,19x1,0.00000000,28,IMPORT,
11x2855,บริษัท ทรัพย์ทวีกิจ รุ่งเรือง เทรดดิ้ง จำกัด,SV04,52/88 ซอยประชาอุทิศ 72 แขวงทุ่งครุ เขตทุ่งครุ 10140,,,,,19x1,0.00000000,0,IMPORT,
11x2856,ห้างหุ้นส่วนจำกัด เยอ เอ็นจิเนียริ่ง,SV01,61/330 หมู่ 6 ต.บึงคำพร้อย อ.ลำลูกกา 12150,,,,,19x27,0.00000000,0,IMPORT,
11x2857,บริษัท เซนวิโก จำกัด,SV04,200/3 อาคารลุมพินีเพลส ถนนนราธิวาสราชนครินทร์ แขวงช่องนนทรี เขตยานนาวา 10120,,,,,19x1,0.00000000,0,IMPORT,
11x2858,บริษัท เคเอสพี อินโนเวชั่น เทคโนโลยี จำกัด,SV02,176 หมู่ 1 ต.แคราย อ.กระทุ่มแบน 74110,,,,,19x1,0.00000000,0,IMPORT,
11x2859,นิติบุคคลอาคารชุดมิลเลนเนียม เรสซิเดนท์,UT99,118 ถนนสุขุมวิท ซอยสุขุมวิท 20 แขวงคลองเตย เขตคลองเตย 10110,,,,,19x1,0.00000000,0,IMPORT,
11x2860,บริษัท อาร์ต อุตสาหกรรม จำกัด,CH42,"52, 56  ซอยเสรีไทย 87 แขวงมีนบุรี เขตมีนบุรี 10510",,,,,19x1,0.00000000,70,IMPORT,
11x2861,บริษัท อิโนแอ็ค (ประเทศไทย) จำกัด,CH41,366 หมู่ 4 ต.ปลวกแดง อ.ปลวกแดง 21140,,,,,19x1,0.00000000,21,IMPORT,
11x2862,บริษัท เอส เอส พี อาร์ (ประเทศไทย) จำกัด,SV01,89/28 หมู่ 8 ถ.บางรักใหญ่-บ้านใหม่ ต.เสาธงหิน อ.บางใหญ่ 11140,,,,,19x1,0.00000000,0,IMPORT,
11x2863,บริษัท  กลุ่มสยามบรรจุภัณฑ์  จำกัด,MN05,101/66 หมู่ 20 ถ.พหลโยธิน ต.คลองหนึ่ง อ.คลองหลวง 12120,,,,,19x1,0.00000000,108,IMPORT,
11x2864,บริษัท แอนท์ เอ็นจิเนียริ่ง แอนด์ ซัพพลาย จำกัด,SV01,197 หมู่ที่ 10 ตำบลต้นธง อำเภอเมืองลำพูน จังหวัดลำพูน  51000 51000,,,,,19x1,0.00000000,0,IMPORT,
11x2865,บริษัท พรรณธร เอ็นจิเนียริง แอนด์ ซัพพลาย จำกัด,SV04,868 ถนนมหาจักรพรรดิ์ ตำบลหน้าเมือง อำเภอเมืองฉะเชิงเทรา 24000,,,,,19x1,0.00000000,0,IMPORT,
11x2866,บริษัท ไดนามิค เคมิคอล ซิสเต็ม จำกัด,CH04,22/9 หมู่ที่ 7 ซอยสุขสวัสดิ์ 78 ซอย 14 ถนนสุขสวัสดิ์ ตำบลบางจาก อำเภอพระประแดง 10130,,,,,19x1,0.00000000,0,IMPORT,
11x2867,บริษัท เอส พี เอช เอ็นจิเนียริ่ง จำกัด,CH41,112 หมู่ที่ 5 ตำบลหนองแสง อำเภอประจันตคาม 25130,,,,,19x1,0.00000000,0,IMPORT,
11x2868,บริษัท วินวินบิซ เอเจนซี่ จำกัด,CH14,603 ซอยอ่อนนุช 70/1 แยก 2 แขวงประเวศ เขตประเวศ 10520,,,,,19x1,0.00000000,0,IMPORT,
11x2869,บริษัท เอเชียนาออฟชอร์ จำกัด,SV04,36/158 ถนนมอเตอร์เวย์ แขวงคลองสองต้นนุ่น เขตลาดกระบัง 10520,,,,,19x45,0.00000000,0,IMPORT,
11x2870,บริษัท ไฮล์ เทรลเลอร์ เอเซีย จำกัด,TP00,168 หมู่ที่ 16 ถนนอุดมสรยุทธ ตำบลบางกระสั้น อำเภอบางปะอิน 13160,,,,,19x45,0.00000000,77,IMPORT,
11x2871,ห้างหุ้นส่วนจำกัด ชลบุรี เมทัล,SV01,99/13 หมู่ 6 ตำบลห้วยขมิ้น อำเภอหนองแค 18230,,,,,19x1,0.00000000,0,IMPORT,
11x2872,บริษัท ยูนิเวอร์แซล โปรเซส เคมิคอล แอนด์ อีควิปเม้นต์ เซอร์วิส จำกัด,UT01,377/146 หมู่ 2 ตำบลสุรศักดิ์ อำเภอศรีราชา 20110,,,,,19x1,0.00000000,0,IMPORT,
11x2873,ห้างหุ้นส่วนจำกัด วีอาร์ ปิโตรเลียม วังน้อย,,5/5 หมู่ 7 ตำบลสนับทึบ อำเภอวังน้อย 13170,,,,,19x1,0.00000000,0,IMPORT,
11x2874,บริษัท บี-เซอร์วีซีโอ เอ็นจิเนียริ่ง จำกัด,SV01,45/2 หมู่ที่ 8 ตำบลบางกร่าง อำเภอเมืองนนทบุรี 11000,,,,,19x1,0.00000000,0,IMPORT,
11x2875,บริษัท โตโยต้ากรุงเทพยนต์ ผู้จำหน่ายโตโยต้า จำกัด,,801 ถนนพระรามที่ 9 แขวงบางกะปิ เขตห้วยขวาง 10310,,,,,19x1,0.00000000,20,IMPORT,
11x2876,บริษัท บิ๊กเบน เพนท์ จำกัด,CH03,38 หมู่ที่ 7 ถนนสวนหลวงร่วมใจ ตำบลสวนหลวง อำเภอกระทุ่มแบน 74110,,,,,19x1,0.00000000,0,IMPORT,
11x2877,บริษัท ไมย์เออร์ อินดัสตรีส์ จำกัด,MT99,38/9 หมู่ 5 นิคมอุตสาหกรรมแหลมฉบัง ตำบลทุ่งสุขลา อำเภอศรีราชา 20230,,,,,19x1,0.00000000,1959,IMPORT,
11x2878,บริษัท ไฮมิก จำกัด,CH42,52/3  หมู่ 2 ตำบลบางแก้ว อำเภอบางพลี 10540,,,,,19x1,0.00000000,50,IMPORT,
11x2879,บริษัท ธนบุรีประกอบรถยนต์  จำกัด,UT99,2/360 หมู่ 1 ตำบลบางเมืองใหม่ อำเภอเมืองสมุทรปราการ 10270,,,,,19x1,0.00000000,557,IMPORT,
11x2880,บริษัท เศรษฐธนานันท์ จำกัด,SV04,92 ซอยแสงแจ่ม ถนนริมคลองบางกะปิ แขวงบางกะปิ เขตห้วยขวาง 10310,,,,,19x43,0.00000000,0,IMPORT,
11x2881,บริษัท อินเตอร์ อิสเทิร์น คอนเทนเนอร์ จำกัด,PP01,69 หมู่ 4 ถ.บ้านสร้าง-คลองสารภี ต.บางพลวง อ.บ้านสร้าง 25150,,,,,19x1,0.00000000,23,IMPORT,
11x2882,บริษัท ทีโอซี ไกลคอล จำกัด,SV01,555/1 ศูนย์เอนเนอร์ยี่คอมเพล็กซ์ อาคารเอ ชั้น 15 ถ.วิภาวดีรังสิต แขวงจตุจักร เขตจตุจักร 10900,,,,,19x1,0.00000000,0,IMPORT,
11x2883,บริษัท โปรเซส เอ็นจิเนียริ่ง เซอร์วิส จำกัด,UT99,1895/123 ถนนพหลโยธิน แขวงลาดยาว เขตจตุจักร 10900,,,,,19x1,0.00000000,0,IMPORT,
11x2884,ห้างหุ้นส่วนจำกัด ทรัพย์พลัสวัน แอลพีจี,SV04,111 หมู่ที่ 4 ตำบลศรีธาตุ อำเภอศรีธาตุ 41230,,,,,19x1,0.00000000,0,IMPORT,
11x2885,บริษัท ดับบลิวเอส เจริญสุข เอ็นเตอร์ไพร์ส จำกัด,SV04,346/116 หมู่ที่ 3  ตำบลสุรศักดิ์ อำเภอศรีราชา 20110,,,,,19x1,0.00000000,0,IMPORT,
11x2886,โอเฟียร์ ไทยแลนด์ (บัวหลวง) ลิมิเต็ด,CH14,1 อาคารคิวเฮ้าส์ ลุมพินี ชั้น 28 ห้อง2802 แขวงทุ่งมหาเมฆ เขตสาทร 10120,,,,,19x1,0.00000000,0,IMPORT,
11x2887,บริษัท เอสอาร์ เอ็นเนอร์จี้ แอนด์ เอ็นจิเนียริ่ง จำกัด,SV01,52/4 หมู่ที่ 9 ตำบลตะพง อำเภอเมืองระยอง 21000,,,,,19x1,0.00000000,0,IMPORT,
11x2888,บริษัท ลีดเดอร์ พรีซิชั่น กรุ๊ป (ประเทศไทย) จำกัด,SV04,80/17 ถ.กรุงเทพกรีฑา แขวงสะพานสูง เขตสะพานสูง 10250,,,,,19x1,0.00000000,0,IMPORT,
11x2889,บริษัท ฐิโอกะ เอ็นเตอร์ไพร์ส จำกัด,SV04,281/93 ถนนวิภาวดีรังสิต แขวงสนามบิน เขตดอนเมือง 10210,,,,,19x1,0.00000000,0,IMPORT,
11x2890,บริษัท ไทยอ๊อฟเซท จำกัด,CH03,85/3 หมู่ที่ 1 ตำบลหอมศีล อำเภอบางปะกง 24130,,,,,19x70,0.00000000,250,IMPORT,
11x2891,บริษัท ทีไอบี ออลล์ จำกัด,SV04,75/2-3 ซอยโชคชัย 4 ซอย 54 ถนนโชคชัย 4 แขวงลาดพร้าว เขตลาดพร้าว 10230,,,,,19x1,0.00000000,0,IMPORT,
11x2892,บริษัท กัลฟ์ เจพี เอ็นแอลแอล จำกัด,,87 อาคารเอ็มไทยทาวเวอร์ ออลซีซั่นส์เพลส ชั้น 8 ถนนวิทยุ แขวงลุมพินี เขตปทุมวัน 10330,,,,,19x1,0.00000000,0,IMPORT,
11x2893,บริษัท เมกะ อินเตอร์เนชั่นแนล จำกัด,SV04,501/49-50 หมู่ 3 ตำบลแพรกษา อำเภอเมืองสมุทรปราการ 10280,,,,,19x1,0.00000000,0,IMPORT,
11x2894,บริษัท ชิโยดะ โคฮาน (ประเทศไทย) จำกัด,SV04,อาคาร ทศพลแลนด์ 2 ชั้นที่ 14 เลขที่ 230 ถนนรัชดาภิเษก แขวงห้วยขวาง เขตห้วยขวาง 10320,,,,,19x1,0.00000000,0,IMPORT,
11x2895,บริษัท น้ำตาลเอกผล จำกัด,FD04,24 อาคารเอกผล ถ.วิภาวดีรังสิต แขวงดินแดง เขตดินแดง 10400,,,,,19x44,0.00000000,0,IMPORT,
11x2896,บริษัท เวิร์คเคม จำกัด,CH03,511 หมู่ที่ 1 ตำบลหนองไผ่แก้ว อำเภอบ้านบึง 20220,,,,,19x1,0.00000000,5,IMPORT,
11x2897,บริษัท ดี วัน อินเตอร์ พาร์ท เทคโนโลยีส์ จำกัด,SV04,188/47 หมู่ที่ 8 ถนนเทพารักษ์ ตำบลเทพารักษ์ อำเภอเมืองสมุทรปราการ 10270,,,,,19x1,0.00000000,0,IMPORT,
11x2898,บริษัท โพลีเทค เอเชีย จำกัด,SV04,161 หมู่ที่ 1 ตำบล นราภิรมย์ อำเภอ บางเลน จังหวัด นครปฐม  73130 73130,,,,,19x1,0.00000000,0,IMPORT,
11x2899,บริษัท เจ๊บเซ่น แอนด์ เจ๊สเซ่น เทคโนโลยี่ (ที) จำกัด,SV04,23/110-117 อาคารสรชัย ชั้น 25-29 ซ.สุขุมวิท 63 (เอกมัย)  ถ.สุขุมวิท ขว.คลองตันเหนือ ข.วัฒนา 10110,,,,,19x1,0.00000000,0,IMPORT,
11x2900,บริษัท บิ๊กแมน ซัพพลาย แอนด์ คอนเซาท์แตนต์ จำกัด,SV04,99/199 หมู่ 3 ตำบลเสาธงหิน อำเภอบางใหญ่ 11140,,,,,19x1,0.00000000,0,IMPORT,
11x2901,บริษัท เอ็กโซโกร จำกัด,SV04,63/144 หมู่ 8 ต.เสาธงหิน อ.บางใหญ่ 11140,,,,,19x77,0.00000000,0,IMPORT,
11x2902,บริษัท สหการวิศวกร จำกัด,SV01,8 ซอยสุขาภิบาล 5 ซอย 32 แขวงท่าแร้ง เขตบางเขน 10220,,,,,19x1,0.00000000,0,IMPORT,
11x2903,บริษัท คงพัฒน์สานนท์ จำกัด,SV04,464 ซ.อ่อนนุช 40 แขวงสวนหลวง เขตสวนหลวง 10250,,,,,19x1,0.00000000,0,IMPORT,
11x2904,บริษัท สวนอุตสาหกรรมโรจนะ จำกัด (มหาชน),OT99,1 หมู่ที่ 5 ถนนโรจนะ ตำบลคานหาม อำเภออุทัย 13210,,,,,19x23,0.00000000,4,IMPORT,
11x2905,บริษัท จำรัส คอนสตรัคชั่น แอนด์ ซัพพลาย จำกัด,SV01,7/2 หมู่ 6 ตำบลลาดบัวขาว อำเภอบ้านโป่ง จังหวัดราชบุรี  70110 70110,,,,,19x1,0.00000000,0,IMPORT,
11x2906,บริษัท อีเอ็มซี เอ็นเตอร์ไพรส์ จำกัด,CH14,76/12 หมู่ 2 ตำบลพันท้ายนรสิงห์ อำเภอเมืองสมุทรสาคร 74000,,,,,19x23,0.00000000,0,IMPORT,
11x2907,บริษัท ไท-โย เพนท์ (ประเทศไทย) จำกัด,CH03,เลขที่ 6 ซอย 01 กาญจนาภิเษก 32 แขวงประเวศ เขตประเวศ 10250,,,,,19x88,0.00000000,0,IMPORT,
11x2908,บริษัท พีพีพี กรีน คอมเพล็กซ์ จำกัด,FD03,321 หมู่ 5 ตำบลช้างแรก อำเภอบางสะพานน้อย 77170,,,,,19x1,0.00000000,410,IMPORT,
11x2909,บริษัท มีเทรดเซ็นเตอร์ จำกัด,SV04,12 ถ.เจ้าคุณทหาร แขวงคลองสามประเวศ เขตลาดกระบัง 10520,,,,,19x1,0.00000000,0,IMPORT,
11x2910,บริษัท โปรวินเนอร์ (ไทยแลนด์) จำกัด,SV04,159/3 หมู่ 5 ตำบลบ้านฉาง อำเภอบ้านฉาง 21130,,,,,19x1,0.00000000,0,IMPORT,
11x2911,บริษัท พงศ์พารา โพลิเมอร์ จำกัด,UT99,395 ซอยเจริญรัชดา หมู่ 2 ถ.เศรษฐกิจ ต.อ้อมน้อย อ.กระทุ่มแบน 74130,,,,,19x1,0.00000000,568,IMPORT,
11x2912,บริษัท พี แอนด์ ไอดี เอ็นจิเนียร์ริ่ง จำกัด,SV04,762/11 ถนนลาดพร้าว แขวงสามเสนนอก เขตห้วยขวาง 10310,,,,,19x1,0.00000000,0,IMPORT,
11x2913,บริษัท ซีอาร์ เอเซีย (ประเทศไทย) จำกัด,SV01,15/1 หมู่ 3 ถนนบ้านเกาะ-มาบข่า ตำบลมาบข่า อำเภอนิคมพัฒนา 21180,,,,,19x1,0.00000000,0,IMPORT,
11x2914,บริษัท อนันธนทรัพย์ วิศวกรรม จำกัด,SV01,99/2 หมู่ 8 ตำบลหนองปลิง อำเภอหนองแค 18140,,,,,19x1,0.00000000,0,IMPORT,
11x2915,บริษัท สุรากระทิงแดง  (1988) จำกัด,FD07,418 หมู่ 2 ตำบลแม่ลาด อำเภอคลองขลุง 62120,,,,,19x1,0.00000000,42,IMPORT,
11x2916,บริษัท โร โซลูชั่น จำกัด,SV04,506/199 ซ.รามคำแหง 39 (เทพลีลา 1) แขวงวังทองหลาง เขตวังทองหลาง 10310,,,,,19x1,0.00000000,0,IMPORT,
11x2917,บริษัท อินเตอร์เนชั่นแนลโปรเคียวเม้นท์ จำกัด,SV04,5 ถนนรามคำแหง แขวงหัวหมาก เขตบางกะปิ 10240,,,,,19x1,0.00000000,0,IMPORT,
11x2918,บริษัท แม็กซิโฟลว์ เอ็นจิเนียริ่ง จำกัด,SV04,98/45 ถนนร่มเกล้า แขวงคลองสามประเวศ เขตลาดกระบัง 10520,,,,,19x1,0.00000000,0,IMPORT,
11x2919,บริษัท สยาม ไพรม แมชชีนเนอรี่ จำกัด,SV01,89/1 หมู่ 6 ตำบลไชยภูมิ อำเภอไชโย 14140,,,,,19x27,0.00000000,0,IMPORT,
11x2920,โตโย เอ็นจีเนียริ่ง คอร์ปอเรชั่น,SV01,1126/2 อาคารวานิช 2 ชั้นที่ 11 ถ.เพชรบุรีตัดใหม่  แขวงมักกะสัน เขตราชเทวี 10400,,,,,19x1,0.00000000,0,IMPORT,
11x2921,บริษัท สยาม สแตรี่ เซอร์วิสส์ จำกัด,SV04,1/1 หมู่ 5 ซอยสวนอุตสาหกรรมโรจนะ ตำบลคานหาม อำเภออุทัย 13210,,,,,19x1,0.00000000,25,IMPORT,
11x2922,บริษัท อินโดรามา ปิโตรเคม  จำกัด,,45/9 หมู่ 4 ถนนสาย 36 ตำบลนิคมพัฒนา อำเภอนิคมพัฒนา 21180,,,,,19x1,0.00000000,125,IMPORT,
11x2923,บริษัท คูณคมเพชร จำกัด,SV04,190/2 หมู่ 5 ต.แพรกษา อ.เมืองสมุทรปราการ 10280,,,,,19x1,0.00000000,0,IMPORT,
11x2924,บริษัท ทีเอพี พาร์ท เอ็นจิเนียริ่ง จำกัด,SV04,31 ถนนหลวงฤทธิ์ ตำบลบางคล้า อำเภอบางคล้า 24110,,,,,19x1,0.00000000,0,IMPORT,
11x2925,บริษัท เอวีแอล เอสอีเอ แอนด์ ออสเตรเลีย จำกัด,,123 อาคารซันทาวเวอร์ส บี ชั้น 34 ห้อง 3404 ถ.วิภาวดีรังสิต แขวงจอมพล เขตจตุจักร 10900,,,,,19x1,0.00000000,0,IMPORT,
11x2926,บริษัท แกร็บแท็กซี่ (ประเทศไทย) จำกัด,,1550 อาคารธนภูมิ ชั้น 30 ถ.เพชรบุรีตัดใหม่ แขวงมักกะสัน เขตราชเทวี 10400,,,,,19x1,0.00000000,0,IMPORT,
11x2927,บางกอก ทูลส์ เซ็นเตอร์,SV04,39  ซ.ประชาอุทิศ 79 แยก 7 ถนนประชาอุทิศ  แขวงทุ่งครุ เขตทุ่งครุ 10140,,,,,19x1,0.00000000,0,IMPORT,
11x2928,บริษัท เนส เทคนิค จำกัด,SV04,11  ซอยลาซาล 87 ถนนลาซาล  แขวงบางนา เขตบางนา 10260,,,,,19x1,0.00000000,0,IMPORT,
11x2929,บริษัท แอ็ดวานซ์ พรีแฟบ จำกัด,CH42,อาคารบางนาทาวเวอร์ เอ ชั้นที่ 18 เลขที่ 2/3 หมู่ 14 ถนนบางนา-ตราด กม.6.5 ตำบลบางแก้ว อำเภอบางพลี 10540,,,,,19x1,0.00000000,178,IMPORT,
11x2930,บริษัท จุกเสม็ด พอร์ต จำกัด,SV01,199/83 ซอยอ่อนนุช 65 แยก 14 แขวงประเวศ เขตประเวศ 10250,,,,,19x43,0.00000000,0,IMPORT,
11x2931,บริษัท เด็มโก้ อินดัสตรี่ จำกัด,SV01,59  หมู่ที่ 1 ตำบลสวนพริกไทย อำเภอเมืองปทุมธานี 12000,,,,,19x1,0.00000000,0,IMPORT,
11x2932,บริษัท อนาไลติคอล แอนด์ คอนโทรล เทคโนโลยี 2000 จำกัด,,46/87 ซอยนวลจันทร์ 31 แขวงนวลจันทร์ เขตบึงกุ่ม 10230,,,,,19x1,0.00000000,0,IMPORT,
11x2933,บริษัท สุขภัค ซัพพลาย จำกัด,SV01,80 ซอยเฉลิมพระเกียรติ ร.9 ซอย 14 แยก 25 แขวงดอกไม้ เขตประเวศ 10250,,,,,19x45,0.00000000,0,IMPORT,
11x2934,บริษัท ไทยเบฟเวอเรจ  เอ็นเนอร์ยี่  จำกัด,FD07,213 หมู่ 8 ตำบลแก่งโดม อำเภอสว่างวีระวงศ์ 34190,,,,,19x1,0.00000000,106,IMPORT,
11x2935,บริษัท อินโนเซฟ จำกัด,SV01,25/12 หมู่12 ตำบลสวนหลวง อำเภอกระทุ่มแบน 74110,,,,,19x1,0.00000000,0,IMPORT,
11x2936,บริษัท ฮาร์ทฟอร์ด เพ้นท์ จำกัด,CH03,139/7 ม.17 ซอยนิคมบางพลี 3/1 ถนนบางนา-ตราด ตำบลบางเสาธง อำเภอบางเสาธง 10540,,,,,19x1,0.00000000,69,IMPORT,
11x2937,บริษัท แอคูชเน็ท ไทเทิลลิสท์ (ประเทศไทย) จำกัด,SV01,500/40 หมู่ 3 ตำบลตาสิทธิ์ อำเภอปลวกแดง 21140,,,,,19x51,0.00000000,236,IMPORT,
11x2938,บริษัท ชูพันธุ์อินดัสเทรียลเซอร์วิสเซส จำกัด,SV04,48/11-12 หมู่ 13 ถนนพุทธมณฑลสาย 5 ตำบลไร่ขิง อำเภอสามพราน จังหวัดนครปฐม 73210 73210,,,,,19x1,0.00000000,0,IMPORT,
11x2939,บริษัท ผลิตไฟฟ้าและน้ำเย็น จำกัด,,222 หมู่ 1 ตำบลหนองปรือ อำเภอบางพลี 10540,,,,,19x1,0.00000000,47,IMPORT,
11x2940,บริษัท สวนอุตสาหกรรมโรจนะ จำกัด  (มหาชน),OT99,3/7 หมู่ 2 ถนนบ้านค่าย-บ้านบึง ต.หนองบัว อ.บ้านค่าย 21120,,,,,19x1,0.00000000,4,IMPORT,
11x2941,บริษัท  โรจนะ อินดัสเตรียล แมเนจเม้นท์ จำกัด,OT99,2034/115 ชั้น 26 อาคารอิตัลไทย ทาวเวอร์ ถ.เพชรบุรีตัดใหม่ แขวงบางกะปิ เขตห้วยขวาง 10310,,,,,19x23,0.00000000,12,IMPORT,
11x2942,บริษัท จีเอฟพีที นิชิเร (ประเทศไทย) จำกัด,FD01,77 หมู่ 4 ต.ห้างสูง อ.หนองใหญ่ 20190,,,,,19x1,0.00000000,234,IMPORT,
11x2943,บริษัท โพรวิก้า เอ็นจิเนียริ่ง จำกัด,,29/43 หมู่ 5 ถ.ปู่เจ้าสมิงพราย ต.บางหัวเสือ อ.พระประแดง 10130,,,,,19x1,0.00000000,0,IMPORT,
11x2944,บริษัท พี เอ พี แก็ส แอนด์ ออยล์ จำกัด,CH14,240/48 ชั้น 22 อาคารอโยธยาทาวเวอร์ ถ.รัชดาภิเษก แขวงห้วยขวาง เขตห้วยขวาง 10310,,,,,19x1,0.00000000,0,IMPORT,
11x2945,บริษัท เอสพี.โปร เซอร์วิส จำกัด,SV04,เลขที่ 6/1 หมู่ที่ 8 ตำบลตาขัน อำเภอบ้านค่าย 21120,,,,,19x1,0.00000000,0,IMPORT,
11x2946,บริษัท สตาร์วู๊ด เคมีคอล จำกัด,SV01,72 ซ.นนทบุรี 15 ถ.นนทบุรี ต.บางกระสอ อ.เมืองนนทบุรี 11000,,,,,19x1,0.00000000,23,IMPORT,
11x2947,บริษัท แม็กซิส อินเตอร์เนชั่นแนล (ประเทศไทย) จำกัด,AG02,300/3 หมู่ 1  ต.ตาสิทธิ์ อ.ปลวกแดง 21140,,,,,19x1,0.00000000,1500,IMPORT,
11x2948,บริษัท พนัสโภคภัณฑ์ จำกัด,FD05,26 หมู่ 5 ตำบลหมอนนาง อำเภอพนัสนิคม 20140,,,,,19x27,0.00000000,38,IMPORT,
11x2949,บริษัท พี.เอส.พาวเวอร์ เทรดดิ้ง จำกัด,SV04,50/4  ซ.หทัยราษฎร์ 6 แขวงบางชัน เขตคลองสามวา 10510,,,,,19x1,0.00000000,0,IMPORT,
11x2950,บริษัท อีเอส เพาเวอร์ จำกัด,FD04,470 หมู่ที่ 1 ถนนสุวรรณศร ตำบลห้วยโจด อำเภอวัฒนานคร 27160,,,,,19x1,0.00000000,43,IMPORT,
11x2951,ห้างหุ้นส่วนจำกัด เอ็นเทคซิสเท็มเอ็นจิเนียริ่ง,CH14,หมู่บ้าน วิลลาจจิโอ พระราม 2 เลขที่ 44/45 ซอยบางกระดี่ 35/1 ถนนพระราม 2  แขวงแสมดำ เขตบางขุนเทียน 10150,,,,,19x1,0.00000000,0,IMPORT,
11x2952,บริษัท นูร่า ออร์กาไนเซอร์ จำกัด,,63/106 ถนนเสนานิคม 1 (ม.เสนานิเวศน์โครงการ 1) แขวงลาดพร้าว เขตลาดพร้าว 10230,,,,,19x1,0.00000000,0,IMPORT,
11x2953,บริษัท บิสซิเนสอะไลเม้นท์ จำกัด (มหาชน),SV01,อาคารสาธรธานี 2 ชั้นที่ 16 เลขที่ 92/45 ถนนสาทรเหนือ แขวงสีลม เขตบางรัก 10500,,,,,19x44,0.00000000,0,IMPORT,
11x2954,บริษัท รอแยล เมอิวะ แพ็คซ์ จำกัด,,68/1 หมู่ 3 ต.แคราย อ.กระทุ่มแบน 74110,,,,,19x1,0.00000000,63,IMPORT,
11x2955,บริษัท บางจากไบโอเอทานอล (ฉะเชิงเทรา) จำกัด,CH16,96/10-11 หมู่ 7 ต.เกาะขนุน อ.พนมสารคาม 24120,,,,,19x96,0.00000000,75,IMPORT,
11x2956,บริษัท โอพีจีเทค จำกัด,,90/8 หมู่ที่ 1 ถ.ปู่เจ้าสมิงพราย ต.สำโรงกลาง อ.พระประแดง 10130,,,,,19x1,0.00000000,0,IMPORT,
11x2957,บริษัท วโรปกรณ์ จำกัด (มหาชน),MT01,274 หมู่ 4 ถนนสุขุมวิท ตำบลบางปูใหม่ อำเภอเมืองสมุทรปราการ 10280,,,,,19x1,0.00000000,240,IMPORT,
11x2958,บริษัท พี.วี.มั่นคงดี เซอร์วิส (2004) จำกัด,UT99,12/109  หมู่ที่ 6  ต.ลาดสวาย อ.ลำลูกกา 12150,,,,,19x1,0.00000000,0,IMPORT,
11x2959,บริษัท จูโน่ ซัพพลาย จำกัด,SV04,หมู่บ้าน อินนิซิโอ เลขที่ 54/135 หมู่ 5 ตำบลศาลากลาง อำเภอบางกรวย 11130,,,,,19x1,0.00000000,0,IMPORT,
11x2960,บริษัท ไทย-อบิลิตี้ เอ็นจิเนียริ่ง จำกัด,SV01,51/3 หมู่ 6 ต.สำนักท้อน อ.บ้านฉาง 21130,,,,,19x1,0.00000000,32,IMPORT,
11x2961,บริษัท พีทูเค เทคโนโลยี จำกัด,,135/66 หมู่ 2 ตำบลพิมลราช อำเภอบางบัวทอง 11110,,,,,19x1,0.00000000,0,IMPORT,
11x2962,บริษัท พลัสแม็กซ์ คอร์ปอเรชั่น จำกัด,SV04,เลขที่ 88/5  ถนนนางลิ้นจี่ แขวงช่องนนทรี  เขตยานนาวา 10120,,,,,19x1,0.00000000,0,IMPORT,
11x2963,บริษัท รับ คอร์เนอร์ จำกัด,OM00,14 ถนนบรมราชชนนี แขวงบางบำหรุ เขตบางพลัด 10700,,,,,19x1,0.00000000,0,IMPORT,
11x2964,บริษัท เจนซีสเทค จำกัด,SV01,9/158 หมู่ 9 ต.บางเมือง อ.เมืองสมุทรปราการ 10270,,,,,19x1,0.00000000,0,IMPORT,
11x2965,บริษัท ดับเบิ้ลยู.ที. วิกเตอร์ จำกัด,SV01,หมู่บ้าน ซิตี้ปาร์ค เลขที่ 9/32 ซอยเซนต์ชาร์ม-ศรีนครินทร์ 45 ถนนศรีนครินทร์ แขวงประเวศ เขตประเวศ 10250,,,,,19x1,0.00000000,0,IMPORT,
11x2966,บริษัท อมตะ สปริง ดีเวลลอปเม้นท์ จำกัด,SV01,700/3-9 หมู่ 6 ตำบลหนองไม้แดง อำเภอเมืองชลบุรี 20000,,,,,19x1,0.00000000,0,IMPORT,
11x2967,บริษัท เอส.บี.ฟู้ด จำกัด,FD01,139 หมู่ 6 ถ.บ้านบึง-แกลง ต.วังจันทร์ อ.วังจันทร์ 21210,,,,,19x43,0.00000000,167,IMPORT,
11x2968,บริษัท ธาดาดล จำกัด,SV01,"4/1, 4/2  ซ.รามอินทรา 14 แยก 17-5 ถ.รามอินทรา แขวงท่าแร้ง เขตบางเขน 10230",,,,,19x1,0.00000000,0,IMPORT,
11x2969,บริษัท ยูเอซี โกลบอล จำกัด (มหาชน),CH02,1 อาคารทีพี แอนด์ ที ชั้น 19 ซ.วิภาวดีรังสิต 19 ถ.วิภาวดีรังสิต แขวงจตุจักร เขตจตุจักร 10900,,,,,19x43,0.00000000,16,IMPORT,
11x2970,บริษัท เอลโม เทค จำกัด,SV01,68 ซ.รินรดา ถ.ศรีนครินทร์ แขวงสวนหลวง เขตสวนหลวง 10250,,,,,19x1,0.00000000,0,IMPORT,
11x2971,บริษัท โวลูเทค แมชชีนเนอรี่ จำกัด,SV01,92/153 หมู่ 12 ถ.บัวนครินทร์ ต.บางแก้ว อ.บางพลี 10540,,,,,19x1,0.00000000,0,IMPORT,
11x2972,บริษัท ระยองเอ็นจิเนียริ่งโซลูชั่น จำกัด,SV01,208/229 หมู่ 7 ต.เนินพระ อ.เมืองระยอง 21150,,,,,19x1,0.00000000,0,IMPORT,
11x2973,บริษัท โกลว์ เอสพีพี 11 จำกัด,SV01,250 หมู่ 3 สยามอีสเทิร์นอินดัสเตรียลพาร์ค ต.มาบยางพร อ.ปลวกแดง 21140,,,,,19x1,0.00000000,24,IMPORT,
11x2974,บริษัท บางกอกอินดัสเตรียลบอยเลอร์ จำกัด,SV02,368 หมู่ 6 ถ.สุขุมวิท ต.สำโรงเหนือ อ.เมืองสมุทรปราการ 10270,,,,,19x1,0.00000000,370,IMPORT,
11x2975,บริษัท ซินเมนเทค จำกัด,SV01,60/58 หมู่ที่ 1 ต.บ้านฉาง อ.บ้านฉาง 21130,,,,,19x1,0.00000000,0,IMPORT,
11x2976,บริษัท พลาสแมท จำกัด,SV01,39/487 หมู่ 11 แขวงคลองกุ่ม เขตบึงกุ่ม 10230,,,,,19x1,0.00000000,0,IMPORT,
11x2977,ห้างหุ้นส่วนจำกัด เอ็นเอสที พรีเว็นชั่น เอ็นจิเนียริ่ง,SV04,188/134 หมู่ 5 ตำบลยกกระบัตร อำเภอบ้านแพ้ว 74120,,,,,19x1,0.00000000,0,IMPORT,
11x2978,บริษัท กิจการร่วมค้า สยามราช และ ทีฆทัศน์ จำกัด,,289/9 หมู่ที่ 10 ถนนรถรางสายเก่า ตำบลสำโรง อำเภอพระประแดง 10130,,,,,19x1,0.00000000,0,IMPORT,
11x2979,บริษัท บอสตัน เอ็นจิเนียริ่ง จำกัด,SV04,เลขที่ 15/1-5 หมู่ที่ 1 ซอยวิรุณราษร์ ถนนเศรษฐกิจ ตำบลอ้อมน้อย อำเภอกระทุ่มแบน 74130,,,,,19x1,0.00000000,222,IMPORT,
11x2980,บริษัท เอจีซี คอร์ปอเรชั่น จำกัด,SV04,1639/1 หมู่ 6 ตำบลท้ายบ้านใหม่ อำเภอเมืองสมุทรปราการ 10280,,,,,19x1,0.00000000,0,IMPORT,
11x2981,บริษัท อาร์ ไอ แอล 1996 จำกัด,SV01,88 ถ.ทางหลวงระยอง-สาย 3191 ต.มาบตาพุด อ.เมืองระยอง 21150,,,,,19x1,0.00000000,0,IMPORT,
11x2982,บริษัท ทรายทอง เอ็นจีวี จำกัด,,32/5 หมู่ 5 ต.บางพระ อ.เมืองฉะเชิงเทรา 24000,,,,,19x47,0.00000000,0,IMPORT,
11x2983,บริษัท อินทรี อีโคไซเคิล จำกัด,MN06,301 หมู่ 5 ต.ทับกวาง อ.แก่งคอย 18260,,,,,19x1,0.00000000,114,IMPORT,
11x2984,บริษัท ทีฆทัศน์ จำกัด,,898 ซ.นวมินทร์ 76 แขวงนวลจันทร์ เขตบึงกุ่ม 10230,,,,,19x1,0.00000000,0,IMPORT,
11x2985,บริษัท เจนเนอรัล มอเตอร์ส เพาเวอร์เทรน (ประเทศไทย) จำกัด,CH41,111/4 หมู่ 4 นิคมอุตสาหกรรมอีสเทอร์นซีบอร์ด ต.ปลวกแดง อ.ปลวกแดง 21140,,,,,19x1,0.00000000,0,IMPORT,
11x2986,บริษัท เอ็กเชน ทาวเวอร์ จำกัด,SV01,388 เอ็กเชน ทาวเวอร์ ชั้น 24 ห้อง 2401 ถ.สุขุมวิท แขวงคลองเตย เขตคลองเตย 10110,,,,,19x1,0.00000000,0,IMPORT,
11x2987,บริษัท เอ.พี.ดี. กรุ๊ป จำกัด,SV04,999 ซอยลาดพร้าว 87 (จันทราสุข) ถนนลาดพร้าว แขวงคลองจั่น เขตบางกะปิ 10240,,,,,19x1,0.00000000,0,IMPORT,
11x2988,บริษัท เจ.เอ.พี กรุ๊ป จำกัด,SV04,อาคาร ไอทีเอฟ-สีลมพาเลส ชั้นที่ 22 เลขที่ 160/480-2 ถนนสีลม แขวงสุริยวงศ์ เขตบางรัก 10500,,,,,19x96,0.00000000,0,IMPORT,
11x2989,บริษัท ดับบลิว.พี.เจ เอ็นจิเนียริ่ง จำกัด,SV01,522 หมู่ 2 ตำบลแพรกษาใหม่ อำเภอเมืองสมุทรปราการ 10280,,,,,19x1,0.00000000,0,IMPORT,
11x2990,บริษัท พี.เอ็น.วี.อินโนเทค จำกัด,SV04,"181/1,181/2 หมู่ 1 ซอยบัญชา ถนนสุขสวัสดิ์ ตำบลปากคลองบางปลากด อำเภอพระสมุทรเจดีย์ 10290",,,,,19x1,0.00000000,0,IMPORT,
11x2991,บริษัท พี.ซี.สยามปิโตรเลียม จำกัด,CH14,121 หมู่ 3 ตำบลบางกุ้ง อำเภอเมืองสุราษฎร์ธานี 84000,,,,,19x44,0.00000000,0,IMPORT,
11x2992,บริษัท โรห์ม แอนด์ ฮาสส์ เคมิคอล (ประเทศไทย) จำกัด,SV01,75 อาคารไว้ท์กรุ๊ป 2 ชั้น 15 ซ.แสงจันทร์-รูเบีย ถ.สุขุมวิท 42 แขวงพระโขนง เขตคลองเตย 10110,,,,,19x1,0.00000000,0,IMPORT,
11x2993,บริษัท ดี.ซี.โกดังและโรงงาน จำกัด,,11/31  หมู่ที่ 2  ถ.ศรีนครินทร์ ต.บางแก้ว อ.บางพลี 10540,,,,,19x1,0.00000000,0,IMPORT,
11x2994,บริษัท ทีเอ็นทีที เซอร์วิส จำกัด,SV04,50/576 ซ.นวมินทร์ 26 แยก 3 ถ.นวมินทร์ แขวงคลองกุ่ม เขตบึงกุ่ม 10240,,,,,19x1,0.00000000,0,IMPORT,
11x2995,บริษัท ฮ.พัฒนารุ่งเรือง จำกัด,SV01,10/10 หมู่ 5 ต.คอกกระบือ อ.เมืองสมุทรสาคร 74000,,,,,19x1,0.00000000,87,IMPORT,
11x2996,บริษัท ไทยโอซูก้า จำกัด,CH05,50-50/1 หมู่ 8 ถ.เศรษฐกิจ 1 ต.คลองมะเดื่อ อ.กระทุ่มแบน 74110,,,,,19x1,0.00000000,431,IMPORT,
11x2997,บริษัท โปรดักทีฟ เอ็นเตอร์ไพรส์ จำกัด,SV04,404/24 ถ.พหลโยธิน แขวงสามเสนใน เขตพญาไท 10400,,,,,19x45,0.00000000,0,IMPORT,
11x2998,บริษัท รีไซเคิล เอ็นจิเนียริ่ง จำกัด,OM00,57 หมู่ 7 ถนนเจริญโชคดี ตำบลท่าบุญมี อำเภอเกาะจันทร์ 20240,,,,,19x1,0.00000000,187,IMPORT,
11x2999,บริษัท ไทรอัมฟ์ เอ็นจิเนียริ่ง จำกัด,SV01,เลขที่ 3 หมู่ 5 ถ.เขางู-เบิกไพร ต.เบิกไพร อ.บ้านโป่ง 70110,,,,,19x27,0.00000000,100,IMPORT,
11x3000,บริษัท สเปเชี่ยล ฟอร์ซ อินโนเวชั่น จำกัด,SV04,66/37 ซอยเฉลิมพระเกียรติ ร.9 ซอย 87 แขวงประเวศ เขตประเวศ 10250,,,,,19x1,0.00000000,0,IMPORT,
11x3001,ห้างหุ้นส่วนจำกัด หนึ่งเครื่องเรือน 1989,SV04,326 ถนนไทรบุรี ตำบลบ่อยาง อำเภอเมืองสงขลา 90000,,,,,19x1,0.00000000,0,IMPORT,
11x3002,บริษัท ธนชัยชล จำกัด,,88/88 หมู่ที่ 6 ต.ไผ่ต่ำ  อ.หนองแค 18140,,,,,19x1,0.00000000,0,IMPORT,
11x3003,บริษัท มิตรสิบ ลิสซิ่ง จำกัด (มหาชน),,895-6 หมู่ 5 ถ.ศรีนครินทร์ ต.สำโรงเหนือ อ.เมืองสมุทรปราการ 10270,,,,,19x1,0.00000000,0,IMPORT,
11x3004,บริษัท โมเมนทีฟ เพอร์ฟอร์แมนซ์ แมททีเรียลส์ (ประเทศไทย) จำกัด,SV01,1/2 หมู่ 4 ต.บ้านฉาง อ.บ้านฉาง 21130,,,,,19x1,0.00000000,8,IMPORT,
11x3005,บริษัท นวนคร จำกัด (มหาชน),SV01,999 หมู่ 13 ต.คลองหนึ่ง อ.คลองหลวง 12120,,,,,19x44,0.00000000,32,IMPORT,
11x3006,บริษัท เอส ซี แมชชินเนค เอเชีย จำกัด,SV04,อาคารแอมเพิลทาวเวอร์ ชั้น 15 เลขที่ 909 ถนนบางนา-ตราด แขวงบางนา เขตบางนา 10260,,,,,19x1,0.00000000,0,IMPORT,
11x3007,บริษัท ฟูลสเกล เทคโนโลยี จำกัด,CH14,หมู่บ้านพฤกษา 41 เลขที่ 61/6 หมู่ 1 ตำบลบ้านใหม่ อำเภอบางใหญ่ 11140,,,,,19x1,0.00000000,0,IMPORT,
11x3008,บริษัท เด็นโซ่ (ประเทศไทย) จำกัด,UT99,700/87 หมู่ที่ 1 ต.บ้านเก่า อ.พานทอง 20160,,,,,19x1,0.00000000,823,IMPORT,
11x3009,บริษัท มิอุระ อินดัสทรีส์ (ประเทศไทย) จำกัด,SV02,84/2 หมู่ 9 ต.บางวัว อ.บางปะกง 24130,,,,,19x1,0.00000000,0,IMPORT,
11x3010,บริษัท เซรามิคซิเมนต์ไทย จำกัด,MN03,เลขที่ 1 ถ.ปูนซิเมนต์ไทย แขวงบางซื่อ เขตบางซื่อ 10800,,,,,19x1,0.00000000,0,IMPORT,
11x3011,บริษัท ดูเวลเทค (ประเทศไทย) จำกัด,SV01,31/5 ซอยราษฎร์บำรุง 1 ถนนราษฎร์บำรุง ตำบลห้วยโป่ง อำเภอเมืองระยอง 21150,,,,,19x1,0.00000000,0,IMPORT,
11x3012,บริษัท สหโคเจน (ชลบุรี) จำกัด (มหาชน),,636 หมู่ที่ 11 ถ.สุขาภิบาล 8 ต.หนองขาม อ.ศรีราชา 20230,,,,,19x1,0.00000000,0,IMPORT,
11x3013,บริษัท น้ำมันมะพร้าวไทย จำกัด,FD01,36/3-4 หมู่ 2 ตำบลโรงเข้ อำเภอบ้านแพ้ว 74120,,,,,19x1,0.00000000,9,IMPORT,
11x3014,บริษัท ปตท. น้ำมันและการค้าปลีก จำกัด (มหาชน),CH14,อาคารศูนย์เอนเนอร์ยี่คอมเพล็กซ์ อาคารบี ชั้น 12 เลขที่ 555/2 ถนนวิภาวดีรังสิต แขวงจตุจักร เขตจตุจักร 10900,,,,,19x43,0.00000000,23,IMPORT,
11x3015,บริษัท โนว์ฮาว ทรานสเฟอร์ จำกัด,,59/16 หมู่ 10 ต.บางปลา อ.บางพลี 10540,,,,,19x1,0.00000000,117,IMPORT,
11x3016,บริษัท กัมพุวัฑฒ์ จำกัด,,168/59  บ้านกลางกรุง ออฟฟิศพาร์ค ถ.นาคนิวาส แขวงลาดพร้าว เขตลาดพร้าว 10230,,,,,19x1,0.00000000,0,IMPORT,
11x3017,บริษัท เอ็นชัวร์ อินเตอร์เนชั่นแนล จำกัด,,10/6 หมู่ 2 ต.บ้านแลง อ.เมืองระยอง 21000,,,,,19x1,0.00000000,0,IMPORT,
11x3018,บริษัท จี.พี. คอนสทรัคชั่น จำกัด,,1348 ซ.ชานเมือง ถ.ประชาสงเคราะห์ แขวงดินแดง เขตดินแดง 10400,,,,,19x1,0.00000000,0,IMPORT,
11x3019,บริษัท รสสุพร จำกัด,,75/22 ซ.ศาลาธรรมสพน์ 13 (ซ.ผู้กองอาลักษณ์) แขวงศาลาธรรมสพน์ เขตทวีวัฒนา 10170,,,,,19x1,0.00000000,0,IMPORT,
11x3020,บริษัท พีพี เกรท โซลูชั่น จำกัด,SV04,123/13 หมู่ 5 ต.พันท้ายนรสิงห์ อ.เมืองสมุทรสาคร 74000,,,,,19x1,0.00000000,0,IMPORT,
11x3021,บริษัท เอสซีจี เซรามิกส์ จำกัด (มหาชน),MN03,33/1 หมู่ 2 ถ.สุวรรณศร ต.โคกแย้ อ.หนองแค 18230,,,,,19x1,0.00000000,152,IMPORT,
11x3022,บริษัท น้ำตาลครบุรี จำกัด (มหาชน),FD04,289 หมู่ 13 ตำบลจระเข้หิน อำเภอครบุรี 30250,,,,,19x1,0.00000000,439,IMPORT,
11x3023,บริษัท ซิโน-ไทย เอ็นจีเนียริ่ง แอนด์ คอนสตรัคชั่น จำกัด (มหาชน),SV01,32/59-60 อาคารซิโนไทยทาวเวอร์ ชั้น 29-30 ถ.สุขุมวิท 21 (ซอยอโศก) แขวงคลองเตยเหนือ เขตวัฒนา 10110,,,,,19x1,0.00000000,412,IMPORT,
11x3024,บริษัท ไทยแมคคานิคัล คอนสตรัคชั่น จำกัด,SV01,39/1 หมู่ 5 ตำบลนิคมพัฒนา อำเภอนิคมพัฒนา 21180,,,,,19x1,0.00000000,25,IMPORT,
11x3025,บริษัท ไฮเปอร์เวฟ อินเตอร์เนชั่นแนล (ประเทศไทย) จำกัด,,99/33 ซ.วัดเวฬุวนาราม 7 แขวงดอนเมือง เขตดอนเมือง 10210,,,,,19x1,0.00000000,0,IMPORT,
11x3026,บริษัท ยัวซ่าแบตเตอรี่ ประเทศไทย จำกัด (มหาชน),MT03,164 หมู่ 5 ซ.เทศบาล 55 ถ.สุขุมวิท ต.ท้ายบ้านใหม่ อ.เมืองสมุทรปราการ 10280,,,,,19x1,0.00000000,0,IMPORT,
11x3027,บริษัท มงคลสมัย จำกัด,FD06,149 หมู่ 5 ตำบลผาจุก อำเภอเมืองอุตรดิตถ์ 53000,,,,,19x74,0.00000000,214,IMPORT,
11x3028,บริษัท ที.เจ.ซี. เคมี จำกัด,CH11,185 หมู่ 2 ถ.สุขุมวิท ต.บางปูใหม่ อ.เมืองสมุทรปราการ 10280,,,,,19x1,0.00000000,0,IMPORT,
11x3029,บริษัท ทองภู โฟร์คลิฟท์ จำกัด,,333/52 หมู่ 3 ต.บางโฉลง อ.บางพลี 10540,,,,,19x1,0.00000000,0,IMPORT,
11x3030,บริษัท นิวสตาร์พาแนล จำกัด,SV07,79/60 หมู่ 19 ซอยธนะสิทธิ์ ถนนเทพารักษ์ ตำบลบางพลีใหญ่ อำเภอบางพลี 10540,,,,,19x1,0.00000000,0,IMPORT,
11x3031,บริษัท เอ็ม ดี เอ็กซ์ จำกัด (มหาชน),UT99,199 ชั้น 12A ถ.รัชดาภิเษก แขวงคลองเตย เขตคลองเตย 10110,,,,,19x1,0.00000000,0,IMPORT,
11x3032,บริษัท สยามเฆมี จำกัด (มหาชน),CH99,196 หมู่ 1 ถ.สุขสวัสดิ์ ต.ปากคลองบางปลากด อ.พระสมุทรเจดีย์ 10290,,,,,19x23,0.00000000,12,IMPORT,
11x3033,บริษัท ไดอิชิแพคเกจจิ้ง จำกัด,CH42,139 หมู่ 5 ถนนบางนา-ตราด กม.36 ตำบลบางสมัคร อำเภอบางปะกง 24180,,,,,19x1,0.00000000,0,IMPORT,
11x3034,บริษัท เจนเนอรัล เทคโนโลยี พาร์ท จำกัด,SV04,22/357 หมู่ 4 ตำบลบึง อำเภอศรีราชา 20230,,,,,19x1,0.00000000,0,IMPORT,
11x3035,บริษัท ดับเบิลยู เอส เค เซอร์วิส จำกัด,SV01,99/17 หมู่ 14 ตำบลบางพึ่ง อำเภอพระประแดง 10130,,,,,19x45,0.00000000,0,IMPORT,
11x3036,บริษัท ซิลิก้า ฮิลล์ จำกัด,SV01,6/5 ซอยอ่อนนุช 74/1 แยก 1 ถนนอ่อนนุช (สุขุมวิท77) แขวงประเวศ เขตประเวศ 10250,,,,,19x1,0.00000000,6,IMPORT,
11x3037,บริษัท ออลทาเนีย จำกัด,SV04,3421/114 ถนนพระรามเก้า แขวงสวนหลวง เขตสวนหลวง 10250,,,,,19x1,0.00000000,0,IMPORT,
11x3038,บริษัท เอ็นเทคโพลิเมอร์ จำกัด,AG02,319 หมู่ 16 ถ.ชยางกูร ต.คำป่าหลาย อ.เมืองมุกดาหาร 49000,,,,,19x1,0.00000000,390,IMPORT,
11x3039,บริษัท ไทยเพรซิเดนท์ฟูดส์ จำกัด  (มหาชน),FD99,158 หมู่ 15 ถ.ทรงพล ต.ปากแรต อ.บ้านโป่ง 70110,,,,,19x1,0.00000000,697,IMPORT,
11x3040,บริษัท เอส ดับเบิลยู พลัส เอ็นจิเนียริ่ง จำกัด,SV01,อาคารชุดเคหะชุมชนนนทบุรี 3 ชั้นที่ 3 ห้องเลขที่ 126/2325 หมู่ 5 ถ.ติวานนท์ ต.ปากเกร็ด อ.ปากเกร็ด 11120,,,,,19x1,0.00000000,0,IMPORT,
11x3041,บริษัท มีชัย กรุ๊ป จำกัด,SV01,111/152 หมู่บ้านบ้านบัวทอง หมู่ 10 ถ.ตลิ่งชัน-สุพรรณบุรี ต.บางรักพัฒนา อ.บางบัวทอง 11110,,,,,19x1,0.00000000,0,IMPORT,
11x3042,บริษัท คามิน เอ็นจิเนียริ่ง แอนด์ เซอร์วิส จำกัด,SV01,115/112 หมู่ 9 ตำบลขุนโขลน อำเภอพระพุทธบาท 18120,,,,,19x1,0.00000000,0,IMPORT,
11x3043,บริษัท ไอ ซี เอส เทค จำกัด,SV04,29/4 หมู่ 4 ตำบลธรรมศาลา อำเภอเมืองนครปฐม 73000,,,,,19x1,0.00000000,0,IMPORT,
11x3044,บริษัท ทานตะวัน คอนสตรัคชั่น แอนด์ เซอร์วิส จำกัด,SV04,566 หมู่ 8 ต.ท้ายบ้านใหม่ อ.เมืองสมุทรปราการ 10280,,,,,19x1,0.00000000,17,IMPORT,
11x3045,บริษัท แอมคอร์ เฟล็กซิเบิ้ล เพชรบุรี จำกัด,CH42,91 หมู่ 13 ถนนกิ่งแก้ว ตำบลราชาเทวะ อำเภอบางพลี 10540,,,,,19x92,0.00000000,170,IMPORT,
11x3046,บริษัท สยามเบสท์ เอ็นจีวี จำกัด,,88/8 หมู่ 3 ตำบลหนองปลาไหล อำเภอบางละมุง 20150,,,,,19x1,0.00000000,0,IMPORT,
11x3047,บริษัท สยาม ดับบลิวพี กรุ๊ป จำกัด,SV04,111/4 หมู่ที่ 6 ตำบลทับมา อำเภอเมืองระยอง 21000,,,,,19x1,0.00000000,0,IMPORT,
11x3048,บริษัท เอสซีจี แพคเกจจิ้ง จำกัด (มหาชน),CH42,19 หมู่ที่ 19 ถนนแสงชูโต ตำบลท่าผา อำเภอบ้านโป่ง 70110,,,,,19x1,0.00000000,0,IMPORT,
11x3049,บริษัท เอ็มพี จี11 (ประเทศไทย) จำกัด,CH14,1010 อาคารชินวัตร ทาวเวอร์ 3 ชั้น 29-31 ถ.วิภาวดีรังสิต แขวงจตุจักร เขตจตุจักร 10900,,,,,19x1,0.00000000,0,IMPORT,
11x3050,บริษัท ตั้งเซียะปิงโลหะกิจ จำกัด,,72 หมู่ที่ 4 ตำบลหนองซ้ำซาก อำเภอบ้านบึง 20170,,,,,19x1,0.00000000,54,IMPORT,
11x3051,บริษัท สตาร์โปร ซันวา อยุธยา โมดิฟาย สตาร์ช จำกัด,FD08,888 หมู่ 4 ตำบลอุทัย อำเภออุทัย 13210,,,,,19x1,0.00000000,102,IMPORT,
11x3052,ชิโนเปค อินเตอร์เนชั่นแนล ปิโตรเลียม เซอร์วิส คอร์ปอเรชั่น,,555 อาคารรสาทาวเวอร์ 1 ชั้น 11 ซอยพหลโยธิน 19 ถนนพหลโยธิน แขวงจตุจักร เขตจตุจักร 10900,,,,,19x1,0.00000000,0,IMPORT,
11x3053,บริษัท แอมคอร์ เฟล็กซิเบิ้ล กรุงเทพ จำกัด (มหาชน),CH42,91 หมู่ 13 ถนนกิ่งแก้ว ตำบลราชาเทวะ อำเภอบางพลี 10540,,,,,19x1,0.00000000,484,IMPORT,
11x3054,บริษัท ไมย์เออร์ อลูมิเนียม (ประเทศไทย) จำกัด,MT02,38/32 หมู่ 5 นิคมอุตสาหกรรมแหลมฉบัง ต.ทุ่งสุขลา อ.ศรีราชา 20230,,,,,19x1,0.00000000,86,IMPORT,
11x3055,บริษัท พีเอสเอ เคมเทค จำกัด,,75 หมู่ที่ 10  ถ.พุทธมณฑลสาย 5 ต.ไร่ขิง อ.สามพราน 73210,,,,,19x1,0.00000000,14,IMPORT,
11x3056,บริษัท เพอร์เฟค กรุ๊ป (ประเทศไทย) จำกัด,FD05,557/2 หมู่ 10 ถ.ประชาอุทิศ ต.ในคลองบางปลากด อ.พระสมุทรเจดีย์ 10290,,,,,19x70,0.00000000,0,IMPORT,
11x3057,บริษัท บุญทวีเคมีภัณฑ์ จำกัด,TT00,126/14 ถนนจรัญสนิทวงศ์ แขวงอรุณอมรินทร์ เขตบางกอกน้อย 10700,,,,,19x1,0.00000000,0,IMPORT,
11x3058,บริษัท เฟิร์สเม็ด จำกัด,,55/134 ถนนกำแพงเพชร 6 แขวงลาดยาว เขตจตุจักร 10900,,,,,19x1,0.00000000,0,IMPORT,
11x3059,บริษัท พี.โอ.อาร์.ซัพพลาย จำกัด,SV04,24 ซอย 8 ปุณณกัณฑ์ ตำบลคอหงส์ อำเภอหาดใหญ่ 90110,,,,,19x1,0.00000000,0,IMPORT,
11x3060,บริษัท อมตะ บี.กริม เพาเวอร์ 5 จำกัด,SV01,เลขที่ 5 ถนนกรุงเทพกรีฑา แขวงหัวหมาก เขตบางกะปิ 10240,,,,,19x45,0.00000000,0,IMPORT,
11x3061,บริษัท ไวทยะโชติ จำกัด,SV04,120 ซอยบางนา-ตราด 31 แขวงบางนา เขตบางนา 10260,,,,,19x1,0.00000000,0,IMPORT,
11x3062,บริษัท เอ็นเอ็น แอนด์ พีพี เอ็นจิเนียริ่ง จำกัด,SV01,29/1173 หมู่ 2 ตำบลคลองสาม อำเภอคลองหลวง 12120,,,,,19x1,0.00000000,0,IMPORT,
11x3063,บริษัท โอเคเค โรลเลอร์ จำกัด,SV04,39/212 หมู่ 2 ตำบลบางน้ำจืด อำเภอเมืองสมุทรสาคร 74000,,,,,19x1,0.00000000,0,IMPORT,
11x3064,บริษัท วีอีอี เอ็นจิเนียริ่ง จำกัด,SV01,106/136 ถ.วัดมาบตาพุด ตำบลมาบตาพุด อำเภอเมืองระยอง 21150,,,,,19x1,0.00000000,0,IMPORT,
11x3065,บริษัท เคลฟเวอร์ เอ็นซิสเต็ม จำกัด,SV01,278/15-16 หมู่ 12 ตำบลทุ่งสุขลา อำเภอศรีราชา 20230,,,,,19x1,0.00000000,0,IMPORT,
11x3066,บริษัท ผลิตภัณฑ์กระดาษไทย  จำกัด,PP01,99 หมู่ 6 ถ.แสงชูโต  ต.วังศาลา อ.ท่าม่วง 71130,,,,,19x1,0.00000000,369,IMPORT,
11x3067,บริษัท เอ็ม เอ ซี เอส จำกัด,CH15,23 ซอยรัตนาธิเบศร์ 38 ตำบลบางกระสอ อำเภอเมืองนนทบุรี 11000,,,,,19x1,0.00000000,140,IMPORT,
11x3068,ห้างหุ้นส่วนจำกัด ลำปางศิริโรจน์,SV04,272/12-14 ถนนฉัตรไชย ตำบลสบตุ๋ย อำเภอเมืองลำปาง 52100,,,,,19x1,0.00000000,0,IMPORT,
11x3069,บริษัท โตนานเอเชีย จำกัด,SV01,19 ชั้น 3 ซอยบางนา-ตราด 25 ถนนบางนา-ตราด แขวงบางนา เขตบางนา 10260,,,,,19x1,0.00000000,0,IMPORT,
11x3070,บริษัท ยัวร์ ซัพพลายเออร์ จำกัด,SV04,247/201 หมู่ 1 ต.แพรกษาใหม่ อ.เมืองสมุทรปราการ 10280,,,,,19x1,0.00000000,0,IMPORT,
11x3071,ห้างหุ้นส่วนจำกัด โชคชัยกิจเจริญ,SV01,340/27 หมู่ 7 ต.สุรศักดิ์ อ.ศรีราชา 20110,,,,,19x1,0.00000000,0,IMPORT,
11x3072,ห้างหุ้นส่วนจำกัด ภวรวัฒน์,SV01,72/167 ซอย 10 ถนนยุทธศาสตร์ ตำบลปากแพรก อำเภอทุ่งสง 80110,,,,,19x1,0.00000000,0,IMPORT,
11x3073,บริษัท บางกอก เอ็นจีวี เอ็นจิเนียริง จำกัด,,83/4 ถนนสุวินทวงศ์ แขวงมีนบุรี เขตมีนบุรี 10510,,,,,19x1,0.00000000,0,IMPORT,
11x3074,บริษัท กัลยวรรธน์ แมชชินทูล จำกัด,SV04,147/53 ถ.บรมราชชนนี แขวงอรุณอมรินทร์ เขตบางกอกน้อย 10700,,,,,19x1,0.00000000,0,IMPORT,
11x3075,บริษัท อีซูซุสงวนไทยกรุงเทพ จำกัด,SV01,118 หมู่ 1 ถ.พระราม 2 (ธนบุรี-ปากท่อ) ต.บางน้ำจืด อ.เมืองสมุทรสาคร 74000,,,,,19x1,0.00000000,24,IMPORT,
11x3076,บริษัท ทิปโก้ เอฟแอนด์บี จำกัด,SV04,118/1 ถ.พระราม 6 แขวงพญาไท เขตพญาไท 10400,,,,,19x1,0.00000000,240,IMPORT,
11x3077,บริษัท เอเชียน อินซูเลเตอร์ จำกัด (มหาชน),MN03,254 ถ.เสรีไทย แขวงคันนายาว เขตคันนายาว 10230,,,,,19x1,0.00000000,688,IMPORT,
11x3078,บริษัท พีทีที แทงค์ เทอร์มินัล จำกัด,SV01,15 ถนนไอ-หนึ่ง ต.มาบตาพุด อ.เมืองระยอง 21150,,,,,19x78,0.00000000,0,IMPORT,
11x3079,บริษัท แอ๊บโฟลว์ เอ็นจิเนียริ่ง จำกัด,SV04,276/20 ถ.พิชัยสงคราม ต.ในเมือง อ.เมืองพิษณุโลก 65000,,,,,19x1,0.00000000,0,IMPORT,
11x3080,บริษัท สปี ออยล์ แอนด์ แก๊ส เซอร์วิสเซส (ประเทศไทย) จำกัด,SV01,1010 อาคารชินวัตร ทาวเวอร์ 3 ชั้น 18 ห้องเลขที่ 1801 ถ.วิภาวดีรังสิต แขวงจตุจักร 10900,,,,,19x23,0.00000000,0,IMPORT,
11x3081,บริษัท สาลี่ คัลเล่อร์ จำกัด (มหาชน),CH42,858 หมู่ที่ 2 ซอย 1C/1 นิคมอุตสาหกรรมบางปู ตำบลบางปูใหม่ อำเภอเมือง 10280,,,,,19x1,0.00000000,117,IMPORT,
11x3082,บริษัท ไทยเคนเปเปอร์ จำกัด  (มหาชน),PP01,222 หมู่ 1 ถนนแสงชูโต ตำบลวังขนาย อำเภอท่าม่วง 71110,,,,,19x1,0.00000000,126,IMPORT,
11x3083,บริษัท พีทีที เอ็มซีซี ไบโอเคม จำกัด,CH42,555/2 ศูนย์เอนเนอร์ยี่คอมเพล็กซ์ อาคารบี ชั้น14 ถนนวิภาวดีรังสิต แขวงจตุจักร เขตจตุจักร 10900,,,,,19x1,0.00000000,42,IMPORT,
11x3084,บริษัท อังกอร์ วัน จำกัด,SV01,72/388 ม.8 ตำบลบางกระสอ อำเภอเมืองนนทบุรี 11000,,,,,19x1,0.00000000,0,IMPORT,
11x3085,บริษัท ซันฟีด จำกัด,FD05,1/97-98 ซ.พหลโยธิน 40 ถ.พหลโยธิน แขวงเสนานิคม เขตจตุจักร 10900,,,,,19x88,0.00000000,179,IMPORT,
11x3086,บริษัท อินไซท์ เมคคานิคอล จำกัด,SV01,39/69-70 หมู่ 4 ตำบลบึงคำพร้อย อำเภอลำลูกกา 12150,,,,,19x1,0.00000000,0,IMPORT,
11x3087,บริษัทโมลิเมอร์ โพลิเทค (ไทยแลนด์) จำกัด,CH14,480 หมู่ที่ 4 ถ.สุขุมวิท ต.แพรกษา อ.เมืองสมุทรปราการ 10280,,,,,19x1,0.00000000,65,IMPORT,
11x3088,บริษัท เอ็นเอส-สยามยูไนเต็ดสตีล จำกัด,MT01,12 ซอย จี 2 ถนนปกรณ์สงเคราะห์ราษฎร์ ตำบลมาบตาพุด อำเภอเมืองระยอง 21150,,,,,19x90,0.00000000,658,IMPORT,
11x3089,บริษัท อารีย์ฟาแลน จำกัด,SV07,78 หมู่ 2 ตำบลคลองนครเนื่องเขต อำเภอเมืองฉะเชิงเทรา 24000,,,,,19x1,0.00000000,77,IMPORT,
11x3090,บริษัท ไวต้า จำกัด,FD05,22 ซอยสุขุมวิท 42 ถนนสุขุมวิท แขวงพระโขนง เขตคลองเตย 10110,,,,,19x1,0.00000000,36,IMPORT,
11x3091,โครงการปริญญาตรี ภาคพิเศษ คณะวิทยาการจัดการ,GV00,มก. วิทยาเขตศรีราชา  199 หมู่ 6 ถ.สุขุมวิท ต.ทุ่งสุขลา อ.ศรีราชา 20230,,,,,19x1,0.00000000,0,IMPORT,
11x3092,บริษัท เอเชีย แคน แมนูแฟคเจอริ่ง จำกัด,MT99,88/4 หมู่ 2 ตำบลพิมพา อำเภอบางปะกง 24180,,,,,19x27,0.00000000,100,IMPORT,
11x3093,บริษัท ยูบีที เอนจิเนียริ่ง จำกัด,SV01,178/63 ซอยสุขุมวิท 62 แขวงบางจาก เขตพระโขนง 10260,,,,,19x1,0.00000000,0,IMPORT,
11x3094,บริษัท ก้าวหน้า เทค อินเตอร์เนชั่นแนล จำกัด,SV01,410/185-186 หมู่ที่ 4 ถนนประชาอุทิศ แขวงบางมด  เขตทุ่งครุ 10140,,,,,19x1,0.00000000,0,IMPORT,
11x3095,บริษัท ไทย กลีเซอรีน จำกัด,CH05,102 หมู่ 3 ต.ท่าเสา อ.กระทุ่มแบน 74110,,,,,19x1,0.00000000,119,IMPORT,
11x3096,บริษัท โลไฮเซอวิส จำกัด,SV04,54/196 ซอยคู้บอน 50 แขวงบางชัน เขตคลองสามวา 10510,,,,,19x1,0.00000000,0,IMPORT,
11x3097,บริษัท พรีเมียร์ แทงค์ คอร์ปอเรชั่น จำกัด  (มหาชน),CH14,111 หมู่ 5 ต.หนองบัว อ.กันทรารมย์ 33130,,,,,19x1,0.00000000,0,IMPORT,
11x3098,บริษัท กังวาลเท็กซ์ไทล์ จำกัด,,144 หมู่ที่ 4 ถนนเพชรเกษม ตำบลบ้านฆ้อง อำเภอโพธาราม 70120,,,,,19x1,0.00000000,0,IMPORT,
11x4034,บริษัท มากอตโต จำกัด,,,,,,,19x1,0.00000000,0,WEBSERVICE,
11x4214,"GOULDS PUMPS CO.,LTD.",,,,,,,19x1,0.00000000,0,WEBSERVICE,
11x4245,"POWERKING PUMP CO.,LTD.",,,,,,,19x1,0.00000000,0,WEBSERVICE,
11x4277,"TOA COATING (CAMBODIA) CO., LTD.",,,,,,,19x1,0.00000000,0,WEBSERVICE,
11x4281,Linden Bucks Sdn Bhd,,,,,,,19x96,0.00000000,0,WEBSERVICE,
11x4424,คุณสุรพงษ์ ปลัดศรี,,,,,,,19x1,0.00000000,0,WEBSERVICE,
11x4561,บริษัท โมลิเมอร์ โพลิเทค (ไทยแลนด์) จำกัด,,,,,,,19x1,0.00000000,0,WEBSERVICE,
11x4681,CARIGALI-PTTEPI OPERATING COMPANY,,,,,,,19x43,0.00000000,0,WEBSERVICE,
11x4750,บริษัท ซีพีเอฟ  (ประเทศไทย)  จำกัด  (มหาชน),,,,,,,19x1,0.00000000,0,WEBSERVICE,
11x4767,บริษัท เคเอสแอล กรีน อินโนเวชั่น จำกัด (มหาชน),,,,,,,19x1,0.00000000,0,WEBSERVICE,
11x4771,บริษัท ไทย ไดโซ แอโรโซล จำกัด,,,,,,,19x1,0.00000000,0,WEBSERVICE,
11x4775,บริษัท บี.พี.เอส. เมนเทนแนนซ์เซอร์วิส จำกัด,,,,,,,19x1,0.00000000,0,WEBSERVICE,
11x4815,บริษัทไอ-คอนส์ เอเชีย จำกัด,,,,,,,19x77,0.00000000,0,WEBSERVICE,
11x5073,ST,,,,,,,19x1,0.00000000,0,WEBSERVICE,
11x5833,บริษัท อินโดรามา โพลีเอสเตอร์ อินดัสตรี้ส์ จำกัด,,,,,,,19x1,0.00000000,0,WEBSERVICE,
11x5959,บริษัท ปตท. จำกัด (มหาชน),,,,,,,19x1,0.00000000,0,WEBSERVICE,
11x8694,ีืunknown company,XX00,,,,,,20x10,0.00000000,0,CRM,
11x8815,สุรพงษ์ ปลัดศรี,,,,,,,19x13,0.00000000,0,WEBSERVICE,
11x9017,"Advance Industrial Techno and Survices Co.,LTD",SV04,898 หมู่ 10 ถนนนวมินทร์ 76 แขวงคลองกุ่ม เขตบึงกุ่ม กรุงเทพมหานคร 10230,,0930100959,,,19x45,0.00000000,0,CRM,
11x9019,IRICH,,,,0922952994,,,19x45,0.00000000,0,CRM,
11x9021,TIPCO ASPHALT,CH15,,,,,Active,19x45,0.00000000,0,CRM,
11x9024,"NEP Engineering Co.,Ltd.",,,,,,,19x55,0.00000000,0,CRM,
11x9027,บริษัท น้ำตาลมิตรผล จำกัด,,,,,,,19x37,0.00000000,0,CRM,https://www.mitrphol.com/contact-us.php
11x9030,Danisco Singapore,SV01,,,,,,19x27,0.00000000,0,CRM,
11x9033,Aica Hatyai co. ltd,,,,,,,19x37,0.00000000,0,CRM,
11x9051,TTCL,SV01,,,,,,19x53,0.00000000,0,CRM,
11x9055,Unknow Customer,,,,,,,19x13,0.00000000,0,WEBSERVICE,
11x9094,บริษัท วนชัย พาเนล อินดัสทรี่ส์ จํากัด,,,,,,,19x37,0.00000000,0,CRM,
11x9097,บริษัท ไรท์ คอร์ปอเรชั่น จำกัด,SV04,33/18 หมู่ 5 ถนนเสมา-ฟ้าคราม ตำบลคูคต อำเภอลำลูกกา,,02-5924282,,,19x19,0.00000000,0,CRM,www.right-corporation.ciom
11x9100,Aditya Birla Chemicals (Thailand) Limited,CH01,,,,,,19x51,0.00000000,0,CRM,
11x9102,บริษัท ถิงอัน ก่อสร้าง จำกัด,SV01,,,,,,19x44,0.00000000,0,CRM,
11x9107,Thyssen,SV01,,,,,,19x51,0.00000000,0,CRM,
11x9111,ZOLA ASPHALT,,,,032-,,,19x45,0.00000000,0,CRM,
11x9115,TIB ALL,,,,,,,19x45,0.00000000,0,CRM,
11x9117,PEPSI COLA,,,,053,,,19x45,0.00000000,0,CRM,
11x9119,"Thioka enterprise co.,ltd",,,,,,,19x37,0.00000000,0,CRM,
11x9546,Kadsun Service Ltd.,FD01,,,,,,19x51,0.00000000,0,CRM,
11x9567,บริษัท ไอริช จำกัด,SV04,,,,,,19x38,0.00000000,0,CRM,
11x9571,"บริษัท โกลบอลแอดวานซ์อินดัสตรี จำกัด (Global Advance Industry Co.,Ltd.)",,,,,,,19x37,0.00000000,0,CRM,
11x9576,ห้างหุ้นส่วนจำกัด เอส.เค. เจริญทรัพย์วิศวกรรม,SV04,,,,,,19x27,0.00000000,0,CRM,
11x9579,HMC Polymers,CH43,,,,,,19x54,0.00000000,0,CRM,
11x9584,POYRY,SV01,,,,,,19x53,0.00000000,0,CRM,
11x9596,"UGS Sales and Services Co.,Ltd.",,,,+66 (34) 479-901,,,19x45,0.00000000,0,CRM,
11x9598,บริษัท เคมบริดจ์ คอนซัลทิ่ง กรุ๊ป จำกัด,SV01,43/96 หมู่ที่ 3 ถนนพหลโยธิน แขวงอนุสาวรีย์ เขตบางเขน กรุงเทพมหานคร,,022853802,,,19x44,0.00000000,0,CRM,
11x9601,ห้างหุ้นส่วนจำกัดโชคชัยกิจเจริญ,SV01,340/27 หมู่ 7 ต.สุรศักดิ์ อ.ศรีราชา จ.ชลบุรี 20110,,,,,19x45,0.00000000,0,CRM,
11x9603,บริษัท ออโต แมชชีน พาร์ท (ประเทศไทย),SV04,,,02-034-3518,,,19x28,0.00000000,0,CRM,
11x9606,DOW CHEMICAL THAILAND LIMITED,CH42,,,,,,19x51,0.00000000,0,CRM,
11x9609,Purac,FD04,,,,,,19x51,0.00000000,0,CRM,
11x9612,PTT Global Chemical Public Company Limited,PE00,,,,,,19x65,0.00000000,0,CRM,
11x9626,E.O.C.,SV01,,,,,,19x53,0.00000000,0,CRM,
11x9629,Nueman & Esser,SV01,,,,,,19x51,0.00000000,0,CRM,
11x9631,THAI OIL,,,,,,,19x45,0.00000000,0,CRM,
11x9635,Thairotary,SV01,,,,,,19x53,0.00000000,0,CRM,
11x9637,บริษัท ยูทิลิตี้ บิสิเนส อัลลายแอนซ์ จำกัด (UBA),,,,,,,19x37,0.00000000,0,CRM,
11x9639,CHIMEC Thailand,,,,,,,19x30,0.00000000,0,CRM,
11x9641,บริษัท ฮีทอะเวย์ จำกัด,SV07,567/14 ถนนอ่อนนุช แขวงประเวศ เขตประเวศ,,,,,19x19,0.00000000,0,CRM,
11x9645,SCG TPC,CH42,,,,,,19x51,0.00000000,0,CRM,
11x9653,ซีพีเอฟ-กม.21,FD05,,,,,,19x27,0.00000000,0,CRM,
11x9657,SCG Chemical,CH42,,,,,,19x51,0.00000000,0,CRM,
11x9659,Adisorn,SV01,,,,,,19x43,0.00000000,0,CRM,
11x9661,บริษัท อนิวรรต ซัพพลาย จำกัด,SV04,,,02-7104211-13,,,19x21,0.00000000,0,CRM,
11x9667,"Bangkok Synthetics Co., Ltd. (BST)",CH01,,,,,,19x78,0.00000000,0,CRM,
11x9670,Jardine Engineering Company Limited,SV01,,,(66) 2079 5999 Ext. 2911,,,19x43,0.00000000,0,CRM,www.jec.com
11x9673,PTTEP Siam Limited,CH14,,,+66-02-537-5169,,,19x43,0.00000000,0,CRM,
11x9675,VS chem 1970,CH01,,,,,,19x31,0.00000000,0,CRM,
11x9677,S.D.B. Construction CO LTD,,,,,,,19x62,0.00000000,0,CRM,
11x9683,"HIKARI ENGINEERING CO.,LTD.",,,,,,,19x61,0.00000000,0,CRM,
11x9686,Advanced Industrial Techno and Services Co,SV01,,,,,,19x53,0.00000000,0,CRM,
11x9688,PTT Tank Terminal Company Limited,PE00,,,,,,19x65,0.00000000,0,CRM,
11x9692,บริษัท เอสเอ็นยู ซัพพลาย แอนด์ เซอร์วิส จำกัด,SV01,,,,,,19x18,0.00000000,0,WEBSERVICE,
11x9719,บริษัท สยาม เคเอ็น เอ็นจิเนียริ่ง จำกัด,SV04,,,,,,19x18,0.00000000,0,WEBSERVICE,
11x9734,ห้างหุ้นส่วนจำกัด เอ็นเคเอส แบริ่ง,SV04,,,,,,19x18,0.00000000,0,WEBSERVICE,
11x9738,ห้างหุ้นส่วนจำกัด ศิลาเพชรสุพรรณบุรี,MN99,,,,,,19x77,0.00000000,0,WEBSERVICE,
11x9780,บริษัท จีซีพี แอพพลายด์ เทคโนโลยีส์ โฮลดิ้งส์ (ไทยแลนด์) จำกัด,MN05,,,,,,19x18,0.00000000,0,WEBSERVICE,
11x9799,Star Petroleum Refining Public Company Limited,PE00,,,,,,19x51,0.00000000,0,CRM,
11x9810,INDUSTRIAL CONSTRUCTION & MAINTENANCE SERVICES PUBLIC COMPANY LIMITED (ICS),SV01,,,,,,19x53,0.00000000,0,CRM,
11x9811,PSP Specialty,,,,,,,19x62,0.00000000,0,CRM,
11x9819,Veolia Water Technologies (Thailand) Ltd.,,,,,,,19x13,0.00000000,0,WEBSERVICE,
11x9822,บริษัท อาร์ซีไอ แล็บสแกน จำกัด,,,,,,,19x13,0.00000000,0,WEBSERVICE,
11x9831,ซีพีเอฟ-ปักธงชัย,FD05,,,,,,19x13,0.00000000,0,WEBSERVICE,
11x9835,BRS INTERTRAD,,,,,,,19x13,0.00000000,0,WEBSERVICE,
11x9837,จี อินนอฟ,SV01,,,,,,19x13,0.00000000,0,WEBSERVICE,
11x9841,ESI,,,,,,,19x13,0.00000000,0,WEBSERVICE,
11x9844,บริษัท แอดวานซ์ อีควิปเม้นท์ เซ็นเตอร์ จำกัด,SV04,,,,,Active,19x35,0.00000000,0,CRM,
11x9849,บริษัท โปร-คิว พลัสแพค จำกัด,CH09,20230,,038-195488,thanida@pro-q.co.th,,19x29,0.00000000,0,CRM,
11x9852,I mechanic,,,,034240999,,,19x45,0.00000000,0,CRM,
11x9862,Neuman&Esser,SV01,,,,,,19x51,0.00000000,0,CRM,
11x9864,IRPC,PE00,,,,,,19x83,0.00000000,0,CRM,
11x9875,หจก.ไทย แฟบเทค,SV04,61/2 หมู่ที่ 2 หนองซ้ำซาก เมือง 20170,,038-198240,,Active,19x26,630000.00000000,0,CRM,
11x9881,บริษัท ทวิวรรณพลัส จำกัด,FD05,,,02-5203227-29,upoopakdee@gmail.com,,19x28,0.00000000,0,CRM,
11x9885,ซีพีเอฟ-พิษณุโลก,FD05,,,,,,19x27,0.00000000,0,CRM,
11x9895,เอช,SV04,,,,,,19x43,0.00000000,0,CRM,
11x9901,"P.P.Packaging Co., Ltd",SV04,,,,,,19x31,0.00000000,0,CRM,
11x9910,บริษัท ซีลิค เคมีคอล จำกัด,CH09,,,,,,20x6,0.00000000,0,CRM,
11x9915,น้ำมันพืชโอลีน,FD03,รงงาน เลขที่ 64 หมู่ 6 ถนนพระราม2 (ธนบุรี-ปากท่อ กม.)ตำบลบางโทรัด อำเภอเมือง จังหวัดสมุทรสาคร,,,,,19x45,0.00000000,0,CRM,
11x9920,Evonik United Silica (Siam) Limited,CH99,,,,,,19x51,0.00000000,0,CRM,
11x9927,Thai Styrenics Company Limited,CH43,,,,,,19x53,0.00000000,0,CRM,
11x9930,"M Force Co.,Ltd",SV01,,,038339905,mote@mforce.co.th,,19x43,0.00000000,0,CRM,
11x9956,บริษัท ฮิการิ เอ็นจิเนียริ่ง แอนด์ โลจิสติกส์ จำกัด,SV04,,,,,,19x18,0.00000000,0,WEBSERVICE,
11x9960,บริษัท โปร-คิว (ไทยแลนด์) จำกัด,CH09,,,,,,19x18,0.00000000,0,WEBSERVICE,
11x9970,บริษัท มากอตโต   จำกัด,MT01,,,,,,19x18,0.00000000,0,WEBSERVICE,
11x9974,สหกิจท่าเรือบริการ,SV01,,,,,,19x43,0.00000000,0,CRM,
11x9977,GENERATOR SYSTEM,,,,,,,19x62,0.00000000,0,CRM,
11x9982,บริษัท ยูเอชเอ็ม จำกัด,SV01,185/3 ถนน ราชดำริ แขวง ลุมพินี เขตปทุมวัน กรุงเทพมหานคร 10330,,086-783-0554,,,19x44,0.00000000,0,CRM,
11x9985,บริษัท นำวัฒนา แพ็คแอนด์พริ้นท์ จำกัด,SV04,,,,,,19x31,0.00000000,0,CRM,
11x9987,บริษัท พี พลัส โกลด์ อิเล็คทริคคอล แอนด์ ซัพพลาย จำกัด,SV04,,,02-067-6146,,Active,19x34,0.00000000,0,CRM,
11x9992,บริษัท เออร์โก้ เฮลธ์แคร์ โพรดัคส์ จำกัด,,,,,,,19x74,0.00000000,0,CRM,
11x10020,PETRACHEM,,,,,,,19x62,0.00000000,0,CRM,
11x10030,บริษัท กุลธรพรีเมียร์ จำกัด,,,,081-5763473,,,19x61,0.00000000,0,CRM,
11x10032,ฟาเท็ค เวิร์คส์,SV04,,,,,,19x28,0.00000000,0,CRM,
11x10074,"TSK Engineering (Thailand) Co.,Ltd.",SV01,,,,,,20x6,0.00000000,0,CRM,
11x10127,บริษัท แพนอินเตอร์เนชั่นแนล (ประเทศไทย) จำกัด,,,,,,,19x38,0.00000000,0,CRM,
11x10131,บริษัท เกรทเทสท์ เพ็ทแคร์ จำกัด,FD05,11 หมู่ 1 ต.สามบัณฑิต อ.อุทัย อุทัย 13210,,0649312393,mnt.gtpc@gmail.com,Active,19x28,0.00000000,0,CRM,
11x10146,บริษัท ยูจีเอส เซลส์ แอนด์ เซอร์วิส จำกัด,SV04,,,,,,19x43,0.00000000,0,WEBSERVICE,
11x10343,Danisco Singapore Pte. Ltd.,SV01,,,,,,19x18,0.00000000,0,WEBSERVICE,
11x10348,บริษัท ปตท. จํากัด (มหาชน),PE00,,,,,,19x18,0.00000000,0,WEBSERVICE,
11x10887,"VINA KRAFT PAPER CO., LTD.",PP01,,,,,,19x18,0.00000000,0,WEBSERVICE,
11x10958,บริษัท เอ็น-เทคโนโลยี คอนซัลแตนท์ จำกัด,OT99,,,,,,19x18,0.00000000,0,WEBSERVICE,
11x11013,GIG KARASEK GMBH,SV04,,,,,,19x18,0.00000000,0,WEBSERVICE,
11x11503,CARIGALI HESS OPERATING COMPANY SDN. BHD.,CH14,,,,,,19x18,0.00000000,0,WEBSERVICE,
11x11801,TOA COATING (MYANMAR) COMPANY LIMITED,CH43,,,,,,19x18,0.00000000,0,WEBSERVICE,
11x11838,บริษัท โอตานิ เรเดียล จำกัด,,,,,,,19x38,0.00000000,0,CRM,
11x11840,บริษัท บางกอก วอเตอร์เวิร์ก จำกัด,SV01,90/658 หมู่ 6 ถนนบางกรวย-ไทรน้อย ตำบลบางบัวทอง อำเภอบางบัวทอง จังหวัดนนทบุรี 11110,,029258245,,,20x7,0.00000000,0,CRM,
11x11847,TPI POLENE,CH01,,,,,,19x22,0.00000000,0,CRM,
11x11884,"Thai Asahi Kasei Spandex Co.,LTD.",CH42,,,,,,19x31,0.00000000,0,CRM,
11x11895,"P.S.POWER TRADING CO.,LTD.",,,,,,,20x6,0.00000000,0,CRM,
11x11947,บริษัท ซีเคไอดี,SV01,9/47 หมู่ที่ 4 ต.สุรศักดิ์ อ.ศรีราชา จ.ชลบุรี 20110,,,,,19x45,0.00000000,0,CRM,
11x11957,ไทย อบิลิตี้ เอ็นจิเนียริ่ง,SV01,"51/3 หมู่ที่ 6, ตำบลสำนักท้อน อำเภอบ้านฉาง จังหวัดระยอง, 21130",,0926047670,,,19x44,0.00000000,0,CRM,
11x11961,ซีพีเอฟ-ศรีราชา,FD05,,,,,,19x27,0.00000000,0,CRM,
11x11964,Eagle Intertran,,,,,,,19x45,0.00000000,0,CRM,
11x11978,บริษัท ไทย อคริลิค ไฟเบอร์ จำกัด,TT00,,,,,,19x31,0.00000000,0,CRM,
11x11983,Kurita,,,,086-0725550,,,19x51,0.00000000,0,CRM,
11x12157,บริษัท เอ็นเอส บลูสโคป (ประเทศไทย) จำกัด,MT01,,,,,,19x90,0.00000000,0,WEBSERVICE,
11x12172,JSR BST Elastomer (JBE),CH99,,,,,,19x54,0.00000000,0,CRM,
11x12176,TOMITA ASIA,OM00,"4/222, หมู่ 10, ฮาเบอร์มอลล์ ชั้น 5, ห้อง5A01, ถนนสุขุมวิท, ตำบล ทุ่งสุขลา อำเภอ ศรีราชา , ชลบุรี 20230",,,,,20x7,0.00000000,0,CRM,
11x12183,บริษัท ริเวอร์โปร์ พัลพ แอนด์ เพเพอร์ จำกัด,PP01,,,,wuttikrai_pit@riverpro.co.th,Active,19x34,0.00000000,0,CRM,
11x12197,THAI UNIION SCREW NUT,,,,,,,19x45,0.00000000,0,CRM,
11x12248,"SCG Chemicals Co.,Ltd.",CH42,,,,,,19x53,0.00000000,0,CRM,
11x12258,FOCUS MECHANIC,,,,,,,19x45,0.00000000,0,CRM,
11x12270,Top Gas,SV01,,,,,,19x43,0.00000000,0,CRM,
11x12288,ซีพีเอฟ-ราชบุรี,FD05,,,,,,19x27,0.00000000,0,CRM,
11x12302,"TAIKISHA (THAILAND) CO., LTD.",,,,,,,19x45,0.00000000,0,CRM,
11x12334,C.P. Vietnam Corporation - Binh Duong,,,,,,,19x13,0.00000000,0,WEBSERVICE,
11x12398,"Bangkok Synthetics Co.,Ltd. (ยกเลิก)",,,,,,,19x13,0.00000000,0,WEBSERVICE,
11x12459,บริษัท อุตสาหกรรม วินิลเทค จำกัด,,,,,,,19x13,0.00000000,0,WEBSERVICE,
11x12491,"PETROLEUM TRADING LAO CO.,LTD",,,,,,,19x13,0.00000000,0,WEBSERVICE,
11x12534,บริษัท โนวาเท็ค จำกัด (ยกเลิก),,,,,,,19x13,0.00000000,0,WEBSERVICE,
11x12579,นางสาว ภัทรสุดา เหลืองสุขวิมล,,,,,,,19x13,0.00000000,0,WEBSERVICE,
11x12647,นายสันติ สาลีสี,,,,,,,19x13,0.00000000,0,WEBSERVICE,
11x12779,นางสาวรสรินทร์ แก่นทอง,,,,,,,19x13,0.00000000,0,WEBSERVICE,
11x12806,"LAO ME SAI CO.,LTD.",,,,,,,19x13,0.00000000,0,WEBSERVICE,
11x12864,PTT Polyethylene Company Limited (ยกเลิก),,,,,,,19x13,0.00000000,0,WEBSERVICE,
11x12899,บริษัท ยูทิลิตี้ บิสิเนส อัลลายแอนซ์  จำกัด,,,,,,,19x13,0.00000000,0,WEBSERVICE,
11x13242,CHAROEN POKPHAND FOODS PHILIPPINES CORPORATION,,,,,,,19x13,0.00000000,0,WEBSERVICE,
11x13342,VICHET KUNG,,,,,,,19x13,0.00000000,0,WEBSERVICE,
11x13480,C.P. VIETNAM CORPORATION HAI DUONG BRANCH,,,,,,,19x13,0.00000000,0,WEBSERVICE,
11x13799,นายเตชิต ชลสงคราม,,,,,,,19x13,0.00000000,0,WEBSERVICE,
11x13911,คุณธนพล เอื้อวงศ์กูล,,,,,,,19x13,0.00000000,0,WEBSERVICE,
11x14014,IDEX Asia Pacific Pte Ltd,,,,,,,19x13,0.00000000,0,WEBSERVICE,
11x14080,HMC Polymers Company Limited (ยกเลิก),,,,,,,19x13,0.00000000,0,WEBSERVICE,
11x14240,บริษัท สยามราชธานี (ตะวันออก) จำกัด.,,,,,,,19x13,0.00000000,0,WEBSERVICE,
11x14597,บริษัท แม็ททอล อินเตอร์ เทคโนโลยี จำกัด,,,,,,,19x13,0.00000000,0,WEBSERVICE,
11x14646,CP Viet Nam Corporation -  Binh Dinh Feed Mill,,,,,,,19x13,0.00000000,0,WEBSERVICE,
11x14831,United Tradewind Trading Sdn.Bhd.,,,,,,,19x13,0.00000000,0,WEBSERVICE,
11x15134,"Myanmar C.P Livestock Co.,Ltd.",,,,,,,19x13,0.00000000,0,WEBSERVICE,
11x15151,"C.P.CAMBODIA CO.,LTD.",,,,,,,19x27,0.00000000,0,WEBSERVICE,
11x15167,นายสมยศ โชตินอก,,,,,,,19x13,0.00000000,0,WEBSERVICE,
11x15263,บริษัท ซีพีเอฟ (ประเทศไทย) จำกัด (มหาชน),,,,,,,19x13,0.00000000,0,WEBSERVICE,
11x15313,"Mitr Lao Sugar Co.,Ltd.",,,,,,,19x13,0.00000000,0,WEBSERVICE,
11x15344,คุณ สุวภัทร บุตรโคตร,,,,,,,19x13,0.00000000,0,WEBSERVICE,
11x15735,คุณวรานิษฐ์  สุวรรณนาวาพล,,,,,,,19x13,0.00000000,0,WEBSERVICE,
11x15802,Siemens AG Energy Sector,,,,,,,19x13,0.00000000,0,WEBSERVICE,
11x15834,บริษัท เอ็มเค เค เอเซีย จำกัด(ยกเลิก),,,,,,,19x13,0.00000000,0,WEBSERVICE,
11x16057,"ASIA TYCOONS GROUP CO., LTD.",,,,,,,19x13,0.00000000,0,WEBSERVICE,
11x16252,บริษัท สวนส้มทรายทอง จำกัด,,,,,,,19x13,0.00000000,0,WEBSERVICE,
11x16881,นาย ขวัญเมือง ปานเรือง,,,,,,,19x13,0.00000000,0,WEBSERVICE,
11x17345,C.P.VIETNAM CORPORATION,,,,,,,19x13,0.00000000,0,WEBSERVICE,
11x17720,"C.P.LAOS CO.,LTD",,,,,,,19x13,0.00000000,0,WEBSERVICE,
11x17818,นาย อรรณพ  เหลืองปฐมอร่าม,,,,,,,19x13,0.00000000,0,WEBSERVICE,
11x18752,คุณวิชัย แสงสุขเอี่ยม,,,,,,,19x13,0.00000000,0,WEBSERVICE,
11x19385,นายสาธิต พรวัฒนา,,,,,,,19x13,0.00000000,0,WEBSERVICE,
11x20028,บริษัท กิตติวดีศิลาพาณิชย์  จำกัด,,,,,,,19x13,0.00000000,0,WEBSERVICE,
11x20448,บริษัท เอส เอส พี เพลส จำกัด,,,,,,,19x13,0.00000000,0,WEBSERVICE,
11x20457,STOCK NGV,,,,,,,19x13,0.00000000,0,WEBSERVICE,
11x20469,คุณจรูญรัตน์ อิ่มมั่น,,,,,,,19x13,0.00000000,0,WEBSERVICE,
11x20483,บริษัท ไทยเซรามิคพาวเวอร์ จำกัด (ยกเลิก),,,,,,,19x13,0.00000000,0,WEBSERVICE,
11x20493,ห้างหุ้นส่วนจำกัด พี.เอส. อโกร-อินดัสเตรียล เซอร์วิส(ยกเลิก),,,,,,,19x13,0.00000000,0,WEBSERVICE,
11x20501,momentive,AG02,,,,,,19x78,0.00000000,0,CRM,
11x20503,บริษัท ซันฟู้ด อินเตอร์เนชั่นแนล จำกัด,FD05,,,02-5611455,,,19x28,0.00000000,0,CRM,
11x20505,บริษัท ทีโอเอ เคมิคอล อินดัสตรีส์ จำกัด,,,,,,,19x13,0.00000000,0,WEBSERVICE,
11x20576,บริษัท อดิตยา เบอร์ล่า เคมีคัลส์ (ประเทศไทย) จำกัด,,,,,,,19x13,0.00000000,0,WEBSERVICE,
11x20606,KRIS  ENERGY,,,,,,,19x45,0.00000000,0,CRM,
11x20608,ซีพีเอฟ-หนองแค,FD05,,,,,,19x27,0.00000000,0,CRM,
11x20610,FLORADUNAR,,,,,,,19x62,0.00000000,0,CRM,
11x20613,พีอีจี อินเตอร์เทค,,,,,,,19x51,0.00000000,0,CRM,
11x20627,"Continental Petrochemicals (Thailand) Co., Ltd.",CH01,,,02-3151478,,,19x31,0.00000000,0,CRM,
11x20629,Absolute Vac,SV01,,,,,,19x51,0.00000000,0,CRM,
11x20652,ไก่สดเซนทาโก,,,,081-9079346,,,19x28,0.00000000,0,CRM,
11x20655,เอ็นเอชเค แอนโทลิน (ประเทศไทย),CH41,,,02-7094410,,,19x28,0.00000000,0,CRM,
11x20666,ผลิตภัณฑ์ตราเพชร,,69/70 ม.1 ถ.มิตรภาพ กม.115 ต.ตลิ่งชัน เมือง 18000,,086-7509798,,,19x28,0.00000000,0,CRM,
11x20697,บริษัท วี.ซี.เอฟ กรุ๊ป จำกัด,,,,089-1216998,,,19x28,0.00000000,0,CRM,
11x20707,นิคมอุตสาหกรรม304,UT03,3079 ทางหลวงแผ่นดินหมายเลข ศรีมหาโพธิ อำเภอศรีมหาโพธิ ปราจีนบุรี 25140,,,,,19x44,0.00000000,0,CRM,
11x20717,บริษัท โตแมค เอเซีย จำกัด,SV01,,,,,,19x28,0.00000000,0,CRM,
11x20842,พีเอพี แก็ส วัน จำกัด,CH02,240/48 ชั้น 22 อาคารอโยธยาทาวเวอร์ ถนนรัชดาภิเษก ซอยรัชดาภิเษก18. แขวงห้วยขวาง เขตห้วยขวาง กรุงเทพมหานคร 10310,,,,,19x44,0.00000000,0,CRM,
11x20856,Acushnet Titleist,AG99,,,,,,19x51,0.00000000,0,CRM,
11x20885,บริษัท โกลบอลแอดวานซ์อินดัสตรี จำกัด,AG03,,,,,,19x34,0.00000000,0,WEBSERVICE,
11x20888,บริษัท รีฟริเทค  จำกัด,SV04,,,,,,19x18,0.00000000,0,WEBSERVICE,
11x20891,บริษัท ไทยลักซ์ เอ็นเตอร์ไพรส์ (ประเทศไทย) จำกัด,FD05,,,,,,19x70,0.00000000,0,WEBSERVICE,
11x20943,AJINOMOTO กำแพงเพชร,FD04,369 หมู่ 3 ถนนกำแพงเพชร-ท่ามะเขือ ตำบลคณฑี อำเภอเมืองกำแพงเพชร จังหวัด กำแพงเพชร 62000,,,,,19x45,0.00000000,0,CRM,
11x20946,"TKK Corporation Co.,Ltd.",SV04,,,,,,19x51,0.00000000,0,CRM,
11x20980,"WS Pump.co.,ltd",,,,,,,19x21,0.00000000,0,CRM,
11x21014,BOONKASEM,,,,,,,19x45,0.00000000,0,CRM,
11x21023,น้ำมันพืชปทุม,FD03,29/3 หมู่ 6 ถ.ปทุมธานี – ลาดหลุมแก้ว อ.ลาดหลุมแก้ว จ.ปทุมธานี 12140,,,,,19x45,0.00000000,0,CRM,
11x21026,บริษัท เจบีเอฟ จำกัด,FD05,164 ม.11 กำแพงแสน,,,,,19x27,0.00000000,0,CRM,
11x21152,หจก. พิกมลบริการ,UT00,ถนนท่าโพธิ์ศรี-เดชอุดม ตำบลสีวิเชียร อำเภอน้ำยืน อุบลราชธานี 34260,,098-2363562,,Active,19x43,2500000.00000000,0,CRM,
11x21154,SCF,,,,,,,19x55,0.00000000,0,CRM,
11x21155,NFC,CH11,,,,,,19x78,0.00000000,0,CRM,
11x21159,Operational Energy Group Limited,,,,038 481548-50,,,19x45,0.00000000,0,CRM,
11x21218,ฟีดสเปเชียลตี้,,,,,,,19x28,0.00000000,0,CRM,
11x21227,ซีพีเอฟ-โคกกรวด,FD05,,,,,,19x27,0.00000000,0,CRM,
11x21229,ราชาฟีดส์,FD05,,,,,,19x27,0.00000000,0,CRM,
11x21237,มากอตโต-หัวปลวก,MT01,,,,,,19x27,0.00000000,0,CRM,
11x21239,ซีพีเอฟ-โคกตูม,FD05,,,,,,19x27,0.00000000,0,CRM,
11x21249,ซีพีเอฟ-กบินทร์บุรี,FD05,,,,,,19x27,0.00000000,0,CRM,
11x21259,เอ็น.ที.เอส. สตีลกรุ๊ป,,,,,,,19x27,0.00000000,0,CRM,
11x21262,บริษัท ฮอน ชวน (ประเทศไทย) จำกัด,CH42,,,,,,19x31,0.00000000,0,CRM,
11x21265,ซีพีเอฟสัตว์น้ำ-มหาชัย,,,,,,,19x27,0.00000000,0,CRM,
11x21309,เบทาโกร-รง.3,FD05,,,,,,19x27,0.00000000,0,CRM,
11x21311,บริษัท ซี บี เค เอ็นจิเนียริ่ง กรุ๊ป จำกัด,,,,,,,19x64,0.00000000,0,CRM,
11x21313,บริษัท ซูมิเพ็กซ์ (ประเทศไทย) จำกัด,CH42,,,,,,19x31,0.00000000,0,CRM,
11x21334,บริษัท อาซาฮี คาเซอิ สปันบอนด์ (ประเทศไทย) จำกัด,TT01,,,,,,19x31,0.00000000,0,CRM,
11x21340,บริษัท ไทย อาซาฮี คาเซอิ สแปนเด็กซ์ จำกัด,TT01,,,,,,19x92,0.00000000,0,CRM,
11x21346,บริษัท อยุธยากล๊าส อินดัสทรี จำกัด,,55 หมู่ 3 สวนอุตสาหกรรมโรจนะ ตำบลสามบัณฑิต อำเภออุทัย 13210,,,,,19x64,0.00000000,0,CRM,
11x21347,บริษัท พีเจ เทค ซัพพลาย จำกัด,,,,,,,19x64,0.00000000,0,CRM,
11x21348,บริษัท ไทย มาลายา กลาส จำกัด,,,,,,,19x28,0.00000000,0,CRM,
11x21349,บริษัท สแตนดาร์ด อินซูเลเตอร์ จำกัด.,,,,,,,19x64,0.00000000,0,CRM,
11x21357,บริษัท ซาเดซ่า (ประเทศไทย) จำกัด,,,,,,,19x64,0.00000000,0,CRM,
11x21360,บริษัท วีเอ็น แอ็ดเทค จำกัด,SV04,,,,,,19x64,0.00000000,0,CRM,
11x21363,บริษัท บลูฟาโล่ จำกัด,,,,,,,19x64,0.00000000,0,CRM,
11x21364,INDORAMA  PETROCHEM LIMITED,CH99,,,,,,19x53,0.00000000,0,CRM,
11x21366,บริษัท เอส วาย เทค คอปอร์เรชั่น จำกัด,SV01,,,,,,19x64,0.00000000,0,CRM,
11x21368,บริษัท เอ็มทีอี จำกัด,,,,,,,19x38,0.00000000,0,CRM,
11x21369,บริษัท โอราโนส จำกัด,,,,,,,19x64,0.00000000,0,CRM,
11x21371,บริษัท เอเชี่ยน ฟีด จำกัด,,,,,,,19x64,0.00000000,0,CRM,
11x21427,ห้างหุ้นส่วนจำกัด สหกิจท่าเรือบริการ,CH14,,,,,,19x18,0.00000000,0,WEBSERVICE,
11x21429,ห้างหุ้นส่วนจำกัด พิทกมลบริการ,CH14,,,,,,19x18,0.00000000,0,WEBSERVICE,
11x21482,"Advanced Industrial Techno and Services Co.,Ltd.",SV04,898 หมู่ 10 ถนนนวมินทร์ 76 แขวงคลองกุ่ม เขตบึงกุ่ม กรุงเทพมหานคร 10230,,,,,19x45,0.00000000,0,CRM,
11x21484,บริษัท มิสซิเบิล เทคโนโลยี่ จำกัด,SV01,,,,,,19x64,0.00000000,0,CRM,
11x21487,B Living Property (Condo),AG99,,,,,,19x53,0.00000000,0,CRM,
11x21489,I RICH,,,,,,,19x45,0.00000000,0,CRM,
11x21497,EXTERRAN,,,,,,,19x45,0.00000000,0,CRM,
11x21520,"A-WAN ENGINEERING CO.,LTD",SV01,17/3 หมู่ 4 ตำบลท่าไม้ อำเภอกระทุ่มแบน จังหวัดสมุทรสาคร,,,,,19x45,0.00000000,0,CRM,
11x21578,"B.P.S. MAINTENANCE SERVICE CO.,LTD.",SV04,15 ซอย เฉลิมพระเกียรติ 48 แยก 4 ถนน เฉลิมพระเกียรติ ร.9 แขวง ดอกไม้ เขต ประเวศ กรุงเทพมหานคร 10250,,,,,19x45,0.00000000,0,CRM,
11x21592,"SYNERGY SERVICES CO.,LTD.",SV01,,,,,,19x53,0.00000000,0,CRM,
11x21634,AJINOMOTO พระประแดง,FD04,โรงงาน 6 หมู่ 2 ซอย 43 ถนนสุขสวัสดิ์ ตำบลบางครุ อำเภอพระประแดง จังหวัดสมุทรปราการ 10130,,,,,19x45,0.00000000,0,CRM,
11x21636,บริษัท โนวาซิล (ไทยแลนด์) จำกัด,,,,,,,19x74,0.00000000,0,CRM,
11x21651,"STAR PLUS Chemical Co.,Ltd",CH01,,,,,,19x51,0.00000000,0,CRM,
11x21658,บริษัท คาร์กิลล์สยาม จำกัด (รง.เพชรบุรี),FD05,,,,,,19x64,0.00000000,0,CRM,
11x21707,วาย.โอ.เยนเนอรัล ซัพพลาย(1983) จำกัด,SV01,"161,163 ถนนบรรทัดทอง แขวงถนนเพชรบุรี เขตราชเทวี กรุงเทพมหานคร",,0-2216-7268-9,,,19x44,0.00000000,0,CRM,
11x21709,บริษัท ปั๊มเซิร์ฟ จำกัด,SV04,,,,,,19x34,0.00000000,0,CRM,
11x21712,SCB,UT00,,,,,,19x43,0.00000000,0,CRM,
11x21718,PPP GREEN,,,,,,,19x45,0.00000000,0,CRM,
11x21722,บริษัท เคสเทรล เทค จำกัด,SV04,,,0643962099,,,19x21,0.00000000,0,CRM,
11x21825,B.P. Air,SV01,"11/89  หมู่ 20  ซอย  เทศบาล  25  ถนนนิมิดใหม่

ตำบล  ลำลูกกา  อำเภอ  ลำลูกกา

ปทุมธานี  12150  ประเทศไทย",,,,,19x62,0.00000000,0,CRM,
11x21861,REPCO,CH42,,,,,,19x78,0.00000000,0,CRM,
11x21886,บริษัทไนโตรเคมีอุตสาหกรรม  จำกัด,CH01,,,,,,19x18,0.00000000,0,WEBSERVICE,
11x21900,"B-TAC Industrial Automation Co.,Ltd.",SV01,,,(+66)02-332-5555 ext. 325,purchase3@btacia.co.th,,19x34,0.00000000,0,CRM,www.btacia.co.th
11x21936,ABFLOW,SV01,"276/20 Pichaisongkram Rd , Muang, Phitsanulok 65000",,,,,19x62,0.00000000,0,CRM,
11x21945,"Siam Mitsui PTA Co.,Ltd.",,,,038-685100,,,19x55,0.00000000,0,CRM,
11x21954,ATT Consultants,SV04,,,0865414246,mr_wittor@hotmail.com,,19x43,0.00000000,0,CRM,
11x21977,Bangchak Biofuel Company Limited,,,,,,,19x45,0.00000000,0,CRM,
11x21990,Veolia Water Technologies,SV01,"142 Sukhumvit Road Two Pacific Place Building, 22th floor, Suite 2204, เขตคลองเตย กรุงเทพมหานคร 10110",,,,,19x62,0.00000000,0,CRM,
11x22004,Corbion,,,,,,,19x55,0.00000000,0,CRM,
11x22027,มิตรภาพอาหารสัตว์,,,,,,,19x28,0.00000000,0,CRM,
11x22041,บริษัท เวิลด์ไวด์ โซลูชั่นส์ 2014 จำกัด,,,,,,,19x36,0.00000000,0,CRM,
11x22067,มากอตโต-หนองแค,MT01,,,,,,19x27,0.00000000,0,CRM,
11x22073,รอแยลแคนอินดัสทรีส์,,,,,,,19x27,0.00000000,0,CRM,
11x22171,สเมทริคอล,,,,,,,19x28,0.00000000,0,CRM,
11x22191,TACTONIC,,,,,,,19x55,0.00000000,0,CRM,
11x22201,บริษัท ยูโรเปี้ยนสแนคฟู้ด จำกัด,FD99,44/93 หมู่ 3 ซอยอุ่นอารี ถนนสุขุมวิท ตำบลท้ายบ้านใหม่ อำเภอเมืองสมุทรปราการ จังหวัดสมุทรปราการ 10280,,,,,19x45,0.00000000,0,CRM,
11x22237,บริษัท พรีแพค ประเทศไทย จำกัด,CH42,,,,,,19x92,0.00000000,0,WEBSERVICE,
11x22247,บริษัท แอบโซลูท แวค จำกัด,SV04,,,,,,19x18,0.00000000,0,WEBSERVICE,
11x22258,บริษัท บีแทค อินดัสเตรียล ออโตเมชั่น จำกัด,SV04,,,,,,19x18,0.00000000,0,WEBSERVICE,
11x22263,"Glow Energy Public Co., Ltd.",UT00,,,,,,19x65,0.00000000,0,CRM,
11x22272,บริษัท ทองพูน เอ็นจิเนียริ่ง จำกัด,SV04,,,021530064,,,19x34,0.00000000,0,CRM,
11x22274,ห้างหุ้นส่วนจำกัด อภินันทน์,SV04,,,,,,19x22,0.00000000,0,CRM,
11x22284,SUMITOMO RUBBER,AG02,,,,,,19x53,0.00000000,0,CRM,
11x22324,บางกอกแร้นช์ จำกัด (มหาชน),,,,,,,19x28,0.00000000,0,CRM,
11x22327,ไทสัน ฟีด (ไทยแลนด์) จำกัด,,,,,,,19x28,0.00000000,0,CRM,
11x22365,THAI STEAM,,,,,,,19x45,0.00000000,0,CRM,
11x22368,สุขภัคซัพพลาย,SV04,80 ซอยเฉลิมพระเกียรติ ร.9 ซอย 14 แยก 25 ดอกไม้ เขตประเวศ กทม,,,,,19x45,0.00000000,0,CRM,
11x22376,บริษัท เจเทค ออโตเมชั่น เซ็นเตอร์ จำกัด,SV04,,,,,,19x64,0.00000000,0,CRM,
11x22402,บริษัท เทคนิคัล โซลูชั่น,OM00,596 ถนนประดิษฐ์มนูธรรม. แขวงพลับพลา เขตวังทองหลาง กรุงเทพมหานคร 10310,,,,,19x45,0.00000000,0,CRM,
11x22419,หจก. ธันวา เซลล์แอนด์เซอร์วิส,,,,,,,19x27,0.00000000,0,CRM,
11x22430,บริษัท คาร์กิลล์สยาม จำกัด (รง.โคราช),FD05,,,,,,19x64,0.00000000,0,CRM,
11x22547,คาร์กิลล์สยาม-ฉะเชิงเทรา,FD05,,,,,,19x27,0.00000000,0,CRM,
11x22552,"Process Engineering Services Co., Ltd.",,,,,,,19x45,0.00000000,0,CRM,
11x22631,PSS Group of Companies (ONEPSS),,,,,,,19x48,0.00000000,0,CRM,
11x22636,Akesara,,,,,,,19x55,0.00000000,0,CRM,
11x22637,Eaksara,,,,,,,19x55,0.00000000,0,CRM,
11x22655,บริษัท ไก่สดเซนทาโก จำกัด,FD05,,,,,,19x18,0.00000000,0,WEBSERVICE,
11x22669,บริษัท เคพี เพาเวอร์เทค จำกัด,SV01,,,,,,19x18,0.00000000,0,WEBSERVICE,
11x22685,บริษัท ซีอีเอส. เอ็นจิเนียริ่ง แอนด์ เมนเทนแนนซ์ เซอร์วิสเซส จำกัด,CH14,,,,,,19x18,0.00000000,0,WEBSERVICE,
11x22722,บริษัท ฟิล์มมาสเตอร์ จำกัด,CH42,,,,,,19x92,0.00000000,0,CRM,
11x22755,บริษัท คาร์กิลล์มีทส์ (ไทยแลนด์) จำกัด (รง.สระบุรี),FD04,,,,,,19x64,0.00000000,0,CRM,
11x22766,ซีพีเอฟ-ขอนแก่น,FD05,,,,,,19x27,0.00000000,0,CRM,
11x22822,"MONDELEZ INTERNATINAL(THAILAND)CO.,LTD.",,,,02-3263170,pranee.sitthiluck@mdlz.com,,19x45,0.00000000,0,CRM,
11x22838,Linde,OG00,,,,,,19x78,0.00000000,0,CRM,
11x22931,บริษัท โอจิ เปเปอร์ (ไทยแลนด์) จำกัด,PP00,,,037-210 902- 14,,,19x34,0.00000000,0,CRM,
11x22935,ฮ.รุ่งเรืองพัฒนา,SV04,,,,,,19x34,0.00000000,0,CRM,
11x22936,บริษัท ปัญจพล พัลพ์ อินดัสตรี้ จำกัด(มหาชน),,,,,,,19x34,0.00000000,0,CRM,
11x22943,"WE SERVE ENGINEERING AND SERVICE CO., LTD.",,,,,,,19x45,0.00000000,0,CRM,
11x22964,ซีพี เมจิ,FD01,"CP Tower 2 Building, 30 FL, ถนนรัชดาภิเษก Dindaeng, เขตดินแดง กรุงเทพมหานคร 10320",,036387582,,,19x44,0.00000000,0,CRM,
11x22976,Cosmic Engineering,SV04,,,0875170796,,,19x21,0.00000000,0,CRM,
11x23051,บริษัท สงวนวงษ์อุตสาหกรรม จำกัด,,,,,,,19x38,0.00000000,0,CRM,
11x23074,บริษัท วี.เอส.เค โมชั่น แอนด์ คอนโทรล จำกัด.,SV04,,,,,,19x64,0.00000000,0,CRM,
11x23077,"big construction gas co.,Ltd",,,,,,,19x64,0.00000000,0,CRM,
11x23083,บริษัท ซีพีเอฟ  (ประเทศไทย) จำกัด  (มหาชน),FD05,,,,,,19x18,0.00000000,0,WEBSERVICE,
11x23101,LIXIL (Thailand) Public Company Limited,CH42,,,,,,19x65,0.00000000,0,CRM,
11x23103,TECHTRONIC,,,,,,,19x61,0.00000000,0,CRM,
11x23156,MOTOLOGY,,,,02-1507808-10,,,19x61,0.00000000,0,CRM,
11x23164,ห้างหุ้นส่วนจำกัด ทีทีเอ็ม วิศวกรรม,SV04,29 หมู่2 ตำบลไผ่ขวาง อำเภอบ้านหมอ,,,,,19x19,0.00000000,0,CRM,
11x23167,"ASSA INTERNATIONAL CO.,LTD",,,,,,,19x37,0.00000000,0,CRM,
11x23172,ซีพีเอฟ-สงขลา,FD05,,,,,,19x27,0.00000000,0,CRM,
11x23173,Solvay,,,,,,,19x55,0.00000000,0,CRM,
11x23206,AQUIP,SV04,140/23 หมู่ 12 ถนนกิ่งแก้ว ตำบลราชาเทวะ อำเภอบางพลี จังหวัด สมุทรปราการ 10540,,,,,19x45,0.00000000,0,CRM,
11x23267,MODELEZ,,,,,,,19x45,0.00000000,0,CRM,
11x23318,บริษัท เอ็ม.ที.ที. เอ็นเตอร์ไพรส์ จำกัด,SV04,195/17 ถนนเทศบาลพัฒนา 1 ตำบลเหมือง อำเภอเมืองชลบุรี,,,,,19x19,0.00000000,0,CRM,
11x23321,GFPT,,,,,,,19x44,0.00000000,0,CRM,
11x23323,GETEC,,,,,,,19x45,0.00000000,0,CRM,
11x23340,ไทย จี ซี ไอ เรซิน ท๊อป,,,,081-9409998,,,19x55,0.00000000,0,CRM,
11x23350,PLUSMAX,,,,,,,19x45,0.00000000,0,CRM,
11x23352,การประปาส่วนภูมิภาค,GV00,,,,,,19x43,0.00000000,0,CRM,
11x23356,บริษัท ดู เดย์ ดรีม จำกัด (มหาชน),,,,,,,19x35,0.00000000,0,CRM,
11x23358,บริษัท วานิชย์เจริญ เทรดดิ้ง จำกัด,SV04,,,,,,19x21,0.00000000,0,CRM,
11x23360,บริษัท ไทยซัมมิท ฮาร์เนส จำกัด (มหาชน),UT99,,,,,,19x21,0.00000000,0,CRM,
11x23370,บริษัท ไบร์ท ออโตเมชั่น (ประเทศไทย) จำกัด,SV04,,,,,,19x18,0.00000000,0,WEBSERVICE,
11x23400,อาหารเบทเทอร์,FD01,4/2 หมู่ 7 ซอยสุขาภิบาล 2 ถนนพุทธมณฑลสาย 5 ตำบลอ้อมน้อย อำเภอกระทุ่มแบน จังหวัดสมุทรสาคร,,,,,19x44,0.00000000,0,CRM,
11x23404,เบทาโกร-รง.ปากช่อง,,,,,,,19x27,0.00000000,0,CRM,
11x23437,ซีพีเอฟ มีนบุรี1,FD01,48 หมู่ที่ 9 ถนนสุวินทวงศ์ แขวงแสนแสบ เขตมีนบุรี กรุงเทพฯ 10510,,,,,19x44,0.00000000,0,CRM,
11x23448,บริษัท จอห์นสัน แอนด์ จอห์นสัน คอนซูเมอร์ (ประเทศไทย),,,,,,,19x35,0.00000000,0,CRM,
11x23455,ENRICH,,,,,,,19x45,0.00000000,0,CRM,
11x23463,เบทาโกร-รง.4,,,,,,,19x27,0.00000000,0,CRM,
11x23469,เบทาโกร-วิศวกรรมส่วนกลาง,,,,,,,19x27,0.00000000,0,CRM,
11x23502,UBE,MN99,,,,,,19x65,0.00000000,0,CRM,
11x23544,บริษัท โอ เอ เซลส์ แอนด์ เซอร์วิส  จำกัด,OM00,119/4 เพล็กซ์ วัชรพล ซอยร่วมมิตรพัฒนา ถนน วัชรพล แขวงท่าแร้ง เขตบางเขน. จังหวัด : กรุงเทพมหานคร. รหัสไปรษณีย์ : 10220,,,,,19x45,0.00000000,0,CRM,
11x23548,"TOKA ENGINEERING CO., LTD.",,,,,,,19x45,0.00000000,0,CRM,
11x23622,เอ็น ยู ที แมชชินเนอรี่,,,,,,,19x28,0.00000000,0,CRM,
11x23700,DOLE THAILAND,,,,,,,19x45,0.00000000,0,CRM,
11x23719,All Pumps,,,,,,,19x27,0.00000000,0,CRM,
11x23749,Asia Silicone Monomer,,,,,,,19x53,0.00000000,0,CRM,
11x23750,Asia Silicone Monomer (ASM),CH99,,,,,,19x51,0.00000000,0,CRM,
11x23752,CALBEE,,,,,,,19x45,0.00000000,0,CRM,
11x23764,RACHABURI  ELECTRICAL,,,,,,,19x45,0.00000000,0,CRM,
11x23819,"INEOS Styrolution (Thailand) Co., Ltd.",CH42,,,,,,19x51,0.00000000,0,CRM,
11x23927,บริษัท ลิกซิล (ประเทศไทย) จำกัด  (มหาชน),MN03,,,,,,19x18,0.00000000,0,WEBSERVICE,
11x23946,บริษัท  โตโยอิ๊งค์ (ประเทศไทย)  จำกัด,CH03,,,,,,19x18,0.00000000,0,WEBSERVICE,
11x24031,General Motor,,,,,,,19x55,0.00000000,0,CRM,
11x24033,Prime Parison,SV01,"98/53, Soi Lat Krabang 20/1
Lat Krabang Rd., Lat Krabang
Lat Krabang, Bangkok 10520",,,,,19x62,0.00000000,0,CRM,
11x24043,บริษัท บาฟส์ อินเทค จำกัด,TP00,77/5-8 หมู่9 โครงการทิพย์6 ตำบล บางปลา อำเภอบางพลี สมุทรปราการ 10540,,,,,19x45,0.00000000,0,CRM,
11x24048,เบทาโกร -เซฟตี้มีท,FD01,323 หมู่ 6 ถนนวิภาวดีรังสิต แขวงทุ่งสองห้อง เขตหลักสี่ กรุงเทพ 10210,,,,,19x44,0.00000000,0,CRM,
11x24054,บริษัท เอจีซี แฟลทกลาส (ประเทศไทย) จำกัด (มหาชน),MN04,,,,,,19x19,0.00000000,0,WEBSERVICE,
11x24064,DARAMIC,CH14,,,,,Active,19x45,0.00000000,0,CRM,
11x24134,ซีพีเอฟ-วิศวกรรมส่วนกลาง,,,,,,,19x27,0.00000000,0,CRM,
11x24146,ผู้รับเหมา-โครงการไทยฟู้ดส์กบินทร์บุรี,,,,,,,19x27,0.00000000,0,CRM,
11x24172,บริษัทโอตานิ เรเดียล จำกัด,AG02,,,034223333,,,19x34,0.00000000,0,CRM,www.otanitire.com
11x24185,บริษัท ทวีทรัพย์ แมชชินเนอรี่ แอนด์ เซอร์วิส จำกัด,SV01,975 ซอยนิมิตรใหม่39 ถนนนิมิตรใหม่ แขวงสามวาตะวัน เขตคลองสามวา กรุงเทพมหานคร 10510,,02-9932473,,,19x36,0.00000000,0,CRM,
11x24212,บริษัท เดอะซีบอร์ด โฮลดิ้ง จำกัด,SV04,,,,,,19x21,0.00000000,0,CRM,
11x24222,บริษัท น้ำเชี่ยว จำกัด,UT03,,,,,,19x36,0.00000000,0,CRM,
11x24224,ซีพีเอฟ-ท่าเรือ,,,,,,,19x27,0.00000000,0,CRM,
11x24377,บริษัท อิมเพรส เอทานอล จำกัด,CH16,,,,,Active,19x96,2548000.00000000,67,CRM,https://www.knm-group.com/knm_unit-knmthailand.htm
11x24402,บริษัท ไทย เคเค อุตสาหกรรม จำกัด,CH09,,,02 338 4900,,,19x34,0.00000000,0,CRM,https://www.thaikk.co.th/
11x24431,U-Services(สระบุรี),,,,,,,19x27,0.00000000,0,CRM,
11x24484,บริษัท น้ำตาลและอ้อยตะวันออก จำกัด (มหาชน),CH16,,,037-261-510,,,19x96,0.00000000,0,CRM,
11x24494,วีทรีพี เอ็นจิเนียริ่ง,,,,,,,19x27,0.00000000,0,CRM,
11x24507,THAI BITUMEN,,,,,,,19x45,0.00000000,0,CRM,
11x24553,ธาริกัน,SV01,33 ซอย โพธิ์แก้ว 3 แยก 19 แขวง คลองจั่น เขตบางกะปิ กรุงเทพมหานคร 10240,,,,,19x44,0.00000000,0,CRM,
11x24628,บริษัท สยามมิชลิน จำกัด (สระบุรี),AG02,,,,,,19x18,0.00000000,0,WEBSERVICE,
11x24649,บริษัท มูบาดาลา ปิโตรเลียม (ประเทศไทย) จำกัด,PE00,"อาคารชินวัตร ทาวเวอร์ 3 ชั้น 29-31 1010, ถนน วิภาวดีรังสิต แขวง จตุจักร เขตจตุจักร กรุงเทพมหานคร 10900",,,,,19x44,0.00000000,0,CRM,
11x24681,บริษัท เพาเวอร์ อะไลน์เม้นท์ จำกัด,SV01,238 ซ.บรมราชชนนี 117 แขวง ศาลาธรรมสพน์ เขตทวีวัฒนา กรุงเทพมหานคร 10170,,,,,19x44,0.00000000,0,CRM,
11x24683,อายิโนะโมะโต๊ะ เบทาโกร สเปเชียลตี้ ฟู้ดส์,FD01,323 หมู่ 6 ถนน วิภาวดีรังสิต แขวง ทุ่งสองห้อง เขต หลักสี่ กรุงเทพมหานคร 10210,,,,,19x44,0.00000000,0,CRM,
11x24686,LENZING (THAILAND) COMPANY LIMITED,CH42,,,,,,19x31,0.00000000,0,CRM,
11x24730,บริษัท ศรีราชาเอ็นจิเนียริ่งดีเวลลอปเมนท์ จำกัด,SV04,177/6 หมู่ 5 ตำบลหนองขาม อำเภอศรีราชา,,,,,19x19,0.00000000,0,CRM,
11x24732,PROWINNER,,,,,,,19x45,0.00000000,0,CRM,
11x24758,Siam WP Group,SV04,,,,,,19x21,0.00000000,0,CRM,
11x24765,โรงงานซีพีเอฟ ธุรกิจอาหารสำเร็จรูป สระบุรี (CPF),FD01,ตำบล แก่งคอย อำเภอแก่งคอย สระบุรี 18110,,,,,19x44,0.00000000,0,CRM,
11x24770,บริษัท แอ็คท์ (ประเทศไทย) จำกัด,CH07,,,,,,19x36,0.00000000,0,CRM,
11x24798,PTTPLC,,,,,,,19x48,0.00000000,0,CRM,
11x24817,บริษัท นิปปอนเพนต์ (ประเทศไทย)  จำกัด,CH03,,,,,,19x18,0.00000000,0,WEBSERVICE,
11x24827,EMC,SV01,76/12 Moo2 Tumbol Pantainorasing Aumphure Mueng Samutsakorn 74000,,,,,19x62,0.00000000,0,CRM,
11x24862,พีแอนด์เอ็น อินเทลลิเจ้นท์ โพรวิชชั่น,,,,,,,19x27,0.00000000,0,CRM,
11x24912,บริษัท พาวเวอร์ เค จำกัด,SV04,,,,,,19x64,0.00000000,0,CRM,
11x24929,บริษัท ทิสโก้ โตเกียว ลีสซิ่ง จำกัด,CH14,,,,,,19x18,0.00000000,0,WEBSERVICE,
11x24963,บริษัท ดีเอส แอดว๊านซ์ เทค จำกัด,SV01,,,,,,19x34,0.00000000,0,CRM,
11x24984,บริษัท แป้งมันเม่งเส็ง จำกัด,,,,,,,19x35,0.00000000,0,CRM,
11x24989,"INNOVEK ASIA CO.,LTD",,,,038 -0264914,,,19x30,0.00000000,0,CRM,http://www.innovek.co.th/
11x24997,ศิรายุทธ,,,,,,,19x28,0.00000000,0,CRM,
11x25020,บริษัท คิงส์ ออฟ วาล์ว (หาดใหญ่) จำกัด,,,,074-559022-3,,,19x37,0.00000000,0,CRM,WWW.KOVSOUTHERN.COM
11x25025,ซีพีเอฟ สระบุรี,FD01,150 หมู่ 7 ถนนมิตรภาพ ตำบลตาลเดี่ยว อำเภอแก่งคอย จังหวัดสระบุรี 18110,,,,,19x44,0.00000000,0,CRM,
11x25029,DARAMIC (THAILAND),,,,,,,19x45,0.00000000,0,CRM,
11x25031,BLUREFIC,,,,,,,19x45,0.00000000,0,CRM,
11x25059,บริษัท เวิด์ล คูล เอ็นจิเนียริ่ง จำกัด.,SV07,191/17 หมู่ 3 ตำบลลาดสวาย อำเภอลำลูกกา ปทุมธานี 12150,,,,,19x64,0.00000000,0,CRM,
11x25064,บริษัท นากิ เอ็นจิเนียริ่ง จำกัด,,,,0987451440,,,19x61,0.00000000,0,CRM,
11x25070,TPCC-TPAC,SV01,,,,,,19x53,0.00000000,0,CRM,
11x25101,บริษัท วีพีเอฟ กรุ๊ป (1973) จำกัด,FD05,"29 หมู่ 6
ตำบลสันทรายน้อย อำเภอสันทราย",,,,,19x27,0.00000000,0,CRM,
11x25103,ซีพีเอฟ-ลำพูน,FD05,,,,,,19x27,0.00000000,0,CRM,
11x25108,เบทาโกร-ลำพูน,FD05,,,,,,19x27,0.00000000,0,CRM,
11x25136,พีเอส เอ็นจิเนียริ่ง,SV04,,,,,,19x64,0.00000000,0,CRM,
11x25152,บริษัท บางกอก เจนเนอรัล ซัพพลาย(ประเทศไทย) จำกัด,SV04,,,,,,19x70,0.00000000,0,CRM,
11x25188,บริษัท ซันเรนเดอร์ริ่ง จำกัด,FD05,,,,,,19x18,0.00000000,0,WEBSERVICE,
11x25220,บริษัท ไบโอมีเดีย (ประเทศไทย) จำกัด,UT03,,,,,,19x36,0.00000000,0,CRM,
11x25240,บริษัท น้ำตาลครบุรี จำกัด,,,,,,,19x35,0.00000000,0,CRM,
11x25245,บริษัท เบสต้า กู้ด โปร จำกัด,CH03,103 ตำบล บางพลีใหญ่ อำเภอบางพลี,,,,,19x26,0.00000000,0,CRM,
11x25259,UBT ENGINEERING,,,,,,,19x45,0.00000000,0,CRM,
11x25279,บริษัท มาสด้า พาวเวอร์เทรน แมนูแฟคเจอริ่ง (ประเทศไทย) จำกัด,UT99,,,,,,19x21,0.00000000,0,CRM,
11x25285,ผลิตไฟฟ้าราชบุรี,UT00,128 หมู่ที่ 6 ตำบล พิกุลทอง อำเภอเมืองราชบุรี ราชบุรี 70000,,,,,19x62,0.00000000,0,CRM,
11x25294,คณะวิทยาการจัดการ มก.วิทยาเขตศรีราชา,SV04,99 หมู่ 6 ตำบลทุ่งสุขลา อำเภอศรีราชา,,,,,19x27,0.00000000,0,CRM,
11x25299,ไทย ฟู้ดส์ อาหารสัตว์-ปราจีนบุรี,,,,,,,19x27,0.00000000,0,CRM,
11x25301,คาร์กิลล์สยาม-ปราจีนบุรี,FD05,,,,,,19x27,0.00000000,0,CRM,
11x25394,"Advance Power Conversion Co.,Ltd.",SV01,,,,,,19x65,0.00000000,0,CRM,
11x25464,คณะวิทยาการจัดการ มหาวิทยาลัยเกษตรศาสตร์,GV00,,,,,,19x18,0.00000000,0,WEBSERVICE,
11x25472,บริษัท ไออาร์พีซี จำกัด  (มหาชน),CH42,,,,,,19x18,0.00000000,0,WEBSERVICE,
11x25520,Gulf TS2 Company Limited,UT00,,,,,,19x65,0.00000000,0,CRM,
11x25583,YUASA BATTERY,,,,,,,19x45,0.00000000,0,CRM,
11x25651,บริษัท ทรัพย์ทิพย์ กรีน เอ็นเนอร์ยี่ จำกัด,CH16,,,,,,19x1,0.00000000,0,CRM,
11x25836,"Turbo Elite Machinery (Thailand) Co., Ltd.",,,,,,,19x55,0.00000000,0,CRM,
11x25877,บริษัท พี เอส เอ็นจิเนียริ่ง แอนด์ ออโตเมชั่น จำกัด,SV04,,,,,,19x18,0.00000000,0,WEBSERVICE,
11x25887,บริษัท เอส. วาย. เทค คอร์ปอเรชั่น จำกัด,SV04,,,,,,19x18,0.00000000,0,WEBSERVICE,
11x25899,ซีพีสัตว์น้ำ-หนองแค,,,,,,,19x27,0.00000000,0,CRM,
11x25900,ซีพีสัตว์น้ำ-บ้านบึง,,,,,,,19x27,0.00000000,0,CRM,
11x25902,บริษัท แพน เมคแคนิค เอ็นจิเนียริ่ง จำกัด,,,,,,,19x37,0.00000000,0,CRM,
11x25909,บริษัท อุบล ไบโอ เอทานอล จำกัด (มหาชน),CH16,,,,,,19x96,0.00000000,0,CRM,
11x25955,"THEREC ENGINEERING & CONSULTING CO., LTD.",SV04,,,,,,19x31,0.00000000,0,CRM,
11x26003,บริษัท ไอ.พี.แมนูแฟคเจอริ่ง จำกัด,,,,,,,19x35,0.00000000,0,CRM,
11x26020,บริษัท โทโดโรกิ (ไทยแลนด์) จำกัด,SV04,,,,,,19x64,0.00000000,0,CRM,
11x26025,Siegwerk (Thailand) Ltd.,CH03,,,,,,19x19,0.00000000,0,CRM,
11x26189,บริษัท โทกะ เอ็นจิเนียริ่ง จำกัด,SV01,,,,,,19x18,0.00000000,0,WEBSERVICE,
11x26225,บริษัท เค.ซี.เอ็นจิเนียริ่ง ซิสเต็มส์ จำกัด,SV04,100/132 หมู่ที่ 1 ตำบลหนองขาม อำเภอศรีราชา,,,,,19x19,0.00000000,0,CRM,
11x26314,NFCT,CH11,,,,,,19x53,0.00000000,0,CRM,
11x26423,"CES. Engineering & Maintenance Services Co.,Ltd.",,,,089-9798933,,,19x61,0.00000000,0,CRM,https://www.cesteam.co.th/
11x26438,SECO ASPHALT,,,,,,,19x45,0.00000000,0,CRM,
11x26525,ห้างหุ้นส่วนจำกัด ธันวา เซลล์แอนด์เซอร์วิส,SV01,,,,,,19x18,0.00000000,0,WEBSERVICE,
11x26536,บริษัท เอ-วัลย์ เอ็นจิเนียริ่ง จำกัด,SV01,,,,,,19x18,0.00000000,0,WEBSERVICE,
11x26563,"TECH LINE ENGINEERING CO.,LTD.",SV01,,,,,,19x21,0.00000000,0,CRM,
11x26565,AJINOMOTO อยุธยา,FD04,55/5 หมู่ 2 ตำบลบางระกำ อำเภอนครหลวง จังหวัดพระนครศรีอยุธยา 13260,,,,,19x45,0.00000000,0,CRM,
11x26567,PTT GSP,OG00,,,,,,19x54,0.00000000,0,CRM,
11x26599,ซีพีเอฟ มีนบุรี2,FD01,20/2 หมู่ 3 ถนนสุวินทวงศ์ แขวงแสนแสบ เขตมีนบุรี กรุงเทพมหานคร 10510.,,,,,19x44,0.00000000,0,CRM,
11x26604,บริษัท ซีพี-เมจิ จำกัด,FD01,,,,,,19x18,0.00000000,0,WEBSERVICE,
11x26631,Seika,CH14,,,,,,19x43,0.00000000,0,CRM,
11x26648,N.I.M. Company Limited,OT99,,,,,,19x21,0.00000000,0,CRM,
11x26687,ซี. วาย. อีควิปเม้นท์ จำกัด,,,,02-949-9976,,,19x30,0.00000000,0,CRM,
11x26689,MKK ASIA,SV01,,,,,,19x53,0.00000000,0,CRM,
11x26717,บริษัท วิบูลย์วัฒนอุตสาหกรรม จำกัด,PP00,,,,,,19x34,0.00000000,0,CRM,
11x26738,SRF Industries (Thailand) Ltd.,TT00,,,,,,19x53,0.00000000,0,CRM,
11x26750,โรงงาน บจก.เหล็กก่อสร้างสยาม ระยอง,MT01,,,,,,19x65,0.00000000,0,CRM,
11x26768,ศุภภัฑณ์และบุตร,SV04,,,,,,19x43,0.00000000,0,CRM,
11x26800,เทคโทนิค,SV04,,,,,,19x43,0.00000000,0,CRM,
11x26934,BRS,CH14,"660/9, Nakornchaisri Road Nakornchaisri, เขตดุสิต กรุงเทพมหานคร 10300",,,,,19x62,0.00000000,0,CRM,
11x27097,CHU Engineering,SV01,2/277 ซอยไมตรีจิต 9 ถนนไมตรีจิตเขตคลองสามวาสามวาตะวันออกกรุงเทพมหานคร,,,,,19x62,0.00000000,0,CRM,
11x27126,Siam PKK Tech,SV01,38/82 ซอยหทัยราษฎร์ 39 ถนนหทัยราษฎร์ แขวงสามวาตะวันตก เขตคลองสามวา กรุงเทพมหานคร 10510,,,,,19x62,0.00000000,0,CRM,
11x27143,บริษัท เอ็ม.ดี.เอ็กซ์ จำกัด,UT03,ชั้น 12A อาคารคอลัมน์ทาวเวอร์ เลขที่ 199 ถนนรัชดาภิเษก คลองเตย กรุงเทพฯ 10110,,,,,19x44,0.00000000,0,CRM,
11x27192,บริษัท ออลล์ คอมพลีท จำกัด,SV01,1014/12 ซอย เพชรเกษม 106 ซอย 9 แขวง หนองค้างพลู เขตหนองแขม กรุงเทพมหานคร 10160,,,,,19x62,0.00000000,0,CRM,
11x27197,บริษัท บัซเท็กซ์ จำกัด,,,,,,,19x37,0.00000000,0,CRM,
11x27261,บริษัท ออโตเมชั่น คอนซัลท์ แอนด์ เอ็นจิเนียริ่ง จำกัด,SV04,หมู่ที่ 5 89/1391 ม. เพอร์เฟค พาร์ค พระราม5-บางใหญ่ ซอย 73A ตำบล บางแม่นาง อำเภอบางใหญ่,,,,,19x19,0.00000000,0,CRM,
11x27263,MCIC,SV01,,,,,,19x43,0.00000000,0,CRM,
11x27265,บริษัท โชคประชา อิมพอร์ต แอนด์ เอ็กซ์พอร์ต จำกัด,SV04,39/1 หมู่ 12 ซอย รร คลองปลัดเปรียง ถนนบางนา-ตราด ตำบลบางแก้ว อำเภอบางพลี,,,,,19x26,0.00000000,0,CRM,
11x27344,บริษัท เจเจพี ซัพพลาย จำกัด,SV04,,,,,,19x21,0.00000000,0,CRM,
11x27414,เอสพีอาร์ แมนทาแน้นท์,SV01,106/244 ถนนวัดมาบตาพุด ตำบลมาบตาพุด อำเภอเมืองระยอง จ.ระยอง,,,,,19x44,0.00000000,0,CRM,
11x27437,บริษัท ไทย ซูปาโก้ เอ็นจิเนียริ่ง แอนด์ ซัพพลาย จำกัด,,,,,,,19x38,0.00000000,0,CRM,
11x27515,"Mitsubishi Chemical Performance Polymers (Thailand) Co., Ltd.",CH01,,,,,,19x65,0.00000000,0,CRM,
11x27528,เอสพี เทคโนเทรด,SV01,151/2 หมู่ที่ 16 ตำบลสันทราย อำเภอ ฝาง เชียงใหม่ 50110,,,,,19x44,0.00000000,0,CRM,
11x27531,"TECH  VICE CO., LTD.",SV01,,,,,,19x65,0.00000000,0,CRM,
11x27552,SIAM M AND J,SV04,,,,,,19x31,0.00000000,0,CRM,
11x27597,Clean Energy System,,,,,,,19x55,0.00000000,0,CRM,
11x27600,"Reaxo Pharma & Chem Co., Ltd.,",CH01,,,,,,19x31,0.00000000,0,CRM,
11x27636,"Unipower Advance Group Co., Ltd.",SV01,หมู่ที่ 6 999/78 ตำบล แพรกษา อำเภอเมืองสมุทรปราการ สมุทรปราการ 10280,,,,,19x62,0.00000000,0,CRM,
11x27639,นิคมอุตสาหกรรมนวนคร,UT03,ถนน นวนคร 5 ตำบล คลองหนึ่ง อำเภอคลองหลวง ปทุมธานี 12120,,,,,19x44,0.00000000,0,CRM,
11x27643,PTT LNG,OG00,,,,,,19x65,0.00000000,0,CRM,
11x27684,คุณประเสริฐ พึ่งบุญพระ,,,,,,,19x62,0.00000000,0,CRM,
11x27686,RETRO POWER,,,,,,,19x45,0.00000000,0,CRM,
11x27693,บริษัท ฟ้าขวัญทิพย์ จำกัด,CH16,,,,,Shutdown,19x1,0.00000000,0,CRM,
11x27706,บริษัท ไทยไดโซ แอโรโซล จำกัด,CH06,,,,,,19x34,0.00000000,0,CRM,
11x27715,"MULTIPHASE CORPORATION CO.,LTD.",SV01,,,,,,19x21,0.00000000,0,CRM,
11x27718,"POLYSOUCE CO.,LTD",SV01,,,,,,19x21,0.00000000,0,CRM,
11x27743,บริษัท ไซม์ ดาร์บี้ ออยส์ มรกต จำกัด (มหาชน),FD03,,,,,,19x18,0.00000000,0,WEBSERVICE,
11x27770,CROWN Khmer Beverage Cans Limited,MT99,Phnom Penh 855,,,,,19x27,0.00000000,0,CRM,
11x27772,"ACS Technology (Thailand) Co.,Ltd",,,,,,,19x66,0.00000000,0,CRM,
11x27773,SCG MOC,CH42,,,,,,19x51,0.00000000,0,CRM,
11x27786,สนามกอร์ฟ ราชนาวี,UT00,4355 ถ. สุขุมวิท แขวง บางนา เขตบางนา กรุงเทพมหานคร 10260,,,,,19x44,0.00000000,0,CRM,
11x27792,บริษัท ซูเทค เอ็นจิเนียริ่ง จำกัด,SV01,,,,,,19x37,0.00000000,0,CRM,
11x27816,สำนักการระบายน้ำ กรุงเทพมหานคร,,,,,,,19x37,0.00000000,0,CRM,
11x27821,หจก. ฐิติคุณ เอ็นจิเนียริ่ง เเอนด์ ซับพลาย,,,,,,,19x66,0.00000000,0,CRM,
11x27836,Siam Yamato Steel,MT01,,,,,,19x65,0.00000000,0,CRM,
11x27853,บริษัท เจนซิส ออโตเมชั่น จำกัด,,,,,,,19x37,0.00000000,0,CRM,
11x27857,APEX INDUSTRIAL,SV01,Cambodia,,,,,19x62,0.00000000,0,CRM,
11x27894,Phattana,,,,098-118-7895,,,19x55,0.00000000,0,CRM,
11x27898,บริษัท ธนา เเอนด์ ปันปัน เอ็นจิเนียริ่ง จำกัด,,,,,,,19x66,0.00000000,0,CRM,
11x27903,บริษัท ซันแฟลค(ประเทศไทย) จำกัด,CH42,,,,,,19x31,0.00000000,0,CRM,
11x27908,เคเอ็นพี เซอร์วิช,SV01,116 ถนนรัตนาธิเบศร์ ซอย14. ต.บางกระสอ อ.เมือง จ.นนทบุรี,,,,,19x44,0.00000000,0,CRM,
11x27910,กัลฟ์ เชียงรากน้อย,UT00,"59/4 หมู่ 4, ถนนทางหลวงหมายเลข 347, ตำบลเชียงรากน้อย อำเภอสามโคก จังหวัดปทุมธานี, 12160",,,,,19x44,0.00000000,0,CRM,
11x27913,พีพีเอส อีเนอร์จี,SV01,165/2 อาคารสารินเพลส ซอย 46 ถนนรัชดาภิเษก แขวงลาดยาว เขตจตุจักร กรุงเทพมหานคร 10900,,,,,19x44,0.00000000,0,CRM,
11x27970,บริษัท ดันล้อป แอดฮีซีฟส์ (ประเทศไทย) จำกัด,CH09,,,,,,19x34,0.00000000,0,CRM,
11x28169,sys steel,MT01,,,,,,19x65,0.00000000,0,CRM,
11x28206,บริษัท ชัยภูมิพืชผล จำกัด,,,,,,,19x35,0.00000000,0,CRM,
11x28227,Nishiyama,AG02,,,,,,19x51,0.00000000,0,CRM,
11x28231,"Continental Tyres (Thailand) Co., Ltd.",AG02,,,,,,19x51,0.00000000,0,CRM,
11x28233,เบอร์รี่ยุคเกอร์ ฟูดส์,FD99,25/10 หมูที่ 1 ต.บางเสาธง อ.บางเสาธง จ. สมุทรปราการ 10570,,,,,19x45,0.00000000,0,CRM,
11x28277,บริษัท เค ไอ เอทานอล จำกัด,CH16,,,044 200 444,,,19x96,0.00000000,0,CRM,
11x28282,บริษัท เอี่ยมรุ่งเรือง อุตสาหกรรม จำกัด,,,,,,,19x37,0.00000000,0,CRM,
11x28355,สยาม คริสตัล ไรซ์,FD03,36/1-3 หมู่ที่ 6 บางขนาก บางน้ำเปรี้ยว ฉะเชิงเทรา 24150,,,,,19x44,0.00000000,0,CRM,
11x28362,Crown Beverage Cans Myanmar Ltd.,MT99,"224~227/221/222, 11th St., Yangon Industrial Zone,, Mingalardon, Yangon",,,,,19x27,0.00000000,0,CRM,
11x28434,"Mars Petcare (Thailand) Co., Ltd.",,,,,,,19x66,0.00000000,0,CRM,
11x28437,"Patthana Part & Service Co.,Ltd.",SV01,,,,,,19x65,0.00000000,0,CRM,
11x28456,บริษัท ทีเทค อินโนเวชั่น จำกัด,SV01,,,,,,19x19,0.00000000,0,CRM,
11x28491,บริษัท เอ็มพี จี1 (ประเทศไทย) จำกัด,PE00,1010 ถนนวิภาวดีรังสิต แขวงจตุจักร เขตจตุจักร กรุงเทพฯ 10900,,,,,19x44,0.00000000,0,CRM,
11x28498,"YUSEN LOGISTICS (THAILAND) CO., LTD.",SV01,,,,,,19x21,0.00000000,0,CRM,
11x28526,YONGHONG,,,,,,,19x45,0.00000000,0,CRM,
11x28536,บริษัท ไทยเต็มฟ้า จำกัด,SV04,,,,,,19x31,0.00000000,0,CRM,
11x28542,หจก.รุ่งนภาออยล์แอนด์ทรานสปอร์ต,TP00,หมู่ที่ 3 167/1 ตำบล เมืองยาว อำเภอห้างฉัตร ลำปาง 52190,,,,,19x62,0.00000000,0,CRM,
11x28568,บริษัท ซี. วาย. อีควิปเม้นท์ จำกัด,SV04,,,,,,19x78,0.00000000,0,WEBSERVICE,
11x28609,บริษัท กรุงไทยอาหาร จำกัด (มหาชน),FD05,,,,,,19x18,0.00000000,0,WEBSERVICE,
11x28615,บริษัท มิตซูบิชิ เคมิคอล เพอร์ฟอร์มแมนซ์ โพลิเมอร์ส (ประเทศไทย) จำกัด,CH42,,,,,,19x18,0.00000000,0,WEBSERVICE,
11x28626,คุณณรงฤทธิ์ มุ่งอ้อมกลาง,SV04,,,,,,19x18,0.00000000,0,WEBSERVICE,
11x28638,บริษัท ปุณ เอ็นจิเนียริ่ง แอนด์ ซัพพลาย จำกัด,SV04,,,,,,19x31,0.00000000,0,CRM,
11x28641,เทอคิส,SV01,111/12 หมู่ที่ 11 ต.ราชาเทวะ อ.บางพลี จ.สมุทรปราการ,,,,,19x44,0.00000000,0,CRM,
11x28646,Tos Plant,SV01,,,,,,19x51,0.00000000,0,CRM,
11x28673,ทรัพย์พลัสวัน,SV04,23 ถนนกรุงเทพกรีฑา แขวงสะพานสูง เขตสะพานสูง กรุงเทพ 10250,,,,,19x45,0.00000000,0,CRM,
11x28685,บริษัท ครีเอชั่น เซนเตอร์ จำกัด,,,,,,,19x37,0.00000000,0,CRM,
11x28693,Diamond key International,SV01,"Soi 604, 6th Floor Tonson Building, 50 SOi Tonson, Ploenchit Road, Patumwan, Bangkok 10330",,,,,19x62,0.00000000,0,CRM,
11x28811,Trans Thai-Malaysia (Thailand) Limited,,,,,,,19x45,0.00000000,0,CRM,
11x28817,บริษัท โอลิค (ประเทศไทย) จำกัด,,,,0817423740,,,19x35,0.00000000,0,CRM,
11x28824,OEG,SV01,"130-132 อาคารสินธร ทาวเวอร์ 2 ชั้น9 ถนนวิทยุ, แขวง ลุมพินี เขตปทุมวัน Bangkok 10330",,,,,19x62,0.00000000,0,CRM,
11x28827,เหล็กก่อสร้างสยาม,MT01,,,,,,19x65,0.00000000,0,CRM,
11x28866,Electricity Generating Authority of Thailand (EGAT),,,,,,,19x45,0.00000000,0,CRM,
11x28910,บริษัท เอ ซี เอส เทคโนโลยี (ไทยแลนด์) จำกัด,SV04,,,,,,19x18,0.00000000,0,WEBSERVICE,
11x28921,อมตะ สปริง คันทรีคลับ,UT00,700/4 หมู่ 6 ถนน บางนา ตราด ก หมู่ 57 อ.เมืองชลบุรี ต.หนองไม้แดง ชลบุรี 20000,,,,,19x44,0.00000000,0,CRM,
11x28924,"Toshiba Consumer Products (Thailand) Co.,Ltd.",EI00,,,,,,19x36,0.00000000,0,CRM,
11x28934,"Sime Darby Oils Morakot Public Co., Ltd.",,,,,,,19x45,0.00000000,0,CRM,
11x29033,เกรทเทส เพ็ท แคร์,,,,,,,19x28,0.00000000,0,CRM,
11x29076,บริษัท เอ็น.ดี. รับเบอร์ จำกัด (มหาชน),AG02,,,038 160 707,,,19x34,0.00000000,0,CRM,
11x29087,บริษัท เมตริก จำกัด,SV02,,,,,,19x34,0.00000000,0,CRM,
11x29093,PREMIER LUBRICANT,,,,,,,19x45,0.00000000,0,CRM,
11x29145,"American Axle & Manufacturing (Thailand)Co.,Ltd",UT99,,,,,,19x51,0.00000000,0,CRM,
11x29149,"FACO TECHNOLOGY CO.LTD,",SV04,,,,,,19x51,0.00000000,0,CRM,
11x29151,บีพีฟู้ด,FD01,226 ซอย รังสิต-นครนายก 31 ตำบล คลองสอง อำเภอธัญบุรี ปทุมธานี 12130,,,,,19x44,0.00000000,0,CRM,
11x29153,"HUAWEI TECHNOLOGIES (THAILAND) CO., LTD.",UT00,,,,,,19x43,0.00000000,0,CRM,
11x29155,บริษัท ไอเมคคานิคส์ จำกัด,SV04,,,,,,19x37,0.00000000,0,CRM,
11x29193,TN Maker,SV04,,,,,,19x68,0.00000000,0,CRM,
11x29197,บริษัท เทคโทรนิค จำกัด,SV04,,,,,,19x31,0.00000000,0,CRM,
11x29199,PRODUCTIVE,,,,,,,19x45,0.00000000,0,CRM,
11x29203,บริษัท แอดวานซ์ พลัส เทคโนโลยี จำกัด,SV04,,,,,,19x18,0.00000000,0,WEBSERVICE,
11x29207,บริษัท สีไทยกันไซเพ้นท์ จำกัด,CH03,,,,,,19x88,0.00000000,0,WEBSERVICE,
11x29222,บริษัท ทีโอเอ - ชูโกกุ เพ้นท์ จำกัด,CH43,,,,,,19x18,0.00000000,0,WEBSERVICE,
11x29225,"Sumiden Steel Wire (Thailand) Co.,Ltd.",MT03,,,,,,19x65,0.00000000,0,CRM,
11x29232,"Siam Waterjetting Supplies & Rental Co.,Ltd.",SV01,,,,,,19x65,0.00000000,0,CRM,
11x29288,บริษัท สหศิลาภัณฑ์ราชบุรี จํากัด,,,,,,,19x37,0.00000000,0,CRM,
11x29298,ซีพีเอฟ - บ้านนา,FD01,ตำบล ทองหลาง อำเภอบ้านนา นครนายก 26110,,,,,19x44,0.00000000,0,CRM,
11x29299,บริษัท ไทย ฟู้ดส์ อาหารสัตว์ จำกัด,,,,,,,19x27,0.00000000,0,CRM,
11x29367,PTT MCC,PE00,,,,,,19x65,0.00000000,0,CRM,
11x29404,KCS,SV01,,,0866880204,,,19x43,0.00000000,0,CRM,
11x29445,บริษัท ชัวร์ เทรดดิ้ง แอนด์ เซอร์วิส จำกัด,SV04,,,,,,19x37,0.00000000,0,CRM,
11x29453,บริษัท ขอนแก่นกล๊าส อินดัสทรี จำกัด,MN04,111 หมู่ 19 ต.ท่าพระ อ.เมือง,,,,,19x27,0.00000000,0,CRM,
11x29460,คาร์กิลล์มีทส์-โคราช,,,,,,,19x27,0.00000000,0,CRM,
11x29463,ไทย ฟู้ดส์ อาหารสัตว์-สุพรรณ,,,,,,,19x27,0.00000000,0,CRM,
11x29468,เพอร์เฟค คอมพาเนียน,,,,,,,19x27,0.00000000,0,CRM,
11x29503,-,,,,,,,19x62,0.00000000,0,CRM,
11x29507,"Zeon Chemicals (Thailand) Co., LTD.",CH42,,,,,,19x51,0.00000000,0,CRM,
11x29519,บริษัท เวลล์ เทค เอ็นจิเนียริ่ง เซนเตอร์แอนด์แมชชีน จำกัด,SV04,115/4 ถนนเทศบาล 5 ตำบล ปากเพรียว อ.เมือง,,,,,19x19,0.00000000,0,CRM,
11x29597,บริษัท สยามรัฐ จำกัด,SV04,,,,,,19x21,0.00000000,0,CRM,
11x29741,"Jiangsu Muyang Group Co., Ltd",SV01,"No1 Muyang Rd,Yangzhou,Jiangsu,225127",,,,,19x27,0.00000000,0,CRM,
11x29849,BLUE REFRIGERATION,,,,,,,19x45,0.00000000,0,CRM,
11x29917,บริษัท เอ็มซี อินดัสเทรียลเคมิคัล จำกัด,OT99,,,,,,19x18,0.00000000,0,WEBSERVICE,
11x29945,บริษัท เมตริก วิศวกรที่ปรึกษาและสถาปนิก จำกัด,SV02,,,,,,19x34,0.00000000,0,CRM,
11x29948,Rohm & Haas Chemical,CH42,,,,,,19x51,0.00000000,0,CRM,
11x29951,บริษัทไทยเบฟเวอเรจ จำกัด (มหาชน),FD07,,,,,,19x22,0.00000000,0,CRM,
11x30020,บริษัท คอมเพล็กชั่น ซายน์ จำกัด,,,,,,,19x37,0.00000000,0,CRM,
11x30048,บริษัท ยูนิโปร เเมนูเเฟคเจอริ่ง จำกัด (สำนักงานใหญ๋),,,,02-733-4276,,,19x66,0.00000000,0,CRM,
11x30051,THAI KYOWA,CH42,,,,,,19x65,0.00000000,0,CRM,
11x30069,"N.T.S. Steel Group Public Co.,Ltd.",MT01,,,,,,19x65,0.00000000,0,CRM,
11x30106,BYM TRADING,,,,,,,19x45,0.00000000,0,CRM,
11x30108,BERLI JUCKER FOODS,FD99,225/10 หมูที่ 1 ต.บางเสาธง อ.บางเสาธง จ. สมุทรปราการ 10570.,,,,,19x45,0.00000000,0,CRM,
11x30119,TNS ACCESSORIES,,,,,,,19x45,0.00000000,0,CRM,
11x30121,บริษัท เอ็นเชจ จำกัด,SV04,1/10 รร.เทศบาล 4 จักกะพาก ปากน้ำ เมืองสมุทรปราการ สมุทรปราการ 10270,,,,,19x45,0.00000000,0,CRM,
11x30127,ไทย อะโกร เอ็นเนอร์ยี่,FD03,888/114 อาคารมหาทุนพลาซ่า ชั้น 11 ถนน เพลินจิต แขวง ลุมพินี เขตปทุมวัน กรุงเทพมหานคร 10330,,,,,19x44,0.00000000,0,CRM,
11x30181,จาร์ดีน เอ็นจิเนียริ่ง,SV01,,,02079 5999,,,19x43,0.00000000,0,CRM,www.jec.com
11x30212,บริษัท กิตติ แมนูแฟคเจอริ่ง จำกัด,SV07,4/6 หมู่ที่ 12 ตำบลบึงคำพร้อย อำเภอลำลูกกา,,,,,19x27,0.00000000,0,CRM,
11x30223,บริษัท ไซม์ ดาร์บี้ ออยส์,FD03,36/1 หมู่2 ถ. ปู่เจ้าสมิงพราย ตำบลสำโรงกลาง อำเภอพระประแดง สมุทรปราการ 10130,,,,,19x44,0.00000000,0,CRM,
11x30254,บริษัท เวิด์ล คูล เอ็นจิเนียริ่ง จำกัด,SV07,,,,,,19x18,0.00000000,0,WEBSERVICE,
11x30261,MILLCON STEEL PLC.,MT01,,,,,,19x65,0.00000000,0,CRM,
11x30280,Double A (1991) Public Company Limited,PP00,,,,,,19x37,0.00000000,0,CRM,
11x30284,บริษัท อีมัลซิเฟลกซ์ จำกัด,FD05,88/155 ซอยรามอินทรา 13 ถนนรามอินทรา อนุสาวรีย์,,,,,19x27,0.00000000,0,CRM,
11x30292,บริษัท อีซี่คอนโทรล ซิสเต็ม จำกัด,SV04,,,,,,19x31,0.00000000,0,CRM,
11x30326,Water Tech System,SV01,89/76 RK Park Hathairat Rd.Bangchan.Klongsamwa.Bangkoj ซอย เจริญพัฒนา กรุงเทพมหานคร 10510,,,,,19x62,0.00000000,0,CRM,
11x30335,บริษัท เอ็นเซจ จำกัด,SV04,,,,,,19x21,0.00000000,0,CRM,
11x30365,Tomsa Destil,,,,,,,19x48,0.00000000,0,CRM,
11x30368,PROGRESS ENGINEERING AND SUPPLY,,,,,,,19x45,0.00000000,0,CRM,
11x30381,บริษัท เชฟเฟิร์ด เทค คอนซัลแตนซี่ ไพรเวท จำกัด,SV01,,,,,,19x18,0.00000000,0,WEBSERVICE,
11x30383,บริษัท ธนา แอนด์ ปันปัน เอ็นจิเนียริ่ง จำกัด,SV01,,,,,,19x27,0.00000000,0,WEBSERVICE,
11x30485,วนชัย เคมิคอล อินดัสทรี่ย์ จำกัด,CH09,,,,,,19x51,0.00000000,0,CRM,
11x30499,Global Power Synergy Public Company Limited,UT01,,,,,,19x65,0.00000000,0,CRM,
11x30646,ดับบลิวเทค คอร์ปอเรชั่น,SV01,5 163 ม.6 ถ. สุขุมวิท ตำบลบ้านฉาง อำเภอบ้านฉาง ระยอง 21130,,,,,19x62,0.00000000,0,CRM,
11x30817,กบทองเนรมิต,SV01,39/5 ซอย8 ถนนลาดพร้าว แขวงจอมพล เขตจตุจักร กรุงเทพมหานคร 10900,,,,,19x62,0.00000000,0,CRM,
11x30824,"AutoAlliance(Thailand) Co., Ltd.",UT99,,,,,,19x51,0.00000000,0,CRM,
11x30866,NS BLUE SCOPE,MT01,,,(09) 4495 3662,,,19x78,0.00000000,0,CRM,
11x30869,MAP TA PHUT TANK TERMINAL,CH42,,,,,,19x51,0.00000000,0,CRM,
11x30887,Rent Direct Asia,SV01,,,,,,19x51,0.00000000,0,CRM,
11x30935,"Genos Innovation Service Co., Ltd.",,,,,,,19x37,0.00000000,0,CRM,
11x30996,บริษัท ทวีทรัพย์ แมชชินเนอร์รี่ แอนด์ เซอร์วิส จำกัด,SV01,975 ถนนนิมิตใหม่ แขวงสามวาตะวันออก เขตคลองสามวา กทม 10510,,02-993-1941,,,19x37,0.00000000,0,CRM,
11x30998,บริษัท สมิหลา โคลต์ สโตเรจ จำกัด,,,,074-331-989,,,19x19,0.00000000,0,CRM,
11x31091,"B.M.C Construction & Engineering Co.,Ltd.",SV01,,,,,,19x65,0.00000000,0,CRM,
11x31139,"SOMWANGSUB ENGINEERING CO.,LTD.",,,,,,,19x37,0.00000000,0,CRM,
11x31186,บริษัท สยาม พีเคเค เทค จำกัด,SV04,,,,,,19x23,0.00000000,0,WEBSERVICE,
11x31230,A.P.S.P. CONTROL,SV01,,,,,,19x51,0.00000000,0,CRM,
11x31232,Next tech Engineering,,,,,,,19x37,0.00000000,0,CRM,
11x31415,บริษัท สเตพไวส์ จำกัด,SV01,,,,,,19x18,0.00000000,0,WEBSERVICE,
11x31540,แอดวานซ์ แอนด์ เอ็กซิคิวชั่น จำกัด,SV01,47/315 อาคารไคตัค ถนน ป๊อปปูล่า อำเภอปากเกร็ด นนทบุรี,,,,,19x62,0.00000000,0,CRM,
11x31604,บริษัท เมคคานิก โพรวายเดอร์ แอนด์ เดเวลอปเม้นต์ จำกัด,SV01,79/204 หมู่บ้านโกลเด้นทาวน์ ถนนสุขาภิบาล 5 ต.แขวง ออเงิน อ.เขตสายไหม จ.กรุงเทพมหานคร 10220,,,,,19x44,0.00000000,0,CRM,
11x31615,บริษัท เอ็ม พี ที เทคโนโลยี จำกัด,SV01,30/166 งามวงศ์วาน 47 (ชินเขต 2) ทุ่งสองห้อง หลักสี่ กรุงเทพมหานคร 10210,,083-0061838,,,19x23,0.00000000,0,CRM,
11x31619,บริษัท คิงส์สเตลล่า แลบบอราทอรี่ จำกัด,CH06,,,,,,19x35,0.00000000,0,CRM,
11x31623,KSL GREEN INNOVATION PUBLIC COMPANY LIMITED,,,,,,,19x37,0.00000000,0,CRM,
11x31695,บริษัท จีซีพี แอพพลายด์ เทคโนโลยีส์ โฮลดิ้งส์(ไทยแลนด์) จำกัด,MN05,,,,,,19x18,0.00000000,0,WEBSERVICE,
11x31726,"EOC POLYMERS (THAILAND) CO.,LTD.",CH09,,,,,,19x65,0.00000000,0,CRM,
11x31752,บริษัท ยู.อาร์. เคมีคอล จำกัด,CH09,,,02-3121415-9,,,19x34,0.00000000,0,CRM,https://www.urpaints.com
11x31767,บริษัท เบสแทคเคมิคอล จำกัด,CH09,,,,,,19x34,0.00000000,0,CRM,
11x31865,บริษัท เปอร์มาเฟล็กซ์ จำกัด,CH09,,,,,,19x34,0.00000000,0,CRM,
11x31868,บริษัท ฟิกส์เวลล์ จำกัด,CH09,,,,,,19x34,0.00000000,0,CRM,
11x31933,BIG,OG00,,,,,,19x65,0.00000000,0,CRM,
11x31950,NSC,CH11,,,,,,19x54,0.00000000,0,CRM,
11x31987,บริษัท พี เอส ซี อินดัสตรีย์ จำกัด,FD08,,,,,,19x34,0.00000000,0,CRM,
11x32000,Buzztex,SV04,,,,,,19x34,0.00000000,0,CRM,
11x32011,ห้างหุ้นส่วนจากัด เจเอสเอส ซัพพลาย แอนด์ เซอร์วิส,SV01,239/77 หมู่ที่ 6 ตำบลนิคมพัฒนา อำเภอนิคมพัฒนา,,,,,19x62,0.00000000,0,CRM,
11x32017,Tosplant,,,,,,,19x55,0.00000000,0,CRM,
11x32021,RAYCOL,,,,,,,19x45,0.00000000,0,CRM,
11x32123,บริษัท เค.ซี.พี.มาสเตอร์ไทย จำกัด,CH09,,,,,,19x34,0.00000000,0,CRM,
11x32128,บริษัท เอเซียเปเปอร์ทิ้ว จำกัด,PP00,,,,,,19x34,0.00000000,0,CRM,
11x32134,บริษัท ทรีบอนด์ แมนูแฟคเจอริ่ง (ประเทศไทย) จำกัด,CH09,,,,,,19x34,0.00000000,0,CRM,
11x32142,บริษัท ยูเนี่ยนปรอพเปอร์ตี้ จำกัด,SV01,14 16 ซอย งามวงศ์วาน 2 เมือง นนทบุรี 11000,,,,,19x62,0.00000000,0,CRM,
11x32158,บริษัท เฮงเค็ล (ประเทศไทย) จำกัด,CH09,,,,,,19x92,0.00000000,0,CRM,
11x32198,บริษัท แอ็พพลาย ดีบี จำกัด (มหาชน) จำกัด,CH09,,,,,,19x34,0.00000000,0,CRM,
11x32200,บริษัท ฟอร์คอนไทย ซีลแล้นท์ จำกัด,CH09,,,,,,19x34,0.00000000,0,CRM,
11x32204,บริษัท วิลักษณานนท์ จำกัด,CH09,,,,,,19x34,0.00000000,0,CRM,
11x32208,บริษัท พลิค เฟิร์สตัน (ประเทศไทย) จำกัด,CH09,,,,,,19x34,0.00000000,0,CRM,
11x32211,บริษัท ไทยซีลีคอน แอ็คฮีชีฟเคมีคอล จำกัด,CH09,,,,,,19x34,0.00000000,0,CRM,
11x32235,บริษัท วี เทคนิค จำกัด,SV01,1/10 หมู่9 ถนนแจ้งวัฒนะ ตำบลบางพูด อำเภอปากเกร็ด นนทบุรี 11120,,,,,19x62,0.00000000,0,CRM,
11x32280,บริษัท อัพเวนเจอร์ จำกัด,CH04,,,,,Active,19x74,0.00000000,440,CRM,
11x32316,บริษัท ฮาร์ดฟอร์ด เพ้นท์ จำกัด,CH03,139/7 หมู่17 ซอยนิคมบางพลี3 1 ถนนบางนา-ตราด ตำบลบางเสาธง อำเภอบางเสาธง,,,,,19x19,0.00000000,0,CRM,
11x32318,บริษัท พี.เอส.ซี. สตีลดัมส์ จำกัด,FD08,,,,,,19x22,0.00000000,0,CRM,
11x32357,เจต้าแบค,,,,,,,19x28,0.00000000,0,CRM,
11x32361,บริษัท ศุภภัณฑ์และบุตร จำกัด,SV04,,,,,,19x18,0.00000000,0,WEBSERVICE,
11x32365,"Apex Industrial Co., Ltd.",CH15,,,,,,19x18,0.00000000,0,WEBSERVICE,
11x32374,บริษัท ซิกเวอร์ค (ประเทศไทย) จำกัด,CH03,,,,,,19x88,0.00000000,0,WEBSERVICE,
11x32385,บริษัท ฟาเท็ค แอดวานซ์ อินซูเลชั่น จำกัด,SV07,,,,,,19x18,0.00000000,0,WEBSERVICE,
11x32391,บริษัท เซออน เคมิคัลส์ (ไทยแลนด์) จำกัด,SV01,,,,,,19x18,0.00000000,0,WEBSERVICE,
11x32419,บริษัท เอส.ที.อี.พี.อิเล็กทริคอลโปรดักส์ จำกัด,SV01,,,,,,19x18,0.00000000,0,WEBSERVICE,
11x32425,บริษัท สยาม คริสตัล ไรซ์ จำกัด,FD03,,,,,,19x18,0.00000000,0,WEBSERVICE,
11x32428,บริษัท แอดวานซ์ แอนด์ เอ็กซิคิวชั่น จำกัด,CH14,,,,,,19x23,0.00000000,0,WEBSERVICE,
11x32433,บริษัท สตาร์ บอนด์ (ไทยแลนด์) จำกัด,CH09,,,,,,19x34,0.00000000,0,CRM,
11x32446,"V.T.S. CONTRACTOR (THAILAND) CO.,LTD.",SV01,3 ต.คลองสาม อ.คลองหลวง จ.ปทุมธานี 12120,,,,,19x62,0.00000000,0,CRM,
11x32523,บริษัท พี.ซี.สยาม ปิโตรเลียม จำกัด,CH14,"91/1 หมู่ที่ 1 ถนนกาญจนวิถี. ตำบล, : บางกุ้ง. อำเภอ, : เมืองสุราษฎร์ธานี. จังหวัด, : สุราษฎร์ธานี. รหัสไปรษณีย์, : 84000",,,,,19x44,0.00000000,0,CRM,
11x32573,คาร์กิลล์มีทส์-สระบุรี,,,,,,,19x27,0.00000000,0,CRM,
11x32583,บริษัท เคมเอ็กซ์ จำกัด,CH09,,,,,,19x34,0.00000000,0,CRM,
11x32625,เบทาโกร-หนองบุญมาก,,,,,,,19x27,0.00000000,0,CRM,
11x32627,บริษัท เอ็น ที ดีไซน์ เอ็นจิเนียริ่ง จำกัด,MT99,"121/231, เทพารักษ์, บางปลา, บางพลี",,,,,19x27,0.00000000,0,CRM,
11x32630,บริษัท เกียรตินำโชค 2012 จำกัด,CH09,,,0956428945,,,19x34,0.00000000,0,CRM,https://knc2012-foundry.business.site/#details
11x32634,บริษัท ยู ซี เอ็นเตอร์ไพรส์ จำกัด,AG03,,,,,,19x34,0.00000000,0,CRM,
11x32647,บริษัท ไทย โตโย อลูมิเนี่ยม แพ็คเกจจิ้ง จำกัด,PP00,,,,,,19x34,0.00000000,0,CRM,
11x32650,บริษัท ออฟติเคม โพลิเมอร์ส (ประเทศไทย) จำกัด,CH05,,,,,,19x34,0.00000000,0,CRM,
11x32660,ไอคอน เซอร์วิส,,,,,,,19x27,0.00000000,0,CRM,
11x32732,เขื่อนวชิราลงกรณ์,UT99,หมู่1 ตำบลท่าขนุน อำเภอทองผาภูมิ จังหวัดกาญจนบุรี,,,,,19x45,0.00000000,0,CRM,
11x32784,"QTEC Technology Co., Ltd.",SV01,,,,,,19x54,0.00000000,0,CRM,
11x32786,S&J International Enterprises Public Company Limited,,,,,,,19x35,0.00000000,0,CRM,
11x32805,GCME,PE00,,,,,,19x21,0.00000000,0,CRM,
11x32856,บริษัท ไอคอนเซอร์วิส จำกัด,SV04,,,,,,19x18,0.00000000,0,WEBSERVICE,
11x32862,บริษัท ยู-เซอร์วิสเซส (ประเทศไทย) จำกัด,SV04,,,,,,19x31,0.00000000,0,CRM,
11x32904,บริษัท ไทยเทปกาวอุตสาหกรรม จำกัด,AG02,,,,,,19x34,0.00000000,0,CRM,
11x32907,ห้างหุ้นส่วนจำกัด เอ็มพีพียูนิตี้โปรดักส์ จำกัด,SV04,,,,,,19x34,0.00000000,0,CRM,
11x32972,Delta Elmech,,,,,,,19x55,0.00000000,0,CRM,
11x32976,wall technology co. ltd,,,,,,,19x66,0.00000000,0,CRM,
11x33037,บริษัท ซังโค อินดัสเทรียล โซลูชั่นส์ จำกัด,SV04,,,,,,19x65,0.00000000,0,CRM,
11x33054,BST,,,,,,,19x55,0.00000000,0,CRM,
11x33080,ห้างหุ้นส่วนจำกัด อาร์เอส ริช เอ็นจิเนียริ่ง,SV04,,,,,,19x34,0.00000000,0,CRM,
11x33104,Honeywell Systems (Thailand) Ltd.,SV04,,,,,,19x43,0.00000000,0,CRM,
11x33126,บริษัท อุดมชัย โลหะกิจ,,,,,,,19x35,0.00000000,0,CRM,
11x33128,บริษัท ส.นภา (ประเทศไทย) จำกัด,UT03,,,,,,19x36,0.00000000,0,CRM,
11x33179,บริษัท เคเอ็นพลัส เทคโนโลยี จำกัด,SV04,101/175 หมู่ที่ 1 ตำบลคลองหลวงแพ่ง อำเภอเมืองฉะเชิงเทรา,,,,,19x19,0.00000000,0,CRM,
11x33184,บริษัท อิมเพรส เอทานอล จำกัด,CH16,,,02-3614759,procurement.adm@kpt.knm-group.com,,19x96,0.00000000,0,CRM,
11x33243,Acushnet Titleist (Thailand) Ltd,AG99,,,,,,19x51,0.00000000,0,CRM,
11x33247,อินโนเวชั่น เมนเทนแนนซ์ เซอร์วิสเซส จำกัด,SV01,,,,,,19x65,0.00000000,0,CRM,
11x33258,บริษัท ไทยไอโซวอลล์ จำกัด,SV07,"383 Moo.7 ซอย ธรรมสิริi, ถนน เทพรัตน ตำบลบางเสาธง อำเภอบางเสาธง",,,,,19x88,0.00000000,0,CRM,
11x33273,GC-M PTA Company Limited,CH01,,,,,,19x65,0.00000000,0,CRM,
11x33286,อนันต์โชคไพศาล,SV01,หินย่อย 161 ตำบลอ่างหิน อำเภอปากท่อ จังหวัดราชบุรี 70140,,,,,19x44,0.00000000,0,CRM,
11x33288,ASE,SV04,,,,,,19x65,0.00000000,0,CRM,
11x33359,บริษัท โกลบอล เพาเวอร์ ซินเนอร์ยี่ จำกัด,OG01,,,,,,19x18,0.00000000,0,WEBSERVICE,
11x33370,ห้างหุ้นส่วนจำกัด โชคชัยกิจเจริญ (สำ,SV01,340/27 หมู่ 7 ต.สุรศักดิ์ อ.ศรีราชา จ.ชลบุรี 20110,,,,,19x45,0.00000000,0,CRM,
11x33450,เอสอีเอ็ม ไทยแลนด์,SV01,172/7 หมู่ที่ 8 ซอยสุขสวัสดิ์ 74 ถนนสุขสวัสดิ์ ตำบลบางครุ อำเภอพระประแดง สมุทรปราการ 10130,,,,,19x44,0.00000000,0,CRM,
11x33661,บริษัท อัศวิน เทคโนโลยี จำกัด,SV04,,,,,,19x43,0.00000000,0,CRM,
11x33674,PSV Flow Technology,,,,,,,19x27,0.00000000,0,CRM,
11x33769,เอสเอ็ม กรุ๊ป มาริไทม์ คอนซัลแท้นท์ จำกัด,SV01,160 ถนนบางแวก แขวงบางไผ่ เขตบางแค กรุงเทพมหานคร 10160,,,,,19x62,0.00000000,0,CRM,
11x33880,PRO WINNER,,,,,,,19x45,0.00000000,0,CRM,
11x33927,"NSR Products Co.,Ltd.",,,,,,,19x35,0.00000000,0,CRM,
11x33943,McTric Public Company Limited,SV01,"21/105 RS Tower 22 Fl., Ratchadapisek Rd.
Dindaeng, Bangkok 10400 Thailand",,02-641-2100#210,chanundon@mctric.com,,19x36,0.00000000,0,CRM,
11x33949,Glow IPP,UT01,,,,,,19x65,0.00000000,0,CRM,
11x34062,"S.Napa (Thailand) Co., Ltd.",UT03,,,,,,19x36,0.00000000,0,CRM,
11x34141,AMATA B-GRIMM,UT00,700/370 หมู่ 6 ตำบลหนองไม้แดง อำเภอเมือง จังหวัด ชลบุรี .,,,,,19x45,0.00000000,0,CRM,
11x34150,SIAMRAJ PUBLIC COMPANY LIMITED,,,,,,,19x45,0.00000000,0,CRM,
11x34158,ผาทอง24,CH15,47/1 ถนนท่าแพใต้ ตำบลปากแพรก อำเภอทุ่งสง จ.นครศรีธรรมราช,,,,,19x45,0.00000000,0,CRM,
11x34173,GOLDEN KITS,,,,,,,19x45,0.00000000,0,CRM,
11x34175,"S.napa (Thailand) Co.,Ltd.",SV01,,,,,,19x51,0.00000000,0,CRM,
11x34271,บริษัท ไทย อะโกร เอ็นเนอร์ยี่ จำกัด (มหาชน),OG01,,,,,,19x18,0.00000000,0,WEBSERVICE,
11x34293,qtec,SV01,,,,,,19x54,0.00000000,0,CRM,
11x34294,บริษัท เวลแมน จำกัด,,,,,,,19x35,0.00000000,0,CRM,
11x34316,ปั๊ม ซิสเท็ม(ประเทศไทย),SV01,99/154 ถนน กาญจนาภิเษก แขวงประเวศ เขต ประเวศ กรุงเทพมหานคร 10250,,,,,19x44,0.00000000,0,CRM,
11x34366,MARSHAL FLUID,SV01,,,,,,19x65,0.00000000,0,CRM,
11x34376,ดิปป์ โปรดักส์ (ประเทศไทย) จํากัด,AG02,,,,,,19x34,0.00000000,0,CRM,
11x34379,บริษัท ศรีตรังแอโกรอินดัสทรี จำกัด (มหาชน),AG02,,,,,,19x34,0.00000000,0,CRM,
11x34382,บริษัท ท้อปโกลฟ เมดิคอล(ไทยแลนด์),AG02,,,,,,19x34,0.00000000,0,CRM,
11x34386,บริษัท ทีเอชเอส ดีเวลลอปเม้นท์ จำกัด,SV01,,,,,,19x34,0.00000000,0,CRM,
11x34407,Honor Corporation Ltd.,SV04,,,,,,19x34,0.00000000,0,CRM,
11x34458,Tata Steel (Thailand) Public Company Limited,MT01,,,,,,19x65,0.00000000,0,CRM,
11x34460,"DYNAMIC CO.,LTD.",,,,,,,19x66,0.00000000,0,CRM,
11x34542,"Global Nana Tech Co.,Ltd.",CH09,,,,,,19x34,0.00000000,0,CRM,
11x34604,BASF (Thai) Ltd.,CH07,,,,,,19x36,0.00000000,0,CRM,
11x34631,บริษัท ยูไนเต็ดอลูมิเนียม อินดัสตรี้ จำกัด,MT99,25/1 หมู่13 ถนนบางนา-ตราด กม11.7 ตำบล บางพลีใหญ่ อำเภอบางพลี,,,,,19x27,0.00000000,0,CRM,
11x34633,"Thai Semcon Co.,Ltd",SV01,,,,,,19x65,0.00000000,0,CRM,
11x34641,Thai American,,,,,,,19x45,0.00000000,0,CRM,
11x34684,ไตรโคเนียร์ แอ๊คมี จำกัด,SV04,71/10 หมู่ ที่ 1 ซอยสุขสวัสดิ์ 49 ต.บางจาก อ.พระประแดง จ.สมุทรปราการ 10130,,,,,19x45,0.00000000,0,CRM,
11x34698,บริษัท เอ็นไว เอ็นจิเนียริ่ง เซอร์วิส จำกัด,UT03,,,081-643-8686,,,19x36,0.00000000,0,CRM,
11x34727,ห้างหุ้นส่วนจำกัด นิวทัตธน,SV01,,,,,,19x18,0.00000000,0,WEBSERVICE,
11x34731,บริษัท พีเอสวี โฟลว์ เทคโนโลยี จำกัด,SV01,,,,,,19x18,0.00000000,0,WEBSERVICE,
11x34737,บริษัท เทอร์เรค เอ็นจิเนียริ่ง แอนด์ คอนซัลติ้ง จำกัด,SV01,,,,,,19x18,0.00000000,0,WEBSERVICE,
11x34776,SiamEast Solutions Public Company Limited,SV04,,,,,,19x22,0.00000000,0,CRM,
11x34979,บริษัท ภัทร โพรฟีเชียนท์ จำกัด,SV01,"16/1 หมู่ที่ 7
ตาลเดี่ยว
สระบุรี
แก่งคอย",,,,,19x62,0.00000000,0,CRM,
11x35017,คาร์กิลล์สยาม-นครปฐม,FD05,,,,,,19x27,0.00000000,0,CRM,
11x35025,A2S,OM00,59/325 m.16 tumbon bangkaew amphur bangplee samutprakarn10540 thailand,,,,,19x45,0.00000000,0,CRM,
11x35168,บริษัท เหล็กก่อสร้างสยาม จำกัด,MT01,,,,,,19x18,0.00000000,0,WEBSERVICE,
11x35180,บริษัท จีซี-เอ็ม พีทีเอ จำกัด,PE00,,,,,,19x18,0.00000000,0,WEBSERVICE,
11x35193,DUPLEX ENGINEERING,,,,,,,19x45,0.00000000,0,CRM,
11x35240,สิทธิโชติ ซัพพลาย แอนด์ เซอร์วิส จำกัด,SV01,,,,,,19x54,0.00000000,0,CRM,
11x35273,บริษัท  ภัทร  โพรฟีเชียนท์  จำกัด,SV04,16/1 Moo7 Sudbunthat Rd. Kaeng Khoi Saraburi 18110,,,,,19x36,0.00000000,0,CRM,
11x35336,"Global R&D Co., Ltd.",SV01,,,,,,19x51,0.00000000,0,CRM,
11x35344,"Bangkok Petrotech Co.,Ltd.",SV01,,,,,,19x51,0.00000000,0,CRM,
11x35407,บริษัท ภัณฑ์เอนก จำกัด,SV01,"1769 อาคารฤทธิ์รัตน์, แขวงหัวหมาก เขตบางกะปิ กรุงเทพมหานคร, รามคำแหง, 10240",,,,,19x44,0.00000000,0,CRM,
11x35411,บริษัท เมคเวิร์ธ จำกัด,SV04,69 /342 ชั้น2 หมู่ที่ 1 ซ.พระมหาการุณย์10 /5 ต. บ้้านใหม่ อ. ปากเกร็ด,,,,,19x89,0.00000000,0,CRM,
11x35418,Elecchem,SV01,,,,,,19x54,0.00000000,0,CRM,
11x35467,THAI POLYETHYLENE,CH42,,,,,,19x51,0.00000000,0,CRM,
11x35477,"NATIONAL POWER SUPPLY PUBLIC CO.,LTD.",PP00,,,,,,19x22,0.00000000,0,CRM,
11x35485,"Sang Chai Meter Co., Ltd.",,,,"+(66-2) 299-3456 , 022-9999 Ex",,,19x66,0.00000000,0,CRM,
11x35534,Thai-Japan Gas,,,,,,,19x45,0.00000000,0,CRM,
11x35545,บริษัท เฉียวฟู (ไทยแลนด์) จำกัด,CH41,,,,,,19x18,0.00000000,0,WEBSERVICE,
11x35548,บริษัท คอนติเนนทอล ไทร์ส (ประเทศไทย) จำกัด,AG02,,,,,,19x51,0.00000000,0,WEBSERVICE,
11x35574,"Panasonic Manufacturing Ayuthaya Co., Ltd.",EI00,,,,,,19x36,0.00000000,0,CRM,
11x35734,THANAMETHA SUPPLY COMPANY LIMITED,UT03,,,,,,19x36,0.00000000,0,CRM,
11x35769,NHK Spring,CH41,,,,,,19x66,0.00000000,0,CRM,
11x35777,บริษัท เพอฟอร์แมนซ์ เอ็นจิเนียริ่ง จำกัด,SV04,,,,,,19x21,0.00000000,0,CRM,
11x35779,บริษัท โซลูชั่น คอนโทรล แอนด์เอ็นจิเนียริ่ง จํากัด,SV01,"652 Moo 5, Soi Dansamrong 6, Dansamrong Rd., Samrongnua,muang, Samutprakarn 10270",,,,,19x62,0.00000000,0,CRM,
11x35799,บริษัท เคพีดี บิสซิเนส จำกัด,CH03,62/259 ซอยประเสริฐมนูกิจ 27 ถนนประเสริฐมนูกิจ แขวงจรเข้บัว เขตลาดพร้าว,,,,,19x19,0.00000000,0,CRM,
11x35884,บริษัท เอ็น.ที.เอส.สตีลกรุ๊ป จำกัด (มหาชน),MT01,,,,,,19x18,0.00000000,0,WEBSERVICE,
11x35914,บริษัท จี พลัส (ประเทศไทย) จำกัด,SV04,29/9 หมู่ที่ 7 ตำบลบึงคำพร้อย อำเภอลำลูกกา,,,,,19x19,0.00000000,0,CRM,
11x35920,ซีพีเอฟ-สัตว์น้ำมหาชัย,FD05,,,,,,19x27,0.00000000,0,CRM,
11x36072,TPC Paste Resin (SCG),CH43,,,,,,19x51,0.00000000,0,CRM,
11x36163,บริษัท อินเตอร์ คูลลิ่งดีไซน์ จำกัด,EL00,,,02-591-5431-3,,,19x35,0.00000000,0,CRM,
11x36165,SCG MTT,CH42,,,,,,19x51,0.00000000,0,CRM,
11x36256,ซีเอสโอ ปิโตรเลี่ยม,CH14,299 หมู่ 2 ถนนเชียงใหม่-ลำปาง ตำบลหนองผึ้ง อำเภอสารภี จังหวัดเชียงใหม่ 50140,,,,,19x44,0.00000000,0,CRM,
11x36262,Global Green Chemicals Public Company Limited,CH16,,,,,,19x78,0.00000000,0,CRM,
11x36318,ห้างหุ้นส่วนจำกัด โปรเกรส เอ็นจิเนียริ่ง แอนด์ เซอร์วิส,,,,,,,19x37,0.00000000,0,CRM,
11x36320,บริษัท โรงงานยางไทยสินอนันต์ (2516) จำกัด,AG02,,,,,,19x34,0.00000000,0,CRM,
11x36357,"SM Group Maritimr consultant Co.,Ltd",SV01,,,082-481-0522,,,19x43,0.00000000,0,CRM,
11x36359,มิลล์คอน-บางกระดี่,,,,,,,19x27,0.00000000,0,CRM,
11x36363,Rayong Terminal (SCG),CH42,,,,,,19x51,0.00000000,0,CRM,
11x36382,บริษัท เเอล.พี มอเตอร์ จำกัด,,,,,,,19x66,0.00000000,0,CRM,
11x36388,PRECISION POWER,,,,,,,19x45,0.00000000,0,CRM,
11x36424,ซีพีเอฟ-สัตว์น้ำหนองแค,FD05,,,,,,19x27,0.00000000,0,CRM,
11x36581,บริษัท เฟิร์ส เทคโนโลยี่ จำกัด,SV04,,,,,,19x21,0.00000000,0,CRM,
11x36724,BJC Glass (Thailand) Company limited,,,,,,,19x66,0.00000000,0,CRM,
11x36770,บริษัท เวอร์เท็คซ์ เอ็นจิเนียริ่ง จำกัด,SV04,,,,,,19x31,0.00000000,0,CRM,
11x36818,ENP,SV01,,,,,,19x43,0.00000000,0,CRM,
11x36843,JELLY BELLY CANDY,FD99,,,,,,19x51,0.00000000,0,CRM,
11x36889,บริษัท ซีอีโอ อกริฟู้ด จำกัด,FD03,102 อาคาร อรรถกระวี ซอย สุขุมวิท 26 ถนนพระรามที่ ๔ แขวง คลองตัน เขตคลองเตย กรุงเทพมหานคร 10110,,,,,19x44,0.00000000,0,CRM,
11x36899,CBI,,,,,,,19x55,0.00000000,0,CRM,
11x36988,TFMS-สระบุรี,,,,,,,19x27,0.00000000,0,CRM,
11x36998,"P.S. PETROTECH CO., LTD.",,,,,,,19x45,0.00000000,0,CRM,
11x37003,SMART PRO INTERTRAD,,,,,,,19x45,0.00000000,0,CRM,
11x37060,MP G1 (THAILAND) LIMITED [MUBADALA],,,,,,,19x61,0.00000000,0,CRM,
11x37079,บริษัท 304 อินดัสเตรียล ปาร์ค 7 จำกัด,UT03,,,,,,19x18,0.00000000,0,WEBSERVICE,
11x37100,บริษัท อาหารเบทเทอร์  จำกัด,FD99,,,,,,19x18,0.00000000,0,WEBSERVICE,
11x37123,"PTT MCC Biochem Co., Ltd.",CH42,,,,,,19x65,0.00000000,0,CRM,
11x37161,"PKK Siam Co., Ltd.",SV01,,,,,,19x24,0.00000000,0,CRM,
11x37163,PP Progress,SV04,,,,,,19x43,0.00000000,0,CRM,
11x37169,บริษัท ยูนิโฟร์ เอ็นจิเนียริ่ง จํากัด,SV01,,,,,,19x36,0.00000000,0,CRM,
11x37171,"Pronova Laboratories Co.,Ltd.,",,,,,,,19x35,0.00000000,0,CRM,
11x37173,กรุงเทพโฟม ซี.เอส.เอ.,,,,,,,19x66,0.00000000,0,CRM,
11x37184,กรุงเทพโฟม,,,,,,,19x66,0.00000000,0,CRM,
11x37185,บริษัท กรุงเทพโฟม ซี.เอส.เอ. จำกัด,CH41,,,,,,19x66,0.00000000,0,CRM,
11x37240,"All Pumps Co., Ltd.",SV04,,,,,,19x34,0.00000000,0,CRM,
11x37313,A WAN ENGINEERING,SV01,17/3 หมู่ 4 ตำบลท่าไม้ อำเภอกระทุ่มแบน จังหวัดสมุทรสาคร,,,,,19x45,0.00000000,0,CRM,
11x37359,UNITED ASPHALT,,,,,,,19x45,0.00000000,0,CRM,
11x37365,บริษัท เอกรัฐวิศวกรรม จำกัด (มหาชน),EL01,,,,,,19x34,0.00000000,0,CRM,https://www.ekarat.co.th/en/home/
11x37369,Standard Manufacturing.co.ltd.,CH06,,,,,,19x36,0.00000000,0,CRM,
11x37409,หจก.สุราษฎ์ แมคคานิค ซัพพลาย,SV04,66/ 24-5 ถนนสุราษฎร์ธานี - พุนพิน ต.วัดประดู่ อ.เมืองสุราษฎร์ธานี จ.สุราษฎร์ธานี 84000,,,,,19x45,0.00000000,0,CRM,
11x37413,MECHANIKA,,,,,,,19x45,0.00000000,0,CRM,
11x37416,"IACC Chemical Solutions Co., Ltd.",CH07,,,,,,19x36,0.00000000,0,CRM,
11x37418,MT Engineering,SV01,"หมู่ที่ 3, 4/2, ตำบลวังหว้า, อำเภอศรีประจันต์ สุพรรณบุรี 72140",,,,,19x62,0.00000000,0,CRM,
11x37420,บริษัท เจริญวิทย์ ซัพพลาย จำกัด,SV04,268 ซอย ทินกร แขวง ดินแดง เขตดินแดง,,,,,19x19,0.00000000,0,CRM,
11x37422,U prochecm,,,,,,,19x55,0.00000000,0,CRM,
11x37440,บริษัท ฟิวเจอร์เทค อิเล็คทริค จำกัด,EI00,,,097-2146594,,,19x36,0.00000000,0,CRM,
11x37463,GREEN PROGRESS,SV01,,,,,,19x43,0.00000000,0,CRM,
11x37475,ALLNEX,,,,,,,19x55,0.00000000,0,CRM,
11x37571,PS Agro,,,,,,,19x27,0.00000000,0,CRM,
11x37656,"Thai Energy Conservation Co., Ltd. (Thailand)",,,,,,,19x45,0.00000000,0,CRM,
11x37752,DPP ENGINEERING,,,,,,,19x45,0.00000000,0,CRM,
11x37774,โปรดักส์ดีเวลลอปเม้นท์เมนูแฟคเจอร์ริง,FD03,1274 1273 ถนน วิเชียรโชฎก ตำบลมหาชัย อำเภอเมืองสมุทรสาคร สมุทรสาคร 74000,,,,,19x44,0.00000000,0,CRM,
11x37803,Ital Thai,SV01,,,,,,19x54,0.00000000,0,CRM,
11x37817,EAGLE INTERTRANS,CH02,"บางปะกง, ตำบล บางปะกง ฉะเชิงเทรา",,,,,19x45,0.00000000,0,CRM,
11x37892,บริษัท เจริญดีการสุรา 2005 จำกัด,FD07,,,,,,19x22,0.00000000,0,CRM,
11x37945,บริษัท เบยส์ เอ็นจิเนียริ่ง จำกัด,UT03,,,,,,19x36,0.00000000,0,CRM,
11x38086,SGC TPE # Site 1,CH42,,,,,,19x51,0.00000000,0,CRM,
11x38098,"THS DEVELOPMENT CO.,LTD.",SV01,,,,,,19x34,0.00000000,0,CRM,
11x38121,ไทยประสิทธิ์แมชชีนเนอรี่ จำกัด,SV04,82 ถนนบูรณศาสตร์ ศาล เจ้าพ่อเสือ เขตพระนคร กรุงเทพมหานคร 10200,,,,,19x45,0.00000000,0,CRM,
11x38180,บริษัท ปูนซิเมนต์ไทย (ท่าหลวง) จำกัด,MN05,,,,,,19x89,0.00000000,0,WEBSERVICE,
11x38188,บริษัท ทีพีไอ โพลีน เพาเวอร์ จำกัด (มหาชน),MN05,,,,,,19x18,0.00000000,0,WEBSERVICE,
11x38220,DRK,SV04,87/6-7 อาคารโมเดอร์นทาวน์ ถนนสุขุมวิท 63 ( เอกมัย ซอย 3 ) แขวงคลองตันเหนือ เขตวัฒนา. กรุงเทพมหานคร,,,,,19x23,0.00000000,0,CRM,
11x38242,บริษัท ไทยมาลายากลาส,,,,,,,19x19,0.00000000,0,CRM,
11x38246,บริษัท พีทีที (ลาว) จำกัด,CH14,555/2 ศูนย์เอนเนอร์ยี่คอมเพล็กซ์ อาคาร บี ชั้นที่ 12 ถนนวิภาวดีรังสิต แขวงจตุจักร เขตจตุจักร กทม.,,,,,19x23,0.00000000,0,CRM,
11x38264,ฺBelken System,SV01,38/10 ถนนลพบุรีราเมศวร์ ต.น้ำน้อย อ.หาดใหญ่ จ. สงขลา,,,,,19x23,0.00000000,0,CRM,
11x38490,บริษัท สยามคราฟท์ อุตสาหกรรม จำกัด,PP01,,,,,,19x34,0.00000000,0,CRM,
11x38577,สุขการช่าง,CH14,,,0817619397,,,19x43,0.00000000,0,CRM,
11x38629,BLUE GAS,SV04,1999 ถนน เพชรบุรี แขวง บางกะปิ เขตห้วยขวาง กรุงเทพมหานคร 10310,,,,,19x45,0.00000000,0,CRM,
11x38651,"Thai Otsuka Pharmaceutical Co.,Ltd.",,,,,,,19x35,0.00000000,0,CRM,
11x38708,"World Wide Solutions 2014 Co., Ltd.",SV01,,,,,,19x37,0.00000000,0,CRM,
11x38723,บริษัท ไซน่าสเตทคอนสตรัคชั่นเอ็นจิเนียริ่ง จำกัด,SV01,2034 อาคารอิตัลไทยทาวเวอร์ ถนนเพชรบุรีตัดใหม่ แขวงบางกะปิ กทม.,,,,,19x44,0.00000000,0,CRM,
11x38759,Eidensha (Thailand) Co. Ltd.,SV04,,,,,,19x36,0.00000000,0,CRM,
11x38810,Famsun Group-China,FD05,"No.1 Huasheng Road, Yangzhou, Jiangsu",,,,,19x27,0.00000000,0,CRM,
11x38859,บริษัท ยูโรเปี้ยน สแนค ฟู้ด จำกัด,FD99,,,,,,19x18,0.00000000,0,WEBSERVICE,
11x38960,"PHOTHI SIRIN THAI CONSULTANT Co., LTD.",SV01,,,,,,19x36,0.00000000,0,CRM,
11x38995,บริษัท บูห์เลอร์ (ประเทศไทย) จำกัด,MN03,อาคาร42 ทาวเวอร์ ห้องเลขที่ 1702-1703 ชั้นที่ 17 65 ซอยสุขุมวิท 42 ถนนสุขุมวิท แขวง พระโขนง เขตคลองเตย,,,,,19x19,0.00000000,0,CRM,
11x38996,BLU GAS,SV04,1999 ถนน เพชรบุรี แขวง บางกะปิ เขตห้วยขวาง กรุงเทพมหานคร 10310,,,,,19x45,0.00000000,0,CRM,
11x39028,บริษัท ชิฟ เอ็นจิเนียริ่ง จำกัด,SV01,55/42 ตำบล บึงคำพร้อย อำเภอลำลูกกา ปทุมธานี 12150,,,,,19x62,0.00000000,0,CRM,
11x39046,STYROLUTION (THAILAND) CO LTD,CH42,,,,,,19x51,0.00000000,0,CRM,
11x39095,ห้างหุ้นส่วนจำกัด เฮอร์คิวลิส ซีล,SV04,,,,,,19x21,0.00000000,0,CRM,
11x39100,USERVICE THAILAND,,,,,,,19x45,0.00000000,0,CRM,
11x39107,"E-Square Environment & Engineering Co.,Ltd.",UT03,,,,,,19x36,0.00000000,0,CRM,
11x39182,Sutee,,,,,,,19x55,0.00000000,0,CRM,
11x39193,บริษัทอิตัลไทย,,,,,,,19x55,0.00000000,0,CRM,
11x39270,Bangkok Live,SV01,23/115-121 ซอยศูนย์วิจัย ซ. RCA แขวง บางกะปิ เขตห้วยขวาง กรุงเทพมหานคร 10310,,,,,19x62,0.00000000,0,CRM,
11x39301,GRADIANT,SV01,,,,,,19x65,0.00000000,0,CRM,
11x39305,บจก.สวโรจน์ เซลส์แอนด์เซอร์วิส,SV04,,,,,,19x34,0.00000000,0,CRM,
11x39401,ทีเอ เทรดดิ้ง แอนด์ ซัพพลาย เซอร์วิส,SV04,,,,,,19x21,0.00000000,0,CRM,
11x39407,sino-pacific,FD01,,,,,,19x43,0.00000000,0,CRM,
11x39419,กำนันปัญญา,UT00,,,,,,19x34,0.00000000,0,CRM,
11x39425,"TPC paste resin co.,ltd",,,,,,,19x37,0.00000000,0,CRM,
11x39459,แอ็คเทียส (ไทยแลนด์) จำกัด,SV04,,,,,,19x31,0.00000000,0,CRM,
11x39516,Top Myanmar Engineering,SV04,Myanmar,,,,,19x23,0.00000000,0,CRM,
11x39518,PKM DEVELOPMENT,SV01,106/14 ต.บางรักพัฒนา อ.บางบัวทอง จ.นนทบุรี 11110,,,,,19x62,0.00000000,0,CRM,
11x39559,บริษัท ซูเอซ วอเตอร์ เทคโนโลยีส์ แอนด์ โซลูชั่นส์ (ประเทศไทย) จำกัด,SV04,,,,,,19x31,0.00000000,0,CRM,
11x39654,TPM Engineering,SV04,,,,,,19x19,0.00000000,0,CRM,
11x39665,บริษัท ฟลูอิด ไลน์ ซิสเท็มส์ จำกัด,SV04,11 ซ.รามคำแหง 62 (ธารทิพ 1) แขวงหัวหมาก เขตบางกะปิ,,,,,19x19,0.00000000,0,CRM,
11x39717,แก๊สซัพพลาย เชียงใหม่,CH14,,,,,,19x43,0.00000000,0,CRM,
11x39814,"CCM Spirits Co., Ltd",FD07,,,,,,19x22,0.00000000,0,CRM,
11x39860,อำพลฟู๊ด,FD01,392/56-57 ซอยปรีชาพาณิชย์ ถนน มหาราช พระบรมมหาราชวัง เขตพระนคร กรุงเทพมหานคร 10200,,,,,19x44,0.00000000,0,CRM,
11x39867,บริษัท เอเซีย เอ็นจิเนียริ่งแพค จำกัด,SV04,,,,,,19x77,0.00000000,0,WEBSERVICE,
11x39888,บริษัท ไดนามิก จำกัด,SV01,,,,,,19x18,0.00000000,0,WEBSERVICE,
11x39891,บริษัท สยาม ณครพรรณ 2019 จำกัด,SV04,,,,,,19x19,0.00000000,0,WEBSERVICE,
11x39893,"US Embassy Bangkok, Thailand",UT01,,,+66 2 205 5105,,,19x34,0.00000000,0,CRM,
11x39941,คาร์กิลล์สยาม-พิษณุโลก,FD05,,,,,,19x27,0.00000000,0,CRM,
11x39999,"ARTHIT E&C CO., LTD",SV01,,,,,,19x65,0.00000000,0,CRM,
11x40132,"ELECTRO CERAMICS (THAILAND) CO.,LTD.",EL01,,,,,,19x34,0.00000000,0,CRM,
11x40242,บริษัท บีอาร์เอส พาร์ท เซอร์วิส จำกัด,SV04,333/91 หมู่ 5 ตำบล บางเพรียง อำเภอ บางบ่อ,,,,,19x19,0.00000000,0,CRM,
11x40290,บริษัท ซีทู เอ็นเตอร์ไพร์ส เซอร์วิส จำกัด,SV04,,,,,,19x34,0.00000000,0,CRM,
11x40299,กองกษาปณ์,UT99,,,,,,19x45,0.00000000,0,WEBSERVICE,
11x40304,บริษัท สุขการช่าง จำกัด,UT99,,,,,,19x18,0.00000000,0,WEBSERVICE,
11x40314,บริษัท เพทโทร-อินสตรูเมนท์ จำกัด,CH14,,,,,,19x18,0.00000000,0,WEBSERVICE,
11x40320,StarWood Chemical,CH01,,,,,,19x51,0.00000000,0,CRM,
11x40436,SHERWOOD CHEMICALS Public Company Limited,CH01,,,,,,19x35,0.00000000,0,CRM,
11x40458,GC STYRENICS,CH43,,,,,,19x65,0.00000000,0,CRM,
11x40464,เวิลด์ เอ็นจิเนียริ่ง เซอร์วิส แอนด์ ซัพพลาย จำกัด,SV01,58/168 หมู่7 ซอยกิ่งแก้ว58แยก5 ถนนกิ่งแก้ว ตำบลราชาเทวะ อำเภอบางพลี สมุทรปราการ 10540,,,,,19x44,0.00000000,0,CRM,
11x40537,"Clariant (Thailand) Co.,Ltd",CH03,,,,,,19x19,0.00000000,0,CRM,
11x40547,Siri Equipment,SV04,"258 หมู่ที่ 2 ถนนริมน้ำ
ท่าทองใหม่
สุราษฎร์ธานี
กาญจนดิษ",,,,,19x45,0.00000000,0,CRM,
11x40555,บริษัท โกลบอลโทรนิค อินเตอร์เทรด จำกัด,SV04,,,,,,19x31,0.00000000,0,CRM,
11x40610,Low Price Component,SV04,,,,,,19x36,0.00000000,0,CRM,
11x40623,"Myanmar Electrical & Instrumentation Co.,Ltd",SV04,Myanmar,,,,,19x45,0.00000000,0,CRM,
11x40632,กิ่งแก๊วแก๊ส,CH02,48/2 หมู่ที่ 4 บางพลีราชาเทวะสมุทรปราการ,,,,,19x62,0.00000000,0,CRM,
11x40684,THAI NITRATE,CH01,,,,,,19x65,0.00000000,0,CRM,
11x40701,เฟริส เทคโนโลยี,SV04,,,,,,19x43,0.00000000,0,CRM,
11x40713,ENERGY ABSOLUTE,UT01,,,,,,19x51,0.00000000,0,CRM,
11x40804,บริษัท ยูวาเทค จำกัด,SV04,,,,,,19x77,0.00000000,0,CRM,
11x40860,PASCAL INTERTECH,OM00,"95 หมู่ 3
ต. บางครุ อ. พระประแดง จ. สมุทรปราการ 10130",,,,,19x45,0.00000000,0,CRM,
11x40880,กรุงไทยอาหาร-บ้านบึง,,,,,,,19x27,0.00000000,0,CRM,
11x40887,บี เอ็น บราเดอร์,,,,,,,19x27,0.00000000,0,CRM,
11x40973,ห้างหุ้นส่วนจำกัด กิ่งแก้วแก๊ส,CH02,,,,,,19x18,0.00000000,0,WEBSERVICE,
11x41085,Puratos,,,,,,,19x27,0.00000000,0,CRM,
11x41143,"TECHNOLOGY & ENGINEERING SQUARE CORP., LTD.",SV04,101 เสรีไทย 81/2 เสรีไทย แขวงคันนายาว เขตคันนายาว กทม.,,,,,19x45,0.00000000,0,CRM,
11x41220,TOPGAS,SV04,158 ถนน บรมราชชนนี แขวง ฉิมพลี เขตตลิ่งชัน กรุงเทพมหานคร 10170,,Mobile: 081-621-4888,kitiwat@topgas.co.th,,19x45,0.00000000,0,CRM,
11x41227,บริษัท ดีดี อุบล เอ็นจิเนียริ่ง จำกัด,SV01,88/24 หมู่บ้าน โนนหงษ์ทอง(หมู่บ้านสาริน8) หมู่ที่ 12 ตำบลไร่น้อย อำเภอเมืองอุบลราชธานี,,,,,19x27,0.00000000,0,CRM,
11x41239,บริษัท บอนด์ เคมีคอลส์ จำกัด,CH09,,,,,,19x34,0.00000000,0,CRM,
11x41246,KS INTERCOOL,OM00,99/9 หมู่ 8 ตำบล คลองมะเดื่อ อำเภอกระทุ่มแบน สมุทรสาคร 74110,,,,,19x45,0.00000000,0,CRM,
11x41395,ทีดิก เซาท์ จำกัด,CH43,,,,,,19x21,0.00000000,0,CRM,
11x41401,บริษัท พรีม่าวิสต้าคอนสตรัคชั่น จำกัด,SV04,,,,,,19x21,0.00000000,0,CRM,
11x41413,แนททูร่า วัน,FD03,หมู่ที่ 4 ตำบล ท่าสะท้อน อำเภอพุนพิน สุราษฎร์ธานี 84130,,,,,19x45,0.00000000,0,CRM,
11x41421,ที ที เอ็ม วิศวกรรม,,,,,,,19x19,0.00000000,0,CRM,
11x41423,POSCO,SV01,,,,,,19x65,0.00000000,0,CRM,
11x41481,"Utoc (Thailand) Co.,Ltd.",SV01,,,,,,19x65,0.00000000,0,CRM,
11x41545,บริษัท ออเร้นจ์ โซลูชั่น จำกัด,SV04,,,,,,19x22,0.00000000,0,CRM,
11x41592,"Besto Exim Co., Ltd.",UT01,"Phnom Penh, Cambodia.",,,,,19x45,0.00000000,0,CRM,
11x41712,NEW STAR,SV01,"Si Lom Rd. Si Lom , Bang Rak , Bangkok, 10500",,,,,19x45,0.00000000,0,CRM,
11x41727,GREEN PRODUCT,SV04,83 ซอย บุญชูศรี แขวง สามเสนใน เขตพญาไท กรุงเทพมหานคร 10400,,,,,19x45,0.00000000,0,CRM,
11x41732,พูราโต๊ส,,,,,,,19x70,0.00000000,0,CRM,
11x41733,บริษัท พูราโต๊ส จำกัด,FD05,ตำบล หอมศีล อำเภอบางปะกง,,,,,19x70,0.00000000,0,CRM,
11x41745,บริษัท ไทยโตชิบาอุตสาหกรรม จำกัด,EL01,,,,,,19x34,0.00000000,0,CRM,
11x41748,บริษัท พานาโซนิค รีฟริกเจอเรชั่น ดิไวซ์ (ไทยแลนด์) จำกัด,EL01,,,,,,19x34,0.00000000,0,CRM,
11x41751,บริษัทสยามอุตสาหกรรมเทปกาว จำกัด,CH09,,,,,,19x34,0.00000000,0,CRM,
11x41757,บริษัท ฮานา ไมโครอิเล็คโทรนิคส จำกัด (มหาชน),EL01,,,,,,19x34,0.00000000,0,CRM,
11x41760,บริษัทอิเล็คโทรเซรามิคส์(ไทยแลนด์)จำกัด,EL01,,,,,,19x34,0.00000000,0,CRM,
11x41762,บริษัท เอ จี ซี ไมโครกลาส (ประเทศไทย) จำกัด,EL01,,,,,,19x34,0.00000000,0,CRM,
11x41765,บริษัทโฮยา ลำพูน จำกัด,EL01,,,,,,19x34,0.00000000,0,CRM,
11x41770,บริษัท ทาคาโนะ (ประเทศไทย) จำกัด,EL01,,,,,,19x34,0.00000000,0,CRM,
11x41773,บริษัท เคียวเซร่า (ประเทศไทย)จำกัด,EL01,,,,,,19x34,0.00000000,0,CRM,
11x41786,บริษัท แดรี่ไทย จำกัด,FD01,หมู่ที่ 3 132 ถนนเขางู-เบิกไพร ตำบล คุ้งพยอม อำเภอบ้านโป่ง ราชบุรี 70110,,,,,19x44,0.00000000,0,CRM,
11x41885,Besto Exim Co.Ltd,UT01,"Phnom Penh, Cambodia.",,,,,19x45,0.00000000,0,CRM,
11x41957,"KYOCERA Asia Pacific (Thailand) Co., Ltd.",EL01,,,,,,19x69,0.00000000,0,CRM,
11x41964,"KYOCERA (THAILAND)CO.,LTD",,,,,,,19x34,0.00000000,0,CRM,
11x41965,ห้างหุ้นส่วนจำกัด กิจวิริยะ เทรดดิ้ง,SV04,,,,,,19x21,0.00000000,0,CRM,
11x42021,เบญจมณี,SV01,559/9 ซอย ประดิษฐ์มนูธรรม 9 ถนน ประดิษฐ์มนูธรรม แขวง สะพานสอง เขตวังทองหลาง กรุงเทพมหานคร 10310,,,,,19x44,0.00000000,0,CRM,
11x42072,Le Creuset Manufacturing (Thailand),MN03,,,,,,19x19,0.00000000,0,CRM,
11x42074,"MITSUBISHI POWER, LTD",SV01,JAPAN,,Tel: +81-50-3779-5050 (Direct),camacho_ruben@mhps.com,,19x45,0.00000000,0,CRM,
11x42081,"BMI Development Co.,Ltd",SV01,,,,,,19x65,0.00000000,0,CRM,
11x42114,บริษัท แปดริ้วเครื่องเย็นเชียงใหม่ - 1994จำกัด,SV07,223 ม.3 ต.ท่าศาลา อ.เมือง,,,,,19x27,0.00000000,0,CRM,
11x42149,หจก. บุญรักษา เอ็นจิเนียริ่ง ซัพพลาย,SV04,20/71 หมู่ที่ 15 ต.สูงเนิน อ.สูงเนิน จ.นครราชสีมา 30170,,,,,19x45,0.00000000,0,CRM,
11x42153,CPPESEA,SV01,,,,,,19x65,0.00000000,0,CRM,
11x42167,บริษัท พนัส ฟีดมิลล์ จำกัด,FD05,59 หมู่ที่ 5 หมอนนาง อำเภอพนัสนิคม,,,,,19x27,0.00000000,0,CRM,
11x42169,เอ็นเทค แมเนจเม้นท์,SV01,53/22 ถนน พหลโยธิน 54/1 แยก 4-49 แขวง สายไหม เขตสายไหม กรุงเทพมหานคร 10220,,,,,19x44,0.00000000,0,CRM,
11x42228,บริษัท อินฟินิตี้ แอ๊บโซลูท จำกัด,SV01,,,,,,19x18,0.00000000,0,WEBSERVICE,
11x42234,บริษัท ยูนิโฟร์ เอ็นจิเนียริ่ง จำกัด,SV01,,,,,,19x18,0.00000000,0,WEBSERVICE,
11x42253,บริษัท ไทยอาซาฮีเคมีภัณฑ์  จำกัด,CH01,,,,,,19x18,0.00000000,0,WEBSERVICE,
11x42258,"Acteus (Thailand) Co., Ltd.",CH02,"19 Chan Road, Soi 18/7, Yaek 21 Thung Wat Don, Sathorn  Bangkok, 10120",,,,,19x45,0.00000000,0,CRM,
11x42262,บริษัท เบ็ทเทอร์ฟาร์มา จำกัด,FD05,216 ถนน สระบุรี-หล่มสัก ตำบล ช่องสาริกา อำเภอพัฒนานิคม,,,,,19x27,0.00000000,0,CRM,
11x42285,บริษัท พงษ์ภัทร เอนเตอร์ไพรส์ จำกัด,SV01,หมู่ที่ 3 32/2 ถนนปทุมธานี - บางเลน ตำบล ขุนศรี อำเภอไทรน้อย,,,,,19x27,0.00000000,0,CRM,
11x42320,บริษัท แอมคอร์ เฟล็กซิเบิ้ล ชลบุรี จำกัด,CH42,,,0817540859,,,19x31,0.00000000,0,CRM,
11x42325,บริษัท เฟิร์ส ซัพพลาย เอ็นจิเนียริ่ง จำกัด,SV04,,,,,,19x21,0.00000000,0,CRM,http://www.fse.co.th/
11x42327,ส่วนก่อสร้างและบูรณะถนน๑ สำนักงานก่อสร้างและบูรณะ สำนักการโยธา,UT03,,,,,,19x37,0.00000000,0,CRM,
11x42330,"TOMSA DESTIL (THAILAND) CO., LTD.",FD07,,,,,,19x22,0.00000000,0,CRM,
11x42347,"BANGKOK COLD STORAGE SERVICE, LTD.",OM00,1377 หมู่7 ถ.เทพารักษ์ ต.เทพารักษ์ อ. เมือง จ.สมุทรปราการ 10270,,,,,19x45,0.00000000,0,CRM,
11x42388,บริษัท เอกชาติอุฤทธิ์ จำกัด,SV04,,,,,,19x34,0.00000000,0,CRM,
11x42396,ห้างหุ้นส่วนจำกัด ๕ เสือ เอ็นจิเนียริ่ง,SV01,,,082-387-1243,,,19x34,0.00000000,0,CRM,
11x42451,PSS,SV01,,,,,,19x24,0.00000000,0,CRM,
11x42465,ห้างหุ้นส่วนจำกัด เค.ที.พี.พี คอนสตรัคชั่น แอนด์ ซัพพลาย,SV05,,,,,,19x21,0.00000000,0,CRM,
11x42526,บริษัท ไทยนครเพนท์แอนด์เคมีคอล จำกัด,CH41,,,02-9167714-9,,,19x70,0.00000000,0,CRM,
11x42532,บริษัท สยามวอเตอร์เจ็ทติ้งซัพพลายแอนด์เรนท์ทัล จำกัด,SV04,,,,,,19x19,0.00000000,0,CRM,
11x42639,ยูนิคแก๊ส แอนด์ ปิโตรเคมิคัลส์,CH02,553 อาคารเดอะพาลาเดียม ชั้น 30 ถนนราชปรารภ แขวงมักกะสัน เขตราชเทวี กรุงเทพมหานคร,,,,,19x44,0.00000000,0,CRM,
11x42647,บริษัท อี 3 เอเซีย จำกัด,SV07,"56/6 อาคารเดอะกรีนเพลส ซ.บางนา-ตราด 32
แขวงบางนาใต้ เขตบางนา กรุงเทพมหานคร 10260",,,,,19x27,0.00000000,0,CRM,
11x42650,"Techtronic Co.,Ltd.",SV01,,,,,,19x24,0.00000000,0,CRM,
11x42690,บริษัท โตกิโอะ เอ็นจิเนียริ่ง จำกัด,CH41,1 อาคารเอ็มดี ทาวเวอร์ ชั้น 8 ห้องซี 2 ซอยบางนา-ตราด 25 ถนนบางนา-ตราด แขวงบางนาเหนือ เขตบางนา กรุงเทพมหานคร,,027443114,,,19x70,0.00000000,0,CRM,
11x42720,ที เค เอส เคมิคอล (ประเทศไทย) จำกัด,CH03,2 หมู่ที่ 12 ถนนกิ่งแก้ว ตำบลร,,,,,19x70,0.00000000,0,CRM,
11x42764,บริษัท ไทยพัฒนสิน (จิ้นเส็ง 2000) จำกัด,SV04,,,,,,19x18,0.00000000,0,WEBSERVICE,
11x42788,บริษัท บางกอกโคลด์สโตริจเซอร์วิส จำกัด,????,,,,,,19x45,0.00000000,0,WEBSERVICE,
11x42794,บริษัท สยามวอเตอร์เจ็ทติ้งซัพพลาย แอนด์ เรนท์ทัล จำกัด,????,,,,,,19x18,0.00000000,0,WEBSERVICE,
11x42906,โรงงาน นิคมอุตสำหกรรมดับบลิวเอชเอ ชลบุรี1 358 ต.บ่อวิน อ.ศรีราชา ชลบุรี,MT99,,,,,,19x70,0.00000000,0,CRM,
11x42907,บริษัท จี เจ สตีล จำกัด (มหาชน) (GJS),MT99,,,,,,19x70,0.00000000,0,CRM,
11x42936,บริษัท เอสซี พาร์ทเทค จำกัด,SV04,,,,,,19x70,0.00000000,0,CRM,
11x43248,บริษํท ลัคกี้แคร์ริเออร์ จำกัด,TP00,,,,,,19x44,0.00000000,0,CRM,
11x43250,บริษัท ลัคกี้แคร์ริเออร์ จำกัด,CH02,อาคารเดอะพาลาเดียม ชั้น 30 553 ถนนราชปรารภ แขวง มักกะสัน เขตราชเทวี กรุงเทพมหานคร 10400,,,,,19x45,0.00000000,0,CRM,
11x43265,บริษัท ไทย-อินเตอร์ อีเลคทริค อินดัสตรีส์ จำกัด,SV04,,,,,,19x37,0.00000000,0,CRM,
11x43283,หจก. ส.พิพัฒน์พานิช,CH02,,,,,,19x45,0.00000000,0,CRM,
11x43284,Total Corbion,CH01,,,,,,19x51,0.00000000,0,CRM,
11x43402,บริษัท สวอนอินดัสทรี่ส์ (ประเทศไทย) จำกัด,MT99,171 หมู่ 17 นิคมอุตสาหกรรมบางพลี ถนนบางนา-ตราด ตำบลบางเสาธง อำเภอบางเสาธง จังหวัดสมุทรปราการ 10540.,,,,,19x70,0.00000000,0,CRM,
11x43413,หจก. ปิโตรพลัส วัน แอนด์ เซอร์วิส,CH14,,,,,,19x43,0.00000000,0,CRM,
11x43415,หจก. ปิโตร พลัส วัน แอนด์ เซอร์วิส,CH14,,,,,,19x43,0.00000000,0,CRM,
11x43420,บีทเทค-ไทย เอ็นจิเนียริ่ง,SV01,,,,,,19x68,0.00000000,0,CRM,
11x43467,บริษัท คาสทูล 180 จำกัด,MT99,,,,,,19x70,0.00000000,0,CRM,
11x43507,"Grand Best Tech Co.,Ltd.",SV01,,,,,,19x51,0.00000000,0,CRM,
11x43702,บริษัท ไซ-อาร์กัส จำกัด,TT01,,,,,,19x68,0.00000000,0,CRM,
11x43723,บริษัท เฌอร่า  จำกัด (มหาชน),MN06,,,,,,19x19,0.00000000,0,WEBSERVICE,
11x43725,บริษัท เฌอร่า จำกัด (มหาชน),MN06,,,,,,19x18,0.00000000,0,WEBSERVICE,
11x43752,บริษัท สยามแก๊ส แอนด์ ปิโตรเคมีคัลส์ จำกัด (มหาชน),CH02,,,,,,19x45,0.00000000,0,WEBSERVICE,
11x43757,KrisEnergy (Apsara) Company Limited,????,,,,,,19x18,0.00000000,0,WEBSERVICE,
11x43791,บริษัท ยูนิคแก๊ส แอนด์ ปิโตรเคมิคัลส์ จำกัด (มหาชน),????,,,,,,19x45,0.00000000,0,WEBSERVICE,
11x43869,บริษัท ไทยเบเวอร์เรจแคน จำกัด,MT02,,,,,,19x19,0.00000000,0,CRM,
11x43959,บริษัท พงศ์พารา รับเบอร์ จำกัด,UT99,,,,,,19x68,0.00000000,0,CRM,
11x43971,บริษัท จีเนียส เอนจิเนียริ่ง จำกัด,SV04,,,,,,19x68,0.00000000,0,CRM,
11x43974,ห้างหุ้นส่วนจำกัด ภัทรธร เอ็นจิเนียริ่ง,SV04,,,,,,19x45,0.00000000,0,CRM,
11x43977,ไทยฟู้ดส์ โรงชำแหละไก่ ท่ามะกา,FD01,"46/19 หมู่ที่ 4, ตำบลอุโลกสี่หมื่น อำเภอท่ามะกา จังหวัดกาญจนบุรี ตำบล อุโลกสี่หมื่น อำเภอท่ามะกา กาญจนบุรี 71130",,,,,19x44,0.00000000,0,CRM,
11x44036,บริษัท พลัส เทค เอ็นจิเนียริ่ง จำกัด,SV04,,,,,,19x21,0.00000000,0,CRM,
11x44043,SB FOOD,FD99,,,,,,19x24,0.00000000,0,CRM,
11x44094,บริษัท ซูพรีมเซลล์โฟม จำกัด,SV07,,,,,,19x27,0.00000000,0,CRM,
11x44182,Gulf,UT01,,,,,,19x53,0.00000000,0,CRM,
11x44240,บริษัท เอ็ม พี เจ โลจิสติกส์ จำกัด,SV04,,,,,,19x70,0.00000000,0,CRM,
11x44245,บริษัท เกรทโอเรียนเต็ลเทรดดิ้ง จำกัด,SV04,,,,,,19x37,0.00000000,0,CRM,
11x44247,AZBIL,SV05,,,,,,19x53,0.00000000,0,CRM,
11x44252,TRC CONSTRUCTION,SV01,,,,,,19x62,0.00000000,0,CRM,
11x44379,"INNOVEK ASIA CO., LTD.",SV01,,,,,,19x53,0.00000000,0,CRM,
11x44413,บริษัท เอส. บี. ฟู้ด จำกัด,????,,,,,,19x18,0.00000000,0,WEBSERVICE,
11x44423,"KRP (KORAPAK) ENGINEERING CO., LT.D",SV04,,,,,,19x45,0.00000000,0,CRM,
11x44425,GC GLYCOL COMPANY LIMITED (GC POLYOLS),CH99,,,,,,19x53,0.00000000,0,CRM,
11x44455,NSI DESIGN CONSTRUCTION,CH14,,,02054954004,,,19x23,0.00000000,0,CRM,
11x44468,บริษัท โตโยไซกัน (ประเทศไทย) จำกัด,FD01,,,,,,19x44,0.00000000,0,CRM,
11x44480,บริษัท ชบาบางกอก จำกัด,FD01,,,,,,19x44,0.00000000,0,CRM,
11x44496,SK ENGINEERING,SV01,,,,,,19x54,0.00000000,0,CRM,
11x44609,บริษัท อี.ไอ.พี. พาวเวอร์ แมเนจเม้นท์ จำกัด,UT00,,,,,,19x62,0.00000000,0,CRM,
11x44706,3son trading,SV04,,,,,,19x27,0.00000000,0,CRM,
11x44765,บริษัท เอ็มเอสพี แมชชีนทูลส์ จำกัด,SV04,,,,,,19x68,0.00000000,0,CRM,
11x44934,GRACE DEAL,SV01,,,,,,19x24,0.00000000,0,CRM,
11x44944,AKZO NOBEL PAINTS,CH03,,,,,,19x54,0.00000000,0,CRM,
11x44971,benpac packaging ltd.,AG99,,,,,,19x51,0.00000000,0,CRM,
11x44973,บริษัท นิคโก้ เอเชีย ประเทศไทย,CH15,,,,,,19x45,0.00000000,0,CRM,
11x45020,THAI PETROLEUM SUPPORT,SV01,,,,,,19x44,0.00000000,0,CRM,
11x45025,Sanyo kasei (thailand) ltd,CH99,,,,,,19x51,0.00000000,0,CRM,
11x45083,New Tatton,SV01,,,,,,19x65,0.00000000,0,CRM,
11x45119,บริษัท สยามไฟเบอร์ซีเมนต์กรุ๊ป จำกัด,MN05,,,,,,19x21,0.00000000,0,CRM,
11x45126,dalong gas and petrochemical,CH02,,,,,,19x44,0.00000000,0,CRM,
11x45131,บริษัท เอกรัฐวิศวกรรม จำกัด,UT99,,,,,,19x45,0.00000000,0,CRM,
11x45145,บริษัท เกรสดีล จำกัด,????,,,,,,19x18,0.00000000,0,WEBSERVICE,
11x45224,บริษัท  ไทยเบฟเวอเรจเเคน จำกัด,MT02,,,,,,19x70,0.00000000,0,CRM,
11x45250,หน้าแรก > บริษัท เอ็น เอส เค แบริ่งส์ (ประเทศไทย) จำกัด บริษัท เอ็น เอส เค แบริ่งส์ (ประเทศไทย) จำกั,SV04,,,,,,19x70,0.00000000,0,CRM,
11x45251,บริษัท เอ็น เอส เค แบริ่งส์ (ประเทศไทย) จำกัด,SV04,,,,,,19x70,0.00000000,0,CRM,
11x45258,หจก.อรุณีค้าแป้ง,FD08,,,,,,19x35,0.00000000,0,CRM,
11x45447,"Oskon.Co.,ltd",FD08,,,,,,19x35,0.00000000,0,CRM,
11x45473,บริษัท เอเอ็มซี ซิสเต็ม (ประเทศไทย) จำกัด,CH42,,,,,,19x21,0.00000000,0,CRM,
11x45510,Wood,SV01,,,,,,19x51,0.00000000,0,CRM,
11x45615,PTT Phenol,CH99,,,,,,19x54,0.00000000,0,CRM,
11x45624,CNPS,CH14,,,0856669945,,,19x23,0.00000000,0,CRM,
11x45631,บริษัท เอ็นเอฟซี จำกัด (มหาชน),????,,,,,,19x18,0.00000000,0,WEBSERVICE,
11x45639,บริษัท เอ็กซ์เซล แมททีเรียลส์ จำกัด,????,,,,,,19x88,0.00000000,0,WEBSERVICE,
11x45641,"DALONG GAS AND PETROCHEMICALS CO.,LTD.",????,,,,,,19x18,0.00000000,0,WEBSERVICE,
11x45672,"Great Technical Service & Associate Co., Ltd.",SV01,,,,,,19x45,0.00000000,0,CRM,
11x45675,หจก เอ็ม พี เทรดดิ้ง,SV01,,,,,,19x44,0.00000000,0,CRM,
11x45686,บริษัท เอฟสแควร์ อินเตอร์เนชั่นแนล กรุ๊ป,SV01,,,,,,19x21,0.00000000,0,CRM,
11x45692,หจก.ดวงทิพย์ เทรด แอนดื เซอร์วิส,EI00,,,0818305094,dt.tradesales@gmail.com,,19x36,0.00000000,0,CRM,
11x45776,กิจการร่วมค้า เอสที-แมกซ์เอนส์-ทีดับบิว,SV01,,,,,,19x43,0.00000000,0,CRM,
11x45817,HYNDAI ENGINEERING,SV01,,,,,,19x62,0.00000000,0,CRM,
11x45819,บริษัท เชียงใหม่ สมาร์ท จำกัด,SV04,,,,,,19x19,0.00000000,0,CRM,
11x45826,SYSTANO,SV03,,,,,,19x51,0.00000000,0,CRM,
11x45888,มิตซูบิชิ คอร์ปอเรชั่น,????,,,,,,19x45,0.00000000,0,WEBSERVICE,
11x46121,บริษัท สำเภา เอ็นจิเนียริ่ง อินดัสทรี จำกัด,SV01,,,,,,19x62,0.00000000,0,CRM,
11x46126,แม่น้ำ เรสซิเดนท์,UT99,,,,,,19x44,0.00000000,0,CRM,
11x46150,Mazda Powertrain Manufacturing Thailand,UT99,,,,,,19x51,0.00000000,0,CRM,
11x46247,B.Grim,UT00,,,,,,19x65,0.00000000,0,CRM,
11x46373,"SUBSERVICE AND SUPPLY (2010) LTD., PART",CH14,,,,vuttipong2010@gmail.com,,19x43,0.00000000,0,CRM,
11x46381,"ITP Co.,LTD",SV04,,,,,,19x27,0.00000000,0,CRM,
11x46455,Thai Plastic Chemical (SCG-DOW),CH42,,,,,,19x51,0.00000000,0,CRM,
11x46464,บริษัท โตโยอิ๊งค์ ( ประเทศไทย )  จำกัด,????,,,,,,19x18,0.00000000,0,WEBSERVICE,
11x46498,ฮุนได เอ็นจิเนียริ่ง คัมปะนี ลิมิเต็ด,????,,,,,,19x18,0.00000000,0,WEBSERVICE,
11x46653,ห้างหุ้นส่วนจํากัด เอส โอ เอส รับเบอร์ แอนด์ โมลด์,SV04,,,,,,19x45,0.00000000,0,CRM,
11x46688,"Vyncke Co., Ltd.",SV01,,,,,,19x37,0.00000000,0,CRM,
11x46715,Northeatern Maintenance Pool Service,SV01,,,,,,19x27,0.00000000,0,CRM,
11x46718,CP Vietnam-Binh Phuoc,FD05,,,,,,19x27,0.00000000,0,CRM,
11x46778,SIAM POLYSTYRENE (SCG-DOW),CH42,,,,,,19x51,0.00000000,0,CRM,
11x46831,Ensys,SV04,,,,,,19x27,0.00000000,0,CRM,
11x47115,บริษัท อิตัลไทยวิศวกรรม จำกัด,????,,,,,,19x18,0.00000000,0,WEBSERVICE,
11x47117,บริษัท เซอร์คูลาร์ พลาส จำกัด,????,,,,,,19x18,0.00000000,0,WEBSERVICE,
11x47148,บริษัท เมคคานิก โพรวายเดอร์ แอนด์ เดเวลอปเม้นต์ จำกัด ...,SV01,,,,,,19x44,0.00000000,0,CRM,
11x47152,บริษัท บางกอกแคน แมนนูแฟคเจอริ่ง จำกัด,MT02,,,,,,19x70,0.00000000,0,CRM,
11x47219,บริษัท เพอร์ฟอร์แม็ก เทรดดิ้ง จำกัด,SV04,,,,,,19x19,0.00000000,0,CRM,
11x47274,ซีพีเอฟ โรงงานอาหารสำเร็จรูปหนองจอก,FD01,,,,,,19x44,0.00000000,0,CRM,
11x47283,บริษัท เอฟสแควร์ อินเตอร์เนชั่นแนล กรุ๊ป จำกัด,SV01,,,,,,19x21,0.00000000,0,CRM,
11x47299,Trouw Nutrition,SV01,,,,,,19x27,0.00000000,0,CRM,
11x47334,บมจ. สยามซินดิเคทเทคโนโลยี,SV01,,,,,,19x44,0.00000000,0,CRM,
11x47360,"T.M.K. SERVIVE SUPPLY CO., LTD.",SV01,,,,,,19x45,0.00000000,0,CRM,
11x47383,GPSC,UT01,,,,,,19x65,0.00000000,0,CRM,
11x47397,ห้างหุ้นส่วนจำกัด เบ๊ชัยแสง,SV04,,,,,,19x36,0.00000000,0,CRM,
11x47436,GULF YALA GREEN,UT01,,,,,,19x45,0.00000000,0,CRM,
11x47471,โรงควบคุมคุณภาพน้ำช่องนนทรี,UT03,,,,,,19x35,0.00000000,0,CRM,
11x47528,"MEGEX Co.,Ltd.",SV04,"Khunalai- Bang Khun Thian Village Bang Khun Thian-Chaythal
Bang Khun Thian 10150",,,chanwit@megex.co.th,,19x43,0.00000000,0,CRM,www.megex.co.th
11x47614,ITT FLUID,SV05,,,,,,19x53,0.00000000,0,CRM,
11x47630,โรงไฟฟ้าบ้านเลน,UT01,,,,,,19x45,0.00000000,0,CRM,
11x47678,บริษัท อินเตอร์ อินสตรูเม้นท์ จำกัด,SV05,,,,,,19x31,0.00000000,0,CRM,
11x47732,บริษัท กรีน เทคโนโลยี รีเสิร์ช จำกัด,????,,,,,,19x18,0.00000000,0,WEBSERVICE,
11x47748,"NSI DESIGN CONSTRUCTION CO.,LTD",????,,,,,,19x18,0.00000000,0,WEBSERVICE,
11x47802,N technology,SV07,,,,,,19x66,0.00000000,0,CRM,
11x47807,บริษัท อัลฟ่า เอ็นจิเนียริ่ง แอนด์ ซัพพายด์ จำกัด,SV04,,,,,,19x27,0.00000000,0,CRM,
11x47876,บริษัท เทคเนท จํากัด,SV01,,,,,,19x68,0.00000000,0,CRM,
11x47884,D&A enterprise,SV04,,,,,,19x21,0.00000000,0,CRM,
11x47890,Synthomer (Thailand) Company Limited,CH03,,,,,,19x64,0.00000000,0,CRM,
11x47967,GULF SRC,UT99,,,,,,19x45,0.00000000,0,CRM,
11x48023,"FUTURE TECHNOLOGY SUPPLY CO., LT.D",SV04,,,,,,19x45,0.00000000,0,CRM,
11x48080,บริษัท นิธิ ธัญ คอมเมอร์เชียล จำกัด,SV04,,,,,,19x31,0.00000000,0,CRM,
11x48223,SEA FISH INDUSTRY COMPANY,FD01,,,,,,19x62,0.00000000,0,CRM,
11x48226,บริษัท วีเค เอคเซคคิวทีฟ จำกัด,UT99,,,,,,19x68,0.00000000,0,CRM,
11x48235,บริษัท เอ็น.ไอ.เอ็ม จำกัด,SV04,,,,,,19x21,0.00000000,0,CRM,
11x48247,บริษัท ดีแอนด์เอ เจเนอรัล ซัพพลาย จำกัด,SV04,,,,,,19x77,0.00000000,0,CRM,
11x48333,บริษัท ไทยวิศว์ ออโตเมชั่น จำกัด,SV04,,,,,,19x31,0.00000000,0,CRM,
11x48337,บริษัท 9 สยาม ดีไซน์ แอนด์ เ็นจิเนียริ่ง จำกัด,SV04,,,,,,19x45,0.00000000,0,CRM,
11x48342,บริษัท เวิลด์นิตติ้ง เท็กซ์ไทล์ จำกัด,TT01,,,,,,19x31,0.00000000,0,CRM,
11x48349,ARTIT ENGINEERING,SV01,,,,,,19x65,0.00000000,0,CRM,
11x48385,CONSTANTINE LIMITED PARTNERSHIP,SV04,,,,,,19x45,0.00000000,0,CRM,
11x48398,เอ็กเซล เอ็นเทค,SV01,,,,,,19x27,0.00000000,0,CRM,
11x48400,ห้างหุ้นส่วนจำกัด นานาซัพพลาย 2020,SV01,,,,,,19x36,0.00000000,0,CRM,
11x48440,MP รุ่งเรือง,SV01,,,,,,19x62,0.00000000,0,CRM,
11x48497,"NS-SIAM UNITED STEEL CO., LTD. (NS-SUS)",MT01,,,,,,19x65,0.00000000,0,CRM,
11x48501,อาคาร ไทยวา ทาวเวอร์,UT99,,,,,,19x44,0.00000000,0,CRM,
11x48557,ห้างหุ้นส่วนจำกัด อิเล็กทรอนิก วิชั่น,SV04,,,,,,19x36,0.00000000,0,CRM,
11x48580,บริษัท สยามราช จำกัด (มหาชน),SV01,,,,,,19x34,0.00000000,0,CRM,
11x48679,บจก.เค.เอ.เอ.เอ็นจิเนียริ่ง,FD01,ซอยลาดพร้าวังหิน 39 ถนนลาดพร้าววังหิน แขวงลาดพร้าว เขตลาดพร้าว กทม กทม 10230,,029317789,kaaengineering2558@gmail.com,,19x43,0.00000000,0,CRM,
11x48837,บริษัท เอ็นเอส อินเตอร์ซัพพลาย จำกัด,CH01,,,,,,19x31,0.00000000,0,CRM,
11x48887,Tri-Wall Packaging (Thai) Ltd.,PP00,,,038-950160-3,,,19x64,0.00000000,0,CRM,http://www.tri-wall.co.th/
11x48890,บริษัท เอ็มซี แมชชีน เอ็นจิเนียริ่ง แอนด์ เซอร์วิส จำกัด,SV04,,,,,,19x37,0.00000000,0,CRM,
11x48893,"SOKEN CHEMICAL CO.,LTD",CH06,,,,,,19x69,0.00000000,0,CRM,
11x48942,บริษัท ฟาเท็ค เวิร์คส์ จำกัด,SV04,,,089-9675752,,,19x70,0.00000000,0,CRM,
11x48951,บริษัท สยามนาธานอินเตอร์เนชั่นแนล จำกัด,SV04,,,,,,19x34,0.00000000,0,CRM,
11x49025,ห้างหุ้นส่วนจำกัด นานาซัพพลาย2020,????,,,,,,19x18,0.00000000,0,WEBSERVICE,
11x49029,บริษัท จีซีพี แอพพลายด์ เทคโนโลยีส์ โฮลดิ้งส์,????,,,,,,19x77,0.00000000,0,WEBSERVICE,
11x49045,บริษัท เอ็มซีแอลเอส เอเชีย จำกัด,CH43,,,,,,19x21,0.00000000,0,CRM,
11x49086,Utility Business Alliance Company Limited,UT03,,,,,,19x35,0.00000000,0,CRM,
11x49088,บริษัท พีเอสที อิควิพเม้นท์ แอนด์ ซัพพลาย จำกัด,SV04,,,,,,19x19,0.00000000,0,CRM,
11x49090,กรมพลังงานทหาร อ.ฝาง,CH14,,,,,,19x44,0.00000000,0,CRM,
11x49094,"AGC Flat Glass (Thailand) Public Co.,Ltd.",CH01,,,,,,19x64,0.00000000,0,CRM,
11x49110,Cogorno,SV04,,,,,,19x70,0.00000000,0,CRM,
11x49200,บริษัท บางกอก บอยเลอร์ อินดัสเตรียล จำกัด,SV02,223/29 อาคารคันทรี่ทาวเวอร์ เอ ถนนสรรพาวุธ แขวงบางนา เขตบางนา กรุงเทพมหานคร 10260,,02-3615304 Ext752,surachan.n@bib.co.th,,19x70,0.00000000,0,CRM,https://www.bib.co.th/category/news/
11x49206,บริษัท นครพัฒน์ คอนสตัลชั่น,SV01,,,,,,19x45,0.00000000,0,CRM,
11x49220,"TANIOBIS Co., Ltd.",FD08,,,,,,19x51,0.00000000,0,CRM,
11x49245,เอแอนด์พี อะกริ โปรดักท์,FD05,,,038-131675,,,19x27,0.00000000,0,CRM,
11x49434,บริษัท ลาบิกซ์ จำกัด,????,,,,,,19x18,0.00000000,0,WEBSERVICE,
11x49442,บริษัท เอ็มพี รุ่งเรืองทรัพย์ จำกัด,????,,,,,,19x18,0.00000000,0,WEBSERVICE,
11x49449,บริษัท ซี.ที.บี.เอ็นจิเนียริ่ง จำกัด,????,,,,,,19x18,0.00000000,0,WEBSERVICE,
11x49614,บริษัท พอล แอนด โค (ประเทศไทย) จำกัด :	คุณ ธนิน :,PP00,,,,,,19x34,0.00000000,0,CRM,
11x49673,บริษัท ธัมบ์อัพ เอ็นจิเนียริ่ง จำกัด,SV04,,,083-231234,,,19x66,0.00000000,0,CRM,https://tue.co.th/contact.html
11x49706,บริษัท สยามอีสต์ โซลูชั่น จำกัด (มหาชน),SV01,,,,,,19x45,0.00000000,0,CRM,
11x49731,"MITR PROJECT SERVICES CO., LTD.",EL01,,,,,,19x53,0.00000000,0,CRM,
11x49797,บริษัทสยามกัลฟ์ ปิโตรเคมีคัล จำกัด,CH14,,,,,,19x62,0.00000000,0,CRM,
11x49831,บริษัท เอ็น แอนด์ เอ็น อินเตอร์เทรดดิ้ง จำกัด,SV04,,,,,,19x31,0.00000000,0,CRM,
11x49847,คาร์กิลล์สยาม-โคราช,FD05,,,,,,19x27,0.00000000,0,CRM,
11x49849,บริษัท ไทย นิปปอน แพล้นท์ จำกัด,SV01,,,,,,19x21,0.00000000,0,CRM,
11x50003,บริษัท มิตรผล ไบโอฟูเอล (กุฉินารายณ์) จำกัด,????,,,,,,19x74,0.00000000,0,WEBSERVICE,
11x50159,บริษัท ชูไลท์ เอนจิเนียริ่ง จำกัด,SV01,ถนนคู้บอน แขวงคันนายาว กรุงเทพมหานคร,,,,,19x43,0.00000000,0,CRM,
11x50175,ห้างหุ้นส่วนจำกัด โมทะนี เซอร์วิสแอนด์ซัพพลาย,CH14,โนนพลวง กำแพงเพชร,,,kanchitmotanee@gmail.com,,19x43,0.00000000,0,CRM,
11x50196,บจ.เดอมาสท์,SV01,,,,,,19x62,0.00000000,0,CRM,
11x50235,Black & Veatch,SV01,,,,,,19x45,0.00000000,0,CRM,
11x50241,SumiRiko Eastern Rubber (Thailand) Ltd.,AT00,,,,,,19x64,0.00000000,0,CRM,
11x50269,SMA POWER SERVICE,SV04,,,,,,19x45,0.00000000,0,CRM,
11x50314,บริษัท กัลฟ์ บีแอล จำกัด,????,,,,,,19x18,0.00000000,0,WEBSERVICE,
11x50316,บริษัท กัลฟ์ บีพี จำกัด,????,,,,,,19x18,0.00000000,0,WEBSERVICE,
11x50318,บริษัท กัลฟ์ เอ็นพีเอ็ม จำกัด,????,,,,,,19x18,0.00000000,0,WEBSERVICE,
11x50320,บริษัท กัลฟ์ เอ็นแอลแอล2 จำกัด,????,,,,,,19x18,0.00000000,0,WEBSERVICE,
11x50364,บริษัท พูราโต๊ส (ประเทศไทย) จำกัด,SV04,,,,,,19x70,0.00000000,0,CRM,
11x50418,RC SUPPLY,SV04,,,,,,19x45,0.00000000,0,CRM,
11x50482,"Ampacet (Thailand) Co., Ltd.",CH01,,,,,,19x64,0.00000000,0,CRM,
11x50500,บริษัท ทาคูนิ กรุ๊ป จำกัด (มหาชน),CH02,,,024552888,,,19x44,0.00000000,0,CRM,
11x50505,เอพีที ไฮ-เทคนิค,SV01,,,,,,19x27,0.00000000,0,CRM,
11x50554,บริษัท วีทรีพี เอ็นจิเนียริ่ง จำกัด,SV04,,,,,,19x70,0.00000000,0,CRM,
11x50562,บริษัท หนองบัว ฟีด มิลล์ จำกัด,FD05,,,,,,19x70,0.00000000,0,CRM,
11x50869,"M.C.O.CO.,LTD.",XX00,,,,,,19x64,0.00000000,0,CRM,
11x50874,เบทาโกร-บีฟู๊ด,FD01,,,036436333-47,,,19x44,0.00000000,0,CRM,
11x50878,บริษัท ไอคอน  เซอร์วิส จำกัด,SV04,,,,,,19x45,0.00000000,0,CRM,
11x50886,"Siam Bioscience Co., Ltd.",CH05,,,,,,19x37,0.00000000,0,CRM,
11x50948,AAD Enterprise,CH14,,,,,,19x23,0.00000000,0,CRM,
11x50951,"UNION 4 CONCEPT CO.,LTD",SV04,,,,,,19x37,0.00000000,0,CRM,
11x51042,TE Industrial,SV01,,,,,,19x27,0.00000000,0,CRM,
11x51151,ห้างหุ้นส่วนจำกัด เจเอสเอส ซัพพลาย แอนด์ เซอร์วิส,????,,,,,,19x23,0.00000000,0,WEBSERVICE,
11x51202,บริษัท โฟร์ เฟรนด์ เซ็นทรัล กรุ๊ป จำกัด,SV04,,,,,,19x21,0.00000000,0,CRM,
11x51274,บริษัท เอ็กเซล เเมททีเรียลส์ จำกัด,CH03,,,,,,19x70,0.00000000,0,CRM,
11x51406,"S.S.B SIAM CO.,LTD",SV04,,,,,,19x51,0.00000000,0,CRM,
11x51449,บริษัท พีที ชยพัทธ์ จำกัด,SV04,,,,,,19x19,0.00000000,0,CRM,
11x51601,บริษัท สยามคอมเพล็คซ์ เทคโนโลยี จำกัด,CH05,,,02-9644900,,,19x34,0.00000000,0,CRM,
11x51662,บริษัท แอลเอ็นเค ซิสเต็ม จำกัด,SV01,,,,,,19x62,0.00000000,0,CRM,
11x51726,บริษัท เอพีที ไฮ-เทคนิค จำกัด,????,,,,,,19x18,0.00000000,0,WEBSERVICE,
11x51788,บริษัท ที อี อินดัสเทรียล เทค จำกัด,????,,,,,,19x18,0.00000000,0,WEBSERVICE,
11x51812,บริษัท ซูม่า ซัพพลาย เซ็นเตอร์ จำกัด,SV01,,,,,,19x19,0.00000000,0,CRM,
11x52281,PK W COMPANY LIMITED,SV01,,,,,,19x69,0.00000000,0,CRM,
11x52285,"KH Multi Supply Co., Ltd",CH07,,,,,,19x37,0.00000000,0,CRM,
11x52305,บริษัท ปากอ่าว จำกัด,UT99,,,,,,19x45,0.00000000,0,CRM,
11x52309,พีเอ็นเอ็ม ซัพพลาย,SV04,,,094-7734442,,,19x27,0.00000000,0,CRM,
11x52339,เอลล์บา บางกอก,FD05,,,036374032-3,,,19x27,0.00000000,0,CRM,
11x52410,จอร์ด อินเตอร์เนชั่นเเนล,SV01,,,,,,19x44,0.00000000,0,CRM,
11x52417,ห้างหุ้นส่วนจำกัด แต้น่ำย้ง,CH43,,,,,,19x68,0.00000000,0,CRM,
11x52462,บริษัท ซันสกาย โกลบอล เทค จำกัด,SV01,,,,,,19x34,0.00000000,0,CRM,
11x52469,บริษัท เคยูวี จำกัด,SV01,,,,,,19x68,0.00000000,0,CRM,
11x52486,ห้างหุ้นส่วนจำกัดดินคนไทย,SV04,,,,,,19x45,0.00000000,0,CRM,
11x52489,บริษัท เอสอาร์พี เมนทิแนนซ์ แอนด์ เซอร์วิส จำกัด,SV04,,,,,,19x45,0.00000000,0,CRM,
11x52510,บริษัท สยามไบโอไซเอนซ์ จำกัด,????,,,,,,19x18,0.00000000,0,WEBSERVICE,
11x52601,SPENCO LIMITED,SV01,,,02-3839163,,,19x27,0.00000000,0,CRM,
11x52607,บริษัท ที.ซี. ฟาร์มาซูติคอล อุตสาหกรรม จำกัด,FD02,,,089-5352987,,,19x34,0.00000000,0,CRM,
11x52705,"Asia Pacific Petrochemical Co., Ltd.",SV01,,,,,,19x62,0.00000000,0,CRM,
11x53008,DURMART,SV04,,,,,,19x45,0.00000000,0,CRM,
11x53012,บริษัท สยามวินอินดัสทรี จำกัด,CH43,,,,,,19x68,0.00000000,0,CRM,
11x53198,water field,SV01,,,,,,19x65,0.00000000,0,CRM,
11x53397,บจก. กรีนโปรเกรส จำกัด,SV01,,,,nukul@green-progress.com,,19x43,0.00000000,0,CRM,
11x53457,ห้างหุ้นส่วนจำกัด ดินคนไทย,????,,,,,,19x18,0.00000000,0,WEBSERVICE,
11x53473,บริษัท อุตสาหกรรมไทยบรรจุภัณท์ จำกัด (มหาชน),MN05,,,,,,19x68,0.00000000,0,CRM,
11x53483,Varlaris,SV01,,,,,,19x23,0.00000000,0,CRM,
11x53486,หจก. ทรัพย์ศิริมอเตอร์ซัพพลาย,SV01,สมุทรสาคร 7400,,,gamesophon@gmail.com,,19x43,0.00000000,0,CRM,
11x53490,GC POLYOL,CH99,,,,,,19x65,0.00000000,0,CRM,
11x53498,บริษัท พนัสโพลทรี่ กรุ๊ป จำกัด,FD05,,,,,,19x70,0.00000000,0,CRM,
11x53515,บริษัท โตนานอินเตอร์เนชั่นแนล จำกัด,SV01,,,,,,19x44,0.00000000,0,CRM,
11x53531,VINYLTHAI,CH99,,,,,,19x24,0.00000000,0,CRM,
11x53728,"Real Soluplus Co.,Ltd.",SV01,,,,,,19x37,0.00000000,0,CRM,
11x53841,"ProMinent Fluid Controls (Thailand) Co., Ltd.",SV04,,,+66 (0) 2-376-0008-12 Ext. 322,,,19x36,0.00000000,0,CRM,
11x53842,คุณบุญเลิศ,SV04,,,,,,19x22,0.00000000,0,CRM,
11x53870,ห้างหุ้นส่วนจำกัด มุฑิตา คอนสตรัคชั่น,SV01,,,,,,19x68,0.00000000,0,CRM,
11x53872,ห้างหุ้นส่วนจำกัด เอ็มพีพียูนิตี้โปรดักส์,CH42,,,,,,19x68,0.00000000,0,CRM,
11x53958,บริษัท ไทยซูซูกิ มอเตอร์ จำกัด,UT99,,,,,,19x77,0.00000000,0,CRM,
11x53966,บริษัท เลอ ครูเซ แมนูแฟคเจอริ่ง (ประเทศไทย) จำกัด,????,,,,,,19x19,0.00000000,0,WEBSERVICE,
11x53983,บริษัท ซิงค์ อีเล็คทริค ซิสเต็ม จำกัด,SV04,,,,,,19x31,0.00000000,0,CRM,
11x54107,บริษัท ดีไวน์ เทคโนโลยี โซลูชั่นส์ จำกัด,UT99,,,,,,19x68,0.00000000,0,CRM,
11x54117,Ball Beverage Packaging,MT02,Thanlyin Township Yangon,,,,,19x70,0.00000000,0,CRM,
11x54125,Panumart,UT03,,,,,,19x36,0.00000000,0,CRM,
11x54126,บริษัท เอ็นวิเกียร์,UT03,,,,,,19x36,0.00000000,0,CRM,
11x54140,บริษัท ยัวส์ ซัพพลาย จำกัด,SV04,,,,,,19x34,0.00000000,0,CRM,
11x54204,lecuse,MN03,,,,,,19x19,0.00000000,0,CRM,
11x54215,"Nana Supply.Co.,Ltd.",UT03,,,,,,19x36,0.00000000,0,CRM,
11x54217,"Thai Glycerine Co.,Ltd.",CH07,,,,,,19x36,0.00000000,0,CRM,
11x54264,Solvay (Bangpoo) Specialty Chemicals Ltd.,CH07,,,0614173663,,,19x36,0.00000000,0,CRM,
11x54338,S&D ENGINEERING,OM00,,,081-987 5624,,Acquired,19x45,0.00000000,0,CRM,
11x54825,"Wide Faith Foods Co.,Ltd. - Chonburi",FD01,,,,,,19x64,0.00000000,0,CRM,
11x54880,บริษัท สยามเดคคอเรทีฟเซอร์เฟซ จำกัด,SV04,,,,,,19x68,0.00000000,0,CRM,
11x55050,บริษัท เจ.ไอ.ที. อีควิปเม้นท์,SV01,,,,,,19x44,0.00000000,0,CRM,
11x55141,บริษัท 8 เศรษฐี จำกัด,SV04,,,,,,19x37,0.00000000,0,CRM,
11x55205,Lucifer supply,FD03,,,,,,19x23,0.00000000,0,CRM,
11x55225,ห้างหุ้นส่วนจำกัด ซันไลท์ เอ็นจิเนีย,SV04,,,,,,19x19,0.00000000,0,CRM,
11x55347,Thai Tank Terminal Limited,SV01,,,099-9687969,,,19x83,0.00000000,0,CRM,
11x55393,บริษัท เจริญถาวร เทรดดิ้งส์ แอนด์ ซัพพลาย จำกัด,SV04,,,,,,19x19,0.00000000,0,CRM,
11x55833,บริษัท เจริญโภคภัณฑ์อาหาร จำกัด (มหาชน)/รง.หนองแค,FD05,,,,,,19x27,0.00000000,0,CRM,
11x55846,SARAWIN MAINTENANCE CO.LTD.,SV01,,,,,,19x65,0.00000000,0,CRM,
11x55956,BALL ASIA PACIFIC (YANGON) METAL CNTNR LTD,????,,,,,,19x18,0.00000000,0,WEBSERVICE,
11x55996,"Thai Yoshimoto Coating Co.,Ltd.",MT01,,,,,,19x64,0.00000000,0,CRM,
11x56020,OPTIDUR,CH99,,,,,,19x64,0.00000000,0,CRM,
11x56231,บริษัท จ.เจริญเทคนิคอล จำกัด,SV01,,,062-6480886,,,19x27,0.00000000,0,CRM,
11x56358,"Automatech Engineering Co., Ltd.",SV01,,,+66 98 556 8229,,,19x54,0.00000000,0,CRM,
11x56360,"Kyoei (Thailand) Co., Ltd.",MT01,,,,,,19x64,0.00000000,0,CRM,
11x56412,บริษัท กราเฟล็ก จำกัด,SV04,,,,,,19x70,0.00000000,0,CRM,
11x56426,"INTELLIGENCE ENGINEERING & SUPPLY CO.,LTD.",SV04,,,,,,19x64,0.00000000,0,CRM,
11x56521,"ENERGICA CO., LTD.",SV01,,,,,,19x22,0.00000000,0,CRM,
11x56620,บริษัท เอ็ม แอนด์ เอ็ช แมนูแฟคเจอริ่ง จำกัด,SV01,,,,,,19x35,0.00000000,0,CRM,
11x56625,บริษัท เมดดิซาย อินเตอร์เนชั่นแนล จำกัด,CH05,,,095-206-8151,,,19x35,0.00000000,0,CRM,
11x56633,บริษัท ริโก้ส เซอร์วิส  จำกัด,SV04,,,081-8171613,,,19x27,0.00000000,0,CRM,
11x56815,ห้างหุ้นส่วนจำกัด ทีซี ทูลส์ แอนด์ เคมีคอล,SV04,,,,,,19x34,0.00000000,0,CRM,
11x57197,บริษัท เมคคานิก้า จำกัด,SV04,,,,,,19x19,0.00000000,0,CRM,
11x57205,บริษัท เอเชี่ยนแอสฟัลท์ จำกัด,CH15,,,088-5472303,,,19x45,0.00000000,0,CRM,
11x57218,บริษัท แอดวานซ์เทอร์โมโซลูชั่น จำกัด,SV01,,,,,,19x34,0.00000000,0,CRM,
11x57423,บริษัท เอสเอ็มเทค อินเตอร์เทรด (ประเทศไทย) จำกัด,SV04,,,,,,19x68,0.00000000,0,CRM,
11x57442,ส.รุ่งเรืองซัพพลาย,CH06,,,,,,19x35,0.00000000,0,CRM,
11x57450,"Netware Co.,Ltd",CH01,,,,,,19x45,0.00000000,0,CRM,
11x57542,S T T Printing Inter Supply Limited Partnership.,SV04,,,,,,19x64,0.00000000,0,CRM,
11x57679,บริษัท เรฟ พาวเวอร์ จำกัด,SV04,,,,,,19x68,0.00000000,0,CRM,
11x57682,cardinal health,FD01,,,,,,19x64,0.00000000,0,CRM,
11x57710,บจก. ธนนธรรณ์,CH14,,,0925656463,,,19x43,0.00000000,0,CRM,
11x57796,Industrial Factory Hub Co.Ltd.,SV05,,,,,,19x51,0.00000000,0,CRM,
11x57808,บจก. แอล แอนด์ วี คอนสตรัคชั่น (2014),SV01,1/9 ซอยช่างอากาศอุทิศ14 แขวงดอนเมือง เขตดอนเมือง,,0814953305,viset.bun_nong@hotmail.com,Active,19x43,0.00000000,0,CRM,
11x57894,หจก. ไทยรุ่ง สแตนเลส เวอร์ค,CH07,,,,,,19x36,0.00000000,0,CRM,
11x57902,ห้างหุ้นส่วนจำกัด เอควา เด็กซ์,SV04,,,,,,19x34,0.00000000,0,CRM,
11x57925,บริษัท อีเทอนอล ซากาตะ อิ้งซ์ จำกัด,????,,,,,,19x18,0.00000000,0,WEBSERVICE,
11x57969,บริษัท 304 อินดัสเตรียล ปาร์ค จำกัด,????,,,,,,19x34,0.00000000,0,WEBSERVICE,
11x57992,บริษัท ริโก้ส เซอร์วิส จำกัด,????,,,,,,19x18,0.00000000,0,WEBSERVICE,
11x58088,"S. Team Envirotech CO., LTD.",UT03,,,081-494-8202,,,19x35,0.00000000,0,CRM,
11x58090,Geo Technology,SV01,,,0816964143,,,19x44,0.00000000,0,CRM,
11x58092,คอปส์เทคส์ คอร์ปอเรชั่น,SV01,,,020690737-38,,,19x44,0.00000000,0,CRM,
11x58195,"Mitsubishi Chemical (Thailand) Co.,Ltd",CH01,,,,,,19x64,0.00000000,0,CRM,
11x58209,บริษัท เอสซี. เซอร์วิส โซลูชั่น จำกัด,UT03,,,,,,19x36,0.00000000,0,CRM,
11x58211,บริษัท สยาม-วีเค กรุ๊ป จำกัด,CH07,,,,,,19x36,0.00000000,0,CRM,
11x58332,การรถไฟแห่งประเทศไทย,GV00,,,0805169842,,,19x43,0.00000000,0,CRM,
11x58340,"Boonprasit Engineering Co.,Ltd.",SV01,,,02-4087961,,,19x22,0.00000000,0,CRM,
11x58384,บจก. ดับเบิ้ลยู ยู ที ที เอ็นจิเนียริ่ง,SV04,108/1 หมู่4 เมือง นาป่า 20000,,0819900345,,,19x43,0.00000000,0,CRM,www.wuttengineering.com
11x58396,บริษัท ไทยเม็ททอล อลูมิเนียม จำกัด,MT01,,,,,,19x27,0.00000000,0,CRM,
11x58406,"Paques (Thailand) Co., Ltd.",SV01,,,,,,19x21,0.00000000,0,CRM,
11x58571,ซีพีเอฟ-รัสเซีย,FD05,,,,,,19x27,0.00000000,0,CRM,
11x58878,บริษัท ซันเด้น เอ็นจิเนียริ่ง ซิสเต็ม (ประเทศไทย) จำกัด,SV01,,,,,,19x21,0.00000000,0,CRM,
11x59081,บริษัท บี.บี.ซี.เบลท์เท็ค จำกัด,SV04,,,,,,19x31,0.00000000,0,CRM,
11x59086,"Ahawa Ventures Co., Ltd",SV04,,,082-305 1031,,,19x45,0.00000000,0,CRM,
11x59102,บริษัท ไทยนิปปอน สตีล เอ็นจิเนียริ่ง แอนด์ คอนสตรัคชั่น คอร์ปอเรชั่น จำกัด,SV01,,,,,,19x34,0.00000000,0,CRM,
11x59113,หจก. ส.สมพงค์ แมชชินเนอรี,SV01,,,087-5126097,,,19x27,0.00000000,0,CRM,
11x59126,YOKOHAMA RUBBER,AG02,,,,,,19x64,0.00000000,0,CRM,
11x59153,TBC ENGINEERING,SV04,,,,,,19x27,0.00000000,0,CRM,
11x59157,ซี.ที.บี.เอ็นจิเนียริ่ง,SV04,,,,,,19x27,0.00000000,0,CRM,
11x59206,บริษัท ณวรา เอ็นจิเนียริ่ง จำกัด,SV04,,,,,,19x68,0.00000000,0,CRM,
11x59278,"PRODRIVE SYSTEM CO.,LTD.",SV04,399/12   หมู่ที่  13  ซ.กิ่งแก้ว 25/1   ต.ราชาเทวะ  อ.บางพลี  จ.สมุทรปราการ  10540,,02-170-9362-63  #  2203,buy@prodrives.co.th,,19x43,0.00000000,0,CRM,
11x59375,"PPMH Trading Co.,Ltd",SV04,,,,,,19x70,0.00000000,0,CRM,
11x59380,FLOW FUSION,SV04,,,080-0907585,,,19x61,0.00000000,0,CRM,
11x59450,บริษัท ทุ่งหลวงเชื้อเพลิง จำกัด (สาขา 3),CH02,,,,,,19x45,0.00000000,0,CRM,
11x59528,พีเอพี โซลูชั่น,CH03,,,,,,19x44,0.00000000,0,CRM,
11x59530,บริษัท เคพี.กิจเจริญ เอ็นจิเนียริ่ง จำกัด,CH07,,,094-9645562,,,19x34,0.00000000,0,CRM,
11x59532,ซีพีเอฟ-สัตว์น้ำบ้านบึง,FD05,,,,,,19x27,0.00000000,0,CRM,
11x59757,บริษัท อินดัสทรี-อีซี่ จำกัด,SV07,,,,,,19x19,0.00000000,0,CRM,https://www.industry-easy.com/
11x59806,บริษัท มาเยคาว่า (ประเทศไทย) จำกัด,SV01,,,,,,19x54,0.00000000,0,CRM,
11x59874,บจก. มหาสุคน อินเตอร์ฟู้ดส์,FD01,75/1 หมู่ 8 ตำบลท่าเสา อำเภอกระทุ่มแบน จังหวัดสมุทรสาคร,,0869833322,,,19x43,0.00000000,0,CRM,
11x59877,บริษัท ธรรมสรณ์ จำกัด,SV04,,,,,,19x19,0.00000000,0,CRM,
11x59976,ACG Archetype Thailand,AG01,,,(0)8 5020 9611,,,19x65,0.00000000,0,CRM,
11x59977,บริษัท ผาทอง 24  จำกัด,????,,,,,,19x45,0.00000000,0,WEBSERVICE,
11x59988,บริษัท เรย์โคล แอสฟัลท์ จำกัด,????,,,,,,19x18,0.00000000,0,WEBSERVICE,
11x59997,บริษัท เจริญโภคภัณฑ์อาหาร  จำกัด (มหาชน),????,,,,,,19x18,0.00000000,0,WEBSERVICE,
11x60016,บริษัท บุญประสิทธิ์ วิศวกรรม จำกัด,????,,,,,,19x18,0.00000000,0,WEBSERVICE,
11x60053,บริษัทที.ซี.ฟาร์มาซูติคอล อุตสาหกรรม จำกัด,????,,,,,,19x18,0.00000000,0,WEBSERVICE,
11x60058,บริษัท ไทยซูซูกิมอเตอร์ จำกัด,????,,,,,,19x18,0.00000000,0,WEBSERVICE,
11x60063,บริษัท แอลแอนด์วี คอนสตรัคชั่น(2014) จำกัด,????,,,,,,19x18,0.00000000,0,WEBSERVICE,
11x60071,บริษัท มาสด้า พาวเวอร์เทรน แมนูแฟคเจอริ่ง (ประเทศไทย)จำกัด,????,,,,,,19x18,0.00000000,0,WEBSERVICE,
11x60074,บริษัท แอล.ไอ.เอส. อินเตอร์เทรด แอนด์ ซัพพลายส์ จำกัด,????,,,,,,19x18,0.00000000,0,WEBSERVICE,
11x60185,บจก. โบลค์แฮนด์แดลิ่ง,SV01,203/123 ซอยเคหะร่มเกล้า 31 ถนนร่มเกล้า แขวงคลองสองต้นนุ่น เขตลาดกระบัง กทม,,0819332347,parperm.p@bulkhandlingthai.com,,19x43,0.00000000,0,CRM,
11x60461,"A.I Technology Co.,Ltd.",EI00,,,,,,19x36,0.00000000,0,CRM,
11x60481,บริษัท ซีพีเอฟ (ประเทศไทย) จำกัด   (มหาชน),????,,,,,,19x18,0.00000000,0,WEBSERVICE,
11x60486,บริษัท สยามซินดิเคทเทคโนโลยี จำกัด (มหาชน),????,,,,,,19x18,0.00000000,0,WEBSERVICE,
11x60490,"Modern Cass International Cosmetics Co., Ltd.",CH05,,,,,,19x37,0.00000000,0,CRM,
11x60494,BEST METAL WORKS,OM00,,,,,,19x45,0.00000000,0,CRM,
11x60509,"U SOURCE CO., LTD.",SV04,,,(+66) 61 656 1222,,,19x36,0.00000000,0,CRM,
11x60743,"Phakanun Engineering Co.,Ltd",SV04,,,,,,19x64,0.00000000,0,CRM,
11x60755,"P.S.C. STARCH PRODUCTS CO.,LTD",FD08,,,,,,19x37,0.00000000,0,CRM,
11x60813,"AS.FIRST CO., LTD.",SV01,,,,,,19x51,0.00000000,0,CRM,
11x61089,บริษัท ไทยเบส (ประเทศไทย) จำกัด,SV04,,,02-8190900,,,19x36,0.00000000,0,CRM,
11x61266,C.P. Laos,FD05,,,,,,19x27,0.00000000,0,CRM,
11x61313,Maro Worldtech Limited,SV04,,,,,,19x64,0.00000000,0,CRM,
11x61359,Smart Auto and engineering,FD01,,,,,,19x64,0.00000000,0,CRM,
11x61387,บริษัท อนุสรณ์มหาชัยซูริมิ จำกัด,FD99,ึ74000,,+66 (0) 34-414-161-3,,Active,19x45,0.00000000,0,CRM,
11x61602,SIAM SYNDICATE TECHNOLOGY,SV04,,,02-7336080-99,,,19x61,0.00000000,0,CRM,http://www.sst.co.th/th/
11x61758,"Italthai Engineering Co.,Ltd.",SV01,,,,,,19x48,0.00000000,0,CRM,
11x61913,บริษัท เซ็นโต้ เทคโนโลยี จำกัด,CH42,,,,,,19x31,0.00000000,0,CRM,
11x61932,บริษัท เซอร์วิสยัวร์บิสสิเนส  จำกัด,SV04,,,,,,19x37,0.00000000,0,CRM,
11x62030,บริษัท ราช โคเจนเนอเรชั่น จำกัด,UT01,,,02-5291711,,Active,19x45,0.00000000,0,CRM,
11x62419,บริษัท กรุงเทพ ปิโตรเทค จำกัด,SV04,,,,,,19x31,0.00000000,0,CRM,
11x62484,คุณนิพนท์-3N,SV04,,,,,,19x45,0.00000000,0,CRM,
11x62486,บริษัท ฟินไฮกอล์ฟ,OT99,,,,,,19x44,0.00000000,0,CRM,
11x62634,บริษัท มหาสุคน อินเตอร์ฟู้ดส์ จำกัด,????,,,,,,19x18,0.00000000,0,WEBSERVICE,
11x62654,บริษัท พลัสแม็กซ์ โป จำกัด,????,,,,,,19x18,0.00000000,0,WEBSERVICE,
11x62684,ไชน่า เวลเลย์ นัมเบอร์10,SV01,,,,,,19x64,0.00000000,0,CRM,
11x62689,บริษัท แอลแอนด์วี คอนสตรัคชั่น(2014),SV01,,,,,,19x44,0.00000000,0,CRM,
11x62709,"SP. Pro Service Ltd.,",SV01,,,,,,19x51,0.00000000,0,CRM,
11x62774,บริษัท ดับบลิว.อี.เอ็นจิเนียริ่ง แอนด์ คอนซัลแตนท์ จำกัด,SV01,,,,,,19x37,0.00000000,0,CRM,
11x62819,"PharmaDesign Co., Ltd",CH05,,,,,,19x37,0.00000000,0,CRM,
11x62823,NOVOTEL STAR,SV01,,,,,,19x51,0.00000000,0,CRM,
11x62971,เพียวฟู้ดส์,FD01,,,,,,19x44,0.00000000,0,CRM,
11x63096,บจก. ไทยทากาซาโก,SV01,,,0818473467,,,19x43,0.00000000,0,CRM,https://www.thaitakasago.co.th/
11x63156,บริษัท เฟอร์โร คอนสตรัคชั่น โปรดักส์ จำกัด,MN99,,,,,,19x21,0.00000000,0,CRM,
11x63166,โรงพยาบาลสมเด็จพระปิ่นเกล้า,GV00,,,0890679916,,,19x43,0.00000000,0,CRM,
11x63179,K&H (CAMBODIA) LIMITED,CH04,,,,,,19x66,0.00000000,0,CRM,
11x63181,SOUTH CITY PETROCHEM CO LTD.,CH01,,,,,,19x51,0.00000000,0,CRM,
11x63185,PPSC,SV01,,,,,,19x65,0.00000000,0,CRM,
11x63554,A.I.T. & SERVICES,SV01,,,,,,19x65,0.00000000,0,CRM,
11x64081,บริษัท แมทเคม ซิสเทมซัพพลาย แอนด์ เอ็นจิเนียริ่ง จำกัด,????,,,,,,19x70,0.00000000,0,WEBSERVICE,
11x64116,บริษัท มิตซูยะ จำกัด,CH03,,,,,,19x70,0.00000000,0,CRM,
11x64136,บริษัท พรีซิชั่น ทูลส์ เซอร์วิส (ประเทศไทย) จำกัด,SV04,,,,,,19x78,0.00000000,0,CRM,
11x64181,บริษัท พลูโตเทค จำกัด,SV04,,,,,,19x45,0.00000000,0,CRM,
11x64284,"Rayong Maintenance Corporation Co,.Ltd",CH01,,,081-8289092,,,19x53,0.00000000,0,CRM,
11x64313,Medco Energi Thailand,SV01,,,,,,19x43,0.00000000,0,CRM,
11x64327,SKP Quality,SV01,,,0923569364,skpquality@gmail.com,,19x43,0.00000000,0,CRM,
11x64413,บริษัท เมทัลลิค สตีล เซนเตอร์ จำกัด,MT01,,,0897738072,,,19x70,0.00000000,0,CRM,
11x64420,thai takasago,UT99,,,(089) 895-7017,,,19x23,0.00000000,0,CRM,
11x64588,Madnie Wang Diesel Part Machinery,SV01,"323 M.3
Nakhon Si Thammarat 80110
Thailand Nakhon Si Thammarat 80110",,66-917877306,tanyarat.vrt@gmail.com,,19x43,0.00000000,0,CRM,
11x64773,V.R.T. HEAVYENGINECONSTRUTION  LIMITED PARTNERSHIP.,SV01,31/5   M.7  T.Tha  ngeng. A.Muang Nakhon Si Thammarat. Nakhon Si Thammarat 80280,,075-845155,vrthec@gmail.com,,19x43,0.00000000,0,CRM,
11x65339,Thai Rotary Engineering Public Co Ltd (a Rotary Company),CH01,,,+66 (0)3892-3500 Ex : 1069,,,19x54,0.00000000,0,CRM,
11x65616,บริษัท เอแอนด์พี อะกริ โปรดักท์ กรุ๊ป จํากัด,FD05,,,0843395196,,,19x70,0.00000000,0,CRM,
11x65709,บริษัท ธารานิมิต จำกัด,UT03,,,,,,19x36,0.00000000,0,CRM,
11x65713,"KPN Green Energy Solution co., ltd.",UT99,,,080-263 0957,,,19x45,0.00000000,0,CRM,
11x65846,"Fairtech Co., Ltd",SV04,,,,,,19x64,0.00000000,0,CRM,
11x65890,SKjitchai Enterprise PCL,CH01,,,,,,19x53,0.00000000,0,CRM,
11x65914,"C.I.Engineering Co.,Ltd.",SV04,,,,,,19x19,0.00000000,0,CRM,
11x65977,บริษัท เคมเมกเกอร์ จำกัด,SV01,,,,,,19x22,0.00000000,0,CRM,
11x66124,Worley,SV01,"188/16-17 Sukhumvit Road, A. Muang Rayong, Rayong 21150",,+66 61 389 6655,Sarin.Mahathananont@worley.com,,19x43,0.00000000,0,CRM,www.worley.com
11x66163,"Thaipoint Global Technology Co., Ltd",SV04,,,,,,19x64,0.00000000,0,CRM,
11x66276,CP Russia,FD05,,,,,,19x27,0.00000000,0,CRM,
11x66282,หจก. แมนิโฟร์ เอ็นจิเนียริ่ง แอนด์ ซัพพลาย,SV04,,,074-847499,,,19x45,0.00000000,0,CRM,
11x66351,ห้างหุ้นส่วนจำกัด วชิรญากุล ออยล์ เอ็นเนอร์จี,SV01,,,,,,19x23,0.00000000,0,CRM,
11x66382,เมดโค เอนเนอร์จี ไทยแลนด์ (บัวหลวง) ลิมิเต็ด,????,,,,,,19x29,0.00000000,0,WEBSERVICE,
11x66414,INSTRUMECH,SV01,,,,,,19x65,0.00000000,0,CRM,
11x66543,บริษัท ที เค พี 789 อินดัสเทรียล เซอร์วิส จำกัด,SV01,,,,,,19x37,0.00000000,0,CRM,
11x66563,บริษัท อาจีกาว่า แอนด์ เอสซีไอ เมทัลเทค จำกัด,SV04,,,,,,19x70,0.00000000,0,CRM,
11x66567,"ASIANA OFFSHORE CO., LTD.",CH14,,,091-848 5445,,,19x45,0.00000000,0,CRM,
11x66597,RMC,SV01,,,,,,19x24,0.00000000,0,CRM,
11x66852,บริษัทเอฟทีอี ไทยแลนด์ จำกัด,SV01,,,,,,19x45,0.00000000,0,CRM,
11x67137,"R V Connex Co., Ltd.",SV01,,,,,,19x23,0.00000000,0,CRM,
11x67818,บริษัท ไอทีเอส (ไทย) ซัพพลาย จำกัด,SV04,,,,,,19x34,0.00000000,0,CRM,
11x67844,บริษัท เจ.ที.เอ.เอ็นจิเนียริ่ง จำกัด,SV04,,,,,,19x19,0.00000000,0,CRM,
11x68014,บริษัท มั่งคง ซัพพลาย แอนด์ เซอร์วิส จำกัด,SV04,,,095-497 9106,,,19x45,0.00000000,0,CRM,
11x68025,Akibam,CH02,,,,,,19x44,0.00000000,0,CRM,
11x68031,บริษัท เอสทูพี เซลส์ แอนด์ เซอร์วิส จำกัด,SV01,,,,,,19x45,0.00000000,0,CRM,
11x68047,"C.E.S Group Co.,Ltd.",SV01,,,09423668646,,,19x70,0.00000000,0,CRM,
11x68102,"SNB ENGINEERING LTD.,",CH01,,,,,,19x53,0.00000000,0,CRM,
11x68166,บริษัท ทีทีเอ็มเค เอ็นจิเนียริ่ง ซัพพอร์ท แอนด์ เซอร์วิส จำกัด,SV04,,,,,,19x21,0.00000000,0,CRM,
11x68198,NTPT,SV01,,,,,,19x64,0.00000000,0,CRM,
11x68295,เอเชีย แพ็คเกจจิ้ง แมนูแฟคเจอริ่ง,MT02,,,,,,19x27,0.00000000,0,CRM,
11x68308,บจ.ไฮโดร แอนด์ เพาเวอร์ ซีสเท็ม (ประเทศไทย),SV04,,,,,,19x37,0.00000000,0,CRM,
11x68311,GREEN TECHNOLOGY RESEARCH,UT01,,,,,,19x51,0.00000000,0,CRM,
11x68386,บริษัท เคมแฟค จำกัด,CH01,,,,,,19x31,0.00000000,0,CRM,
11x68555,บริษัท พีพี สตีล คอร์ปอเรชั่น จำกัด,SV01,,,,,,19x43,0.00000000,0,CRM,
11x68583,"T.PATTANAKIT MACHINE TOOL CO.,LTD",SV01,,,,,,19x19,0.00000000,0,CRM,
11x68718,บริษัท เอ็ม.ซี.ซัพพลายส์ จำกัด,SV01,46/78 หมู่ที่ 12 ถนนนวลจันทร์ คลองกุ่ม เขตบึงกุ่ม กรุงเทพมหานคร,,"02-949-9749,081-984-3692",mcsupplies0@gmail.com,,19x43,0.00000000,0,CRM,
11x68871,บริษัท น้ำแพงเอ็นจิเนียริ่ง จำกัด,SV01,,,,,,19x37,0.00000000,0,CRM,
11x69102,บริษัท กัลฟ์  บีแอล  จำกัด,UT01,,,,,,19x45,0.00000000,0,CRM,
11x69223,บริษัท นิว เด็ก แมชชีนเนอรี่ จำกัด,SV04,,,,,,19x31,0.00000000,0,CRM,
11x69356,บริษัทเอ็มเคเค เอเซีย จำกัด,SV04,,,,,,19x70,0.00000000,0,CRM,
11x69368,บริษัท เอสเอสแอลแมนูแฟคเจอริ่ง (ประเทศไทย) จำกัด,SV04,,,,,,19x21,0.00000000,0,CRM,
11x69396,"Perfect  Solutions Co., Ltd.",SV04,,,080-552 9061,,,19x45,0.00000000,0,CRM,
11x69398,"Covestro (Thailand) Co., Ltd.",CH01,,,,,,19x64,0.00000000,0,CRM,
11x69502,บริษัท น้ำแพง เอ็นจิเนียริ่ง จำกัด,SV01,,,0610656427,,,19x36,0.00000000,0,CRM,
11x69511,บริษัท พรีซิชั่น พาวเวอร์ เซอร์วิส,SV01,,,0837823563,,,19x44,0.00000000,0,CRM,
11x69521,บริษัท เอส.เอส.บี สยาม จำกัด,SV04,,,,,,19x31,0.00000000,0,CRM,
11x69542,G Steel Public Company Limited,CH01,,,02 634 2222 Ext. 1416,,,19x78,0.00000000,0,CRM,
11x69547,CPM Engineering Center,SV01,,,,,,19x27,0.00000000,0,CRM,
11x69575,ห้างหุ้นส่วนจำกัด รัตทวีกรณ์,????,,,,,,19x27,0.00000000,0,WEBSERVICE,
11x69591,บริษัท กัลฟ์ ทีเอส4 จำกัด,????,,,,,,19x18,0.00000000,0,WEBSERVICE,
11x69597,บริษัท ไอบีซี อินดัสเตรียล จำกัด,????,,,,,,19x18,0.00000000,0,WEBSERVICE,
11x69606,บริษัท เอแอนด์พี อะกริ โปรดักท์ กรุ๊ป จำกัด,????,,,,,,19x18,0.00000000,0,WEBSERVICE,
11x69612,บริษัท ระยอง เมนเทนแนนซ์ คอร์เปอเรชั่น จำกัด,????,,,,,,19x51,0.00000000,0,WEBSERVICE,
11x69629,บริษัท มั่นคง ซัพพลาย แอนด์ เซอร์วิส จำกัด,????,,,,,,19x18,0.00000000,0,WEBSERVICE,
11x69658,บริษัท อาร์ วี คอนเน็กซ์ จำกัด,????,,,,,,19x18,0.00000000,0,WEBSERVICE,
11x69680,บริษัท เอบีจี อินเตอร์มิเดียทส์ (ประเทศไทย) จำกัด,????,,,,,,19x51,0.00000000,0,WEBSERVICE,
11x69742,บริษัท ประจงกิจการช่าง จำกัด,SV01,,,0987824592,,,19x36,0.00000000,0,CRM,
11x69762,บริษัท เดอะ วอเตอร์ ซิตี้ กรุ๊ป จำกัด,SV04,,,0894595492,,,19x45,0.00000000,0,CRM,
11x69894,คุณชัยวัฒน์_โมลาสอาหารสัตว์,FD05,,,,,,19x27,0.00000000,0,CRM,
11x70060,บริษัท เคมเทรด จำกัด,CH11,,,,,,19x31,0.00000000,0,CRM,
11x70068,HV FILA,UT99,,,,,,19x23,0.00000000,0,CRM,
11x70076,บริษัท เอสเอสแอล แมนูแฟคเจอริ่ง ประเทศไทย จำกัด,CH02,,,,,,19x21,0.00000000,0,CRM,
11x70106,PRANNANAPAN,SV04,,,,,,19x45,0.00000000,0,CRM,
11x70312,"Mitsui Hygiene Materials (Thailand) Co., Ltd.",CH42,,,,,,19x64,0.00000000,0,CRM,
11x70465,"Thai Spring Fish Co., Ltd.",FD01,,,,,,19x64,0.00000000,0,CRM,
11x70468,"Bridgestone Tire Manufacturing (Thailand) Co., Ltd.",UT99,,,,,,19x64,0.00000000,0,CRM,
11x70480,"Yokohama Tire Manufacturing (Thailand) Co.,Ltd.",AG02,,,,,,19x64,0.00000000,0,CRM,
11x70598,"INOAC (Thailand) Co., Ltd",CH43,,,,,,19x64,0.00000000,0,CRM,
11x70663,บริษัท โอวัล (ไทยแลนด์) จำกัด,SV04,,,,,,19x31,0.00000000,0,CRM,
11x70763,"KITTIKAWIN CONSTRUCTION LTD.,",SV01,,,,,,19x51,0.00000000,0,CRM,
11x71122,บริษัท บีเอพี 888 เอ็นจิเนียริ่ง จำกัด,SV04,,,,,,19x34,0.00000000,0,CRM,
11x71518,บริษัท เอเชีย แพ็คเกจจิ้ง แมนูแฟคเจอริ่ง จำกัด,????,,,,,,19x27,0.00000000,0,WEBSERVICE,
11x71524,บริษัท เอสซีจี เปเปอร์ เอ็นเนอร์ยี่ จำกัด,????,,,,,,19x18,0.00000000,0,WEBSERVICE,
11x71540,บริษัท จีซี โพลีออลส์ จำกัด,????,,,,,,19x18,0.00000000,0,WEBSERVICE,
11x71576,บริษัท อากิแบม ออยล์ จำกัด,????,,,,,,19x44,0.00000000,0,WEBSERVICE,
11x71734,บริษัท ฟลูอิด เอ็นจิเนียริ่ง ซิสเต็ม จำกัด,SV01,,,,,,19x27,0.00000000,0,CRM,
11x71822,อินดี้ ซัพพลาย แอนด์ เอ็นจิเนียริ่ง,SV01,,,,,,19x27,0.00000000,0,CRM,
11x72256,บริษัท พี เอ เอส พืชผลส่งออกและไซโล จำกัด,FD04,,,,,,19x19,0.00000000,0,CRM,
11x72263,San Tech Center Co Ltd.,UT03,,,0613428315,,,19x36,0.00000000,0,CRM,
11x72296,Khun Pongthep Noihuahard,FD01,,,0863407538,,,19x43,0.00000000,0,CRM,
11x72424,"Bridgestone Carbon Black (Thailand)Co.,Ltd.",AG02,,,,,,19x51,0.00000000,0,CRM,
11x72430,บริษัท ไอเดน ออโตเมชั่น (ไทยแลนด์) จำกัด,AG02,,,,,,19x34,0.00000000,0,CRM,
11x72731,บริษัท บลูเวฟ เอ็นเนอยี่ จำกัด,FD08,,,,,,19x37,0.00000000,0,CRM,
11x72785,บริษัท ทีเอสเค เอ็นจิเนียริ่ง (ไทยแลนด์) จำกัด,SV01,,,,,,19x68,0.00000000,0,CRM,
11x72799,"General Candy Co.,Ltd",FD01,,,085-111-5447,,,19x48,0.00000000,0,CRM,
11x72822,บริษัท เคพีเอส เอ็นจิเนียริ่ง ซัพพราย แอนด์ เซอร์วิส จำกัด,SV01,,,081-1550475,,,19x36,0.00000000,0,CRM,
11x72866,KPS Engineering,CH01,,,,,,19x53,0.00000000,0,CRM,
11x72958,บริษัท เทคโนโลยี อินสตรูเมนท์ จำกัด,SV04,,,,,,19x21,0.00000000,0,CRM,
11x73029,สุนทรีนาฏ,SV01,,,0830405357,,,19x44,0.00000000,0,CRM,
11x73234,FUTURETECH ELECTRIC,SV04,,,,,,19x45,0.00000000,0,CRM,
11x73238,แพตดิ้ง(ไทยแลน) จำกัด,FD05,,,,,,19x70,0.00000000,0,CRM,
11x73243,บริษัท พาร์ท แฟคตอรี่ โทเทิ้ล กรุ๊ป จำกัด,SV04,,,,,,19x34,0.00000000,0,CRM,
11x73333,บริษัท โทโดโรกิ เอเชีย จำกัด,SV04,,,,,,19x19,0.00000000,0,CRM,
11x73489,"Expert Interproducts Co.,Ltd.",SV01,,,,,,19x51,0.00000000,0,CRM,
11x73545,HYDRAULICPOWER,SV04,,,081 116 1002,,,19x45,0.00000000,0,CRM,
11x73580,TPT Petrochemicals Public Company Limited.,CH99,,,,,,19x64,0.00000000,0,CRM,
11x74501,บริษัท พี.เอส.เอส.พืชผลส่งออกและไซไล จำกัด,FD03,,,,,,19x45,0.00000000,0,CRM,
11x74639,XF International Industrial Co. Ltd.,SV01,,,,,,19x37,0.00000000,0,CRM,
11x74751,บริษัท ซับโทรนิค จำกัด,SV04,,,,,,19x31,0.00000000,0,CRM,
11x74883,พี เอ พี แก๊ส วัน,CH02,,,0844275339,,,19x44,0.00000000,0,CRM,
11x75013,บริษัท ที.เอ็น. เมตัลเวิร์ค จำกัด,SV04,,,,,,19x70,0.00000000,0,CRM,
11x75117,บริษัท รวมใจโปรดักส์ จำกัด,CH05,,,,,,19x22,0.00000000,0,CRM,
11x75199,บริษัท ส.พันธนเดช วิศวกรรม จำกัด,SV04,,,,,,19x34,0.00000000,0,CRM,
11x75253,ซีพีเอฟ-ศรีสะเกษ,FD05,,,,,,19x27,0.00000000,0,CRM,
11x75704,บจก. เทอร์มโฟลว์,SV04,165/14 หมู่ที่ 14 พระประแดง บางพึ่ง,,,mesayon.th@gmail.com,,19x43,0.00000000,0,CRM,
11x75903,บริษัท  อินโนไดร์ฟ  จำกัด,SV01,,,027311100 ต่อ 23,,,19x70,0.00000000,0,CRM,
11x75919,ห้างหุ้นส่วนจำกัดธนันชน ดีเวลลอปเมนต์,SV04,,,,,,19x45,0.00000000,0,CRM,
11x76029,บจก. เบทเทอร์ เอ็น,SV01,907/104 หมู่4 เมืองสมุทรปราการ แพรกษา 10280,,0625166978,better.en06@gmail.com,,19x43,0.00000000,0,CRM,
11x76054,บริษัท พีเอพี แก๊ส วัน จำกัด,????,,,,,,19x45,0.00000000,0,WEBSERVICE,
11x76058,บริษัท เคพีเอส เอ็นจิเนียริ่ง ซัพพลาย แอนด์ เซอร์วิส จำกัด,????,,,,,,19x18,0.00000000,0,WEBSERVICE,
11x76079,ห้างหุ้นส่วนจำกัด ไทยรุ่ง สแตนเลส เวอร์ค,????,,,,,,19x18,0.00000000,0,WEBSERVICE,
11x76101,นายชัยวัฒน์  รักไทย,????,,,,,,19x18,0.00000000,0,WEBSERVICE,
11x76105,บริษัท เดอมาสท์ จำกัด,????,,,,,,19x43,0.00000000,0,WEBSERVICE,
11x76120,บริษัท เทอร์มโฟลว์ จำกัด,????,,,,,,19x18,0.00000000,0,WEBSERVICE,
11x76155,Petrolimex Construction,SV01,"552 Nguyen Van Cu, Ha Noi Long Bien Dist 100000",,84-988113663,hieunh.pcc1@gmail.com,,19x43,0.00000000,0,CRM,
11x76259,พลัส พร็อพเพอร์ตี้,SV01,,,0653295282,,,19x44,0.00000000,0,CRM,
11x76265,ฮ.พัฒนารุ่งเรือง,SV01,,,0863443412,,,19x44,0.00000000,0,CRM,
11x76438,บริษัท แอกรอนอินดัสตรีส์ จำกัด,XX00,,,,,,19x22,0.00000000,0,CRM,
11x76648,บริษัท เอฟพี อะโกรเคมิคอล จำกัด,AG99,,,,,,19x34,0.00000000,0,CRM,
11x76805,บริษัท ท็อป ดีเวลลอปเมนท์ จำกัด,SV01,,,083-040 1742,,,19x45,0.00000000,0,CRM,
11x77298,บริษัท ที.ที.เค.เมนเทนแนนซ์ แอนด์ เซอร์วิส จำกัด,SV01,,,0827912575,,,19x70,0.00000000,0,CRM,
11x77317,"MAXINE AOTUMATION CO.,LTD",SV01,,,0863875737,,,19x70,0.00000000,0,CRM,
11x77751,ห้างหุ้นส่วนจำกัด แอล.ซัพพลาย,SV04,,,,,,19x37,0.00000000,0,CRM,
11x77758,บริษัท พาวเวอร์ออน จำกัด,SV04,,,,,,19x31,0.00000000,0,CRM,
11x77782,"RD (THAILAND) CO.,LTD.",SV01,,,,,,19x64,0.00000000,0,CRM,
11x77797,"PNEU AND HYD CO.,LTD",SV01,,,,,,19x19,0.00000000,0,CRM,
11x77802,"Asahi Sho-Ko-Sha (Thailand) Co., Ltd.",SV04,,,,,,19x64,0.00000000,0,CRM,
11x77846,บริษัท ไทยทากาซาโก จำกัด,????,,,,,,19x43,0.00000000,0,WEBSERVICE,
11x77859,บริษัท ทาทา สตีล การผลิต (ประเทศไทย) จำกัด (มหาชน),????,,,,,,19x27,0.00000000,0,WEBSERVICE,
11x78103,Wellpro System Solution,SV01,111/11 moo1 บางเสาธง บางเสาธง 10570,,0873397889,sinee.wss@wellpro-ss.com,,19x43,0.00000000,0,CRM,
11x78331,บริษัท เคที สตีมเทค จำกัด,SV02,,,,,,19x19,0.00000000,0,CRM,
11x78405,บริษัท ฟินิกซ์ ปั๊มแอนด์เอ็นจิเนียริ่ง จำกัด,SV04,,,,,,19x31,0.00000000,0,CRM,
11x78847,บริษัท ดีเอสจี แอดวานซ์ แมททีเรียล,OT99,,,จคจถตุึถคต,,,19x44,0.00000000,0,CRM,
11x78907,บริษัท พีพีเอ ควอลิตี้ โปรดักส์ จำกัด,SV04,,,,,,19x31,0.00000000,0,CRM,
11x78930,บริษัท บุญศิริ ซัพพลาย แอนด์ เซอร์วิส จำกัด,SV01,,,089-8169109,,,19x70,0.00000000,0,CRM,
11x78943,Ruhrpumpen,SV01,,,,,,19x23,0.00000000,0,CRM,
11x78949,บริษัท แอดว๊านส์ คอสเมติคส์ จำกัด,CH05,,,,,,19x34,0.00000000,0,CRM,
11x79034,MIT NIRAN ENGINEERING COMPANY LIMITED,SV04,,,,,,19x37,0.00000000,0,CRM,
11x79212,บริษัท ไทยเมโทรอุตสาหกรรม (1973) จำกัด,MT01,,,0949385956,,,19x70,0.00000000,0,CRM,
11x79226,Nestlé Purina PetCare,FD99,,,,,,19x64,0.00000000,0,CRM,
11x79228,"SMg General Co., Ltd",CH01,,,090 707 7799,,,19x53,0.00000000,0,CRM,
11x79230,เขาเขียว คันทรี คลับ,UT99,,,084-8728922,,,19x44,0.00000000,0,CRM,
11x79315,SERMCHAI,SV01,,,,,,19x65,0.00000000,0,CRM,
11x79340,บริษัท พนัส อิเล็คทริค จำกัด (สำนักงานใหญ่),SV04,,,038 293 456,,,19x45,0.00000000,0,CRM,
11x79343,บริษัท โกลเด้น โกล คอนสตรัคชั่น จำกัด,SV01,,,,,,19x23,0.00000000,0,CRM,
11x79649,บริษัท เหล็กทรัพย์ จำกัด,MT99,,,,,,19x70,0.00000000,0,CRM,
11x79661,สวนสมบูรณ์,FD05,,,,,,19x27,0.00000000,0,CRM,
11x79879,บริษัท ออโตเมเทค เอนจิเนียริ่ง จำกัด,????,,,,,,19x18,0.00000000,0,WEBSERVICE,
11x79882,บริษัท โซล่า แอสฟัลท์  จำกัด,????,,,,,,19x18,0.00000000,0,WEBSERVICE,
11x79889,บริษัท ลินเด้ ไฮโค จำกัด,????,,,,,,19x18,0.00000000,0,WEBSERVICE,
11x79904,บริษัท พี.ซี. สยามปิโตรเลียม จำกัด,????,,,,,,19x18,0.00000000,0,WEBSERVICE,
11x79909,NETWARE COMPANY LIMITED,????,,,,,,19x18,0.00000000,0,WEBSERVICE,
11x80025,สวนสมบูรณ์-ปราจีนบุรี,FD05,,,,,,19x27,0.00000000,0,CRM,
11x80039,บริษัท ไอ เอ็กซ์ แอล จำกัด,SV07,,,,,,19x19,0.00000000,0,CRM,
11x80478,บริษัท รวมทรัพย์ไพบูลย์ (1997) จำกัด,SV01,,,,,,19x77,0.00000000,0,CRM,
11x80564,บริษัท เอเชี่ยน เบสท์ ชิคเก้น จำกัด,FD01,,,0613875365,,,19x44,0.00000000,0,CRM,
11x80575,บริษัท ดี.เอส.ดี เอ็นจิเนียริ่ง 1999 จำกัด,SV01,,,,,,19x45,0.00000000,0,CRM,
11x80671,บริษัท สุธี ยูไนเต็ด คาร์บอน จำกัด,SV04,,,,,,19x37,0.00000000,0,CRM,
11x80688,"Deline Engineering Co.,Ltd",SV01,,,,,,19x19,0.00000000,0,CRM,
11x80698,Gulf NRV1,UT01,,,,,,19x45,0.00000000,0,CRM,
11x80773,เบทาโกร-นครปฐม,FD05,,,,,,19x27,0.00000000,0,CRM,
11x80784,"TP partner supply Co,.Ltd.",SV04,,,,,,19x37,0.00000000,0,CRM,
11x80964,บจก. ฮิตาชิ เอ็นเนอร์ยี (ประเทศไทย),CH14,161/1 ซอยมหาดเล็กหลวง3 ปทุมวัน ลุมพินี,,0631961335,samran.wanpeng@hitachienergy.com,,19x43,0.00000000,0,CRM,
11x80984,GULF NRV2,UT01,,,,,,19x45,0.00000000,0,CRM,
11x81009,บริษัท วี.ซี.เอฟ. กรุ๊ป จำกัด,FD05,,,+10891216998,,,19x70,0.00000000,0,CRM,
11x81013,บริษัท บีดีเอส เทอร์มินอล จำกัด,SV01,,,,,,19x23,0.00000000,0,CRM,
11x81019,บริษัท เอ็กซ์เซลเลนซ์ โฟลว์ เทคโนโลยี จำกัด,SV04,,,,,,19x45,0.00000000,0,CRM,
11x81039,Siemens Limited,SV04,,,,,,19x45,0.00000000,0,CRM,
11x81106,บริษัท เอบีบี ออโตเมชั่น (ประเทศไทย) จำกัด,????,,,,,,19x18,0.00000000,0,WEBSERVICE,
11x81127,บริษัท ท่อส่งปิโตรเลียมไทย จำกัด,CH14,,,0-2034-9199 Ext. 1122,,,19x23,0.00000000,0,CRM,
11x81356,บริษัท ทีพีดี เอ็นจิเนียริ่ง (1983) กรุ๊ป จำกัด,SV04,,,062-9891628,,,19x45,0.00000000,0,CRM,
11x81679,GGC TOL,CH01,,,,,,19x65,0.00000000,0,CRM,
11x82025,ห้างหุ้นส่วนจำกัด เอส ที ที ปริ้นติ้ง อินเตอร์ ซัพพลาย,SV04,,,,,,19x34,0.00000000,0,CRM,http://www.stt-intersupply.com/
11x82045,บริษัท พาวเวอร์ ออน,SV01,,,0972656445,,,19x44,0.00000000,0,CRM,
11x82099,บริษัท อีซิโอ้ ซัพพลาย จำกัด,SV01,,,,,,19x23,0.00000000,0,CRM,
11x82244,อุไรวรรณ,FD01,,,023843049,,,19x44,0.00000000,0,CRM,
11x82247,บัญชา,FD01,,,024738167,,,19x44,0.00000000,0,CRM,
11x82255,จอย,CH02,,,0846971166,,,19x44,0.00000000,0,CRM,
11x82257,มานพ,FD01,,,035746822,,,19x44,0.00000000,0,CRM,
11x82271,อานนท์,FD01,,,027525232,,,19x44,0.00000000,0,CRM,
11x82273,วีรชัย,UT99,,,0817321946,,,19x44,0.00000000,0,CRM,
11x82607,บริษัท ทีพีดี เอ็นจิเนียริ่ง (1983) กรุ๊ป จำกัด,OM00,,,062-9891628,,,19x45,0.00000000,0,CRM,
11x82736,"NB Nakaneya (Thailand).Co.,Ltd.",FD08,,,,,,19x37,0.00000000,0,CRM,
11x82750,นิคมอุตสาหกรรม เอเพ็กซ์กรีน,UT99,,,0986354499,,,19x44,0.00000000,0,CRM,
11x82765,คุณศราวุธ,MN05,,,0992163334,,,19x21,0.00000000,0,CRM,
11x82828,วี.ซี.เอฟ.กรุ๊ป,FD05,,,,,,19x27,0.00000000,0,CRM,
11x82946,บริษัท พรีเมียร์ ไดนามิค จำกัด,SV04,,,,,,19x31,0.00000000,0,CRM,
11x82976,บริษัท อาหารสากล จำกัด (มหาชน),FD01,,,,,,19x45,0.00000000,0,CRM,
11x82985,pro-en technologies,CH14,,,92-6816669,,,19x23,0.00000000,0,CRM,
11x83089,บริษัท คอปส์เทคส์ คอร์ปอเรชั่น จำกัด,SV04,,,097-120 8949,,,19x45,0.00000000,0,CRM,
11x83253,บริษัท ดีไลน์ เอ็นจิเนียริ่ง จำกัด,SV04,,,02-957-2027,,,19x19,0.00000000,0,CRM,
11x83392,"Kuraray GC Advanced Materials Co.,Ltd (KGC)",CH99,,,,,,19x65,0.00000000,0,CRM,
11x83407,บริษัท ชาตรี วิศวกรรม แอนด์ ซัพพลาย จำกัด,SV04,,,0895566799,,,19x45,0.00000000,0,CRM,
11x83559,"ABG Intermediates (Thailand) Co., Ltd.",CH99,,,,,,19x51,0.00000000,0,CRM,
11x84032,ศูนย์ผลิตผลิตภัณฑ์จากพลาสมา สภากาชาดไทย,CH05,,,,,,19x96,0.00000000,0,CRM,
11x84082,Kosit,UT99,,,0945605375,,,19x44,0.00000000,0,CRM,
11x84127,บริษัท กรีนเวิลด์ โซลูชั่น เทคโนโลยี จํากัด,SV01,,,,,,19x37,0.00000000,0,CRM,
11x84476,Nakapun,FD03,,,0897661456,,,19x44,0.00000000,0,CRM,
11x84482,Samnirng,CH02,,,021209999,,,19x44,0.00000000,0,CRM,
11x84495,Somphop,SV01,,,0818835379,,,19x44,0.00000000,0,CRM,
11x84503,Arnon,FD01,,,027525232*227,,,19x44,0.00000000,0,CRM,
11x84542,Yuthachai,CH02,,,0844275339,,,19x44,0.00000000,0,CRM,
11x84597,"KMI ENGINEERING (THAILAND) CO., LTD.",SV04,,,0824534194,,,19x45,0.00000000,0,CRM,
11x84599,"PRO-EN TECHNOLOGIES, LTD.",SV01,"122/7 Soi Naksuwan, Nonsee Road,Kwaeng Chong Nonsee,
Khet Yannawa, Bangkok Thailand 10120",,+66 2 681 6669 Ext.309,cherd@proentech.com,,19x43,0.00000000,0,CRM,
11x84634,บริษัท ฟิวเจอร์ เทคโนโลยี ซัพพลาย จำกัด,SV01,,,,,,19x21,0.00000000,0,CRM,
11x84734,ห้างหุ้นส่วนจำกัด คม เอ็นจิเนียริ่ง,SV04,,,,,,19x19,0.00000000,0,CRM,
11x84812,บริษัท บอมแบร์ จำกัด,SV01,,,,,,19x21,0.00000000,0,CRM,
11x84815,บริษัท บิสแทน จำกัด,SV04,,,,,,19x34,0.00000000,0,CRM,
11x84885,"Gulf BP CO.,LTD",UT01,,,,,,19x45,0.00000000,0,CRM,
11x85181,บริษัท เอส เอส บี สยาม จำกัด,SV01,,,,,,19x31,0.00000000,0,CRM,
11x85189,บริษัท อีมาส เอ็นเนอร์ยี่ เซอร์วิสเซส (ไทยแลนด์) จำกัด,CH14,,,086 340 9097,,,19x45,0.00000000,0,CRM,
11x85286,บีบี ซัพพลาย เชียงใหม่,SV01,,,0818835379,,,19x44,0.00000000,0,CRM,
11x85295,หจก.สรรค์วินิต,SV04,,,0619169889,,,19x70,0.00000000,0,CRM,
11x85454,บริษัท เอสเอ็มจี เจเนอรัล จำกัด,????,,,,,,19x18,0.00000000,0,WEBSERVICE,
11x85470,บริษัท ซับโทรนิค จำกัด,????,,,,,,19x18,0.00000000,0,WEBSERVICE,
11x85510,ห้างหุ้นส่วนจำกัด บีบี ซัพพลาย เชียงใหม่,????,,,,,,19x44,0.00000000,0,WEBSERVICE,
11x85541,บริษัท กัลฟ์ เอ็นอาร์วี 2 จำกัด,????,,,,,,19x18,0.00000000,0,WEBSERVICE,
11x85557,บริษัท ฮิตาชิ เอนเนอร์ยี่ (ประเทศไทย) จำกัด,????,,,,,,19x43,0.00000000,0,WEBSERVICE,
11x85570,"The Auto-Info Co., Ltd.",CH01,,,081-971-2270,,,19x53,0.00000000,0,CRM,
11x85582,คุณณรงค์,SV04,,,,,,19x43,0.00000000,0,CRM,
11x85823,GC-M PTA,CH99,,,,,,19x65,0.00000000,0,CRM,
11x85833,หจก ทรัพย์สมบูรณ์,UT99,,,092705887,,,19x23,0.00000000,0,CRM,www.4pinongs.com
11x85891,บริษัท เคนวา เอ็นจิเนียริ่ง จำกัด,SV01,,,081-5639336,,,19x88,0.00000000,0,CRM,
11x85895,บริษัท แอสเสท เวิรด์ คอร์ป จำกัด,OT99,,,,,,19x44,0.00000000,0,CRM,
11x85957,"STC Diecasting (Thailand) Co., Ltd",SV04,,,,,,19x64,0.00000000,0,CRM,
11x85963,Emas Energy Services (Thailand) Limited,SV04,,,086-340 9097,,,19x45,0.00000000,0,CRM,
11x86001,"Tokyo Enesys (Thailand) Co., Ltd.",SV01,,,,,,19x34,0.00000000,0,CRM,
11x86233,RAYONG OLEFIN (SCG-ROC),CH99,,,,,,19x51,0.00000000,0,CRM,
11x86239,บริษัท พินนาเคิล คอร์ปอเรชั่น จำกัด,????,,,,,,19x18,0.00000000,0,WEBSERVICE,
11x86246,บริษัท เอ็นบี นาคาเนยะ (ไทยแลนด์) จำกัด,????,,,,,,19x74,0.00000000,0,WEBSERVICE,
11x86254,บริษัท คอมแพค อินโนเวชั่น จำกัด,????,,,,,,19x18,0.00000000,0,WEBSERVICE,
11x86298,Cv. Damarindo Abadi,CH42,,,,,,19x31,0.00000000,0,CRM,
11x86437,PKS,SV04,,,089 012 4990,,,19x45,0.00000000,0,CRM,
11x86528,บริษัท ซีที โปรดักส์ จำกัด,SV04,,,,,,19x19,0.00000000,0,CRM,
11x86602,บริษัท สยามพีพีเอ อินดัสเตรียล จำกัด,SV01,,,,,,19x23,0.00000000,0,CRM,
11x86623,เอ็น.พี.เอ็นจิเนียะริ่ง,SV01,,,,,,19x44,0.00000000,0,CRM,
11x86725,ไทย ล็อตเต้,FD01,,,,,,19x44,0.00000000,0,CRM,
11x86756,บริษัท เพอร์เฟ็คท์ เพาเวอร์ไลน์ จำกัด,SV04,,,061 061 9494,,,19x45,0.00000000,0,CRM,
11x86848,บริษัท กรีน เวิลด์ โซลูชั่น เทคโนโลยี่ จำกัด,????,,,,,,19x77,0.00000000,0,WEBSERVICE,
11x86872,บริษัท เอเชียน ฟลูอิด อินโนเวชันส์ จำกัด,????,,,,,,19x18,0.00000000,0,WEBSERVICE,
11x86880,ห้างหุ้นส่วนจำกัด สรรค์วินิต,????,,,,,,19x18,0.00000000,0,WEBSERVICE,
11x86901,"TAP Part Engineering Co., Ltd.",SV04,,,,,,19x45,0.00000000,0,CRM,
11x86911,บริษัท โพลีเมอร์ อะไบดิ้ง จำกัด,CH03,,,081-6399452,,,19x70,0.00000000,0,CRM,
11x87086,"PHOP AUTOMATION CO., LTD.",SV04,,,087 260 7999,,,19x45,0.00000000,0,CRM,
11x87090,บริษัท เอส-เวิร์ค เทค จำกัด,SV04,,,,,,19x19,0.00000000,0,CRM,
11x87150,บริษัท เมฆคีรี (2545) จำกัด,CH41,,,0632046616,,,19x70,0.00000000,0,CRM,
11x87789,Tetrapak,PP00,,,,,,19x64,0.00000000,0,CRM,
11x87868,บจก. อินโนเว็ค เอเชีย,SV04,"19/1 SOI SAMYAKBYPASS, SUKHUMVIT RD, T.NERN-PHRA, A.MUANG, RAYONG, THAILAND",,038026491,taweewat.m@innovek.co.th,,19x43,0.00000000,0,CRM,
11x87878,บริษัท ไฮเออร์ อีเล็คทริค (ประเทศไทย) จำกัด (มหาชน),EL01,,,,,,19x37,0.00000000,0,CRM,
11x87953,บริษัท บีพี ฮาร์ดแวร์ จำกัด,SV01,,,,,,19x45,0.00000000,0,CRM,
11x88300,บริษัท ห้างกระจกตังน้ำ จำกัด,MN04,,,,,,19x19,0.00000000,0,CRM,
11x88306,บริษัท เกียร์ อินเตอร์ วิสชั่น เอ็นจิเนียริ่ง จำกัด,SV04,,,,,,19x34,0.00000000,0,CRM,
11x88401,Steelmark,SV04,,,,,,19x65,0.00000000,0,CRM,
11x88430,บริษัท ไทยฟู้ดส์ อาหารสัตว์ จำกัด,FD05,,,081-853-4375,,,19x70,0.00000000,0,CRM,
11x88473,Shin-Etsu New Materials (Thailand) Limited,AG02,,,,,,19x64,0.00000000,0,CRM,
11x88539,THAI SUMMIT CABLE & PARTS COMPANY LIMITED,MN99,,,,,Active,19x45,0.00000000,0,CRM,
11x88556,"Kuipline Interengineering co.,ltd",SV04,"10/4 mu 13 Liabklongtaveewattana Rd.
Taveewattana, Salathammasop Thailand Thailand 10170 ,",,02-888-9357,satien@kuipline.com,,19x43,0.00000000,0,CRM,
11x88560,"VEGA Natural Co.,Ltd.",CH05,,,,,,19x37,0.00000000,0,CRM,
11x88562,เอเพ็กซ์ กรีน อินดัสเตรียล,UT99,,,0954541888,,,19x44,0.00000000,0,CRM,
11x88589,"Maxens Co.,Ltd",SV01,"70/6 Soi Chockchai 4/72,Satri Witthaya 2 Rd.,Ladprao, Ladprao, Bangkok, 10230",,(662) 935 9301,goragot@maxens.co.th,,19x43,0.00000000,0,CRM,
11x89191,Oriental Copper,MT02,,,,,,19x27,0.00000000,0,CRM,
11x89280,ห้างหุ่นส่วนจำกัด ศิลากำแพงเพชร,CH04,,,,,,19x19,0.00000000,0,CRM,
11x89378,หจก. บอเดอร์ แพลนโทโลยี,SV01,5/6 หมู่ 4 ตำบลหนองโพ อำภอตาคลี Thailand,,091 771 0028,rewat@bpesco.com,,19x43,0.00000000,0,CRM,
11x89417,บริษัท โพลีเมอร์อะไบดิ้ง จำกัด,????,,,,,,19x18,0.00000000,0,WEBSERVICE,
11x89542,"88 INFINITY SOLUTION CO., LTD.",SV01,,,095-424 9798,,,19x45,0.00000000,0,CRM,
11x89660,"BETTER WASTE CARE CO., LTD.",UT03,,,,,,19x36,0.00000000,0,CRM,
11x89749,Baxter Manufacturing (Thailand) Co. Ltd,XX00,,,,,,19x64,0.00000000,0,CRM,
11x89751,CPPC PUBLIC COMPANY LIMITED,PP02,,,-,,,19x64,0.00000000,0,CRM,
11x89932,"ACA Industrial Tools Co., Ltd.",SV04,,,,,,19x64,0.00000000,0,CRM,
11x90081,บริษัท เอเอ็มพี ออโตเมชั่น จำกัด,SV04,,,,,,19x19,0.00000000,0,CRM,
11x90177,บริษัท โบทานี เพ็ทแคร์ จำกัด,FD05,,,,,,19x70,0.00000000,0,CRM,
11x90189,บริษัท วนชัย พาเนล อินดัสทรีส์ จำกัด,????,,,,,,19x18,0.00000000,0,WEBSERVICE,
11x90205,"CAS Paper Mill Co., Ltd.",PP01,,,,,,19x37,0.00000000,0,CRM,
11x90410,Italian Thai development,UT99,,,,,,19x23,0.00000000,0,CRM,
11x90442,แอลซี เทคโนโลยี่,SV01,,,0816239639,,,19x44,0.00000000,0,CRM,
11x90553,WR Supply and service,CH14,,,095-407-5559,,,19x23,0.00000000,0,CRM,
11x90681,บริษัท เบตเตอร์ เวสท์ แคร์ จำกัด,UT03,,,,,,19x37,0.00000000,0,CRM,
11x90690,"ROVULA (THAILAND) Co., LTD.",SV04,,,,,,19x51,0.00000000,0,CRM,
11x90703,บริษัท พรีซีสชั่น เอนยีเนียริ่ง จำกัด,CH03,,,,,,19x70,0.00000000,0,CRM,
11x90706,บริษัท แอลเอเอฟ เทรดดิ้ง จำกัด,SV04,,,,,,19x19,0.00000000,0,CRM,
11x90708,Gulf GNLL2,CH01,,,,,,19x65,0.00000000,0,CRM,
11x90835,GULF NLL2,UT01,,,,,,19x65,0.00000000,0,CRM,
11x90891,บริษัท ยูเนี่ยน อินดัสทรี เซอร์วิส จำกัด,SV04,,,,,,19x34,0.00000000,0,CRM,
11x90965,ฟินิกซ์บอกซ์,OT99,,,080-356 5541,,,19x44,0.00000000,0,CRM,
11x91213,บริษัท ซีเคเอส ซัพพลาย แอนด์ เอ็นจิเนียริ่ง จำกัด,SV01,,,,,,19x45,0.00000000,0,CRM,
11x91218,บริษัท เอส.ดี.ซี มอเตอร์ แอนด์ เซอร์วิส จํากัด,SV01,,,,,,19x70,0.00000000,0,CRM,
11x91781,บริษัท เฮอริเทจ สแน็ค แอนด์ ฟู้ด จำกัด,FD01,,,,,,19x45,0.00000000,0,CRM,
11x92123,"NKP PARTS SUPPLY CO.,LTD.",SV04,,,,,,19x64,0.00000000,0,CRM,
11x92257,บจก. เอ็นเดรส แอนด์ เฮาเซอร์ (ไทยแลนด์),SV01,,,054476900,,,19x43,0.00000000,0,CRM,
11x92287,Syntec Construction PCL,SV01,,,093-139-9457,,,19x43,0.00000000,0,CRM,
11x92293,บริษัท เอเซี่ยน ฟลูอิด อินโนเวชันส์ จำกัด,SV01,,,,,,19x70,0.00000000,0,CRM,
11x92313,ต.พัฒนกิจ,SV01,,,,,,19x19,0.00000000,0,CRM,
11x92726,เอส.พี.เอฟ.เอ็นจิเนียริ่ง แอนด์ โวลูชั่น จำกัด,SV01,,,,,,19x27,0.00000000,0,CRM,
11x92729,บริษัท ชิโยดะ โคฮาน เอเชีย จำกัด,SV01,,,,,,19x74,0.00000000,0,CRM,
11x92976,บริษัท พานา-ทากูชิ (ประเทศไทย) จำกัด,SV04,,,,,,19x70,0.00000000,0,CRM,
11x92978,ห้างหุ้นส่วนจำกัด บุญรักษา เอ็นจิเนียริ่ง ซัพพลาย,SV04,,,0819065330,,,19x45,0.00000000,0,CRM,
11x93032,หจก ป รัตนะรุ่งเรือง,UT99,,,0924494241,,,19x23,0.00000000,0,CRM,
11x93162,บริษัท เอ็ม พี พาวเวอร์เทค จำกัด,SV01,,,,,,19x70,0.00000000,0,CRM,
11x93403,PKK Siam,CH14,,,,,,19x23,0.00000000,0,CRM,
11x93800,บริษัท คุราเร่ จีซี แอดวานซ์ แมททีเรียลส์ จำกัด,????,,,,,,19x18,0.00000000,0,WEBSERVICE,
11x93802,บริษัท คุราเร่ แอดวานซ์ เคมิคอลส์ (ประเทศไทย) จำกัด,????,,,,,,19x18,0.00000000,0,WEBSERVICE,
11x93809,บริษัท เอ ซี เอ เครื่องมืออุตสาหกรรม จำกัด,????,,,,,,19x18,0.00000000,0,WEBSERVICE,
11x93812,บริษัท โอเรียนเต็ลคอปเปอร์ จำกัด,????,,,,,,19x18,0.00000000,0,WEBSERVICE,
11x93825,บริษัท ไทยสเลอรี่ ซิล จำกัด,????,,,,,,19x18,0.00000000,0,WEBSERVICE,
11x93859,บริษัท เบทเทอร์ เอ็น จำกัด,????,,,,,,19x43,0.00000000,0,WEBSERVICE,
11x93867,บริษัท เอ็กเซล เอ็นเทค จำกัด,????,,,,,,19x27,0.00000000,0,WEBSERVICE,
11x93869,บริษัท สุภาพรคอนสตรัคชั่น แอนด์ เซอร์วิส จำกัด,????,,,,,,19x18,0.00000000,0,WEBSERVICE,
11x93899,บริษัท ไออาร์พีซี  จำกัด  (มหาชน),????,,,,,,19x18,0.00000000,0,WEBSERVICE,
11x93903,บริษัท เอเอ็มพี ออโต้เมชั่น จำกัด,????,,,,,,19x18,0.00000000,0,WEBSERVICE,
11x93922,บริษัท ชิน-เอทซุ นิวแมททีเรียลส์ (ประเทศไทย) จำกัด,????,,,,,,19x51,0.00000000,0,WEBSERVICE,
11x93955,บริษัท สุนทรีนาฏ จำกัด,????,,,,,,19x18,0.00000000,0,WEBSERVICE,
11x93959,บริษัท พานา-ทากูชิ(ประเทศไทย) จำกัด,????,,,,,,19x18,0.00000000,0,WEBSERVICE,
11x93997,บริษัท แก๊พอินดัสตรีย์ จำกัด,CH11,,,,,,19x21,0.00000000,0,CRM,
11x94115,"Thai Polycarbonate Co., Ltd.",CH99,,,,,,19x64,0.00000000,0,CRM,
11x94124,บริษัท เทพอรุโณทัย จำกัด,FD07,,,,,,19x74,0.00000000,0,CRM,
11x94142,"CST INTERGROUP CO.,LTD.",SV04,5 9 ซอย ราษฎร์พัฒนา 10 แขวง สะพานสูง เขตสะพานสูง กรุงเทพ 10240,,025403559,sales@cstintergroup.com,,19x43,0.00000000,0,CRM,
11x94198,TECHPART,CH01,,,,,,19x53,0.00000000,0,CRM,
11x94229,Tyson Foods Thailand,FD01,42/6 M 4 Tambol Ongkarak Amphur Ongkarak,,037618768,Nuntana.Kursri@tyson.com,,19x43,0.00000000,0,CRM,
11x94321,Hydrozone,CH01,,,,,,19x53,0.00000000,0,CRM,
11x94592,บริษัท อาเคอร์ เทค จำกัด,SV04,,,,,,19x23,0.00000000,0,CRM,
11x94601,บริษัท ซีเอสพี ซัพพลาย แอนด์ โซลูชั่นส์ จำกัด,SV04,,,,,,19x21,0.00000000,0,CRM,
11x94639,"TIP TECH Engineering Co., Ltd.",SV01,,,,,,19x64,0.00000000,0,CRM,
11x94666,บริษัท นอร์ท เทค ออโตเมชั่น จำกัด,SV04,,,,,,19x21,0.00000000,0,CRM,
11x94683,บริษัท ทีดิก เซาท์ จำกัด,????,,,,,,19x77,0.00000000,0,WEBSERVICE,
11x94686,บริษัท ดับบลิว.อี. เอ็นจิเนี่ยริ่ง แอนด์ คอนซัลแตนท์ จำกัด,????,,,,,,19x18,0.00000000,0,WEBSERVICE,
11x94691,บริษัท ฟินิกซ์บอกซ์ จำกัด,????,,,,,,19x18,0.00000000,0,WEBSERVICE,
11x95039,บริษัท อู่เรือ มารีน แอ็คมี ไทย จำกัด,UT99,,,,,,19x45,0.00000000,0,CRM,
11x95142,Uawithya,SV01,,,,,,19x27,0.00000000,0,CRM,
11x95726,บริษัท สิริเคมิคอล จำกัด,CH05,,,,,,19x37,0.00000000,0,CRM,
11x95894,"Rayong Industrial Solutions Co., Ltd.",SV04,,,-,,,19x64,0.00000000,0,CRM,
11x96178,GC 7,CH01,,,,,,19x65,0.00000000,0,CRM,
11x96593,"Tontine Environment Engineering Co., Ltd.",SV01,,,,,,19x37,0.00000000,0,CRM,
11x96764,บริษัท เอส.ดี.ซี มอเตอร์ แอนด์ เซอร์วิส จำกัด,????,,,,,,19x18,0.00000000,0,WEBSERVICE,
11x96787,บริษัท อินโนเว็ค เอเซีย จำกัด,????,,,,,,19x18,0.00000000,0,WEBSERVICE,
11x96794,บริษัท ไซม์ ดาร์บี้ ออยส์ นนทบุรี จำกัด,????,,,,,,19x45,0.00000000,0,WEBSERVICE,
11x96893,ไทยพัฒนสิน (จิ้นเส็ง2000) จำกัด*,SV01,,,,,,19x53,0.00000000,0,CRM,
11x96961,บริษัท เอ็น.เจ.เจ.โปรดักส์ จำกัด,SV04,,,,,,19x66,0.00000000,0,CRM,
11x96982,fastweld engineering,CH14,,,+65 9654 1288,,,19x23,0.00000000,0,CRM,
11x97038,บริษัท ปัญญา แอนด์ ซัน กรุ๊ป จำกัด,SV04,,,,,,19x45,0.00000000,0,CRM,
11x97468,"Technical Thai Service Co., Ltd.",SV04,,,,,,19x64,0.00000000,0,CRM,
11x97679,"Thai GCI Resitop Co., Ltd",CH99,,,,,,19x51,0.00000000,0,CRM,
11x97724,บริษัท เพลย์ออน มาร์เก็ตติ้ง จำกัด,SV04,,,,,,19x21,0.00000000,0,CRM,
11x97852,"P.W. Engineering and Service Co.,Ltd.",SV01,,,094-445-4644,,,19x36,0.00000000,0,CRM,
11x97917,แวร์ลูเอต เอนเทอไพรส์,SV01,,,,,,19x27,0.00000000,0,CRM,
11x97920,MCC,CH01,,,,,,19x65,0.00000000,0,CRM,
11x98161,บริษัท ทาร์เก็ท โปรไวด์เดอร์ จำกัด,SV01,,,,,,19x22,0.00000000,0,CRM,
11x98227,"BST ENEOS Elastomer Co., Ltd. (BEE)",SV01,,,,,,19x78,0.00000000,0,CRM,
11x98235,บริษัท โปร ทรี ปั๊ม แอนด์ เซอร์วิส จำกัด,SV04,,,,,,19x37,0.00000000,0,CRM,
11x98307,todoroki (thailand) co. ltd,SV01,,,0819288664,,,19x70,0.00000000,0,CRM,
11x98410,บริษัท วินโนเทค จำกัด,SV04,,,,,,19x45,0.00000000,0,CRM,
11x98440,บริษัท​ พีที​ ชยพัทธ์​ จำกัด,SV04,,,,,,19x70,0.00000000,0,CRM,
11x99430,บริษัท สิริ เคมิคอล อินดัสตรี้ จำกัด,????,,,,,,19x18,0.00000000,0,WEBSERVICE,
11x99482,บริษัท สีไดโน   จำกัด,????,,,,,,19x18,0.00000000,0,WEBSERVICE,
11x99490,บริษัท พี.เอส.ซี.สตีลดรัมส์ จำกัด,????,,,,,,19x18,0.00000000,0,WEBSERVICE,
11x99744,บริษัท โปรวอลไทยแลนด์ จำกัด,SV01,,,,,,19x19,0.00000000,0,CRM,
11x99759,บริษัท ดินน้ำลมไฟ กรุ๊ป จำกัด,SV04,,,,,,19x36,0.00000000,0,CRM,
11x99881,บริษัท อินเตอร์ไฟเบอร์ คอนเทนเนอร์ จำกัด,PP00,,,,,,19x34,0.00000000,0,CRM,
11x100269,บริษัท เค ที บี แมชชีนเนอรี่ แอนด์ พาร์ท จำกัด,SV04,,,,,,19x19,0.00000000,0,CRM,
11x100287,บริษัท บูรณิน อินดัสทรี จำกัด,EI00,,,0863004700,,,19x74,0.00000000,0,CRM,
11x100294,Long Win Thai,SV01,,,,,,19x53,0.00000000,0,CRM,
11x100328,3ศ วัสดุก่อสร้าง,SV04,,,035-341855,,,19x23,0.00000000,0,CRM,
11x100330,Astec Industries,SV01,,,,,,19x19,0.00000000,0,CRM,
11x100421,Mekayawa,SV01,,,,,,19x53,0.00000000,0,CRM,
11x100424,ห้างหุ้นส่วนจำกัด บุญศริริ สตีล,MT99,,,,,,19x27,0.00000000,0,CRM,
11x100687,บมจ. ทีทีดับบลิว,UT99,,,0879230570,,,19x44,0.00000000,0,CRM,
11x100694,LONGWIN THAI COMPANY LIMITED,SV01,,,,,,19x51,0.00000000,0,CRM,
11x100698,บริษัท บีซีเอ็ม บลิส จำกัด,SV04,,,,,,19x21,0.00000000,0,CRM,
11x100703,GC12,CH01,,,,,,19x65,0.00000000,0,CRM,
11x100825,WOG TECHNOLOGIES,SV01,,,,,,19x22,0.00000000,0,CRM,
11x101176,บริษัท อีโค เทอร์มิค เทคโนโลยี ซัพพลาย จำกัด,SV04,,,084-649 7012,,,19x45,0.00000000,0,CRM,
11x101253,บริษัท อี แอนด์ แอล อินเตอร์เนชั่นแนล จำกัด,SV04,,,0911515499,,,19x45,0.00000000,0,CRM,
11x101414,บริษัท พี.ดับบลิว.เอ็นจิเนียริ่งแอนด์เซอร์วิส จำกัด,????,,,,,,19x18,0.00000000,0,WEBSERVICE,
11x101430,บริษัท เออีซี อินดัสเตรียล เซอร์วิส จำกัด,????,,,,,,19x78,0.00000000,0,WEBSERVICE,
11x101589,SPPM Engineering and Supply,SV04,,,,,,19x45,0.00000000,0,CRM,
11x101707,บริษัท ครีเอทีฟเวย์เอ็นจิเนียริ่ง จำกัด,SV04,,,,,,19x31,0.00000000,0,CRM,
11x101709,บริษัท สหมิตร(2014)เอ็นจิเนียริ่งเซอร์วิส จำกัด,SV01,,,,,,19x45,0.00000000,0,CRM,
11x101712,บริษัท อินดัสเตรียล พลัส จำกัด,SV04,,,,,,19x77,0.00000000,0,CRM,
11x101792,บริษัท คอนเทค เทรดดิ้ง จำกัด,SV01,,,,,,19x45,0.00000000,0,CRM,
11x101798,P.S.C. STARCH PRODUCTS PCL.,FD08,,,,,,19x22,0.00000000,0,CRM,
11x101810,ห้างหุ้นส่วนจำกัด ฉัตรเพรชแลนด์แอนด์เฮาส์,CH15,,,087-8710884,,,19x45,0.00000000,0,CRM,
11x102168,บริษัท ซันโคคิโค (ประเทศไทย) จำกัด,SV04,,,,,,19x88,0.00000000,0,CRM,
11x102372,บริษัท หกขา จํากัด,SV04,,,,,,19x70,0.00000000,0,CRM,
11x102803,ห้างหุ้นส่วนจำกัด ไออี ซัพพลาย,SV04,,,,,,19x21,0.00000000,0,CRM,
11x102997,บริษัท พี.เอส.ซี. สตาร์ช โปรดักส์ จำกัด (มหาชน),????,,,,,,19x34,0.00000000,0,WEBSERVICE,
11x103138,บริษัท 666 ทีมวิศวกรรม จำกัด,SV04,,,,,,19x21,0.00000000,0,CRM,
11x103148,บริษัท เฮลท์ วอเตอร์ จำกัด,FD02,,,,,,19x37,0.00000000,0,CRM,
11x103417,บจก. ทัสพาว,SV01,189/56 หมู่ 1  ตำบลบางเตย สามพราน,,,,,19x43,0.00000000,0,CRM,
11x103573,บริษัท สตาร์ ไอโอที แอนด์ ออโตเมชั่น จำกัด,SV04,,,,,,19x45,0.00000000,0,CRM,
11x103609,บริษัท ซิสเต็มปั๊ม จำกัด,SV04,,,,,,19x45,0.00000000,0,CRM,
11x104111,แม็ค มอเตอร์ เซอร์วิส,SV01,,,0830992607,,,19x44,0.00000000,0,CRM,
11x104145,คอมโพสิท ครีเอชั่น,CH42,,,,,,19x21,0.00000000,0,CRM,
11x104197,Chip Mong Insee Cement,MN05,,,,,,19x21,0.00000000,0,CRM,
11x104477,"Myanmar Lighting (IPP) Co., Ltd.",UT01,,,,,,19x45,0.00000000,0,CRM,
11x104585,Terminal Line,SV01,,,,,,19x43,0.00000000,0,CRM,
11x104587,"Technical Solution Co., Ltd",UT00,,,,,,19x89,0.00000000,0,CRM,
11x104621,บริษัท พี.เอส.พี. สเปเชียลตี้ส์ จำกัด (มหาชน),????,,,,,,19x45,0.00000000,0,WEBSERVICE,
11x104658,บริษัท โททาล คอร์เบียน พีแอลเอ (ประเทศไทย) จำกัด,????,,,,,,19x18,0.00000000,0,WEBSERVICE,
11x104673,เธเธฃเธดเธฉเธฑเธ— เธ”เธฑเธเน€เธเธดเธฅเธขเธน เน€เธญเธช เน€เธ เน€เธเธญเธฃเนเธงเธดเธช เธเธณเธเธ,????,,,,,,19x18,0.00000000,0,WEBSERVICE,
11x105134,"China State Construction Engineering (Thailand) Co.,Ltd.",SV01,"2034/77-78 17th Fl. ItalThai Tower
New Petchburi Road, Bangkapi.
Huaykwang, Bangkok 10310,",,02-0989533 EXT.1709,P.Kanokrat@hotmail.com,,19x43,0.00000000,0,CRM,
11x105138,"MTP HPPO Manufacturing Co., Ltd.",CH99,,,,,,19x51,0.00000000,0,CRM,
11x105529,บริษัท พีค1997 อินดัสเทรียล จำกัด,SV04,12 ซอยทุ่งเศรษฐีแยก 23 แขวงดอกไม้ เขตประเวศ ประเทศไทย 10250,,021182934,namfon.s@peak1997.com,,19x43,0.00000000,0,CRM,
11x105544,บริษัท โมเดิร์น คาส อินเตอร์เนชั่นแนล คอสเมติคส์ จำกัด,CH05,,,,,,19x37,0.00000000,0,CRM,
11x105558,บัคแมน แลบอราทอรี่ส์ (เอเชีย),CH01,,,,,,19x21,0.00000000,0,CRM,
11x105760,บริษัท เคทีซีเคมีคอล จำกัด,CH01,,,,,,19x21,0.00000000,0,CRM,
11x105766,บริษัท เอจีซี วีนิไทย จำกัด (มหาชน),CH01,,,,,,19x89,0.00000000,0,CRM,
11x105782,เบทาโกร-พระประแดง,FD05,,,,,,19x27,0.00000000,0,CRM,
11x105941,บริษัท เดอะซิสเตอร์กรุ๊ป จำกัด,SV04,,,,,,19x70,0.00000000,0,CRM,
11x106104,บริษัท นิวโมชั่น จำกัด,SV04,,,,,,19x19,0.00000000,0,CRM,
11x106122,บริษัท สินฑร (1994) จำกัด,CH01,,,,,,19x21,0.00000000,0,CRM,
11x106229,บริษัท  นิปปุ่น (ประเทศไทย) จำกัด,FD99,,,02-529 6250,,,19x45,0.00000000,0,CRM,
11x106233,บริษัท โปรเจค ฟอร์ส(ประเทศไทย) จำกัด,SV04,,,,,,19x70,0.00000000,0,CRM,
11x106249,บริษัท ยูไนเต็ดฟู้ดส์ จำกัด (มหาชน),FD01,,,,,,19x45,0.00000000,0,CRM,
11x106319,SSB SIAM,SV04,,,,,,19x51,0.00000000,0,CRM,
11x106324,Hongsa Power Company Limited,UT01,,,,,,19x45,0.00000000,0,CRM,
11x106908,INSUM INTERTRADE,SV04,,,,,,19x51,0.00000000,0,CRM,
11x107542,PVEX,CH14,,,,,,19x23,0.00000000,0,CRM,
11x107559,Thai Union Group Public Company Limited,FD99,,,,,,19x45,0.00000000,0,CRM,
11x107615,บริษัท ศรีศรัณย์ เอ็นจิเนียริ่ง จำกัด,????,,,,,,19x23,0.00000000,0,WEBSERVICE,
11x107621,บริษัท เอื้อวิทยาแมชีนเนอรี่ จำกัด,????,,,,,,19x18,0.00000000,0,WEBSERVICE,
11x107668,Noi Global Supply,SV01,"42/2 Sayangkoun Road 
Mukdahan 
Thailand 49000",,66-8562029268142,reekand.k@gmail.com,,19x43,0.00000000,0,CRM,
11x107682,บริษัท อีซึ่น แอนด์ โค จำกัด (มหาชน),CH04,,,,,,19x70,0.00000000,0,CRM,
11x107698,Polaris Technical Equipment Trading Service,SV04,,,,,,19x27,0.00000000,0,CRM,
11x107701,GKBI,CH14,333 ( Canteen ชบา) ม.14 ต.หนองโพ อ.ตาคลี จ.นครสวรรค์ 60140,,0612575298,Napat.j@gkbi.co.th,,19x43,0.00000000,0,CRM,
11x107738,บริษัท บีบีจีไอ ไบโอเอทานอล จำกัด (มหาชน),CH16,,,,,,19x29,0.00000000,0,CRM,
11x108074,บริษัท ดี-คลาส (ประเทศไทย) จำกัด,SV04,,,,,,19x45,0.00000000,0,CRM,
11x108077,บริษัท ไทยคอนเทนเนอร์ขอนแก่น จำกัด บริษัท ไทยคอนเทนเนอร์ขอนแก่น จำกัด,PP03,,,,,,19x21,0.00000000,0,CRM,
11x108111,BASF,CH01,,,,,,19x65,0.00000000,0,CRM,
11x108223,ห้างหุ้นส่วนจำกัด เอสเอ็ม อินเตอร์เทคแอนด์เซอร์วิส,SV01,,,,,,19x45,0.00000000,0,CRM,
11x108407,RJSS CONSTRUCTION COMPANY LIMITED,SV01,,,0816897448,,,19x43,0.00000000,0,CRM,
11x108812,บริษัท สไตล์ เอฟ เอ็นจิเนียริ่ง จำกัด,SV01,,,,,,19x70,0.00000000,0,CRM,
11x108831,ห้างหุ้นส่วนจำกัด แสงอภัย ปั๊ม แอนด์ วาล์ว,SV04,,,,,,19x70,0.00000000,0,CRM,
11x108843,"D And B Quality Store Co., Ltd.",SV01,,,,,,19x34,0.00000000,0,CRM,
11x109044,บริษัท เบอร์แทรม (1958) จำกัด,SV01,,,,,,19x37,0.00000000,0,CRM,
11x109711,"Thai Plastic and Chemicals Public Co.,Ltd.",CH42,,,,,,19x51,0.00000000,0,CRM,
11x109779,บริษัท สุรพลซูพรีมฟู้ดส์ จำกัด,????,,,,,,19x45,0.00000000,0,WEBSERVICE,
11x109783,บริษัท พัฒน์กล ไอซ์ โซลูชั่นส์ จำกัด,????,,,,,,19x19,0.00000000,0,WEBSERVICE,
11x109790,บริษัท โมเดิรน์คาส อินเตอร์เนชั่นแนล คอสเมติคส์ จำกัด,????,,,,,,19x18,0.00000000,0,WEBSERVICE,
11x109802,บริษัท ลองวิน ไทย จำกัด,????,,,,,,19x51,0.00000000,0,WEBSERVICE,
11x109808,บริษัท เทอร์มินัล ไลน์ จำกัด,????,,,,,,19x43,0.00000000,0,WEBSERVICE,
11x109851,D.N.Conveyor,SV01,,,,,,19x19,0.00000000,0,CRM,
11x109999,Cytec Industries (Thailand) Co Ltd,CH99,,,,,,19x51,0.00000000,0,CRM,
11x110324,บริษัท แฟรงคลิน (เอเซีย) จำกัด,SV04,,,,,,19x70,0.00000000,0,CRM,
11x110329,Netzsch Thailand Limited,SV04,,,+66 2 152 7325,,,19x43,0.00000000,0,CRM,
11x110483,บริษัท บีเอสที เอเนออส อิลาสโตเมอร์ จำกัด,????,,,,,,19x90,0.00000000,0,WEBSERVICE,
11x110795,DG Engineer,SV01,,,,,,19x23,0.00000000,0,CRM,
11x110949,บริษัท ทรัพย์สกุล จำกัด,SV04,,,,,,19x70,0.00000000,0,CRM,
11x111166,บริษัท ยูนิมิกส์ สตีลเวอร์ค จำกัด,SV04,,,,,,19x70,0.00000000,0,CRM,
11x111919,บริษัท เด็มโก้ เพาเวอร์ จำกัด,UT01,,,,,,19x45,0.00000000,0,CRM,
11x112572,"Thai Union Fasteners Co.,Ltd",MN99,,,,,,19x45,0.00000000,0,CRM,
11x112775,บริษัท เคอร์รี่ แอนด์ บราวน์ (ประเทศไทย) จำกัด,SV01,,,,,,19x21,0.00000000,0,CRM,
11x112778,"THAI MMA Co., Ltd.",CH99,,,,,,19x51,0.00000000,0,CRM,
11x112978,บริษัท ลิคิโทมิ  (ประเทศไทย) จำกัด,SV04,,,,,,19x45,0.00000000,0,CRM,
11x113084,บริษัท อีโค วอลล์ จำกัด,SV01,,,,,,19x21,0.00000000,0,CRM,
11x113091,Amita technologies,CH14,,,0859993045,,,19x23,0.00000000,0,CRM,
11x113094,ห้างหุ้นส่วนจำกัด ที เอส พี โปรซัพพลาย แอนด์ เซอร์วิส,SV04,,,,,,19x45,0.00000000,0,CRM,
11x113143,บริษัท โททาลเอนเนอร์ยี่ส์ คอร์เบียน จำกัด,????,,,,,,19x18,0.00000000,0,WEBSERVICE,
11x113170,บริษัท เอเชี่ยน คอร์ปอเรชั่น จำกัด,PP01,,,,,,19x37,0.00000000,0,CRM,
11x113303,บริษัท อีโคเพนท์ จำกัด,CH04,,,,,,19x70,0.00000000,0,CRM,
11x113308,บริษัท พรีม่า โพลีเทค จำกัด,CH09,,,,,,19x37,0.00000000,0,CRM,
11x113483,โปรลอค ไทเทเนี่ยม คอร์ปอเรชั่น,SV01,,,,,,19x31,0.00000000,0,CRM,
11x113643,ดีแอนด์เอ เจเนอรัล ซัพพลาย จำกัด,SV01,,,,,,19x21,0.00000000,0,CRM,
11x113815,"DEEKO PROJECT SERVICE CO.,LTD.",SV01,,,,,,19x51,0.00000000,0,CRM,
11x113871,Currie & Brown,SV01,"6th Floor, Unit 3, Zuellig House, 1-7 Silom Road, Silom, Bangrak, Bangkok, 10500,",,02-632-6512,Jariya.Namputta@curriebrown.com,,19x43,0.00000000,0,CRM,
11x113906,บริษัท ดี แอนด์ บี ควอลิตี้ สโตร์ จำกัด,SV01,,,,,,19x37,0.00000000,0,CRM,
11x113930,CADBURY ADAMS (THAILAND) LTD,FD99,,,,,,19x45,0.00000000,0,CRM,
11x114062,Group Progress Engineering,SV04,,,,,,19x64,0.00000000,0,CRM,
11x114139,บริษัท ชาร์ปแอพพลายแอนซ์ (ประเทศไทย) จำกัด,EI00,,,,,,19x37,0.00000000,0,CRM,
11x114393,บริษัท เอ็นจิเนียริ่ง เอ็กซ์เพิร์ท อินเตอร์เนชั่นแนบ จำกัด (สำนักงานใหญ่),CH41,,,,,,19x19,0.00000000,0,CRM,
11x114405,อินโนเวล โฟล์,SV01,,,,,,19x27,0.00000000,0,CRM,
11x114425,UBE CHEMICALS (ASIA) PUBLIC COMPANY LIMITED,CH99,,,,,,19x51,0.00000000,0,CRM,
11x114429,บริษัท ไทย คีพ จำกัด,SV04,,,,,,19x31,0.00000000,0,CRM,
11x114432,บริษัท เค.เอ็นเออาร์ เอ็นจิเนียริ่ง จำกัด,SV01,,,089-5229222,,,19x61,0.00000000,0,CRM,
11x114481,"VANACHAI CHEMICAL INDUSTRIES CO.,LTD.",CH99,,,,,,19x51,0.00000000,0,CRM,
11x115992,"ASIA NISSIN (THAILAND) CO.,LTD.",SV01,,,,,,19x51,0.00000000,0,CRM,
11x116007,"Thai Ethoxylate Co., Ltd. (TEX)",SV01,,,"66 3897 7229 , 082 4969129",,,19x55,0.00000000,0,CRM,
11x116174,"M&E Technology Co.,Ltd.",SV04,,,,,,19x45,0.00000000,0,CRM,
11x116185,บริษัท ไทย สพิริท อินดัสทรี จำกัด,FD02,,,,,,19x34,0.00000000,0,CRM,
11x116186,Borr Drilling,CH14,,,(+66) 91 780 2271,,,19x43,0.00000000,0,CRM,www.borrdrilling.com
11x116347,"PEPSI-COLA (THAI) TRASING CO.,LTD",????,,,,,,19x18,0.00000000,0,WEBSERVICE,
11x116354,บริษัท ยูเนี่ยน โฟร์ คอนเซ็ปต์ จำกัด,????,,,,,,19x18,0.00000000,0,WEBSERVICE,
11x116390,บริษัท อินโนเวล โฟล์ จำกัด,????,,,,,,19x27,0.00000000,0,WEBSERVICE,
11x116457,Kemin Industries Thailand,SV01,,,,,,19x27,0.00000000,0,CRM,
11x116708,ห้างหุ้นส่วนจำกัด เอสพีพีเอ็ม เอ็นจิเนียริ่งแอนด์ซัพพลาย,SV04,,,,,,19x45,0.00000000,0,CRM,
11x117205,เอส.ซี.กรุ๊ป,CH02,,,,,,19x44,0.00000000,0,CRM,
11x117363,ห้างหุ่นส่วนจำกัด ขุนประสุข สระบุรี มอเตอร์ แอนด์ เซอรืวิส,SV04,,,,,,19x19,0.00000000,0,CRM,
11x117494,"Thai Semcon Co.,Ltd.",SV01,,,: 081-910-7623,,,19x55,0.00000000,0,CRM,
11x117667,บริษัท เอทีพี อินโนเวชั่นส์ จำกัด,UT01,,,,,,19x92,0.00000000,0,CRM,
11x117808,อภิชาติไดนาโม,CH02,,,,,,19x45,0.00000000,0,CRM,
11x117879,บจก.พรีม่า เจเนซิซ,SV04,,,,,,19x27,0.00000000,0,CRM,
11x118566,Michellin Hadyai,XX00,,,,,,19x47,0.00000000,0,CRM,
11x119119,บริษัท เด็มโก้ จำกัด (มหาชน),SV01,,,,,,19x62,0.00000000,0,CRM,
11x119254,บริษัท บีบีจีไอ ไบโอดีเซล จำกัด,CH14,,,035-276-500 ต่อ 3811 หรือ 3816,BBGIBI-Sales@bangchakbiofuel.co.th,Active,19x23,0.00000000,0,WEBSERVICE,https://www.bbgigroup.com/th/businesses/biodiesel-business
11x119271,บริษัท เคมิน อินดัสตรีส์ (ประเทศไทย) จำกัด,????,,,,,,19x27,0.00000000,0,WEBSERVICE,
11x119769,บริษัท ซับโก้ จำกัด,SV04,,,,,,19x19,0.00000000,0,CRM,
11x119771,"Thyssenkrupp Industrial Solutions (Thailand) Ltd.,",SV04,,,,,,19x51,0.00000000,0,CRM,
11x120231,Susco Public Company Limited,CH14,เลขที่ 139 ถนนราษฎร์บูรณะ แขวงบางปะกอก เขตราษฎร์บูรณะ กรุงเทพมหานคร 10140,,02-428-0029,lumpueng@susco.co.th,,19x43,0.00000000,0,CRM,
11x120337,บริษัท โกรเบสท์คอร์โพเรชั่น จํากัด,FD05,,,,,,19x70,0.00000000,0,CRM,
11x120524,PP Tech,SV04,,,,,,19x27,0.00000000,0,CRM,
11x120701,SOLVAY (THAILAND) LIMITED,CH99,,,,,,19x51,0.00000000,0,CRM,
11x120735,"Circular Plas Co., Ltd.",CH42,,,,,,19x51,0.00000000,0,CRM,
11x120833,"MCLA Asia Co.,Ltd",SV01,,,,,,19x55,0.00000000,0,CRM,
11x120889,TPC PASTE RESIN COMPANY LIMITED,CH42,,,,,,19x51,0.00000000,0,CRM,
11x120944,บริษัท ไทยเมทัลโปรดักส์อินดัสตรีย์ จำกัด,CH02,,,086-8118282,,,19x45,0.00000000,0,CRM,
11x121135,บริษัท โปร ดีซีเอ็ม จำกัด,UT99,,,,,,19x21,0.00000000,0,CRM,
11x121297,เอ็ม.เจ.พี.เค. มอเตอร์,SV01,,,020492105,,,19x44,0.00000000,0,CRM,
11x121413,"GRD TECH CO., LTD",SV01,"119/125 Moo 8, Bangmuang, Muang, Samutprakarn 10270 10270",,080-3904983,Lalita@grd-th.com,,19x43,0.00000000,0,CRM,
11x121522,EXXONMOBIL ASIA PACIFIC PTE. LTD,????,,,,,,19x18,0.00000000,0,WEBSERVICE,
11x121553,ห้างหุ้นส่วนจำกัด ขุนประสุข สระบุรี มอเตอร์ แอนด์ เซอร์วิส,????,,,,,,19x18,0.00000000,0,WEBSERVICE,
11x121579,"PEPSI-COLA (THAI) TRADING CO.,LTD",????,,,,,,19x45,0.00000000,0,WEBSERVICE,
11x121584,บริษัท เพียวริเทค เอ็นจิเนียริ่ง จํากัด,SV01,,,,,,19x70,0.00000000,0,CRM,
11x121599,"Sartorius (Thailand) Co.,Ltd",FD01,"129 Rama 9Rd., Huaykwang,Huaykwang,Bangkok,10310 1031.",,02-643-8361-6,nattawut.naiat@sartorius.com,,19x43,0.00000000,0,CRM,
11x121602,บริษัท นทีชัย จำกัด,FD07,,,,,,19x74,0.00000000,0,CRM,
11x121643,ห้างหุ้นส่วนจำกัด เสรีซัพพลายแอนด์เอ็นจิเนียริ่ง,SV04,,,,,,19x19,0.00000000,0,CRM,
11x121818,โรงไฟฟ้าวังน้อย,UT01,,,,,,19x45,0.00000000,0,CRM,
11x121878,บริษัท อาร์ที อะกริเทค จำกัด,FD05,,,,,,19x70,0.00000000,0,CRM,
11x122310,บริษัท ทีเคเอส เวนเชอร์ จํากัด,SV04,,,,,,19x70,0.00000000,0,CRM,
11x122830,บริษัท เอ.เอ็ม.เอ็นจิเนียริ่ง แอนด์ ซัพพลายส์ จำกัด,SV01,,,0835369197,,,19x44,0.00000000,0,CRM,
11x123246,บริษัท เมทัลลิค สตีล เซ็นเตอร์ จำกัด,SV01,,,,,,19x70,0.00000000,0,CRM,
11x123312,บริษัท บุญช่วยอุตสาหกรรม จำกัด,CH01,,,,,,19x21,0.00000000,0,CRM,
11x123597,บริษัท เอ.อี. โปรเกรสชั่น จำกัด,UT99,,,,,,19x31,0.00000000,0,CRM,
11x123876,Sastech,CH01,,,,,,19x65,0.00000000,0,CRM,
11x123892,ห้างหุ้นส่วนจำกัด ออลนิว ซิสเต็ม,SV04,,,,,,19x19,0.00000000,0,CRM,
11x124291,บริษัท มิตรโพรเจคท์เซอร์วิสเซส จำกัด,SV01,,,,,,19x31,0.00000000,0,CRM,
11x124447,บริษัท พีพีพี กรีน คอมเพล็กซ์ จำกัด (มหาชน),????,,,,,,19x45,0.00000000,0,WEBSERVICE,
11x124473,บริษัท เคทีซี เคมีคอล จำกัด,????,,,,,,19x18,0.00000000,0,WEBSERVICE,
11x124486,บริษัท ปตท.สผ.เอนเนอร์ยี่ ดีเวลลอปเมนท์ จำกัด,????,,,,,,19x43,0.00000000,0,WEBSERVICE,
11x124659,RT Agriteq,FD05,,,,,,19x27,0.00000000,0,CRM,
11x124735,"Syntec Construction Public Co., Ltd.",SV01,"555/7-11, Soi Sukhumvit 63 (Ekamai), Sukhumvit Road, Klongton Nua, Khet Wattana, Bangkok, 10110",,02 381 6333,Pex889@hotmail.com,,19x43,0.00000000,0,CRM,
11x125613,บริษัท พรีม่า เจเนซิซ จำกัด,????,,,,,,19x18,0.00000000,0,WEBSERVICE,
11x125641,ห้างหุ้นส่วนจำกัดแสงตะเคียน,CH02,,,0981454564,,,19x45,0.00000000,0,CRM,
11x125696,บริษัท แมส ออโตเมชั่น จำกัด,UT99,,,,,,19x78,0.00000000,0,CRM,
11x125703,หจก.บุญรักษา เอ็นจิเนียริ่ง ซัพพลาย,SV01,,,,,,19x37,0.00000000,0,CRM,
11x125739,คุณสุทัศน์ บุญศรี,SV04,,,,,,19x45,0.00000000,0,CRM,
11x125994,บริษัท เพียวริเทค เอ็นจิเนียริ่ง จำกัด,SV01,,,คุณเกษม 081-4385865,,,19x19,0.00000000,0,CRM,
11x126116,คุณราเชน,SV04,,,0868449737,,,19x43,0.00000000,0,CRM,
11x126268,บริษัท เอ็นไวรอนเม็นท์พัลพ์ แอนด์ แพคเกจจิ้ง จำกัด,PP01,,,,,,19x34,0.00000000,0,CRM,
11x126451,เอพีเอ็ม อะโกร,FD05,,,,,,19x27,0.00000000,0,CRM,
11x126466,บริษัท เอส.คิว.ไอ.ปิโตรเคม อินดัสตรี้ส์ จำกัด,CH01,,,,,,19x21,0.00000000,0,CRM,
11x126815,"S. G. SUPPLY CO., LTD.",SV01,52/343 หมู่ที่ 10 ต.ห้วยบง อ.เฉลิมพระเกียรติ จ.สระบุรี,,0915952526,,,19x43,0.00000000,0,CRM,
11x127381,"Front Wheel Industry Co., Ltd",SV01,"388/38 NuanchanRd., Nuanchan, Bungkum, Bangkok, Thailand 10230 10230",,02-046-9017,mei.wijaya@frontwheelindustry.com,,19x43,0.00000000,0,CRM,
11x127394,บริษัทบางกอก เจนเนอรัล ซัพพลาย(ประเทศไทย) จำกัด,????,,,,,,19x18,0.00000000,0,WEBSERVICE,
11x127412,นิติบุคคลอาคารชุดไทยวา ทาวเวอร์,????,,,,,,19x18,0.00000000,0,WEBSERVICE,
11x127433,บริษัท เอส. จี. ซัพพลาย จำกัด,????,,,,,,19x18,0.00000000,0,WEBSERVICE,
11x127903,"Rich Prosper Co.,Ltd",CH06,,,,,,19x74,0.00000000,0,CRM,
11x128066,โรงแรมโกลเดน ทิวลิป ซอฟเฟอริน พระราม 9,UT99,92 ซอย โรงพยาบาลพระราม 9 แขวง บางกะปิ เขตห้วยขวาง กรุงเทพมหานคร 10310 10310,,02641477,engineer@gtsbkk.com,,19x43,0.00000000,0,CRM,
11x128482,บริษัท โตโยต้า ทูโช เอ็ม แอนด์ อี (ประเทศไทย) จำกัด,UT99,,,,,,19x77,0.00000000,0,CRM,
11x128599,พิรญาณ์ ซัพพลาย แอนด์ เอ็นจิเนียริง,SV04,,,,,,19x27,0.00000000,0,CRM,
11x128667,บริษัท บุษราคัม จี11 จำกัด,????,,,,,,19x44,0.00000000,0,WEBSERVICE,
11x128674,บริษัท ทีเคเอส เวนเชอร์ จำกัด,????,,,,,,19x70,0.00000000,0,WEBSERVICE,
11x128786,Rayong wire industries Public company Limited,SV01,,,038-684522-7,,,19x55,0.00000000,0,CRM,
11x128789,คาร์กิลล์สยาม-เพชรบุรี,FD05,,,,,,19x27,0.00000000,0,CRM,
11x128814,บริษัท ริกค์ เทคโนโลยี (ประเทศไทย) จำกัด,SV04,,,,,,19x34,0.00000000,0,CRM,
11x128880,บริษัท พีค อินโนวาเทค จำกัด,UT99,,,,,,19x31,0.00000000,0,CRM,
11x128896,E.S.I. (THAILAND) COMPANY LIMITED,SV04,,,,,,19x51,0.00000000,0,CRM,
11x128906,"WIN INNOTECH CO.,LTD.",SV04,,,,,,19x51,0.00000000,0,CRM,
11x129341,SPO AGRO,SV01,,,,,,19x23,0.00000000,0,CRM,
11x129425,บริษัท เอส.ไอ.พี.สยามอินเตอร์แปซิฟิค จำกัด,SV01,,,,,,19x70,0.00000000,0,CRM,
11x129429,MBK,UT00,,,,,,19x43,0.00000000,0,CRM,
11x129444,บริษัท น้ำมันอพอลโล (ไทย) จำกัด,CH14,,,,,,19x44,0.00000000,0,CRM,
11x129613,บริษัท พรีโม เทรดดิ้ง จำกัด,SV04,,,,,,19x70,0.00000000,0,CRM,
11x129615,บริษัท โพรเม่ เทรดดิ้ง จำกัด,SV04,,,,,,19x70,0.00000000,0,CRM,
11x129630,บริษัท แอ็กซอลตา โค้ทติ้ง ซิสเต็มส์ (ประเทศไทย) จำกัด,CH03,,,,,,19x70,0.00000000,0,CRM,
11x129667,กมลพันธ์,CH16,,,,,,19x74,0.00000000,0,CRM,
11x129696,"Bridgestone Specialty Tire Manufacturing(Thailand) Co.,Ltd.",AG02,,,,,,19x51,0.00000000,0,CRM,
11x129757,ASIAN INSULATORS,FD03,,,,,,19x45,0.00000000,0,CRM,
11x129923,บริษัท เอส พี เอ็ม อาหารสัตว์ จำกัด,FD05,,,,,,19x70,0.00000000,0,CRM,
11x129925,บริษัท ดิโอลอจิก จำกัด,SV04,,,,,,19x31,0.00000000,0,CRM,
11x130414,EPAC,PP01,,,,,,19x47,0.00000000,0,CRM,
11x130517,"Volutech Machinery Co.,Ltd",SV01,,,087-4381670,,,19x55,0.00000000,0,CRM,
11x131299,สนามกอร์ฟ อัลไพน์,OT99,,,,,,19x44,0.00000000,0,CRM,
11x131314,บริษัท แพลนท์ อีควิปเม้นท์,UT99,,,,,,19x75,0.00000000,0,CRM,
11x131424,"SFLOW TECHNOLOGY TRADING CO., LTD.",SV01,,,,,,19x70,0.00000000,0,CRM,
11x131435,บริษัท ง่วนเชียงอุตสาหกรรมอาหาร จำกัด,FD01,,,,,,19x45,0.00000000,0,CRM,
11x131488,บริษัท เพอร์เฟคโซลูชั่น แอนด์ คอนเซาส์แตนท์ จำกัด,SV01,,,,,,19x44,0.00000000,0,CRM,
11x131531,บริษัท พีดับบลิวเค เซอร์วิส จำกัด,SV01,,,,,,19x37,0.00000000,0,CRM,
11x131924,"Alisa Intersupply Co., Ltd.",SV01,"10/78 San Thon Buri Road, Bang Wa, 
Phasi Charoen, Bangkok 10160 10160",,02-0278855,rungtiwa.k@alisa-ints.com,,19x43,0.00000000,0,CRM,
11x132107,POWER  LINE  ENGINEERING  PUBLIC  COMPANY  LIMITED.,SV01,2 ถนน สุขุมวิท 81 แขวงบางจาก เขตพระโขนง กรุงเทพมหานคร 10260 10260,,02 332- 0345 EXT. 7131,sira@ple.co.th,,19x43,0.00000000,0,CRM,
11x132483,บริษัท บาส-รีลีฟ จำกัด,SV01,,,,,,19x70,0.00000000,0,CRM,
11x132485,บริษัท เอ ไอ พอร์ตส์ แอนด์ เทอร์มินัลส์ จำกัด,FD03,,,0808072280,,,19x45,0.00000000,0,CRM,
11x132487,siamsubmanee,FD99,,,0818673500,,,19x23,0.00000000,0,CRM,
11x132498,บริษัท ฉัตรพร ช็อป (2005) จำกัด,UT99,,,,,,19x31,0.00000000,0,CRM,
11x132549,"VR BETZ CO., LTD.",SV04,,,,,,19x45,0.00000000,0,CRM,
11x132623,บริษัท สมบูรณ์ แพ็คเกจจิ้ง (888) จำกัด,CH43,,,,,,19x21,0.00000000,0,CRM,
11x132675,"GOODTEAM CONSTRUCTION CO.,LTD.",SV04,,,,,,19x37,0.00000000,0,CRM,
11x132703,ยะลาสหพันธ์แก๊ส,CH02,,,,,,19x44,0.00000000,0,CRM,
11x132778,บริษัท เยนเนอร์ราลดรั๊กส์เฮ้าส์ จำกัด,CH05,,,,,,19x34,0.00000000,0,CRM,
11x132786,บริษัท พีเอสที เอ็นจิเนียริ่ง แอนด์ ซัพพลาย จำกัด,SV01,,,,,,19x70,0.00000000,0,CRM,
11x132798,บริษัท เลนโซ่ เทอร์มินอล จำกัด,CH01,,,,,,19x31,0.00000000,0,CRM,
11x132813,บริษัท เอ็นพีเอ็น ซัพพลาย กรุ๊ป จำกัด,SV04,,,,,,19x45,0.00000000,0,CRM,
11x132876,Sanpya Engineering,SV04,,,,sithu@sanpya-engineering.com,,19x43,0.00000000,0,CRM,
11x132880,"SUPREME ENGINEERING & SUPPLY CO.,LTD.",SV04,,,089-6902203,,,19x61,0.00000000,0,CRM,
11x132965,"NPNSUPPLYGROUP CO.,LTD",SV01,,,,,,19x23,0.00000000,0,CRM,
11x133024,บริษัท บิ๊กเบน (เพนท์) จำกัด,CH03,,,,,,19x70,0.00000000,0,CRM,
11x133032,บริษัท ระยองไวร์ อินดัสตรีส์ จำกัด (มหาชน),????,,,,,,19x18,0.00000000,0,WEBSERVICE,
11x133036,บริษัท ไทยเอ็นเนอร์ยี่คอนเซอร์เวชั่น จำกัด,????,,,,,,19x45,0.00000000,0,WEBSERVICE,
11x133039,บริษัท บาส - รีลีฟ จำกัด,????,,,,,,19x18,0.00000000,0,WEBSERVICE,
11x133264,บริษัท เอต้า คอร์ปอเรชั่น จำกัด,SV01,,,,,,19x37,0.00000000,0,CRM,
11x133443,Srifah Progress,SV04,,,,,,19x43,0.00000000,0,CRM,
11x133590,modern distaff,UT99,,,0915805443,,,19x23,0.00000000,0,CRM,
11x133593,บริษัท สยาม ดาเทค อินดัสตรี,CH42,,,,,,19x21,0.00000000,0,CRM,
11x133636,บริษัท ทีเอชซี อะโกรไซแอนส์ จำกัด,CH01,,,,,,19x77,0.00000000,0,CRM,
11x133759,"HiCOP Energy Co.,Ltd.",SV01,,,,,,19x51,0.00000000,0,CRM,http://www.hicopenergy.com/th/
11x133811,บริษัท เอ เอส ที อินโนเวชั่น เทคโนโลยี จำกัด,SV04,,,0886519907,,,19x43,0.00000000,0,CRM,
11x133824,SFLOW ENGINEERING TRADING COMPANY,????,,,,,,19x70,0.00000000,0,WEBSERVICE,
11x133842,ห้างหุ้นส่วนจำกัด ศรีฟ้าโปรเกรส,????,,,,,,19x43,0.00000000,0,WEBSERVICE,
11x133924,Thai Nippon Steel,XX00,,,,,,19x47,0.00000000,0,CRM,
11x133926,Thai Alcohol,XX00,,,,,,19x47,0.00000000,0,CRM,
11x133930,Siam Modified Starch,XX00,,,,,,19x47,0.00000000,0,CRM,
11x133939,PTTME,XX00,,,,,,19x47,0.00000000,0,CRM,
11x133941,Mitsubishi Heavy Industry,XX00,,,,,,19x47,0.00000000,0,CRM,
11x135149,บริษัท ไทยยัง เคมีคอล จำกัด,CH09,,,,,,19x34,0.00000000,0,CRM,
11x135546,"ASIA POWER ENGINEERING SYSTEM CO., LTD.",SV04,,,,,,19x45,0.00000000,0,CRM,
11x135558,ห้างหุ้นส่วนจำกัด อุดมทรัพย์ มอเตอร์ เซอร์วิส แอนด์ ซัพพลาย,SV04,,,,,,19x19,0.00000000,0,CRM,
11x135560,LPN,SV01,,,,,,19x43,0.00000000,0,CRM,
11x135601,คุณมีน,OT99,,,,,,19x31,0.00000000,0,CRM,
11x135982,บริษัท เอฟแอนด์เอ็น แดรี่ส์ (ประเทศไทย),FD01,,,,,,19x44,0.00000000,0,CRM,
11x136127,DMS Dexon Mechanical Solution,SV01,,,-,,,19x55,0.00000000,0,CRM,
11x136259,บริษัท ฟาสเทค ทูลส์ จำกัด,SV04,,,,,,19x19,0.00000000,0,CRM,
11x136281,บริษัท ภพ ออโตเมชั่น จำกัด,????,,,,,,19x45,0.00000000,0,WEBSERVICE,
11x136298,บริษัท เอพีซี เทอร์มินอล จำกัด,????,,,,,,19x23,0.00000000,0,WEBSERVICE,
11x136336,SES INTERNATIONAL BV,????,,,,,,19x90,0.00000000,0,WEBSERVICE,
11x136376,เซอร์คูล่า เอ็นเนอร์ยี,CH14,,,,,,19x44,0.00000000,0,CRM,
11x136383,endress & Hauser,SV01,,,,,,19x43,0.00000000,0,CRM,
11x136386,บริษัท ทีเค เอ็นจิเนียริ่ง แอนด์ พาร์ท จำกัด,SV01,,,,,,19x43,0.00000000,0,CRM,
11x136678,"Hilco Asia Co., Ltd.",SV01,,,+66 (0)83 782 3563,,,19x21,0.00000000,0,CRM,www.asiahilco.com
11x136684,บริษัท เอ็น เค ห้าเจ็ดเจ็ด จำกัด,SV04,,,,,,19x19,0.00000000,0,CRM,
11x136805,บริษัท เอสเอ็ม พาวเวอร์ เอ็นจิเนียริ่ง จำกัด,SV01,,,,,,19x34,0.00000000,0,CRM,
11x136934,นายศักษฆ  โชติกพนิช,????,,,,,,19x70,0.00000000,0,WEBSERVICE,
11x136959,บริษัท วอเตอร์ เทค ซิสเต็ม จำกัด,SV04,,,,,,19x21,0.00000000,0,CRM,
11x136962,ห้างหุ้นส่วนจำกัด แอสเซนด์ กราวด์เซอรวิส,CH02,,,,,,19x45,0.00000000,0,CRM,
11x137114,"TOSPLANT ENGINEERING (THAILAND) CO., LTD.",SV01,,,,,,19x51,0.00000000,0,CRM,
11x137408,"PANA 888 CO., LTD.",SV01,91/149 หมู่ที่ 5 ตำบลบ้านใหม่ อำเภอปากเกร็ด จ.นนทบุรี 11120 11120,,,pimping.s@pana888.com,,19x43,0.00000000,0,CRM,
11x137457,GC Maintenance and Engineering Company Limited,SV01,,,,,,19x51,0.00000000,0,CRM,
11x137492,บริษัท ทูล แอนด์ เทคโนโลยี จำกัด,UT99,,,,,,19x31,0.00000000,0,CRM,
11x137571,บริษัท ไสว วิศวการ จำกัด,UT99,,,,,,19x75,0.00000000,0,CRM,
11x137581,บริษัท นิธิณัฐกร เอ็นจิเนียริ่ง จํากัด,SV01,,,,,,19x23,0.00000000,0,CRM,
11x137672,บริษัท เคไนน์ เอนจิเนียริ่ง แอนด์ เซอร์วิส จำกัด,SV04,,,,,,19x31,0.00000000,0,CRM,
11x137674,บริษัท ซีลโปร จำกัด,SV01,,,,,,19x37,0.00000000,0,CRM,
11x137681,ห้างหุ้นส่วนจำกัด แอสเซนด์ กราวด์ เซอร์วิส,????,,,,,,19x45,0.00000000,0,WEBSERVICE,
11x137719,บริษัท บลูฟาโล่ เพ็ทแคร์ จำกัด,????,,,,,,19x70,0.00000000,0,WEBSERVICE,
11x137734,บริษัท ไฟโก จำกัด,SV01,,,,,,19x45,0.00000000,0,CRM,
11x138034,บริษัท เอ็กซ์เพิร์ท เมนเทนแนนซ์ แอนด์ เซอร์วิส จำกัด,SV04,,,,,,19x34,0.00000000,0,CRM,
11x138135,GULF NC COMPANY LIMITED,UT01,,,,,,19x45,0.00000000,0,CRM,
11x138236,บริษัท ดี วินเนอร์ กรุ๊ป จำกัด,SV04,,,,,,19x19,0.00000000,0,CRM,
11x138364,"PK POWERTECH CO., LTD.",SV04,,,,,,19x45,0.00000000,0,CRM,
11x138386,บริษัท แอ๊บโซลูท โปรดักส์ จำกัด,FD03,,,,,,19x45,0.00000000,0,CRM,
11x138426,"Ultimate Commercial Co., Ltd;",SV01,,,,,,19x23,0.00000000,0,CRM,
11x138453,บริษัท อินดี้ เทค โซลูชั่น จำกัด,SV01,,,,,,19x70,0.00000000,0,CRM,
11x138549,บริษัท ดับ บลิว เอช เอ คอร์ปอเรชั่น จำกัด,UT99,,,,,,19x44,0.00000000,0,CRM,
11x138855,Endress+Hauser (Thailand) Ltd,SV01,"111 Moo 4, Bangkruai-Jongthanom Rd. Mahasawat, Bangkruai, 11130",,0610291948,chatkasem.wongnok@endress.com,,19x43,0.00000000,0,CRM,
11x138912,Circular Energy,CH14,,,,,,19x44,0.00000000,0,CRM,
11x139405,บริษัท พีเอชเอ ออโตเมชั่น จำกัด,SV07,,,,,,19x70,0.00000000,0,CRM,
11x139407,นิธิณัฐกร เอ็นจิเนี่ยริ่ง,UT99,,,0886596322,,,19x23,0.00000000,0,CRM,
11x139602,บริษัท อูเอโน่ (ประเทศไทย) จำกัด,SV04,,,,,,19x70,0.00000000,0,CRM,
11x140004,บริษัท ศรีสุข เอ็นจิเนียริ่ง จำกัด,SV04,,,,,,19x45,0.00000000,0,CRM,
11x140171,บริษัท เอชอาร์ดี (ประเทศไทย) จำกัด,SV04,,,,,,19x70,0.00000000,0,CRM,
11x140205,GGC KTIS BIOINDUSTRIAL COMPANY LIMITED.,CH14,"333, Village No. 14, Nong Pho Sub-district, Takhli District, Nakhon Sawan Province 60140 Thailand 60140",,084-282-2693,napat.j@gkbi.co.th,,19x43,0.00000000,0,CRM,
11x140398,"Asian Tech & Engineering Co., Ltd.",SV04,,,,,,19x36,0.00000000,0,CRM,
11x140925,"JS TECH CO.,LTD.",UT99,,,,,,19x54,0.00000000,0,CRM,
11x141436,rurh pumpen,CH14,,,0814423594,,,19x23,0.00000000,0,CRM,
11x142060,แหลมทองสหการ,FD05,,,,,,19x27,0.00000000,0,CRM,
11x142188,เสรีภู่พิสิฐ,CH01,,,,,,19x75,0.00000000,0,CRM,
11x142203,คุณโจ้,UT03,,,,,,19x74,0.00000000,0,CRM,
11x142205,คุณตั้ม,UT03,,,,,,19x74,0.00000000,0,CRM,
11x142209,คุณวิชิต,UT03,,,,,,19x74,0.00000000,0,CRM,
11x142497,คุณกมล,CH06,,,,,,19x74,0.00000000,0,CRM,
11x142533,คุณดุสดี,CH16,,,,,,19x74,0.00000000,0,CRM,
11x142559,คุณวีระ,CH07,,,,,,19x74,0.00000000,0,CRM,
11x142578,คุณปณิธาน,FD07,,,,,,19x74,0.00000000,0,CRM,
11x142634,"HRD (Thailand) Co., Ltd.",XX00,,,,,,19x24,0.00000000,0,CRM,www.smri.asia/en/hrd/
11x142826,บริษัท ไทยรับเบอร์โกลฟส์ จำกัด,AG01,,,,,,19x34,0.00000000,0,CRM,
11x143381,บริษัท โชคสุวรรณเอ็นจิเนียริ่ง จำกัด,SV04,,,,,,19x45,0.00000000,0,CRM,
11x143769,"CUMMINS DKSH (THAILAND) CO., LTD.",UT99,,,,,,19x45,0.00000000,0,CRM,
11x143848,WTM TECHNICAL & SUPPLY LIMITED PARTNERSHIP,SV04,,,,,,19x37,0.00000000,0,CRM,
11x143900,บริษัท สตาร์ทีม โกลบอล (ประเทศไทย) จํากัด,EI00,,,,,,19x37,0.00000000,0,CRM,
11x143991,เออีซี เทรดเซ็นเตอร์ บางปะอิน โฮเซล,OT99,,,,,,19x44,0.00000000,0,CRM,
11x144025,บริษัท พลอยภัค จำกัด,SV04,,,,,,19x37,0.00000000,0,CRM,
11x144072,ซิโนบริต,OT99,,,,,,19x44,0.00000000,0,CRM,
11x144074,ดาลอง แก็ส แอนด์ ปิโตรเคมิคัล,CH02,,,,,,19x44,0.00000000,0,CRM,
11x144150,Oil Tech,SV01,,,,,,19x24,0.00000000,0,CRM,
11x144161,บริษัท จีจีซี เคทิส ไบโออินดัสเทรียล จำกัด,CH16,,,,,,19x34,0.00000000,0,CRM,
11x144207,บริษัท เออี แอนด์ ดี (ไทยแลนด์) จำกัด,UT99,,,,,,19x31,0.00000000,0,CRM,
11x144295,BBGI Biodiesel,CH14,,,,,,19x23,0.00000000,0,CRM,
11x144302,บริษัท คิงส์ ออฟ วาล์ว (ปราจีนบุรี) จำกัด,SV01,,,,,,19x19,0.00000000,0,CRM,
11x144347,บริษัท ซีอาร์3 (ประเทศไทย) จำกัด,SV01,,,,,,19x44,0.00000000,0,CRM,
11x144374,บริษัท พีเค พาวเวอร์เทค จำกัด,????,,,,,,19x45,0.00000000,0,WEBSERVICE,
11x144644,CITY EQUIPMENTS MC,FD07,,,,,,19x37,0.00000000,0,CRM,
11x144672,บริษัท ราชาแดรี่ โปรดักส์ จำกัด,FD99,,,,,,19x45,0.00000000,0,CRM,
11x144734,อีสเทริน์ ซี ออยล์ แอนด์ คอนสตรัคชั่น,SV04,,,,,,19x19,0.00000000,0,CRM,
11x144764,World pump,SV01,,,,,,19x45,0.00000000,0,CRM,
11x144852,บริษัท โปร ฟิตติ้ง จำกัด,FD99,,,,,,19x45,0.00000000,0,CRM,
11x144897,บริษัท บีที ซัพพอร์ทพาร์ท แอนด์ เซอร์วิส จำกัด,SV01,,,,,,19x70,0.00000000,0,CRM,
11x144992,บริษัท ไอ- คอนส์ เอเชีย  จำกัด,????,,,,,,19x18,0.00000000,0,WEBSERVICE,
11x145080,"Vertex Engineering Co.,Ltd",XX00,,,,,,19x51,0.00000000,0,CRM,
11x145573,บริษัท เอเทค โปรดักชั่น จำกัด,SV04,,,0947874532,,,19x45,0.00000000,0,CRM,
11x145619,Honda Tsusho (Thailand),EL01,,,,,,19x36,0.00000000,0,CRM,
11x145799,ASKO Equipment Company Limited,XX00,,,,,,19x22,0.00000000,0,CRM,
11x146048,U pro chem,EL01,,,,,,19x55,0.00000000,0,CRM,
11x146092,"TNBT TECH & ENGINEERING CO., LTD.",SV01,,,,,,19x51,0.00000000,0,CRM,
11x146102,ห้างหุ้นส่วนจำกัด เวิร์ค เซอร์วิส เอ็นจิเนียริ่ง ซิสเท็มส์,SV04,,,,,,19x19,0.00000000,0,CRM,
11x146145,ห้างหุ้นส่วนจำกัด สุราษฎร์ แมคคานิค ซัพพลาย,SV04,,,,,,19x45,0.00000000,0,CRM,
11x146470,"AQUASYSTEM CO., LTD.",SV04,,,,,,19x31,0.00000000,0,CRM,
11x146472,อะควาซิซเท็ม (ประเทศไทย) จำกัด,SV04,,,,,,19x31,0.00000000,0,CRM,
11x147537,spie oil and service,CH14,,,,,,19x23,0.00000000,0,CRM,
11x147540,FPT,SV01,,,,,,19x23,0.00000000,0,CRM,
11x147550,CP Laos,FD05,,,,,,19x27,0.00000000,0,CRM,
11x147553,ห้างหุ้นส่วนจำกัด พีพี คอนแนคชั่น แอนด์ เซอร์วิส,UT99,,,,,,19x1,0.00000000,0,CRM,
11x147556,บริษัท กรีน เวิลด์ อควา เทคโนโลยี่ จำกัด,SV01,,,,,,19x74,0.00000000,0,CRM,
11x147825,บริษัท เช้นค์ โปรเซส (ประเทศไทย) จำกัด,SV04,,,,,,19x70,0.00000000,0,CRM,
11x148038,บริษัท ซีพีเอฟ (ประเทศไทย)  จำกัด   (มหาชน),????,,,,,,19x18,0.00000000,0,WEBSERVICE,
11x148058,เซนทาโก-หนองแค,FD05,,,,,,19x27,0.00000000,0,CRM,
11x148133,บริษัท สยามเครื่องชั่งและวิศวกรรม จำกัด,SV01,,,,,,19x19,0.00000000,0,CRM,
11x148139,บริษัท โรจนพัฒน์ เอ็นจิเนียริ่ง จำกัด,SV01,,,,,,19x70,0.00000000,0,CRM,
11x148257,บริษัท ทริปเปิ้ล พี แมชชีนเนอรี่ (ประเทศไทย) จำกัด,SV01,,,,,,19x70,0.00000000,0,CRM,
11x148344,บริษัท โอท๊อป-มาดเท่ จำกัด,FD99,,,086-274 8762,,,19x45,0.00000000,0,CRM,
11x148399,บริษัท เอ็นเดรส แอนด์ เฮาเซอร์ (ไทยแลนด์)  จำกัด,????,,,,,,19x23,0.00000000,0,WEBSERVICE,
11x148485,"TME Co.,LTD",SV04,,,,,,19x45,0.00000000,0,CRM,
11x148678,บริษัท เอชเคซี โซลูชั่น จำกัด,SV04,,,,,,19x43,0.00000000,0,CRM,
11x148706,บริษัท มูซาชิ เพ้นท์ แมนูเฟคเจอริ่ง ( ประเทศไทย ) จำกัด,CH04,,,,,,19x70,0.00000000,0,CRM,
11x148758,บริษัท สยามอินดัสเตรียลปั๊ม แอนด์ เซอร์วิส จำกัด,SV01,,,,,,19x37,0.00000000,0,CRM,
11x148781,บริษัท ไอกะ ไทยเคมีภัณฑ์ จำกัด,AG03,,,,,,19x34,0.00000000,0,CRM,
11x148856,บริษัท บูรณ์ออริจินส์ จำกัด,CH04,,,,,,19x70,0.00000000,0,CRM,
11x148869,MEGA INTERRADE AND SERVICE,XX00,,,,,,19x22,0.00000000,0,CRM,https://www.megaintertrade.com/
11x149187,Thai tank,SV01,,,,,,19x55,0.00000000,0,CRM,
11x149371,บริษัท เอ็นเอสอาร์ พริซิชั่น จำกัด,UT99,,,,,,19x1,0.00000000,0,CRM,
11x150554,บริษัท สยามซานิทารีแวร์อินดัสทรี จำกัด (โรงงานหินกอง),MN03,,,,,,19x19,0.00000000,0,CRM,
11x151054,บริษัท มิสซิเบิล เทคโนโลยี จำกัด,SV04,,,,,,19x88,0.00000000,0,CRM,
11x152038,อุตสาหกรรมจารบีไทย,CH99,,,0818213579,,,19x45,0.00000000,0,CRM,
11x152154,บริษัท ไทยสยาม เอ็นจิเนียริ่ง แอนด์ เซอร์วิส จำกัด,SV04,,,,,,19x23,0.00000000,0,CRM,
11x152490,"YONG TRADING & SERVICE CO., LTD.",XX00,,,,,,19x22,0.00000000,0,CRM,
11x152531,บริษัท อาร์ พี เอส ซี เคมิคอล จำกัด,CH03,,,,,,19x70,0.00000000,0,CRM,
11x152612,ARTELIA ENGINEERING Limited,UT99,,,+66849892453,,,19x23,0.00000000,0,CRM,
11x152614,บริษัท เวนคอเรกซ์ (ไทยแลนด์) จำกัด,????,,,,,,19x18,0.00000000,0,WEBSERVICE,
11x152629,บริษัท เอจีซี วีนิไทย  จำกัด  (มหาชน),????,,,,,,19x18,0.00000000,0,WEBSERVICE,
11x152690,บริษัท สังข์อ่องเทรดดิ้ง แอนด์ เอ็นจิเนียริ่ง จำกัด,SV04,,,0819354885,,,19x45,0.00000000,0,CRM,
11x152760,"THAI TOKO ENGINEERING CO., LTD.",SV01,"223/93 Country Complex Tower  A, 18th Floor,

Sunphawut Rd, Bangnatai, Bangna, Bangkok 10260",,"(02) 398-8955-7, (02)  361-340",natnaree.ttec@gmail.com,,19x43,0.00000000,0,CRM,
11x152792,Floyd Public,SV01,,,,,,19x27,0.00000000,0,CRM,
11x152821,บริษัท ไมนฮาร์ท (ประเทศไทย) จำกัด,SV04,,,,,,19x45,717719000.30000000,0,CRM,
11x153001,บริษัท โตโยต้า มอเตอร์ ประเทศไทย จำกัด (โรงงานเกตเวย์),UT99,,,,,,19x1,0.00000000,0,CRM,
11x153477,เออีซี เทรด์ เซนต์เทอร์,OT99,,,,,,19x44,0.00000000,0,CRM,
11x153629,บริษัท มาโร เวิลด์ เทค จำกัด,SV04,,,,,,19x78,0.00000000,0,CRM,
11x153926,คุณชัยโยค,CH16,,,,,,19x74,0.00000000,0,CRM,
11x154359,บริษัท เพาเวอร์ อินเตอร์เทรด จำกั,SV04,,,,,,19x21,0.00000000,0,CRM,
11x154726,เชียงใหม่ บลูเฟลม,CH02,,,0655814555,,,19x44,0.00000000,0,CRM,
11x154739,บริษัท พรีฟอร์มด์ ไลน์ โปรดัคส์ (ประเทศไทย) จำกัด,CH09,,,0-2739-4026,,,19x34,0.00000000,0,CRM,
11x155066,บริษัท บลูแกส จำกัด,????,,,,,,19x45,0.00000000,0,WEBSERVICE,
11x155074,บริษัท เอ็นเดรส แอนด์ เฮาเซอร์(ไทยแลนด์)  จำกัด,????,,,,,,19x18,0.00000000,0,WEBSERVICE,
11x155088,บริษัท ไทยเบฟเวอเรจ   เอ็นเนอร์ยี่  จำกัด,????,,,,,,19x18,0.00000000,0,WEBSERVICE,
11x155109,บริษัท บริดจสโตน สเปเชียลตี้ ไทร์ แมนูแฟคเจอริ่ง (ประเทศไทย) จำกัด,????,,,,,,19x18,0.00000000,0,WEBSERVICE,
11x155403,"ITE-ACME Joint Venture Co.,Ltd.",SV01,"2034 Phetchaburi Rd, Bang Kapi, Huai Khwang, Bangkok 10310",,(0) 2723 4420,paporn@italthaiengineering.com,,19x43,0.00000000,0,CRM,https://ite-acme.com/
11x155575,บริษัท ไท คอนโซลิเดเต็ด เมนเทนแนนซ์ จำกัด,SV04,,,,,,19x23,0.00000000,0,CRM,
11x155602,บริษัท อุสาหกรรมจารบีไทย จำกัด,CH14,,,,,,19x45,0.00000000,0,CRM,
11x155605,บริษัท ฟาสเทน ออยล์ จำกัด,SV01,46  ซอยนวมินทร์ 74  แยก 3-8-16  แขวงรามอินทรา  เขตคันนายาว กรุงเทพมหานคร 10230,,,,,19x43,0.00000000,0,CRM,
11x156212,บริษัท บี บี เอส กรุ๊ป จำกัด,SV04,,,,,,19x78,0.00000000,0,CRM,
11x156467,The Power Engineering,SV01,,,,,,19x27,0.00000000,0,CRM,
11x156644,บริษัท เบสท์เมทัลเวอร์ค จำกัด,SV01,,,081423814,,,19x43,0.00000000,0,CRM,
11x156664,บริษัท ไอทีอี-แอ๊คมี่ จอยท์ เวนเจอร์ จำกัด,????,,,,,,19x43,0.00000000,0,WEBSERVICE,
11x156669,THAI KHUONG TECHNOLOGY TRADING COMPANY LIMITED,????,,,,,,19x70,0.00000000,0,WEBSERVICE,
11x156674,บริษัท ไทยเบฟเวอเรจ  เอ็นเนอร์ยี่   จำกัด,????,,,,,,19x18,0.00000000,0,WEBSERVICE,
11x156711,บริษัท เซอาห์ พรีซิชั่น เมทัล (ประเทศไทย) จำกัด,MT02,,,,,,19x70,0.00000000,0,CRM,
11x156994,"Acteus (Thailand) Co., Ltd",SV04,,,,,,19x45,0.00000000,0,CRM,
11x157075,บริษัท เอสทีพี คอร์ปอเรชั่น จำกัด,SV01,,,,,,19x37,0.00000000,0,CRM,
11x157452,บริษัท เกษตรไทย อินเตอร์เนชั่นแนล ชูการ์ คอร์ปอเรชั่น จำกัด,FD09,,,,,,19x37,0.00000000,0,CRM,
11x157499,เบทาโกร-รัตภูมิ,FD05,,,,,,19x27,0.00000000,0,CRM,
11x157534,บริษัท แมนูแฟคเจอร์ โอเวอร์ฮอล ราพิด แอนด์ ออพติมอล จำกัด,FD05,,,,,,19x19,0.00000000,0,CRM,
11x157560,Celestica (Thailand) Limited,UT01,,,,,,19x51,0.00000000,0,CRM,
11x157682,บริษัท ทีเอ็นดี สตีล จำกัด,MN01,,,,,,19x70,0.00000000,0,CRM,
11x157691,บริษัท เซาท์เมคานิกส์ จำกัด,SV01,,,,,,19x37,0.00000000,0,CRM,
11x157809,ห้างหุ้นส่วนจำกัด หาดใหญ่ พี.เอ็ม.คอนโทรล,SV04,,,,,,19x37,0.00000000,0,CRM,
11x157867,บริษัท เอส.เอส.การสุรา จำกัด,FD06,,,,,,19x74,0.00000000,0,CRM,
11x157983,บริษัท พิริยะคอนโทรล จำกัด,UT99,,,,,,19x1,0.00000000,0,CRM,
11x158206,"Nishiyama Corporation (Thailand) Co., Ltd.",SV01,,,,,,19x51,0.00000000,0,CRM,
11x158236,กฤษณ์ศักดิ์,AG02,,,,,,19x74,0.00000000,0,CRM,
11x158420,บริษัท โนวาเท็ค จำกัด,????,,,,,,19x18,0.00000000,0,WEBSERVICE,
11x158445,บริษัท จีซี เมนเทนแนนซ์ แอนด์ เอนจิเนียริง จำกัด,????,,,,,,19x18,0.00000000,0,WEBSERVICE,
11x158454,บริษัท บริดจสโตน สเปเชียลตี้ ไทร์,????,,,,,,19x51,0.00000000,0,WEBSERVICE,
11x158912,five star mechanic,FD99,,,0818049811,,,19x23,0.00000000,0,CRM,
11x158972,บริษัท เอส เจ ที เอ็นจิเนียริ่ง แอนด์ ซัพพลาย จำกัด,SV01,,,,,,19x70,0.00000000,0,CRM,
11x159519,บริษัท พีเอ็นพี ซีลลิ่ง จำกัด,SV04,,,,,,19x70,0.00000000,0,CRM,
11x159545,บริษัท ไฮเพรส เทคโนโลยี จำกัด,SV01,,,,,,19x37,0.00000000,0,CRM,
11x159708,ห้างหุ้นส่วนจำกัด ส.ธรรมวงษ์ษา,SV04,,,0655059939,,,19x45,0.00000000,0,CRM,
11x159945,บริษัท อุตสาหกรรมโคราช จำกัด,FD09,,,,,,19x74,0.00000000,0,CRM,
11x159954,Multiphase,XX00,,,,,,19x22,0.00000000,0,CRM,
11x159962,"ESS Engineering Solution and Service Co., Ltd",SV01,567/30 หมู่บ้านผาแดง ม.4 ต.สุรศักดิ์ อ.ศรีราชา ชลบุรี,,0843519002,tuchapol2016@gmail.com,,19x43,0.00000000,0,CRM,
11x160021,Busarakham Oil,CH14,,,,,,19x44,0.00000000,0,CRM,
11x160023,Hugchang,SV01,,,,,,19x44,0.00000000,0,CRM,
11x160136,บริษัท ซีอาร์ 3 (ประเทศไทย) จำกัด,????,,,,,,19x18,0.00000000,0,WEBSERVICE,
11x160169,บริษัท เทพอรุโณทัย  จำกัด,????,,,,,,19x18,0.00000000,0,WEBSERVICE,
11x160190,เอ.เอ.ดี.เอ็นเตอร์ไพรส์,????,,,,,,19x23,0.00000000,0,WEBSERVICE,
11x160197,"FLOWLAB & SERVICE CO.,LTD.",SV04,,,,,,19x45,0.00000000,0,CRM,
11x160272,"Tooling Service Centre Co.,Ltd.",SV01,,,,,,19x74,0.00000000,0,CRM,
11x160306,TANNING INDUSTRIAL ZONE K.M. 30 COMPANY LIMITED,UT03,,,,,,19x77,0.00000000,0,CRM,
11x160324,"J.P.S Civil & Engineering Co.,Ltd.",SV01,,,033-036519,,,19x22,0.00000000,0,CRM,
11x160347,the architects & turnkey limited,SV04,,,,,,19x23,0.00000000,0,CRM,
11x160811,บริษัท สยามวัฒนา เมนเทนแนนซ์ เซอร์วิส จำกัด,AG99,,,,,,19x51,0.00000000,0,CRM,
11x160888,ซีพีเอฟ-โชคชัย,FD05,,,,,,19x27,0.00000000,0,CRM,
11x160963,ENVICCO,XX00,,,,,,19x65,0.00000000,0,CRM,https://sustainability.pttgcgroup.com/th/projects/945/envicco-%E0%B9%82%E0%B8%A3%E0%B8%87%E0%B8%87%E
11x161235,บริษัท มิสเตอร์ ซิสเท็ม จำกัด,SV04,,,,,,19x23,0.00000000,0,CRM,
11x161334,บริษัท เคพีซี โฮลดิ้ง จำกัด,SV01,,,,,,19x70,0.00000000,0,CRM,
11x162468,ซีพีเอฟ-กัมพูชา,FD05,,,,,,19x70,0.00000000,0,CRM,
11x162808,"OIZURU (THAILAND) CO., LTD.",CH42,,,,,,19x77,0.00000000,0,CRM,
11x163096,บริษัท โรจน์ชวนนท์ จำกัด,SV04,,,0816189577,,,19x45,0.00000000,0,CRM,
11x163098,"A.K.S Service and Supply co.,ltd",OM00,,,"028949212, 0897603241, 0982585",,,19x79,0.00000000,0,CRM,
11x163104,"Sennics (Thailand) Co., Ltd.",XX00,,,,,,19x51,0.00000000,0,CRM,
11x163201,บริษัท ซีพีเอฟ  (ประเทศไทย)   จำกัด  (มหาชน),????,,,,,,19x18,0.00000000,0,WEBSERVICE,
11x163239,บริษัท ห้างกระจกตังน้ำ จำกัด (สาขาบางขุนเทียน),????,,,,,,19x19,0.00000000,0,WEBSERVICE,
11x163258,ลี้บุ้นเซ็งการไฟฟ้า,SV01,,,,,,19x19,0.00000000,0,CRM,
11x163299,บริษัท เดวา เวลส์ พลัส จำกัด,SV04,,,,,,19x29,0.00000000,0,CRM,
11x163394,siam city cement,MN05,,,0867887270,,,19x23,0.00000000,0,CRM,
11x163480,บริษัท ทูลลิ่ง เซอร์วิส เซ็นเตอร์ จำกัด,SV01,,,,,,19x37,0.00000000,0,CRM,
11x163484,บริษัท ทีเอ็นที โปร เอ็นจิเนียริ่ง จำกัด,SV04,,,,,,19x77,0.00000000,0,CRM,
11x163544,"PIE SOLUTION CO., LTD",SV01,,,,,,19x22,0.00000000,0,CRM,
11x163575,Kellogg (Thailand) Company Limited,FD01,,,,,,19x51,0.00000000,0,CRM,
11x163847,บริษัท แอลเคซี เอ็นจิเนียร์ริ่ง ซัพพลาย แอนด์ พาร์ท จำกัด,SV04,,,,,,19x19,0.00000000,0,CRM,
11x163902,บริษัทแสงเจริญ ฟาวน์ดรี (1987) จำกัด,SV01,,,,,,19x70,0.00000000,0,CRM,
11x163908,Neo Corporate Public Company Limited,CH01,,,,,,19x80,0.00000000,0,CRM,
11x164354,บริษัท แมคโดเวล ดัคลาส จำกัด,SV01,,,,,,19x19,0.00000000,0,CRM,
11x164537,บริษัท เค คิไค แมชีนเนอรี่ จำกัด,SV01,,,,,,19x19,0.00000000,0,CRM,
11x164584,บริษัท แอมพาเซ็ท (ประเทศไทย) จำกัด,????,,,,,,19x51,0.00000000,0,WEBSERVICE,
11x164602,บริษัท แวร์ลูเอต เอนเทอไพรส์ จำกัด,????,,,,,,19x27,0.00000000,0,WEBSERVICE,
11x164624,บริษัท จาร์ดีน เอ็นจิเนียริ่ง จำกัด,????,,,,,,19x43,0.00000000,0,WEBSERVICE,
11x164788,PAP Gas,CH02,,,,,,19x44,0.00000000,0,CRM,
11x164964,Bangkok Expressway and Metro Public Company Limited,TP00,,,0634740988,,,19x45,0.00000000,0,CRM,
11x166001,บริษัท ยูนิเทค จำกัด,SV04,,,,,,19x29,0.00000000,0,CRM,
11x166042,ไทยเม็ททอล,MT02,,,,,,19x27,0.00000000,0,CRM,
11x166068,SCG packaging PLC,CH42,,,032-339800,,,19x77,0.00000000,0,CRM,
11x166397,เบทาโกร-ฉะเชิงเทรา,FD05,,,,,,19x27,0.00000000,0,CRM,
11x166610,นพดล ซอและ,SV04,,,096 070 9256,,,19x45,0.00000000,0,CRM,
11x166614,Khun Chantradit,UT99,,,0813087095,,,19x79,0.00000000,0,CRM,
11x166688,Northern Gulf Petroleum PTE Ltd.,SV01,,,,,,19x23,0.00000000,0,CRM,
11x166710,บริษัท ซับเทอร่า จำกัด,CH42,,,,,,19x80,0.00000000,0,CRM,
11x166712,บจก. เมโทรพลาย,AG01,,,,,,19x37,0.00000000,0,CRM,
11x166757,บริษัท ไทยเฮอร์บิไซต์ จำกัด,CH11,,,,,,19x77,0.00000000,0,CRM,
11x166759,"THC AGROSCIENCE CO., LTD.",CH11,,,,,,19x77,0.00000000,0,CRM,
11x166798,บริษัท ไอโบ จำกัด,UT99,,,022945213,,,19x79,0.00000000,0,CRM,
11x166882,BORN INTERTRADE LIMITED,SV01,,,,,,19x45,0.00000000,0,CRM,
11x166981,บริษัท สแตค เอส เอช เค (ประเทศไทย) จำกัด,SV01,,,,,,19x37,0.00000000,0,CRM,
11x167003,นิติบุคคลอาคารชุด เคนชิงตัน สุขุมวิท-เทพารักษ์,SV04,,,,,,19x70,0.00000000,0,CRM,
11x167007,โรงปรับปรุงคุณภาพน้ำประชานิเวศน์ 3 นนทบุรี,UT00,,,,,,19x37,0.00000000,0,CRM,
11x167050,wanhua chemical,CH01,,,0980105350,,,19x79,0.00000000,0,CRM,
11x167089,ห้างหุ้นส่วนจำกัด เบ๊ ชัย แสง,SV04,,,,,,19x34,0.00000000,0,CRM,
11x167106,ซีพี ออลล์-ลาดกระบัง,FD05,,,,,,19x27,0.00000000,0,CRM,
11x167193,ห้างหุ้นส่วนจำกัด พี แอนด์ ที ทีม,SV01,,,,,,19x70,0.00000000,0,CRM,
11x167814,ดีเซล พาร์ท แมชชีนเนอรี่ จำกัด,MN99,,,,,,19x80,0.00000000,0,CRM,
11x169244,บริษัท ลี้บุ้นเซ้ง จำกัด,SV01,,,,,,19x45,0.00000000,0,CRM,
11x169316,FGV Biotechnologies Sdn Bhd,FD01,,,,,,19x23,0.00000000,0,CRM,
11x169454,ข้อมูล บริษัท เฟิร์ส เลน อินเตอร์เนชั่นแนล จำกัด,SV01,,,,,,19x23,0.00000000,0,CRM,
11x169461,บริษัท ตนุภัท จำกัด,CH14,,,0804965141,,,19x45,0.00000000,0,CRM,
11x169528,บริษัท กันยงอีเลคทริก จำกัด (มหาชน),EI00,,,,,,19x29,0.00000000,0,CRM,
11x169541,ไร่เทียมพืชผล,FD99,,,0817687788,,,19x45,0.00000000,0,CRM,
11x169561,บริษัท เอ็นโวเท็ค เอ็นจิเนียริ่ง จำกัด,SV01,,,,,,19x19,0.00000000,0,CRM,
11x169801,บริษัท อินดัสทรี้โปร จำกัด,SV04,,,,,,19x19,0.00000000,0,CRM,
11x169877,บริษัท ปากส์ (ไทยแลนด์) จำกัด,????,,,,,,19x18,0.00000000,0,WEBSERVICE,
11x169998,SPECIAL PART CENTER,SV01,,,+66 38614215,,,19x22,0.00000000,0,CRM,
11x170004,Daika,SV01,,,,,,19x27,0.00000000,0,CRM,
11x170021,บริษัท เอเชียเวิลด์เทค อินดัสตรี้ จำกัด,CH03,,,,,,19x70,0.00000000,0,CRM,
11x170070,บริษัท สตาร์ ฟูเอลส์ มาร์เก็ตติ้ง จำกัด,????,,,,,,19x23,0.00000000,0,WEBSERVICE,
11x170088,บริษัท พีพีจี โคทติ้งส์ (มาเลเซีย) จำกัด,CH03,,,,,,19x70,0.00000000,0,CRM,
11x170092,อะเดกะไฟน์ เคมีคัล,SV01,,,092-2726172,,,19x51,0.00000000,0,CRM,
11x170777,บริษัท สยามคิตแมชชีน จำกัด,SV04,,,,,,19x29,0.00000000,0,CRM,
11x170785,บริษัท เอทีเอ เอ็นจิเนียริ่ง เซอร์วิส จำกัด,SV04,,,,,,19x29,0.00000000,0,CRM,
11x171511,ADEKA FINE CHEMICAL (THAILAND),CH99,,,,,,19x51,0.00000000,0,CRM,
11x171537,Archetype Thailand,CH14,,,+66897774955,,,19x23,0.00000000,0,CRM,
11x171543,โปรแมน ปั้มแอนด์ซีล เซอร์วิส,SV01,,,,,,19x78,0.00000000,0,CRM,
11x171666,บริษัท แพนด้า ยูเอสเอ จำกัด,SV01,,,,,,19x37,0.00000000,0,CRM,
11x171750,"Terkis Co.,ltd",SV04,,,,,,19x44,0.00000000,0,CRM,http://www.terkis.co.th/
11x171834,บริษัท อินส์แมนเทค จำกัด,SV01,,,,,,19x70,0.00000000,0,CRM,
11x171979,Best Pump Engineering 247,SV01,,,,,,19x43,0.00000000,0,CRM,
11x172234,"JTC Technical & Engineering Co,.ltd",AG99,,,,,,19x51,0.00000000,0,CRM,
11x172500,บริษัท โปสิตรอน เอ็นจิเนียริ่ง จำกัด,SV01,,,,,,19x70,0.00000000,0,CRM,
11x172553,บริษัท ทีเอสพี ซัพพลาย จำกัด,SV01,,,,,,19x80,0.00000000,0,CRM,
11x172564,ห้างหุ้นส่วนจำกัด ซีเอทูเอส เอ็นจิเนียริ่ง,SV04,,,,,,19x29,0.00000000,0,CRM,
11x172623,บริษัท อินเตอร์ อิ๊งค์ จำกัด,CH03,,,,,,19x70,0.00000000,0,CRM,
11x172630,บจก. สมิทธ์ เทคโนโลยี,SV04,,,,,,19x27,0.00000000,0,CRM,
11x172664,บริษัท เบสท์ ปั๊ม เอ็นจิเนียริ่ง 2547 จำกัด,SV04,,,,,,19x80,0.00000000,0,CRM,
11x172669,พร.ทรัพย์สุนทร,SV04,,,0816368715,,,19x80,0.00000000,0,CRM,
11x172677,ซีพี รีเทลลิงค์,FD05,,,,,,19x27,0.00000000,0,CRM,
11x172743,บริษัท พีเอสซีทู เอ็นจิเนียร์ริ่ง แอน ซัพพลาย จำกัด,SV04,,,,,,19x45,0.00000000,0,CRM,
11x172781,CPP,SV01,,,,,,19x43,0.00000000,0,CRM,
11x172787,ห้างหุ้นส่วนจำกัด ไชยถาวร เอ็นจิเนียริ่ง,SV01,,,,,,19x70,0.00000000,0,CRM,
11x172789,ซีพีเอฟ-จัดซื้อส่วนกลาง,FD05,,,,,,19x27,0.00000000,0,CRM,
11x172886,maihug engineering,UT99,,,,,,19x23,0.00000000,0,CRM,
11x172890,Howden (Thailand),XX00,,,,,,19x47,0.00000000,0,CRM,
11x172974,KKV engineering,SV01,,,,,,19x19,0.00000000,0,CRM,
11x173027,Bangpa-In Cogeneration Ltd.,UT01,,,,,,19x45,0.00000000,0,CRM,
11x173063,บริษัท พี. บี. เอ็ม เอ็นจิเนียริ่ง จำกัด,SV04,,,,,,19x19,0.00000000,0,CRM,
11x173065,"DH TRADING CORPORATION CO., LTD.",SV04,,,,,,19x77,0.00000000,0,CRM,
11x173077,Pipat Place,UT00,,,,,,19x44,0.00000000,0,CRM,
11x173082,เบทาโกร-ลาว,FD05,,,,,,19x27,0.00000000,0,CRM,
11x173134,บริษัท คอนวูด จำกัด,MN05,,,036-343100,,,19x77,0.00000000,0,CRM,
11x173188,คุณสุรชัย,CH07,,,,,,19x74,0.00000000,0,CRM,
11x173315,บริษัท เอเชี่ยน นิวทริชั่น จำกัด,????,,,,,,19x88,0.00000000,0,WEBSERVICE,
11x173324,นายเชวง เอื้อวงศ์กูล,????,,,,,,19x45,0.00000000,0,WEBSERVICE,
11x173374,บริษัท สยามแก๊ส แอนด์ ปิโตรเคมีคัลส์ จำกัด   (มหาชน),????,,,,,,19x18,0.00000000,0,WEBSERVICE,
11x173376,บริษัท อินเตอร์อิงค์ จำกัด,????,,,,,,19x88,0.00000000,0,WEBSERVICE,
11x173389,บริษัท ทางด่วนและรถไฟฟ้ากรุงเทพ จำกัด (มหาชน),????,,,,,,19x45,0.00000000,0,WEBSERVICE,
11x173393,ห้างหุ้นส่วนจำกัด ซี เอ ทู เอส เอ็นจิเนียริ่ง,????,,,,,,19x18,0.00000000,0,WEBSERVICE,
11x173395,บริษัท พีเค แอดว๊านซ์ อิเล็กทริค เซอร์วิส จำกัด,????,,,,,,19x51,0.00000000,0,WEBSERVICE,
11x173869,บริษัท บียูพีเอส จำกัด,SV01,,,,,,19x19,0.00000000,0,CRM,
11x174010,บริษัท ยูเรกาออโตเมชั่น จำกัด,SV01,,,,,,19x45,0.00000000,0,CRM,
11x174169,"P.S.WELL 859 GROUP CO., LTD.",SV04,,,,,,19x45,0.00000000,0,CRM,
11x174459,OPS Oilfield Equipment and Services Ltd.,CH14,,,,,,19x43,0.00000000,0,CRM,
11x175057,บริษัท พูลวัฒน์ 999 จำกัด,SV01,,,,,,19x70,0.00000000,0,CRM,
11x175183,บริษัท สยาม ลูป ออยล์ จำกัด,CH15,,,,,,19x45,0.00000000,0,CRM,
11x175224,kmatech,OT99,,,0935563888,,,19x23,0.00000000,0,CRM,
11x175656,บริษัท สยามซานิทารีแวร์ จำกัด,MN04,,,,,,19x19,0.00000000,0,CRM,
11x175715,บริษัท ยู ซอร์ส จำกัด,SV01,,,,,,19x37,0.00000000,0,CRM,
11x175779,EEC,UT99,,,0624914554,,,19x23,0.00000000,0,CRM,
11x175832,รุ่งอรุณแก๊ส,CH02,,,0939259746,,,19x23,0.00000000,0,CRM,
11x175848,ห้างหุ้นส่วนจำกัด เอ.พี.อุตสาหกรรม,SV04,,,,,,19x34,0.00000000,0,CRM,
11x175915,"SANPYA ENGINEERING ALLIANCE CO., LTD.",????,,,,,,19x19,0.00000000,0,WEBSERVICE,
11x175944,บริษัท เค-มาเทค ซัพพลาย จำกัด,????,,,,,,19x23,0.00000000,0,WEBSERVICE,
11x175976,บริษัท แก้วเก้ากรุ๊ป จำกัด,????,,,,,,19x27,0.00000000,0,WEBSERVICE,
11x176019,หจก. 39 เจริญการช่าง,SV01,,,,,,19x27,0.00000000,0,CRM,
11x176041,"Y.O. General Supply (1983) Co., Ltd.",SV04,,,,,,19x27,0.00000000,0,CRM,
11x176050,"ULTIMATE ENGINEERING AND SERVICE CO.,LTD.",SV01,,,,,,19x51,0.00000000,0,CRM,
11x176144,บริษัท โอเอสอี จำกัด,SV04,,,099-2639897,,,19x77,0.00000000,0,CRM,
11x176175,บริษัท ดูราโฟม จำกัด,CH41,,,,,,19x88,0.00000000,0,CRM,
11x176234,โกลเด้น ฟู้ดส์,XX00,,,,,,19x43,0.00000000,0,CRM,
11x176266,บริษัท พีซี พาร์ท เทค จำกัด,SV04,,,,,,19x45,0.00000000,0,CRM,
11x176313,La Serene Escape Samui,OT99,,,,,,19x23,0.00000000,0,CRM,
11x176471,บริษัท ทรีวอลล์ จำกัด,SV07,,,,,,19x70,0.00000000,0,CRM,
11x176622,บริษัท อมตะ บี.กริม เพาเวอร์ 3 จำกัด,????,,,,,,19x45,0.00000000,0,WEBSERVICE,
11x176632,บริษัท พรีเมียร์ กรีนเพาเวอร์ จำกัด,????,,,,,,19x43,0.00000000,0,WEBSERVICE,
11x176645,บริษัท รุ่งอรุณแก๊ส จำกัด,????,,,,,,19x45,0.00000000,0,WEBSERVICE,
11x176759,คุณอนันต์,FD09,,,,,,19x29,0.00000000,0,CRM,
11x176799,คณวินัย,FD06,,,,,,19x74,0.00000000,0,CRM,
11x176829,บริษัท ซีลเทค(ประเทศไทย) จำกัด,SV04,,,,,,19x34,0.00000000,0,CRM,https://sealtech.co.th/
11x177226,"Arrow Energy Co., Ltd.",SV04,,,0969561942,,,19x45,0.00000000,0,CRM,
11x177232,บริษัท สยามนาคราช จำกัด,SV01,,,,,,19x78,0.00000000,0,CRM,
11x177791,บริษัท ที.เอส.ซัพพลาย แอนด์ ริชเชช จำกัด,SV04,,,,,,19x34,0.00000000,0,CRM,
11x178167,หจก.ศิริยนต์ หาดใหญ่,SV01,,,,,,19x43,0.00000000,0,CRM,
11x178170,Total Energies Corbion Ltd.,CH99,,,,,,19x83,0.00000000,0,CRM,
11x178171,FOSTER WHEELER (THAILAND) LIMITED,SV04,,,,,,19x78,0.00000000,0,CRM,
11x178174,"Thai Nitrate Co.,Ltd (TNC)",CH99,,,,,,19x51,0.00000000,0,CRM,
11x178180,NEUMAN & ESSER South-East Asia Ltd,CH99,,,,,,19x51,0.00000000,0,CRM,
11x178240,หจก.เอสดับบลิวพี อีควิปเม้นท์,SV04,,,,,,19x37,0.00000000,0,CRM,
11x178385,บริษัท ฮาคารุ พลัส (ประเทศไทย) จำกัด,SV01,,,,,,19x19,0.00000000,0,CRM,
11x178749,สยามสุขสวัสดิ์,CH02,,,,,,19x44,0.00000000,0,CRM,
11x178827,บริษัท กรีนโปรดักส์แอนด์ซิสเต็มส์ จำกัด,SV04,,,,,,19x19,0.00000000,0,CRM,
11x178839,บริษัท เพอร์เฟ็คท์เพาเวอร์ไลน์ จำกัด,SV04,,,,,,19x29,0.00000000,0,CRM,
11x178856,Industrial Plus,SV04,,,,,,19x80,0.00000000,0,CRM,
11x178878,บริษัท เอสพีพี เทอร์มินัล ทรานสปอร์ต จำกัด,CH01,,,,,,19x80,0.00000000,0,CRM,
11x178900,"LV DEVELOPMENT GROUP CO., LTD.",SV04,,,,,,19x29,0.00000000,0,CRM,
11x178919,"NA Caltechnologies Co.,Ltd.",SV01,,,,,,19x23,0.00000000,0,CRM,
11x179002,ส.ปณชัย,SV04,,,,,,19x70,0.00000000,0,CRM,
11x179077,บริษัท วีอาร์พี เทค จำกัด,SV04,,,,,,19x29,0.00000000,0,CRM,
11x179111,Akara Resource Public Company Limited,MN01,,,,,,19x43,0.00000000,0,CRM,
11x179124,บริษัท เพาเวอร์ เอ็นจิเนียริ่ง โปรดัก จำกัด,SV01,,,,,,19x23,0.00000000,0,CRM,
11x179149,บริษัท ซีพี รีเทลลิงค์ จำกัด,????,,,,,,19x27,0.00000000,0,WEBSERVICE,
11x179168,บริษัท ทรี วอลล์ จำกัด,????,,,,,,19x18,0.00000000,0,WEBSERVICE,
11x179197,บริษัท พรีซิชั่น พาวเวอร์ เซอร์วิส จำกัด,????,,,,,,19x78,0.00000000,0,WEBSERVICE,
11x179221,ที.เอส.ซัพพลาย แอนด์ ริชเชช จำกัด,SV04,,,,,,19x34,0.00000000,0,CRM,
11x179347,บริษัท รีฟริเทค จํากัด,SV01,,,,,,19x19,0.00000000,0,CRM,
11x179349,บริษัท สหมิตรถังแก๊ส จำกัด (มหาชน),MT02,,,,,,19x70,0.00000000,0,CRM,
11x179357,บริษัท เอ แอล เค อิมปอร์ต แอนด์ เอกซ์ปอร์ต จำกัด,CH06,,,,,,19x37,0.00000000,0,CRM,
11x179443,หจก.บุญรักษา เอ้นจิเนียริ่ง ซัพพลาย,SV04,,,,,,19x29,0.00000000,0,CRM,
11x179497,บริษัท กิฟฟารีน สกายไลน์ แลบบอราทอรี่ แอนด์ เฮลท์แคร์ จำกัด,CH05,,,,,,19x34,0.00000000,0,CRM,
11x179704,บีบีจีไอ เฟิร์มบ็อกซ์ ไบโอ,CH14,,,,,,19x44,0.00000000,0,CRM,
11x179984,OPTICHEM POLYMERS (THAILAND) CO LTD,CH01,,,,,,19x43,0.00000000,0,CRM,
11x180137,KAS ENGINEERING & SOLUTION CO.M LTD,SV04,,,0866615154,,,19x45,0.00000000,0,CRM,
11x180214,บริษัท สุนิเทค จำกัด,SV01,,,,,,19x70,0.00000000,0,CRM,
11x180296,ห้างหุ้นส่วนจำกัด ส. สมพงค์ แมชชินเนอรี่,????,,,,,,19x70,0.00000000,0,WEBSERVICE,
11x180430,บริษัท สยามอุตสาหกรรมเกษตรอาหาร จำกัด (มหาชน),FD01,,,,,,19x78,0.00000000,0,CRM,
11x181146,"K Power Engineering co.,ltd",SV01,,,,,,19x70,0.00000000,0,CRM,
11x181218,"THAI PETROLEUM SUPPORT CO.,LTD. (TXP)",PE00,,,,,,19x45,0.00000000,0,CRM,
11x181283,GULF TS4 COMPANY LIMITED,UT01,,,,,,19x45,0.00000000,0,CRM,
11x181541,PK ADVANCE ELECTRIC SERVICE COMPANY,SV01,,,,,,19x55,0.00000000,0,CRM,
11x181544,Akara Resources Public Company Limited,MN01,,,,,,19x89,0.00000000,0,CRM,
11x181565,"LUSIFER SUPPLY CO., LTD.",SV04,,,,,,19x45,0.00000000,0,CRM,
11x181852,"TODOROKI (THAILAND) CO.,LTD.",SV04,,,,,,19x80,0.00000000,0,CRM,
11x181854,Green Gas,CH01,,,,,,19x23,0.00000000,0,CRM,
11x181953,บริษัท นิคคะคิ (ประเทศไทย) จำกัด,SV04,,,,,,19x70,0.00000000,0,CRM,
11x182048,บริษัท เมอร์ค จำกัด,CH05,,,,,,19x74,0.00000000,0,CRM,
11x182097,max motor service center,UT99,,,02-174-6466,,,19x23,0.00000000,0,CRM,
11x182175,บริษัท แก้วปราการ จำกัด,SV04,,,,,,19x19,0.00000000,0,CRM,
11x182471,CHATHEEPAT,SV01,,,,,,19x23,0.00000000,0,CRM,
11x182530,บริษัท ไทย เบเวอร์เรจ แคน จำกัด,????,,,,,,19x18,0.00000000,0,WEBSERVICE,
11x182574,"US1 ENGINEERING CO., LTD.",SV01,,,0650978351,,,19x45,0.00000000,0,CRM,
11x182578,บริษัท เอ็มขเทค ไทย เอ็นจิเนียริ่ง จำกัด,SV04,,,096-9257640,,,19x77,0.00000000,0,CRM,
11x182579,บริษัท เอ็ม-เทค ไทย เอ็นจิเนียริ่ง จำกัด,SV04,,,096-9257640,,,19x77,0.00000000,0,CRM,
11x182621,บริษัท นิปปอนเพนต์ เดคโคเรทีฟ โคทติ้ง (ประเทศไทย) จำกัด,CH03,,,,,,19x70,0.00000000,0,CRM,
11x182645,K'Narong,SV01,,,,,,19x37,0.00000000,0,CRM,
11x183493,ห้างหุ้นส่วนจำกัด นีโอ ฮาร์ดแวร์,SV04,,,089 678 5354,,,19x45,0.00000000,0,CRM,
11x183964,บริษัท นิปปอนเพนต์ เดคโคเรทีฟ,????,,,,,,19x88,0.00000000,0,WEBSERVICE,
11x183976,บริษัท สมิทธ์ เทคโนโลยี จำกัด,????,,,,,,19x23,0.00000000,0,WEBSERVICE,
11x184629,techno sol,FD99,,,0839761232,,,19x23,0.00000000,0,CRM,
11x184643,"KMC Solutions Co., Ltd.",SV04,,,,,,19x45,0.00000000,0,CRM,
11x184733,ATEC PRODUCTION,SV04,,,,,,19x45,0.00000000,0,CRM,
11x184783,"THAI P.S.MACHINERY CO.,LTD.",SV04,,,,,,19x80,0.00000000,0,CRM,
11x184834,บริษัท มิตซูบิชิ เคมิคอล (ประเทศไทย) จำกัด,EI00,,,,,,19x74,0.00000000,0,CRM,
11x184916,บริษัท บีอาร์เอ็ม เพ้นท์ (ประเทศไทย) จำกัด,CH01,,,089-8569968,,,19x77,0.00000000,0,CRM,
11x184958,"PNP Sealing Co., Ltd.",SV04,,,,,,19x45,0.00000000,0,CRM,
11x184974,"MCLS Asia Co.,Ltd",SV01,,,038-918-243,,,19x21,0.00000000,0,CRM,
11x185052,บริษัท  โชคประชา  อิมพอร์ต แอนด์ เอ็กซ์พอร์ต จำกัด,SV01,,,,,,19x37,0.00000000,0,CRM,
11x185071,บริษัท โฮคุโตะ แมชชีน จำกัด,SV01,,,,,,19x37,0.00000000,0,CRM,
11x185084,บจก. พี.แอนด์ พี.ซี.เอ็นจิเนียริ่ง,SV01,,,,,,19x37,0.00000000,0,CRM,
11x185127,บริษัท ห้าดาว แมคคานิค จำกัด,????,,,,,,19x23,0.00000000,0,WEBSERVICE,
11x185156,บริษัท ธนสินธิ เอ็นจีเนียริ่ง เซอร์วิส จำกัด,SV01,,,,,,19x37,0.00000000,0,CRM,
11x185160,"PLUSMAX PO CO., LTD.",SV04,,,0807954465,,,19x51,0.00000000,0,CRM,
11x185228,Knauf Gypsum (Thailand) Limited,MN99,,,082 448 7561,,,19x77,0.00000000,0,CRM,
11x185234,บริษัท คีย์ ซัคเซส ซัพพลาย จำกัด,SV04,,,038-917056,,,19x77,0.00000000,0,CRM,
11x185329,บริษัท ลิเดีย ออยล์ (ประเทศไทย) จำกัด,CH14,,,0983589889,,,19x45,0.00000000,0,CRM,
11x185332,electrolux,EI00,,,,,,19x21,0.00000000,0,CRM,
11x185349,บริษัท ไทยรุ่งเรืองฟิตติ้ง แอนด์ วาล์ว จำกัด,SV01,,,,,,19x37,0.00000000,0,CRM,
11x185356,บริษัท มาบตาพุด แอร์โปรดักส์ จำกัด,????,,,,,,19x51,0.00000000,0,WEBSERVICE,
11x185363,บริษัท เบเยอร์ จำกัด,????,,,,,,19x88,0.00000000,0,WEBSERVICE,
11x185374,บริษัท ปตท. จำหน่ายก๊าซธรรมชาติ  จำกัด,????,,,,,,19x18,0.00000000,0,WEBSERVICE,
11x185461,บริษัท ไทยไอโซนอล จำกัด,CH16,,,,,,19x92,0.00000000,0,CRM,
11x185506,เขตประกอบการอุตสาหกรรมฟอกหนัง กม.30,SV04,,,,,,19x80,0.00000000,0,CRM,
11x185532,ฺโบทรี เอ็นจิเนี่ยริ่ง,CH14,,,,,,19x23,0.00000000,0,CRM,
11x185908,"Tietex Asia, Ltd",SV01,,,,,,19x78,0.00000000,0,CRM,
11x185925,บริษัท พัฒนาโฟรเซ่นฟู้ด จำกัด,FD99,,,0630953444,,,19x45,0.00000000,0,CRM,
11x185965,บริษัท โฟคอล ทีเอส (ประเทศไทย) จำกัด,SV04,,,,,,19x19,0.00000000,0,CRM,
11x186055,บริษัท เดลต้า เมคคานิคส์ จำกัด,CH03,,,,,,19x70,0.00000000,0,CRM,
11x186157,บริษัท บีอาร์เอ็ม เพ้นท์ จำกัด,????,,,,,,19x77,0.00000000,0,WEBSERVICE,
11x186163,บริษัท อัลติเมท เอ็นจิเนียริ่ง แอนด์ เซอร์วิส จำกัด,????,,,,,,19x51,0.00000000,0,WEBSERVICE,
11x186186,บริษัท บางจาก ศรีราชา จำกัด (มหาชน),????,,,,,,19x23,0.00000000,0,WEBSERVICE,
11x186438,Poly plex,CH04,,,,,,19x43,0.00000000,0,CRM,
11x187731,บริษัท แมทเทล กรุงเทพ จำกัด,SV01,,,,,,19x19,0.00000000,0,CRM,
11x187891,บริษัท เจเค ดีไซน์ แอนด์ ซัพพลาย จำกัด,SV01,,,,,,19x70,0.00000000,0,CRM,
11x187898,แสงฟ้าก่อสร้าง,SV01,,,,,,19x23,0.00000000,0,CRM,
11x187904,WSN Thailand,SV01,,,,,,19x45,0.00000000,0,CRM,
11x187991,บริษัท เอ็นวิคโค จำกัด,????,,,,,,19x78,0.00000000,0,WEBSERVICE,
11x187997,บริษัท แม็ค มอเตอร์ เซอร์วิส เซ็นเตอร์ จำกัด,????,,,,,,19x23,0.00000000,0,WEBSERVICE,
11x188105,RIX TECHNOLOGY,SV01,,,,,,19x78,0.00000000,0,CRM,
11x188137,Rangooners,SV01,,,,,,19x45,0.00000000,0,CRM,
11x188190,SECT COMPANY LIMITED,SV01,,,097-236-3825,,,19x55,0.00000000,0,CRM,
11x188208,บริษัท เวท ซุปพีเรีย คอนซัลแตนท์ จำกัด,FD05,,,,,,19x70,0.00000000,0,CRM,
11x188241,บริษัท โกรว์ สเตป จำกัด,CH03,,,,,,19x70,0.00000000,0,CRM,
11x188370,OLEEN,FD03,,,,,,19x45,0.00000000,0,CRM,
11x188541,"MATSUI (ASIA) CO., LTD.",CH42,,,02-324-0216-8 Ext.416,,,19x77,0.00000000,0,CRM,
11x188698,หจก.สิงห์อำนวย,FD01,,,,,,19x43,0.00000000,0,CRM,
11x188726,"S.A. Petrotech co., Ltd",SV04,,,,,,19x43,0.00000000,0,CRM,
11x188738,Anat,CH02,,,0843870256,,,19x44,0.00000000,0,CRM,
11x188739,Natthapol,CH02,,,0863631189,,,19x44,0.00000000,0,CRM,
11x188741,Tewin,CH02,,,0982784154,,,19x44,0.00000000,0,CRM,
11x188743,Wanasart,UT99,,,0985460574,,,19x44,0.00000000,0,CRM,
11x188745,Nongluck,UT99,,,0902314944,,,19x44,0.00000000,0,CRM,
11x188747,Adisornn,CH14,,,0613966228,,,19x44,0.00000000,0,CRM,
11x188749,Krittikorn,CH14,,,0972466258,,,19x44,0.00000000,0,CRM,
11x188751,Naree,CH02,,,0863407988,,,19x44,0.00000000,0,CRM,
11x188754,Jarus,FD01,,,0864165069,,,19x44,0.00000000,0,CRM,
11x188755,Kritsanat,FD01,,,0621960089,,,19x44,0.00000000,0,CRM,
11x188758,Chaiwat,SV01,,,0849035656,,,19x44,0.00000000,0,CRM,
11x188766,Akapong,OT99,,,0952419551,,,19x44,0.00000000,0,CRM,
11x188768,sumet,OT99,,,0626029470,,,19x44,0.00000000,0,CRM,
11x188774,Chatchai,CH14,,,0897951086,,,19x44,0.00000000,0,CRM,
11x188776,Pattharasiri,CH14,,,0851769012,,,19x44,0.00000000,0,CRM,
11x188778,Somphopp,SV01,,,0818835379,,,19x44,0.00000000,0,CRM,
11x188793,Nueng,CH14,,,0844220611,,,19x44,0.00000000,0,CRM,
11x188795,Toi,CH14,,,0817979861,,,19x44,0.00000000,0,CRM,
11x188797,Weerachai,UT99,,,0817321946,,,19x44,0.00000000,0,CRM,
11x188799,Winai,UT99,,,0863685662,,,19x44,0.00000000,0,CRM,
11x188852,บริษัท ฟินิกส์ แมชชีนเนอรี่  จำกัด,????,,,,,,19x18,0.00000000,0,WEBSERVICE,
11x188934,หจก. วี.พี. วัฒนา วิศวกรรม,SV01,,,,,,19x27,0.00000000,0,CRM,
11x188980,บริษัท แพลนเตอร์ ยูไนเต็ด จำกัด,CH06,,,,,,19x74,0.00000000,0,CRM,
11x189210,SYSCO Engineering and Supply,SV01,,,,,,19x78,0.00000000,0,CRM,
11x189398,CHRISTIANI & NIELSEN,SV01,,,,,,19x45,0.00000000,0,CRM,
11x189540,"Insum Co., Ltd.",SV01,,,,,,19x78,0.00000000,0,CRM,
11x189610,บริษัท คราวน์ เบ็บแคน แอนด์ โคลสเชอร์ส (ประเทศไทย) จำกัด,MT02,,,,,,19x70,0.00000000,0,CRM,
11x189654,Curry & Brown,UT01,,,,,,19x43,0.00000000,0,CRM,
11x189900,สยามยิปซัม,CH13,,,,,,19x85,0.00000000,0,CRM,
11x189903,Thai Thamdee,FD05,,,,,,19x27,0.00000000,0,CRM,
11x189906,บริษัท ณ อินเตอร์คูล65 จำกัด,SV04,,,,,,19x19,0.00000000,0,CRM,
11x189908,"Rotating Engineering Co.,Ltd.",SV01,"14 Pracha-Niwet 3 Soi 5 Tha-Sai, Muang Nonthaburi,
Nonthaburi  Thailand. 11000",,082-8700556,,Active,19x1,0.00000000,0,CRM,
11x190045,petrofac,CH14,,,0858300489,,,19x23,0.00000000,0,CRM,
11x190083,บริษัท สมาร์ท ออโตเมชั่น แอนด์ เอ็นจิเนียริ่ง จำกัด,????,,,,,,19x78,0.00000000,0,WEBSERVICE,
11x190954,บริษัท คิงส์ ออฟ วาล์ว (ชลบุรี) จำกัด,SV04,,,038 481 381-2,,,19x45,0.00000000,0,CRM,
11x191648,บริษัท พาร์ท โพรไวเดอร์ แอนด์ ซอร์สซิ่ง จำกัด,SV04,,,,,,19x19,0.00000000,0,CRM,
11x191815,"THAI CONSOLIDATED MAINTENANCE CO., LTD.",SV04,,,02-057-3606,,,19x45,0.00000000,0,CRM,
11x191868,บริษัท นีโอคอสเมด จำกัด,CH05,,,,,,19x37,0.00000000,0,CRM,
11x191878,บริษัท เอ็น.วี. เนวารา จำกัด,CH14,,,061643 9626,,,19x45,0.00000000,0,CRM,
11x191882,RANKINE ENERGY ENGINEERING AND MAINTENANCE,SV01,,,,,,19x61,0.00000000,0,CRM,
11x192019,บริษัท เค. ไอ. เอ็ม. เอ็นจิเนียริ่ง จำกัด,SV04,,,089 1345765,,,19x45,0.00000000,0,CRM,
11x192021,บจก. เอสทีซี ไดคาสติ้ง (ไทยแลนด์),UT01,,,,,,19x78,0.00000000,0,CRM,
11x192073,บริษัท เรน ไคน์ เอนเนอยี เอนจิเนียริ่ง,????,,,,,,19x23,0.00000000,0,WEBSERVICE,
11x192083,บริษัท ยูทิลิตี้ บิสิเนส อัลลายแอนซ์  จำกัด (มหาชน),????,,,,,,19x74,0.00000000,0,WEBSERVICE,
11x192125,Axeall,SV01,,,,,,19x23,0.00000000,0,CRM,
11x192150,Ball Beverage Packaging Yangon,MT02,,,,,,19x70,0.00000000,0,CRM,
11x192184,build bis k,CH14,,,0862135953,,,19x23,0.00000000,0,CRM,
11x192186,บริษัท ซี แวลู จำกัด (มหาชน),FD99,,,,,,19x45,0.00000000,0,CRM,
11x192229,บริษัท มายด์เซ็ท เบสท์ เพอร์ฟอร์แมนซ์ จำกัด,SV04,,,0949494526,,,19x45,0.00000000,0,CRM,
11x192295,SB Engineering and Service Company Limited,SV04,,,,,,19x37,0.00000000,0,CRM,
11x192321,ริษัท พี.เอส.พี.สเปเชียลตี้ส์ จำกัด (มหาชน),CH14,,,0818805962,,,19x45,0.00000000,0,CRM,
11x192430,Sika (Thailand) Ltd.,CH09,,,,,,19x51,0.00000000,0,CRM,https://tha.sika.com/
11x192547,NS.91 TRADING COMPANY LIMITED,SV04,,,,,,19x80,0.00000000,0,CRM,
11x192569,The rayal golf and country club,SV01,,,,,,19x23,0.00000000,0,CRM,
11x192675,คิงส์ ออฟ วาล์ว (ราชบุรี),SV01,,,,,,19x27,0.00000000,0,CRM,
11x192779,Wee,CH14,,,0897410996,,,19x44,0.00000000,0,CRM,
11x192806,ข้อมูล บริษัท ซีโก้แอสฟัลท์ จำกัด,CH15,,,0819421272,,,19x45,0.00000000,0,CRM,
11x193001,ห้างหุ้นส่วนจำกัด พี เอ เอส อิเลคตริคอล เอ็นจิเนียริ่ง,SV01,,,,,,19x23,0.00000000,0,CRM,
11x193008,siam bangna land,UT99,,,,,,19x23,0.00000000,0,CRM,
11x193210,บริษัท โตโยต้า มอเตอร์ เอเชีย (ประเทศไทย) จำกัด,UT99,,,,,,19x77,0.00000000,0,CRM,
11x193407,"Lusifer Supply Co.,Ltd.",SV04,,,,,,19x45,0.00000000,0,CRM,
11x194402,บริษัท เซอร์วิส มอร์ แอนด์ มอร์ จำกัด,SV04,,,,,,19x37,0.00000000,0,CRM,
11x194873,บริษัท ฟายน์ ออกานิก อินดัสตรี้ส์ (ประเทศไทย) จำกัด,????,,,,,,19x45,0.00000000,0,WEBSERVICE,
11x194889,บริษัท เพอร์เฟค โซลูชั่น แอนด์ คอนเซาส์แตนท์ จำกัด,????,,,,,,19x18,0.00000000,0,WEBSERVICE,
11x194895,กิจการร่วมค้า พีเอสอีเอแอล เอสเอสไอเอ็นจี และเอสอีที,????,,,,,,19x23,0.00000000,0,WEBSERVICE,
11x194898,บริษัท เออาร์ที เอ็นจิเนียริ่ง แอนด์ เซอร์วิส จำกัด,????,,,,,,19x27,0.00000000,0,WEBSERVICE,
11x194907,บริษัท ไฮโดรโซน จำกัด,????,,,,,,19x23,0.00000000,0,WEBSERVICE,
11x194916,บริษัท สยาม บางนาแลนด์ จำกัด,????,,,,,,19x23,0.00000000,0,WEBSERVICE,
11x194971,ฮักช้าง,SV01,,,,,,19x44,0.00000000,0,CRM,
11x195013,บริษัท ลิคิโทมิ (ประเทศไทย) จำกัด,PP00,,,,,,19x37,0.00000000,0,CRM,
11x195115,Narongdate,FD07,,,,,,19x74,0.00000000,0,CRM,
11x195153,บริษัท อุตสาหกรรมแป้งไทย จำกัด,FD08,,,,,,19x37,0.00000000,0,CRM,
11x195169,คุณสุรเดช,UT00,,,,,,19x45,0.00000000,0,CRM,
11x195182,"Best Supply Tech Co.,Ltd.",SV04,,,,,,19x45,0.00000000,0,CRM,
11x195215,บริษัท เค.เอ. อินดัสเทรียล 888 จำกัด,SV01,,,,,,19x45,0.00000000,0,CRM,
11x195421,mhi power project thailand co. ltd,SV01,,,,,,19x84,0.00000000,0,CRM,
11x195743,บริษัท เทค โซลูชั่น จำกัด,SV04,,,,,,19x37,0.00000000,0,CRM,
11x196265,Coperion (Thailand) Ltd,OM00,,,084773 7498,,,19x45,0.00000000,0,CRM,
11x196463,บริษัท พีโอเอส ไพร์ด จำกัด,SV04,,,,,,19x45,0.00000000,0,CRM,
11x196637,Thai SY,SV04,,,+863476266,,,19x19,0.00000000,0,CRM,
11x196937,บริษัท อินกริดิออน (ประเทศไทย) จำกัด,FD08,,,,,,19x34,0.00000000,0,CRM,
11x197445,ฮวา หลิน สเตนเลสส์ สตีล อินดัสตรี,MT02,,,,,,19x27,0.00000000,0,CRM,
11x197662,บริษัท ทีเอ็น แปซิฟิก จำกัด,SV04,,,,,,19x80,0.00000000,0,CRM,
11x197666,STANDARD HYDRAULIC,SV01,,,0847555574,,,19x61,0.00000000,0,CRM,
11x197689,Purac (Thailand) Ltd.,CH99,,,,,,19x51,0.00000000,0,CRM,
11x197700,"CITY POWER Co.,Ltd",SV04,,,02 641 2255,,,19x45,0.00000000,0,CRM,
11x197744,บริษัท ธนเมธา ซัพพลาย จำกัด,SV04,,,,,,19x37,0.00000000,0,CRM,
11x197776,บริษัท น้ำมันบริโภคไทย จำกัด,FD03,,,,,,19x45,0.00000000,0,CRM,
11x197786,บริษัท กม.199 ซัพพลาย จำกัด,SV04,,,,,,19x81,0.00000000,0,CRM,
11x197849,M-FORCE,SV01,,,,,,19x23,0.00000000,0,CRM,
11x197877,"Flow automech co.,ltd.",SV04,,,,,,19x80,0.00000000,0,CRM,
11x197982,บริษัท ข้าว ซี.พี. จำกัด,SV01,,,,,,19x19,0.00000000,0,CRM,
11x198019,U-Services Thailand,SV04,,,,,,19x51,0.00000000,0,CRM,
11x198022,บจก. ไท คอนแทรดติ้ง เมเนจเมนท์,SV01,,,,,,19x23,0.00000000,0,CRM,
11x198040,"Perfect Companion Group Co., Ltd.",FD05,,,,,,19x51,0.00000000,0,CRM,
11x198042,C.U.K.ENGINEERING SUPPLY,SV04,,,,,,19x51,0.00000000,0,CRM,
11x198044,THAI MEIDENSHA COMPANY LIMITED,SV01,,,,,,19x80,0.00000000,0,CRM,
11x198055,หจก.ธนพงษ์ อุปกรณ์ก่อสร้าง,SV04,,,,,,19x27,0.00000000,0,CRM,
11x198081,"ITALTHAI ENGINEERING CO., LTD.",SV01,,,098-982 5949,,,19x45,0.00000000,0,CRM,
11x198084,บริษัท ไซแพค จำกัด,SV01,,,,,,19x37,0.00000000,0,CRM,
11x198168,ESP group Asia,CH14,,,,,,19x23,0.00000000,0,CRM,
11x198191,"FIGO Robotic Co.,Ltd",SV01,,,,,,19x78,0.00000000,0,CRM,http://www.figo-th.com
11x198347,เบทาโกร-จัดซื้อส่วนกลาง,FD05,,,,,,19x27,0.00000000,0,CRM,
11x198410,ห้างหุ้นส่วนจำกัด ที.ซัน.เทรดดิ้ง,SV04,,,,,,19x27,0.00000000,0,CRM,
11x198435,บริษัท เวริเซฟ จำกัด,SV01,,,,,,19x23,0.00000000,0,CRM,
11x198461,Bright Automation,SV04,,,,,,19x51,0.00000000,0,CRM,
11x198472,บริษัท เจ.เค. อินเตอร์ซัพพลาย จำกัด,SV04,,,02-1743432,,,19x77,0.00000000,0,CRM,
11x198486,ข้อมูล บริษัท พีเจ เอ็นเนอจี เซอร์วิส จำกัด,SV01,,,,,,19x23,0.00000000,0,CRM,
11x198488,บริษัท เคที. เพาเวอร์ เอ็นจิเนียริ่ง จำกัด,SV01,,,,,,19x37,0.00000000,0,CRM,
11x198660,"Thai Kikuwa Industries Co.,Ltd.",UT99,,,038214621,,,19x89,0.00000000,0,CRM,
11x198667,"Thai Meidensha Co.,Ltd.",SV01,,,,,,19x89,0.00000000,0,CRM,
11x198677,"Siam Tank Terminals Co., Ltd.",OM00,,,,,,19x89,0.00000000,0,CRM,
11x198695,THE SIAM CEMENT PUBLIC COMPANY LIMITED,MN05,,,,,,19x89,0.00000000,0,CRM,
11x198740,นางสาว วิไลพร โซติศิริพัฒนกุล,????,,,,,,19x18,0.00000000,0,WEBSERVICE,
11x198764,บริษัท เทค โซลูชั่นส์ จำกัด,????,,,,,,19x74,0.00000000,0,WEBSERVICE,
11x198786,บริษัท สยามแก๊ส แอนด์ ปิโตรเคมีคัลส์  จำกัด  (มหาชน),????,,,,,,19x18,0.00000000,0,WEBSERVICE,
11x198798,MR.LYTHAY  SOEUR,????,,,,,,19x19,0.00000000,0,WEBSERVICE,
11x198830,บริษัท ยะลา กรีน เพาเวอร์ เจเนอเรชั่น จำกัด,????,,,,,,19x45,0.00000000,0,WEBSERVICE,
11x198832,บริษัท เอ็นเอ แคลเทคโนโลยี จำกัด,????,,,,,,19x23,0.00000000,0,WEBSERVICE,
11x198879,บริษัท คราวน์ เบ็บแคน แอนด์ โคลสเซอร์ส (ประเทศไทย) จำกัด,????,,,,,,19x19,0.00000000,0,WEBSERVICE,
11x198887,บริษัท บีบีจีไอ ไบโอเอทานอล จำกัด  (มหาชน),CH16,,,,,,19x23,0.00000000,0,WEBSERVICE,
11x199656,ห้างหุ้นส่วนจำกัด ศิริยนต์ หาดใหญ่่,SV04,,,067 424 3825,,,19x45,0.00000000,0,CRM,
11x199785,K.เหมสุดา,CH05,,,,,,19x74,0.00000000,0,CRM,
11x199786,K.เทริดศักดิ์,CH07,,,,,,19x74,0.00000000,0,CRM,
11x200510,MILLIBAR AND SERVICE,SV04,,,082 129 2444,,,19x45,0.00000000,0,CRM,
11x200533,บริษัท สิทธิพัชร์ เอ็นจิเนียริ่ง จำกัด,SV04,,,,,,19x45,0.00000000,0,CRM,
11x200580,NV5 Mission Critical,UT00,,,,,,19x62,0.00000000,0,CRM,
11x200633,Frayabadi,CH03,,,,,,19x21,0.00000000,0,CRM,
11x200635,Asplus engineering and service,SV04,,,,,,19x21,0.00000000,0,CRM,
11x200642,Thai Sekisui Foam,SV07,,,,,,19x27,0.00000000,0,CRM,
11x200659,AC Marine,SV01,,,,,,19x23,0.00000000,0,CRM,
11x200798,บริษัท เอสซีจี เซรามิกส์ จำกัด  (มหาชน),????,,,,,,19x18,0.00000000,0,WEBSERVICE,
11x200825,บริษัท สุรากระทิงแดง (1988)  จำกัด,????,,,,,,19x18,0.00000000,0,WEBSERVICE,
11x200972,"Rayong Engineering Solution Co., Ltd",SV04,,,,,,19x51,0.00000000,0,CRM,
11x201000,ข้อมูล บริษัท อีส วัน เอ็นจิเนียริ่ง จำกัด,SV01,,,,,,19x23,0.00000000,0,CRM,
11x201047,"Mayekawa (Thailand) Co., Ltd.",SV04,,,,,,19x45,0.00000000,0,CRM,
11x201081,BANGKOK INDUSTRIAL GAS COMPANY LIMITED,CH02,,,,,,19x51,0.00000000,0,CRM,
11x201183,บริษัท เอ็นอาร์ดี อินเตอร์เทค จำกัด,SV04,,,,,,19x19,0.00000000,0,CRM,
11x201408,บริษัท โปรปั๊มส์ เกรท คอนฟีเกอร์ จำกัด,SV04,,,02-4943857,,,19x77,0.00000000,0,CRM,
11x201679,บริษัท ไอทีเอ็ม ซัพพลาย จำกัด,SV04,,,,,,19x34,0.00000000,0,CRM,
11x201731,K. Parinwat,CH05,,,,,,19x74,0.00000000,0,CRM,
11x201733,K.สันติ,CH05,,,,,,19x74,0.00000000,0,CRM,
11x201738,K.คมสัน,CH05,,,,,,19x74,0.00000000,0,CRM,
11x201960,SC Group of Companies,SV04,,,085 488-6972,,,19x45,0.00000000,0,CRM,
11x202138,"TN MAKER CO., LTD.",SV04,,,088 227 3643,,,19x45,0.00000000,0,CRM,
11x203000,ยู.อาร์.เคมีคอล,CH03,,,,,,19x88,0.00000000,0,CRM,
11x203235,Siegwerk,CH03,,,,,,19x88,0.00000000,0,CRM,
11x203396,ญาณธรรณธร,FD07,,,,,,19x74,0.00000000,0,CRM,
11x203593,บริษัท เอ็นเวอร์เทค จำกัด,SV01,,,,,,19x37,0.00000000,0,CRM,
11x203595,Thailand Bamboo Factory,AG02,,,,,,19x34,0.00000000,0,CRM,
11x203602,เค.แอล.พี. จักรกล,SV04,,,,,,19x34,0.00000000,0,CRM,
11x203838,"Unity Engineering and Consultancy Services Co., Ltd.",SV01,,,,,,19x37,0.00000000,0,CRM,
11x203847,บริษัท  พี.ที. แบริ่ง ทูล แอนด์ ซัพพลาย จำกัด,SV04,,,086 461 6928,,,19x45,0.00000000,0,CRM,
11x203849,Yutawut,SV01,,,,,,19x23,0.00000000,0,CRM,
11x203854,"Zeon Chemicals (Thailand) Co.,Ltd.",SV01,,,,,,19x90,0.00000000,0,CRM,
11x203870,FMC,SV04,,,,,,19x23,0.00000000,0,CRM,
11x204049,Surapon Supreme Foods Company,FD99,,,,,,19x45,0.00000000,0,CRM,
11x204153,พี.เค.ฟิวเจอร์ เอ็นจิเนียริ่ง,SV01,,,,,,19x27,0.00000000,0,CRM,
11x204220,ห้างหุ้นส่วนจำกัด วี.พี. วัฒนา วิศวกรรม,????,,,,,,19x27,0.00000000,0,WEBSERVICE,
11x204235,Osaki Trading,SV01,,,,,,19x45,0.00000000,0,CRM,
11x204752,บริษัท อินทิเกรทเต็ด ควอลิตี้ เซอร์วิสเซส จำกัด,SV04,,,089-477-8839,,,19x45,0.00000000,0,CRM,
11x204771,บริษัท เชอร์วู้ด คอร์ปอเรชั่น (ประเทศไทย) จำกัด (มหาชน),CH06,,,,,,19x34,0.00000000,0,CRM,
11x204775,"Chaiwatthana Engineering Co., Ltd.",SV01,,,,,,19x21,0.00000000,0,CRM,
11x204787,บริษัท มานาม เอ็นจิเนียริ่ง จำกัด,SV04,,,,,,19x29,0.00000000,0,CRM,
11x204826,บริษัท โรเททติ้ง เอ็นจิเนียริ่ง จำกัด,SV04,,,0819874047,,,19x45,0.00000000,0,CRM,
11x205258,บริษัท โปรเฟนเทค จำกัด,SV01,,,,,,19x27,0.00000000,0,CRM,
11x205829,ปันเด อินโนเวชั่น,SV01,,,,,,19x44,0.00000000,0,CRM,
11x206156,บริษัท เอส ซี ออฟชอร์ เซอร์วิส จำกัด,????,,,,,,19x45,0.00000000,0,WEBSERVICE,
11x206186,บริษัท โคพีเรียน (ประเทศไทย) จำกัด,????,,,,,,19x45,0.00000000,0,WEBSERVICE,
11x206652,ห้างหุ้นส่วนจำกัด ซีทีที เทรดดิ้ง,SV01,,,,,,19x37,0.00000000,0,CRM,
11x206706,บริษัท แอดวานซ์เทคโนโลยี จำกัด,SV04,,,,,,19x88,0.00000000,0,CRM,
11x206902,บริษัท คิงสแปน อินซูเลท พาแนลส์ (ประเทศไทย) จำกัด,SV07,,,,,,19x88,0.00000000,0,CRM,
11x206960,Megachem (Thailand) PCL,CH01,,,,,,19x89,0.00000000,0,CRM,
11x207096,ห้างหุ้นส่วนจำกัด เวอค อินเตอร์เทรด (สำนักงานใหญ่),SV04,,,061-354 4999,,,19x45,0.00000000,0,CRM,
11x207190,บริษัท ฟอร์เวิร์ด แมชชีนเนอรี่ จำกัด,????,,,,,,19x23,0.00000000,0,WEBSERVICE,
11x207382,"Scan  Inter Public Co.,Ltd",SV01,,,,,,19x45,0.00000000,0,CRM,
11x207384,LK Boiler Industry,SV01,,,,,,19x89,0.00000000,0,CRM,
11x207387,"THAI BURNER INDUSTRIAL HEAT CO.,LTD.",SV01,,,,,,19x89,0.00000000,0,CRM,
11x207436,"EEC Engineering Network Co.,Ltd",UT99,,,,,,19x23,0.00000000,0,CRM,
11x207956,"STRR ENGINEERING CO.,LTD.",SV01,,,,,,19x78,0.00000000,0,CRM,
11x208071,Premier Products Public Company Limited,UT03,,,,,,19x80,0.00000000,0,CRM,
11x208074,"Yuwaatech Co.,Ltd.",SV04,,,,,,19x89,0.00000000,0,CRM,
11x208750,บริษัท ซีพีพีซี จำกัด (มหาชน),????,,,,,,19x78,0.00000000,0,WEBSERVICE,
11x209177,AGC Vinythai Public Company Limited.,CH01,,,,,,19x89,0.00000000,0,CRM,
11x209524,ยู.เอส.เอ็ม,SV01,,,,,,19x44,0.00000000,0,CRM,
11x210044,อนุสรณ์,SV04,,,,,,19x34,0.00000000,0,CRM,
11x210050,พี.เอส.เอ็น เคมีเคิล,CH03,,,,,,19x88,0.00000000,0,CRM,
11x210108,STEPWISE,SV01,,,,,,19x23,0.00000000,0,CRM,
11x210142,"First Supply Engineering Co.,Ltd.",SV04,,,,,,19x89,0.00000000,0,CRM,
11x210156,บริษัท ทีอารืเอฟ ฟีดมิลล์ จำกัด,SV04,,,,,,19x66,0.00000000,0,CRM,
11x210254,บริษัท เคนไซ ซีรามิคส์ อินดัสตรี้ จำกัด,MN03,,,,,,19x19,0.00000000,0,CRM,
11x210270,MEAS VIBOL,SV04,,,,,,19x23,0.00000000,0,CRM,
11x210284,บริษัท โกลพลัสเทคโนโลยี ซิสเตม จำกัด,SV01,,,,,,19x37,0.00000000,0,CRM,
11x210295,บริษัท ดี สไมล์ เซอร์วิสเซส จำกัด,SV01,,,,,,19x37,0.00000000,0,CRM,
11x210343,บริษัท เท็กซ์แมค เน็กซ์ จำกัด,SV04,,,,,,19x80,0.00000000,0,CRM,
11x210421,บริษัท อั๊คโซ่ โนเบล เพ้นท์ส (ประเทศไทย)  จำกัด,????,,,,,,19x18,0.00000000,0,WEBSERVICE,
11x210484,"Shinwa kogyo (Thailand) Co.,Ltd",SV03,,,,,,19x51,0.00000000,0,CRM,
11x210546,บริษัท ไอเซนเซอร์ จำกัด,SV04,,,,,,19x19,0.00000000,0,CRM,
11x210601,PROVEN ALTERNATIVE COMPANY LIMITED,SV04,,,,,,19x80,0.00000000,0,CRM,
11x210635,บริษัท โฟลว์-เมติก คอนโทรล จำกัด,SV04,,,,,,19x19,0.00000000,0,CRM,
11x210643,MECHANIKA COMPANY LIMITED,SV04,,,,,,19x51,0.00000000,0,CRM,
11x210760,บริษัท นิปปอนเพนต์ (ประเทศไทย) จำกัด (PTP : เฟต 8),CH03,,,,,,19x88,0.00000000,0,CRM,
11x210783,บริษัทเวย์ฟิต (ประเทศไทย) จํากัด,SV01,,,,,,19x80,0.00000000,0,CRM,
11x210803,Akzo nobel-ปลวกแดง,CH03,,,,,,19x27,0.00000000,0,CRM,
11x210946,หจก. สุทธินันท์ โฮลดิ้ง,SV04,,,,,,19x27,0.00000000,0,CRM,
11x211197,อภิสิทธิ์,FD07,,,,,,19x74,0.00000000,0,CRM,
11x211372,บริษัท แคเรียร์ แอร์ คอนดิชั่นนิ่ง (ประเทศไทย) จำกัด,EI00,,,,,,19x29,0.00000000,0,CRM,
11x211417,หจก.ดับบลิวทีเอ็ม เทคนิคอล แอนด์ ซัพพลาย,????,,,,,,19x18,0.00000000,0,WEBSERVICE,
11x211422,บริษัท พี.เอส.เอ็น. เคมีเคิล จำกัด,????,,,,,,19x88,0.00000000,0,WEBSERVICE,
11x211439,บริษัท มิตซูบิชิ เคมิคอล (ประเทศไทย)  จำกัด,????,,,,,,19x18,0.00000000,0,WEBSERVICE,
11x211653,บริษัท เซ้งเจริญเมือง จำกัด,SV04,,,,,,19x27,0.00000000,0,CRM,
11x212153,"Draconic  Trade Co.,Ltd",SV04,,,02 023-1753,,,19x45,0.00000000,0,CRM,
11x212154,"Draconic Trade Co.,Ltd.",SV04,,,02 023-1753,,,19x45,0.00000000,0,CRM,
11x212695,"PSR (2017) Co.,Ltd.",SV04,,,,,,19x89,0.00000000,0,CRM,
11x212917,บริษัท เจพี เอ็นจิเนียริ่ง ดีไซน์ จำกัด,CH14,,,,,,19x43,0.00000000,0,CRM,
11x212982,บริษัท ด็อกเตอร์ปั๊ม แอนด์ เอ็นจิเนียริ่ง จำกัด,SV04,,,090-9577452,,,19x77,0.00000000,0,CRM,
11x213166,ECO BLUE,XX00,,,,,,19x47,0.00000000,0,CRM,
11x213187,บริษัท เวล บอนดิ้ง จำกัด,AG01,,,,,,19x34,0.00000000,0,CRM,
11x213214,บริษัท สหบูรพากรุ๊ป จำกัด,SV04,,,,,,19x88,0.00000000,0,CRM,
11x213264,สหบูรพากรุ๊ป,SV07,,,,,,19x88,0.00000000,0,CRM,
11x213392,CPOC,CH14,,,,,,19x43,0.00000000,0,CRM,
11x213462,KASETPHAND PHILS. CORP.,SV01,,,,,,19x27,0.00000000,0,CRM,
11x213562,บริษัท วิค วอเตอร์ จำกัด,SV01,,,,,,19x37,0.00000000,0,CRM,
11x213602,Styrenix Performance Materials (Thailand) Ltd.,CH99,,,,,,19x51,0.00000000,0,CRM,
11x213616,NGV เขาหินซ้อน,XX00,,,,,,19x47,0.00000000,0,CRM,
11x213796,"PN Engineering and Contactor Co.,Ltd",SV04,,,,,,19x74,0.00000000,0,CRM,
11x214043,"VR Engineering Co,Ltd",SV01,"Village,Klongthanon Sub district, Saimai District 10220",,,virit-engineering@hotmail.com,,19x43,0.00000000,0,CRM,
11x214050,บริษัท กู๊ดวาล์ว จำกัด,SV04,,,,,,19x88,0.00000000,0,CRM,
11x214059,บริษัท อควา เอ็นจิเนี่ยริ่งแคร์ จำกัด,SV04,,,,,,19x29,0.00000000,0,CRM,
11x214064,"Polyolefins Engineering Engineer (Mechanical), Repco Co., Ltd.",SV04,,,+66(0)38-911-125,,,19x78,0.00000000,0,CRM,
11x214069,"Daminu Engineering Co.,Ltd.",OM00,,,,,,19x91,0.00000000,0,CRM,
11x214251,CK Technology,SV04,,,,,,19x43,0.00000000,0,CRM,
11x214500,cistern calib,UT99,,,022460284,,,19x23,0.00000000,0,CRM,
11x214727,viboon,FD03,,,0871244579,,,19x44,0.00000000,0,CRM,
11x214735,pritoon,FD03,,,0981211167,,,19x44,0.00000000,0,CRM,
11x214739,amporn,CH14,,,0991335567,,,19x44,0.00000000,0,CRM,
11x214741,Sunya,FD01,,,0876547899,,,19x44,0.00000000,0,CRM,
11x214743,Wandee,UT99,,,0977761223,,,19x44,0.00000000,0,CRM,
11x214746,darika,CH02,,,0986785534,,,19x44,0.00000000,0,CRM,
11x215160,บริษัท วนชัย พาเนล อินดัสทรี่ส์  จำกัด,????,,,,,,19x18,0.00000000,0,WEBSERVICE,
11x215176,บริษัท อัลฟ่า พลัส เทรดดิ้ง จำกัด,????,,,,,,19x45,0.00000000,0,WEBSERVICE,
11x215442,บริษัท กัญจน์ธนรัตน์ จำกัด,SV01,,,,,,19x37,0.00000000,0,CRM,
11x216667,RB ASIA,SV04,,,,,,19x45,0.00000000,0,CRM,
11x216685,บริษัท เอ็นเนอยี่ เทคโนโลยี่ จำกัด,SV01,,,,,,19x37,0.00000000,0,CRM,
11x216700,"THAI OBAYASHI CORP.,LTD.",SV01,"8-9th Fl., O-NES TOWER Building
6 Sukhumvit Road, Klongtoey, Bangkok 10110, Thailand",,02-252-5200,Racharee.pr@thaiobayashi.co.th,,19x43,0.00000000,0,CRM,
11x216847,บริษัท เอเวอร์กรีนพลัส จำกัด,PP00,,,,,,19x34,0.00000000,0,CRM,
11x216866,บริษัท กรีน ไลท์ แอนนิฟริกซ์ จำกัด,SV04,,,,,,19x66,0.00000000,0,CRM,
11x216886,AKA Company Limited,SV01,หมู่ 1 ต.นาป่า อ.เมิองชลบุรี จ. ชลบุรี 20000,,038047964,surasak.s@aka.co.th,,19x43,0.00000000,0,CRM,
11x216922,บริษัท พี. แอนด์ พี.ซี. เอ็นจิเนียริ่ง จำกัด,????,,,,,,19x74,0.00000000,0,WEBSERVICE,
11x216965,"TAIKISHA (THAILAND) CO.,LTD.",SV01,62 ถนนสีลม แขวงสุริยวงศ์ เขตบางรัก กรุงเทพมหานคร,,02-236-8055-9,nantakan_klo@taikisha.co.th,,19x43,0.00000000,0,CRM,
11x216995,บริษัท จงสถิตย์ จำกัด,TT01,,,,,,19x80,0.00000000,0,CRM,
11x217000,เอส.เอ.อี.เทค จำกัด,SV01,,,,,,19x43,0.00000000,0,CRM,
11x217069,บริษัท เมอริท อินเตอร์ซัพพลาย จำกัด,SV04,,,0-2934-7158,,,19x77,0.00000000,0,CRM,
11x217281,บริษัท เบล็สสท์ อินโนเวชั่น 9959 จำกัด,CH05,,,,,,19x37,0.00000000,0,CRM,
11x217294,"MULTIPHASE OIL & GAS CO.,LTD",SV01,,,,,,19x43,0.00000000,0,CRM,
11x217300,บริษัท บาฟส์ขนส่งทางท่อ จำกัด,OG01,,,,,,19x44,0.00000000,0,CRM,https://www.fpt.co.th/th/contact/
11x217393,บริษัท อีเล็คโทรเซรามิคส์ (ไทยแลนด์) จำกัด,????,,,,,,19x23,0.00000000,0,WEBSERVICE,
11x217418,บริษัท คอปส์เทคส์ คอร์ปอเรชั่น จํากัด,SV04,,,,,,19x88,0.00000000,0,CRM,
11x217617,บริษัท เอ.เจ.พลาสท์ จำกัด (มหาชน),CH42,,,038 490 330,,,19x92,0.00000000,0,CRM,
11x217630,"TOYO THAI POWER MYANMAR CO., LTD.",UT01,,,(+66) 94 791 9645,,,19x45,0.00000000,0,CRM,
11x217645,Thai Kamaya Company Limited,CH42,,,,,,19x92,0.00000000,0,CRM,
11x217652,ซีพีเอฟ-หนองจอก,FD05,,,,,,19x27,0.00000000,0,CRM,
11x217735,บริษัท ไทย อินซูโฟม อุตสาหกรรม จำกัด,CH41,,,,,,19x88,0.00000000,0,CRM,
11x217779,พี แอนด์ พีซี เอ็นจิเนียริ่ง จำกัด,SV01,,,,,,19x74,0.00000000,0,CRM,
11x217785,Proven Alternative,SV01,,,,,,19x74,0.00000000,0,CRM,
11x217802,SCG Packaging โรงงานบ้านโป่ง,CH42,,,032339800,,,19x92,0.00000000,0,CRM,
11x217808,บริษัท กลุ่มสยามบรรจุภัณฑ์ จำกัด (โรงงานปราจีนบุรี),CH42,,,,,,19x92,0.00000000,0,CRM,
11x217847,Global Green Chemicals,CH14,,,+66(0) 2558-7300,,,19x84,0.00000000,0,CRM,www.ggcplc.com
11x217848,Dic Graphics (Thailand),CH03,,,02 252 7277,,,19x84,0.00000000,0,CRM,https://www.dic.co.th/en/index.php
11x217849,สุรากระทิงแดง (1988),FD07,,,,,,19x84,0.00000000,0,CRM,
11x217886,คุณบุญเจือ,SV01,,,,,,19x37,0.00000000,0,CRM,
11x217930,เอ็มไอที วอเตอร์,UT03,,,0849254888,,,19x92,0.00000000,0,CRM,
11x218071,Saifon,CH02,,,0992447665,,,19x44,0.00000000,0,CRM,
11x218073,nareerat,CH02,,,0894435566,,,19x44,0.00000000,0,CRM,
11x218075,veerapon,CH02,,,0996644355,,,19x44,0.00000000,0,CRM,
11x218079,king,FD03,,,0863361123,,,19x44,0.00000000,0,CRM,
11x218081,Chatchai.,FD03,,,0863453321,,,19x44,0.00000000,0,CRM,
11x218083,Natthapon,FD03,,,0964880099,,,19x44,0.00000000,0,CRM,
11x218085,yuttana,SV01,,,0876886654,,,19x44,0.00000000,0,CRM,
11x218307,Oliver Oil Tools Company Limited,SV01,,,,,,19x23,0.00000000,0,CRM,
11x219185,Asian Fluid Innovations Company Limited,SV01,,,02-048-0288,pakapol.k@asianfi.com,,19x43,0.00000000,0,CRM,
11x219593,บริษัท ควอลิตี้คอนสตรัคชั่นโปรดัคส์ จำกัด (มหาชน).,MN99,,,,,,19x77,0.00000000,0,CRM,
11x219687,M.E.P. CONTROL LIMITED PARTNERSHIP,SV01,,,,,,19x43,0.00000000,0,CRM,
11x220522,บริษัท ยอดคาร์ซีท จำกัด,CH41,,,,,,19x88,0.00000000,0,CRM,
11x220543,PROACTIVE MANAGEMENT COMPANY LIMITED,UT00,"139 ซอยศูนย์การค้า, ถ. แฮปปี้แลนด์สาย 1 แขวงคลองจั่น บางกะปิ กรุงเทพมหานคร 10240",,,vorranitthap@proactivemanagement.co.th,,19x43,0.00000000,0,CRM,
11x220585,"First Technology Co.,Ltd",SV01,,,02-803-6733,,,19x43,0.00000000,0,CRM,
11x220615,"Manchai Machinery Co.,Ltd",SV01,,,034 450 570,jeerasak_boonniroj@hotmail.com,,19x43,0.00000000,0,CRM,
11x220662,"CTCI (Thailand) Co., Ltd.",SV01,,,,,,19x90,0.00000000,0,CRM,
11x220839,"SAS Tech Solution Co.,Ltd",SV01,,,,,,19x43,0.00000000,0,CRM,
11x220857,thai enger,UT99,,,,,,19x23,0.00000000,0,CRM,
11x220968,บริษัท โทเร เท็กซ์ไทล์ (ประเทศไทย) จำกัด (มหาชน),TT01,,,,,,19x80,0.00000000,0,CRM,
11x220973,พี.พี. เพาเวอร์ เซอร์วิส แอนด์ เอ็นจิเนียริ่ง,SV04,,,,,,19x27,0.00000000,0,CRM,
11x221100,Thai Anger,SV01,,,,,,19x23,0.00000000,0,CRM,
11x221102,บริษัท ซี.อาร์.เอนจิเนียริ่ง แอนด์ เทคโนโลยี จำกัด,SV04,,,,,,19x27,0.00000000,0,CRM,
11x221135,"Siam PVS Chemical Co.,Ltd.",CH01,,,,,,19x89,0.00000000,0,CRM,
11x221171,"BEJST BIOENERGY CO., LTD",SV01,,,,,,19x23,0.00000000,0,CRM,
11x221280,บริษัท เอ.ไอ.เทคโนโลยี จำกัด,UT99,,,,,,19x80,0.00000000,0,CRM,
11x221629,ห้างหุ้นส่วนจำกัด เดอะ ริชเชอร์,SV04,,,,,,19x34,0.00000000,0,CRM,
11x221636,บริษัท เมจิ (ประเทศไทย) จำกัด,SV04,,,,,,19x77,0.00000000,0,CRM,
11x221664,15 สหรุ่งแก๊ส,CH02,,,063 3298928,,,19x45,0.00000000,0,CRM,
11x221901,บริษัท เค เอ็ม ซี เฟอทิไลเซอร์ จำกัด,CH11,,,034 510 470,,,19x92,0.00000000,0,CRM,
11x222025,บริษัท เอสที เฟอร์ทิลิตี้ จำกัด,CH11,,,034991614,,,19x92,0.00000000,0,CRM,
11x222135,Chainarong,UT99,,,0898313593,,,19x44,0.00000000,0,CRM,
11x222143,tanasak,SV01,,,0843435353,,,19x44,0.00000000,0,CRM,
11x222145,Somphong,SV01,,,0862234434,,,19x44,0.00000000,0,CRM,
11x222268,บริษัท โพลีเพล็กซ์ (ประเทศไทย) จำกัด (มหาชน),????,,,,,,19x90,0.00000000,0,WEBSERVICE,
11x222733,"Pro-En Technologies, Ltd",SV01,,,,,,19x43,0.00000000,0,CRM,
11x223480,บริษัท เพชรสถิตย์ จำกัด,SV04,,,,,,19x80,0.00000000,0,CRM,
11x223522,"ICT MANUFACTURING CO.,LTD.",CH05,,,,,,19x74,0.00000000,0,CRM,
11x223774,บริษัท มูซาชิ เพ้นท์ แมนูแฟคเจอริ่ง (ประเทศไทย) จำกัด,CH04,,,,,,19x88,0.00000000,0,CRM,
11x223791,บริษัท ฟินิกซ์ ปั๊ม แอนด์ เอ็นจิเนียริ่ง จำกัด,SV04,,,,,,19x19,0.00000000,0,CRM,
11x223793,Thai ability,SV01,,,,,,19x44,0.00000000,0,CRM,
11x223812,SCS supply and service Limited,SV01,,,,,,19x43,0.00000000,0,CRM,
11x223917,บริษัท ทริปเปิ้ล อี เทรดดิ้ง จํากัด,SV04,,,,,,19x80,0.00000000,0,CRM,
11x223931,"M&P World Polymer CO., LTD.",CH42,,,,,,19x80,0.00000000,0,CRM,
11x223941,Premnath Rail,SV04,,,,,,19x19,0.00000000,0,CRM,
11x223991,Sahathai,XX00,,,,,,19x78,0.00000000,0,CRM,
11x224133,AT PETROLTECH AND ENGINEERING,SV01,,,,,,19x90,0.00000000,0,CRM,
11x224358,Henkel (Thailand) Ltd.,CH99,,,,,,19x92,0.00000000,0,CRM,
11x224414,บริษัท ปัญจพล พัลพ์ อินดัสตรี้  จำกัด  (มหาชน),????,,,,,,19x18,0.00000000,0,WEBSERVICE,
11x224430,บริษัท เอสซีจี ซิเมนต์ จำกัด,????,,,,,,19x89,0.00000000,0,WEBSERVICE,
11x224454,นายเชษฐา พิลาจันทร์,????,,,,,,19x18,0.00000000,0,WEBSERVICE,
11x224528,บริษัท ชาญกิจเทรดดิ้ง จำกัด,SV01,,,,,,19x37,0.00000000,0,CRM,
11x224534,ไทยฟู้ดส์ อาหารสัตว์-ปราจีนบุรี,FD05,,,,,,19x27,0.00000000,0,CRM,
11x224998,"M-TECH INDUSTRIAL CO.,LTD.",SV01,,,,,,19x89,0.00000000,0,CRM,
11x225072,บริษัท คิงส์แพ็ค อินดัสเตรียล จำกัด,CH42,,,038458500,,,19x92,0.00000000,0,CRM,
11x225077,บริษัท ศรีไทยซุปเปอร์แวร์ จำกัด,CH42,,,038213250,,,19x92,0.00000000,0,CRM,
11x225086,Indorama Polymers and AsiaPet (Thailand),TT01,,,0985700090,,,19x92,0.00000000,0,CRM,
11x225094,"SCG CEMENT CO.,LTD.",MN05,,,,,,19x89,0.00000000,0,CRM,
11x225127,บริษัท สุขสมเกียรติขนส่ง (2004) จำกัด,XX00,,,,,,19x47,0.00000000,0,CRM,
11x225266,KHUN NAKHON,CH14,,,084 361 6776,,,19x45,0.00000000,0,CRM,
11x226152,"U.A.E. Power Co.,Ltd.",SV01,,,,,,19x89,0.00000000,0,CRM,
11x226797,บริษัท เครเนอร์ อินเตอร์เนชั่นแนล (ไทยแลนด์) จำกัด,CH42,,,,,,19x80,0.00000000,0,CRM,
11x226922,"FLUID ALL CO.,LTD.",SV04,,,,,,19x89,0.00000000,0,CRM,
11x226929,เบทาโกร-รง.2,FD05,,,,,,19x27,0.00000000,0,CRM,
11x227250,ห้างหุ้นส่วนจำกัด วงศ์ทอง เซอร์วิส,SV04,,,,,,19x88,0.00000000,0,CRM,
11x227317,VALEURA ENERGY,SV01,,,,,,19x61,0.00000000,0,CRM,
11x227359,One Asia,UT99,,,,,,19x43,0.00000000,0,CRM,
11x227363,"Liang Chi Industry (Thailand) Co., Ltd.",SV01,,,,,,19x89,0.00000000,0,CRM,
11x227537,บริษัท ซีพีเอฟ (ประเทศไทย)   จำกัด  (มหาชน),????,,,,,,19x18,0.00000000,0,WEBSERVICE,
11x227683,thaipipeline network,CH14,,,025269999,,,19x43,0.00000000,0,CRM,
11x227710,"SAPCON Engineering Co.,Ltd.",SV01,,,,,,19x89,0.00000000,0,CRM,
11x227761,"DELTA SEAL ALLIANCE CO.,LTD.",XX00,,,,,,19x78,0.00000000,0,CRM,
11x227768,Enerflex,SV01,,,,,,19x43,0.00000000,0,CRM,
11x227983,"ATOM-MIC POWER CO., LTD.",SV01,,,,,,19x89,0.00000000,0,CRM,
11x228034,บริษัท ยู.เอ.อี. เพาเวอร์ จำกัด,????,,,,,,19x89,0.00000000,0,WEBSERVICE,
11x228062,บริษัท พีทีจี โลจิสติกส์ จำกัด,TP00,,,,,,19x45,0.00000000,0,CRM,
11x228302,"Meir D-Tech Co.,Ltd.",SV01,,,,,,19x23,0.00000000,0,CRM,
11x228346,WORLEY (THAILAND) LIMITED,SV01,,,,,,19x51,0.00000000,0,CRM,
11x228496,บริษัท ไอทีอาร์ เทรดดิ้ง จำกัด,SV04,,,,,,19x80,0.00000000,0,CRM,
11x228842,PBR ENGINEERING AND SUPPLY COMPANY LIMITED,SV04,,,,,,19x89,0.00000000,0,CRM,
11x229159,บริษัท สามเอ็นพัฒนา,SV04,,,,,,19x45,0.00000000,0,CRM,
11x229311,Flowco,CH14,,,,,,19x43,0.00000000,0,CRM,
11x229341,ห้างหุ้นส่วนจำกัดพรนรินทร์ พี เอ็น เซอร์วิส,SV04,,,081 303 4131,,,19x45,0.00000000,0,CRM,
11x229662,บริษัท สยามเดลมองเต้ จำกัด,FD08,,,,,,19x37,0.00000000,0,CRM,
11x229797,ห้างหุ้นส่วนจำกัด เอสพีเอส อีควิปเม้นท์,SV04,,,0611836999,,,19x45,0.00000000,0,CRM,
11x229881,บริษัท สไตรีนิกซ์ เพอร์ฟอร์แมนซ์ แมททีเรียล,????,,,,,,19x51,0.00000000,0,WEBSERVICE,
11x230311,"RENTDIRECTASIA CO., LTD.",TP00,,,,,,19x91,0.00000000,0,CRM,
11x230326,ท่อเกษตรไทย,UT99,,,,,,19x23,0.00000000,0,CRM,
11x230364,บริษัท ดีเอ็กซ์เอ็น เอ็นจิเนียริ่ง แอนด์ ซัพพลาย จำกัด,SV01,,,,,,19x34,0.00000000,0,CRM,
11x230401,M-TECH THAI ENGINEERING,SV01,,,,,,19x89,0.00000000,0,CRM,
11x230430,บริษัท ฟิวเจอร์ รีซอร์ส เทคโนโลยี จำกัด,PP00,,,,,,19x37,0.00000000,0,CRM,
11x230602,บริษัท เอทู เทคโนโลยี จำกัด,SV01,,,,,,19x80,0.00000000,0,CRM,
11x230626,บริษัท ไทย เคมีคอล สโตเรจ จำกัด,SV01,,,,,,19x34,0.00000000,0,CRM,
11x230755,Metro Machinery,SV01,,,,,,19x23,0.00000000,0,CRM,
11x230883,บริษัท เอเชีย อินดัสเทรียล เท็กซ์ไทล์ จำกัด,TT01,,,,,,19x92,0.00000000,0,CRM,
11x231023,บริษัท เวิร์ค สมาร์ท เอ็นจิเนียริ่ง จำกัด,SV04,,,,,,19x34,0.00000000,0,CRM,
11x231031,Nitto Matex (Thailand) Company Limited.,XX00,,,,,,19x91,0.00000000,0,CRM,
11x231055,บริษัท ริเวอร์ เอนจิเนียริ่ง จำกัด,SV04,,,,,,19x34,0.00000000,0,CRM,
11x231066,TNTT SERVICE,SV01,,,,,,19x45,0.00000000,0,CRM,
11x231071,บริษัท ซีซีพี ฮาร์ดแวร์ แอนด์ ซัพพลายส์ จํากัด,SV04,,,038-190952-3,,,19x77,0.00000000,0,CRM,
11x231186,THAI SHIN-I INDUSTRY,FD02,,,,,,19x74,0.00000000,0,CRM,
11x231275,บริษัท วัฒนาอะไหล่แอนด์ฮาร์ดแวร์ จำกัด,SV04,,,,,,19x80,0.00000000,0,CRM,
11x231352,อาร์เอสซี สวีทเทนเนอร์ส จำกัด,FD09,,,,,,19x74,0.00000000,0,CRM,
11x231361,SP ENGINEERING AND SUPPLY,SV01,,,,,,19x43,0.00000000,0,CRM,
11x231362,"SP ENGINEERING AND SUPPLY CO., LTD.",SV01,,,,,,19x43,0.00000000,0,CRM,
11x231516,บริษัท เทอร์มีเดซ พาแนล จำกัด,SV07,,,,,,19x88,0.00000000,0,CRM,
11x231551,"Kotobukiya Feltol Thailand Co.,ltd.",TT01,,,038 056 195,,,19x92,0.00000000,0,CRM,
11x231555,มินิเกรท แพคกิ้ง (ไทยแลนด์) จำกัด,CH42,,,,,,19x92,0.00000000,0,CRM,
11x231569,"STAUBLI THAILAND CO., LTD.",SV04,,,,,,19x91,0.00000000,0,CRM,
11x231682,"Charoen Pokphand Produce Co., Ltd",CH11,,,,,,19x92,0.00000000,0,CRM,
11x231750,KI Sugar,CH16,,,,,,19x74,0.00000000,0,CRM,
11x232246,โรงกษาปณ์,UT99,,,089-559 4469,,,19x45,0.00000000,0,CRM,
11x232292,บริษัท โกลล์ คอนส์ เอ็นจิเนียริ่ง จำกัด,SV04,,,,,,19x45,0.00000000,0,CRM,
11x232451,ชัยยุทธ,FD06,,,,,,19x74,0.00000000,0,CRM,
11x232458,พิเชษฐ์,EI00,,,,,,19x74,0.00000000,0,CRM,
11x232469,พร,FD07,,,,,,19x74,0.00000000,0,CRM,
11x233296,บริษัท บุญไทยแมชชีนเนอรี่ คอมเพล็กซ์ จำกัด,SV04,,,,,,19x19,0.00000000,0,CRM,
11x233426,KCG Corporation Public Company Limited,FD01,"3059-3059/1-3 Sukhumvit Rd., Bang Chak, Phra Khanong, Bangkok 10260 Thailand",,+66 2 332 8040-7,paritporn.s@kcgcorporation.com,,19x43,0.00000000,0,CRM,
11x233443,"Currie & Brown (Thailand) Co., Ltd.",SV01,"Regent House, 14th floor, 183 Ratchadamri Rd, Lumphini, Pathum Wan, Bangkok, 10330, Thailand 10330,",,02 632 6500,Prapatsorn.Sampaothong@curriebrown.com,,19x43,0.00000000,0,CRM,
11x233457,บริษัท ทาโกฟู้ดส์อินดัสทรี จำกัด,FD99,,,034 388 455,,,19x45,0.00000000,0,CRM,
11x233606,Solution & Supply,SV01,,,,,,19x43,0.00000000,0,CRM,
11x233616,บริษัท เดล เจเนอเรชั่น จำกัด,SV04,,,,,,19x34,0.00000000,0,CRM,
11x233621,บริษัท ต่ออนันต์ จำกัด,FD05,,,,,,19x27,0.00000000,0,CRM,
11x233716,หจก.พรนรินทร์ พี เอ็น เซอร์วิส,????,,,,,,19x45,0.00000000,0,WEBSERVICE,
11x233772,บจก. สมาร์ท โปร อินเตอร์เทรด,SV04,,,021159963,,,19x43,0.00000000,0,CRM,
11x233826,wealth working,CH14,,,,,,19x23,0.00000000,0,CRM,
11x233838,บริษัท พี แอนด์ อี อินโนเวชั่น จำกัด,????,,,,,,19x23,0.00000000,0,WEBSERVICE,
11x233850,บจก. โชติทิวัตถ์,SV01,,,,,,19x43,0.00000000,0,CRM,
11x234039,บริษัท ไพโรจน์สมพงษ์พาณิชย์ จำกัด,SV04,,,,,,19x80,0.00000000,0,CRM,
11x234071,Clover Tech,SV01,,,,,,19x27,0.00000000,0,CRM,
11x234083,บริษัท เอ็นพีเค กู๊ดส์ เซอร์วิส จำกัด,SV04,,,096 365 6915,,,19x45,0.00000000,0,CRM,
11x234086,บริษัท เมกก้าคลีน โปรดักส์ จำกัด,CH06,,,,,,19x37,0.00000000,0,CRM,
11x234095,บริษัท ลูชา เทค จำกัด,SV04,,,,,,19x27,0.00000000,0,CRM,
11x234100,บริษัท เคพีซี โอลดิ้ง จำกัด,SV04,,,,,,19x88,0.00000000,0,CRM,
11x234120,ห้างหุ้นส่วนจำกัด พี.เค ซัพพลาย อุตสาหกรรม,SV01,,,,,,19x37,0.00000000,0,CRM,
11x234370,ข้อมูล บริษัท ลัคกี้สตาร์ มารีนซัพพลาย จำกัด,SV04,,,,,,19x91,0.00000000,0,CRM,
11x234371,บริษัท ลัคกี้สตาร์ มารีนซัพพลาย จำกัด,SV04,,,,,,19x91,0.00000000,0,CRM,
11x234527,บริษัท ฟีนิกซ์ คอร์ปเอเซีย จำกัด,????,,,,,,19x23,0.00000000,0,WEBSERVICE,
11x234580,บริษัท คุริฮาระ (ประเทศไทย) จำกัด,SV01,,,-(0)2-711-5188,,,19x43,0.00000000,0,CRM,
11x234621,บริษัท คิง โกลบอล อินคอร์ปอเรท จำกัด,CH41,,,,,,19x88,0.00000000,0,CRM,
11x235114,Thailon Techno Fiber,TT01,,,,,,19x92,0.00000000,0,CRM,https://www.dataforthai.com/company/0105536098488/#google_vignette
11x235120,บริษัท โกลบอล นานา เทค จำกัด,CH09,,,,,,19x92,0.00000000,0,CRM,
11x235124,บริษัท โพลีวิชั่น พรีซิชั่น โมลด์ (ประเทศไทย) จำกัด,CH42,,,,,,19x92,0.00000000,0,CRM,
11x235130,บริษัท เทอราโกร เฟอร์ติไลเซอร์ จำกัด (สำนักงาน),CH11,,,,,,19x92,0.00000000,0,CRM,
11x235134,บริษัท มินิเกรท แพคกิ้ง (ไทยแลนด์) จำกัด,CH42,,,,,,19x92,0.00000000,0,CRM,
11x235144,บริษัท สุวรรณภูมิเกษตรอุตสาหกรรม จำกัด,CH11,,,,,,19x92,0.00000000,0,CRM,
11x235167,"Han Sein Thant Co., Ltd.",SV01,,,,,,19x45,0.00000000,0,CRM,
11x235191,สากล อินดัสเตรียล เซอร์วิส,CH07,,,,,,19x74,0.00000000,0,CRM,
11x235550,NKD MOTOR,SV04,,,,,,19x23,0.00000000,0,CRM,
11x235561,บริษัทมุ่งเจริญกรีนเพาเวอร์ จำกัด,SV04,,,,,,19x45,0.00000000,0,CRM,
11x235693,kerry,SV04,,,,,,19x23,0.00000000,0,CRM,
11x235894,บริษัท แคส เอ็นจิเนียริ่ง แอนด์ โซลูชั่น จำกัด,SV01,,,,,,19x45,0.00000000,0,CRM,
11x235987,บริษัท เอ.เค.พี.เทคโนโลยี จำกัด,SV04,,,,,,19x91,0.00000000,0,CRM,
11x236005,บริษัท เอเคพี ไฟฟ้า และวิศวกรรม จำกัด,SV04,,,,,,19x91,0.00000000,0,CRM,
11x236176,บริษัท โปรดัคทีฟ แวคคั่ม เทคโนโลยี จำกัด,SV04,,,,,,19x19,0.00000000,0,CRM,
11x236190,บริษัท ทีทีเอ็นที ดีเวลลอปเม้นท์ จำกัด,SV04,,,,,,19x45,0.00000000,0,CRM,
11x236593,บริษัท โปรเกรส เทคโนโลยี ยูทิลิตีส์ จำกัด,UT03,,,,,,19x92,0.00000000,0,CRM,
11x237036,"BYM TRADING CO., LTD.",SV04,,,,,,19x45,0.00000000,0,CRM,
11x237078,บริษัท ปัญจพล เปเปอร์  อินดัสตรี้ จำกัด,????,,,,,,19x18,0.00000000,0,WEBSERVICE,
11x237080,บริษัท ขุนช้าง เอ็นจิเนียริ่ง คอนสตรัคชั่น,????,,,,,,19x43,0.00000000,0,WEBSERVICE,
11x237122,"BEATECH-THAI ENGINEERING Co.,Ltd.",SV04,,,086-0442707,,,19x43,0.00000000,0,CRM,
11x237148,M.Presco,SV04,,,,,,19x19,0.00000000,0,CRM,
11x237158,PK Gas compression,CH02,,,,,,19x23,0.00000000,0,CRM,
11x237181,"Thai Shimizu Co., Ltd.",SV01,,,66-2-230-0333,,,19x43,0.00000000,0,CRM,
11x237198,ยูไนเต็ด เมคคานิคอล เทคโนโลยี (ไทยแลนด์) จำกัด,OM00,,,,,,19x90,0.00000000,0,CRM,
11x237219,บมจ. พูนทรัพย์ ซัพพลาย 1977,SV04,,,,,,19x19,0.00000000,0,CRM,
11x237233,บริษัท ไอซีที แมนูแฟคเจอริ่ง จํากัด,CH05,,,,,,19x37,0.00000000,0,CRM,
11x237327,"International Procurement Co.,Ltd.",SV04,,,02319-4075,,,19x43,0.00000000,0,CRM,
11x237332,"Daisei (Thailand) Co.,Ltd.",SV04,,,,,,19x89,0.00000000,0,CRM,
11x237533,UNISUS GREEN ENERGY LIMITED,SV01,,,+66 (0) 929352697,,,19x43,0.00000000,0,CRM,
11x237546,"Technology & Engineering Square Corp.,Ltd",SV01,,,.02-9199076,,,19x43,0.00000000,0,CRM,
11x237551,บริษัท พันธ์โสภาค ออโตเมชั่น จำกัด,SV04,,,,,,19x51,0.00000000,0,CRM,
11x237570,บริษัท คูโบต้า วอเตอร์ แอนด์ เอ็นไวรอนเม้นท์ (ประเทศไทย) จำกัด,UT03,,,,,,19x80,0.00000000,0,CRM,
11x237623,บริษัท ดิ เคน เอ็กซ์เชนจ์ จำกัด (สำนักงานใหญ่),CH04,,,,,,19x96,0.00000000,0,CRM,
11x237627,Tonpai Engineering,SV04,,,,,,19x89,0.00000000,0,CRM,
11x237752,นันยางเท็กซ์ไทล์,TT01,,,,,,19x92,0.00000000,0,CRM,
11x237757,SUPERGRIP COMPANY LIMITED,CH42,,,,,,19x92,0.00000000,0,CRM,
11x237766,บริษัท เพาเวอร์แม็กซ์ พลัส จำกัด,SV04,,,,,,19x88,0.00000000,0,CRM,
11x237782,Lucta (Thailand),FD05,,,,,,19x27,0.00000000,0,CRM,
11x237791,"Progress Intertech Co., Ltd.",SV04,"20/10 Moo 12, Klong5, Klong Luang District,Pathum Thani 12120.",,081-629-5240,sungkom_s@progressintertech.com,,19x43,0.00000000,0,CRM,
11x237807,JGC CORPORATION,SV01,,,,,,19x76,0.00000000,0,CRM,
11x237819,"TRIPPLE E TRADING CO., LTD.",SV04,,,02-4727341-48,,,19x45,0.00000000,0,CRM,
11x237893,"TIP TECH Engineering Co.,Ltd.",SV04,,,,,,19x88,0.00000000,0,CRM,
11x237925,บริษัท เศรษฐีศิลป์ จำกัด,SV04,,,065 362 8914,,,19x45,0.00000000,0,CRM,
11x237944,บริษัท รวมทรัพย์เจริญ (1997) จำกัด,SV04,,,,,,19x80,0.00000000,0,CRM,
11x237990,บริษัท เทอร์โบ ซัพพลาย เอ็นจิเนียริ่ง จำกัด,UT03,,,,,,19x92,0.00000000,0,CRM,
11x238011,บริษัท เมคโทรนิค จำกัด,SV04,,,,,,19x19,0.00000000,0,CRM,
11x238039,Thaworn Poonsup Electric,SV04,,,,,,19x89,0.00000000,0,CRM,
11x238042,"Kingboard Laminate Manufacturing (Thailand) Co., Ltd.",EI00,,,,,,19x96,0.00000000,0,CRM,
11x238044,บริษัท พี.เค. เมนเทนแนนซ์ เซอร์วิส จำกัด,SV04,,,,,,19x91,0.00000000,0,CRM,
11x238046,"KCE Technology Co., Ltd.",EI00,,,,,,19x96,0.00000000,0,CRM,
11x238048,Bearings Specialist,SV04,,,02-8400065,,,19x27,0.00000000,0,CRM,
11x238092,บริษท นาลโก อินดัสเทรียล เซอร์วิส (ประเทศไทย) จำกัด,XX00,,,,,,19x90,0.00000000,0,CRM,
11x238140,บริษัท แอสซ่า อินเตอร์เนชั่นแนล จำกัด,SV04,,,,,,19x19,0.00000000,0,CRM,
11x238179,บริษัท ไอโซเทค พาเนล ซิสเท็มส์ จำกัด,SV07,,,,,,19x88,0.00000000,0,CRM,
11x238285,บริษัท วี บราเดอร์ อินดัสตรี้ จำกัด,CH03,,,,,,19x88,0.00000000,0,CRM,
11x238316,DVK HEALTHCARE,CH09,,,,,,19x92,0.00000000,0,CRM,
11x238468,"NAMCHIAO CO.,LTD.",UT03,,,,,,19x89,0.00000000,0,CRM,
11x238901,บริษัท เอี่ยมเฮง โมดิฟาย สตาร์ช จำกัด,FD08,30330,,,suratawat@eiamheng.com,Active,19x34,3857392675.98000000,500,CRM,https://eiamheng.com/
11x239030,"GOLDPLUSTECHNOLOGY SYSTEM CO., LTD.",SV04,,,,,,19x89,0.00000000,0,CRM,
11x239119,"Lucky Star Marine Supply Co., Ltd.",SV04,ระยอง,,,,,19x21,82988430.84000000,0,CRM,https://www.lsmsupply.com/
11x239256,ยูนิเวอร์แซล ยูทีลิตี้ส์ จํากัด (มหาชน),UT03,,,,,,19x92,0.00000000,0,CRM,
11x239417,Premium equipment,SV04,,,,,Active,19x21,878826906.24000000,0,CRM,
11x239422,บริษัท พิดิยี่สิบเอ็ด จำกัด,XX00,,,,,,19x96,0.00000000,0,CRM,
11x240155,บริษัท เอ็นจิเนียร์คอร์ จำกัด,CH42,,,,,,19x51,0.00000000,0,CRM,
11x240372,บริษัท วิน อินเตอร์เทค จำกัด,SV04,,,02-573 3245,,,19x45,0.00000000,0,CRM,
11x240417,บริษัท รีเจน สมาร์ท ซิตี้ (ประเทศไทย) จำกัด,SV04,,,,,,19x90,0.00000000,0,CRM,
11x240505,อินโดรามา โพลีเมอร์ส (Asia pat) จำกัด (มหาชน),CH42,,,,,,19x80,0.00000000,0,CRM,
11x240517,บริษัท อาร์.พี.เอส.2013 เอ็นจิเนียริ่ง แอนด์ เซอร์วิส จำกัด,SV04,,,,,,19x77,0.00000000,0,CRM,
11x240523,"FlUID POWER ENGINEERING CO.,LTD.",SV04,,,,,,19x89,0.00000000,0,CRM,
11x240541,Nitro Chemical,CH01,,,,,,19x89,0.00000000,0,CRM,
11x240649,บริษัท ไทยยูเนี่ยน อินกรีเดียนท์ จำกัด,FD01,,,,,,19x61,0.00000000,0,CRM,
11x240727,"SURIYAPOWER CO.,LTD.",SV04,,,,,,19x89,0.00000000,0,CRM,
11x240750,"Thai Meidensha Co., Ltd",SV01,,,,,,19x19,0.00000000,0,CRM,
11x240779,บริษัท วงษ์สยามก่อสร้าง จำกัด,SV01,,,,,,19x78,0.00000000,0,CRM,
11x240802,บริษัท ราชบุรี-อีอีพี รีนิวเอเบิ้ล เอนเนอจี้ จำกัด,UT01,,,,,,19x45,0.00000000,0,CRM,
11x240839,เจจีซี คอร์ปอเรชั่น,????,,,,,,19x90,0.00000000,0,WEBSERVICE,
11x240841,บริษัท ฟลูอิด ออล จำกัด,????,,,,,,19x89,0.00000000,0,WEBSERVICE,
11x240857,บริษัท แอ็พพลาย ดีบี จำกัด (มหาชน),????,,,,,,19x92,0.00000000,0,WEBSERVICE,
11x240908,บริษัท ซิก-ไนน์ (ไทยแลนด์) จำกัด,????,,,,,,19x23,0.00000000,0,WEBSERVICE,
11x240943,บริษัท ยูนิเวอร์แซล ยูทีลิตี้ส์ จำกัด (มหาชน),????,,,,,,19x92,0.00000000,0,WEBSERVICE,
11x240953,บริษัท สมาร์ท โปร อินเตอร์เทรด จำกัด,????,,,,,,19x43,0.00000000,0,WEBSERVICE,
11x240956,บริษัท ทีอาร์อาร์ ฟู้ดโปรดักส์ จำกัด,????,,,,,,19x43,0.00000000,0,WEBSERVICE,
11x240959,บริษัท คูโบต้า วอเตอร์ แอนด์ เอ็นไวรอนเม้นท์,????,,,,,,19x92,0.00000000,0,WEBSERVICE,
11x241112,"MECS Engineering Co., Ltd",SV01,,,: +ุ66 (0)83 005 0026,,,19x43,0.00000000,0,CRM,
11x241149,Premium first tank,SV01,,,,,,19x23,0.00000000,0,CRM,
11x241255,D2D ENGINEERING SERVICE AND SUPPLY,SV04,,,063-6399546,,,19x61,0.00000000,0,CRM,
11x242111,บริษัท ทริปเปิ้ล อี เทรดดิ้ง จำกัด,????,,,,,,19x45,0.00000000,0,WEBSERVICE,
11x242139,บริษัท ไทยเมเดนชา จำกัด,????,,,,,,19x19,0.00000000,0,WEBSERVICE,
11x242155,บริษัท น้ำตาลและอ้อยตะวันออก จำกัด(มหาชน),FD04,,,,,,19x96,0.00000000,0,WEBSERVICE,
11x242162,INNOVATION TECHNOLOGY,SV01,,,,,,19x62,0.00000000,0,CRM,
11x242492,บริษัท เอส.โอ.พี.ซัพพลาย จำกัด,SV04,,,,,,19x34,0.00000000,0,CRM,
11x243429,"Iharanikkei Chemical (Thailand) Co., Ltd.",CH01,,,,,,19x90,0.00000000,0,CRM,
11x243586,บริษัท ไซม์ ดาร์บี้ ออยล์ มรกต จำกัด (มหาชน),FD03,,,086 566 0201,,,19x45,0.00000000,0,CRM,
11x243717,บริษัท ทีเทค เทคโนโลยี จำกัด,SV01,,,093 641 4195,,,19x45,0.00000000,0,CRM,
11x243924,บริษัท ไทยเมจิ ฟาร์มาซิวติคัล จำกัด,CH05,,,,,,19x37,0.00000000,0,CRM,
11x243971,บริษัท พิดิ ยี่สิบเอ็ด จำกัด,????,,,,,,19x18,0.00000000,0,WEBSERVICE,
11x243981,บริษัท เอสซีที สหภัณฑ์ จำกัด,SV01,,,,,,19x23,0.00000000,0,CRM,
11x244007,Thai Nippon plant,SV01,,,,,,19x89,0.00000000,0,CRM,
11x244161,บจก.อะนาไลติคอล ซิสเต็ม เอ็นจิเนียริ่ง,SV04,,,,,,19x78,0.00000000,0,CRM,
11x244196,บริษัท บูรพา ออโต้เทค เอ็นจิเนียริ่ง จำกัด,SV04,,,,,,19x77,0.00000000,0,CRM,
11x244198,บริษัท ลภัสกร คอมเมอร์เชียล จำกัด,SV04,,,,,,19x78,0.00000000,0,CRM,
11x244200,"POWERMAX PLUS CO.,LTD.",SV04,,,,,,19x51,0.00000000,0,CRM,
11x244290,บริษัท แบริ่ง สเปเชียลลิส จำกัด,????,,,,,,19x27,0.00000000,0,WEBSERVICE,
11x244310,"Proud Inter Products Co.,Ltd.",SV04,,,,,,19x51,0.00000000,0,CRM,
11x244313,VS CHEM (1970) LTD.,CH01,,,,,,19x89,0.00000000,0,CRM,
11x244380,บริษัท ดานิลี่ จำกัด,SV01,,,,,Active,19x78,1445000000.00000000,0,CRM,www.danieli.com
11x244516,บริษัท ที-เซอร์วิส 2024 จำกัด,SV01,,,,,,19x37,0.00000000,0,CRM,
11x244610,บริษัท ตรีพล เทคโนโลยี จำกัด,FD02,,,,,,19x37,0.00000000,0,CRM,
11x244622,บริษัท ออโต แมชชีน พาร์ท (ประเทศไทย) จำกัด,SV04,,,,,,19x19,0.00000000,0,CRM,
11x244625,บริษัท เจเคย์ เอ็นจิเนียริ่ง (2016) จำกัด,SV04,,,,,,19x51,0.00000000,0,CRM,
11x244798,บจก. มาบุญครองศิริชัย,SV01,,,,,,19x43,0.00000000,0,CRM,
11x244800,บริษัท อัลเทค เอเชีย แปซิฟิค จำกัด,XX00,,,,,,19x96,0.00000000,0,CRM,
11x244830,บริษัท ฟิโก้ โรโบติก จำกัด,SV04,,,,,,19x90,0.00000000,0,CRM,
11x244921,"NC Advanced Technology Co., Ltd.",SV04,,,081-9846152,,,19x77,0.00000000,0,CRM,
11x244973,"Microchip Technology (Thailand) Co.,Ltd.",EL00,,,,,,19x96,0.00000000,0,CRM,
11x244975,บริษัท ไซเอ็นส์โค (บางปู) สเปเชียลตี้ เคมีคอลส์ จำกัด,CH07,,,,,,19x74,0.00000000,0,CRM,
11x244978,"Unison Laboratories Co., Ltd.",CH05,,,,,,19x96,0.00000000,0,CRM,
11x244984,BBGI BIO ETHANOL PUBLIC COMPANY LIMITED (BO PLOY),CH04,,,,,,19x96,0.00000000,0,CRM,
11x245042,บริษัท โกรเกียร์ อินดัสเทรียล จำกัด,SV04,,,081-6562539,,,19x27,0.00000000,0,CRM,
11x245239,บริษัท สกาย พาร์ทส์ เอ็นจิเนียริ่ง จำกัด,SV04,,,,,,19x61,0.00000000,0,CRM,
11x245247,NIHON F.T.B. (THAILAND) COMPANY LIMITED,CH42,,,,,,19x92,0.00000000,0,CRM,
11x245251,"STB Textiles Industry Co.,LTD",TT01,,,,,,19x92,0.00000000,0,CRM,
11x245420,"J.I.T. Equipment CO., LTD",SV04,,,02-949 8050-2,,,19x43,0.00000000,0,CRM,
11x245427,WTP Thailand,SV01,,,+66 (0) 2258 4898,,,19x43,0.00000000,0,CRM,
11x245530,"THAI OBAYASHI CORP., LTD.",SV01,,,099-2634545,marina.to@thaiobayashi.co.th,,19x43,0.00000000,0,CRM,
11x245713,บริษัท นวโลหะอุตสาหกรรม จำกัด,UT99,,,,,,19x77,0.00000000,0,CRM,
11x245814,"The nawaloha industry co.,ltd.",UT99,,,,,,19x77,0.00000000,0,CRM,
11x245925,"ARCHEM (THAILAND) CO., LTD.",CH42,,,,,,19x51,0.00000000,0,CRM,
11x246716,บริษัท ไทยพัฒนสิน (จิ้นเส็ง) จำกัด,SV04,,,081-6533932,,,19x77,0.00000000,0,CRM,
11x246717,บริษัท เคมีคอล บราเธอร์ส จำกัด,CH01,,,,,,19x77,0.00000000,0,CRM,
11x247245,บริษัท ทิปโก้แอสฟัลท์ จำกัด (มหาชน) (สาขาโรงงานพระประแดง),CH15,,,02 270 0465,,,19x45,0.00000000,0,CRM,
11x247333,ดี.เค. ศรีสุข เอ็นจิเนียริ่ง แอนด์ ซัพพลาย,SV01,,,,,,19x43,0.00000000,0,CRM,
11x247389,บริษัท พราวด์ อินเตอร์ โปรดักส์ จำกัด,????,,,,,,19x51,0.00000000,0,WEBSERVICE,
11x247395,บริษัท ยูเซ็น โลจิสติกส์ (ประเทศไทย)  จำกัด,????,,,,,,19x18,0.00000000,0,WEBSERVICE,
11x247969,บริษัท แอบโซลูท นอร์ม จำกัด,SV04,,,085-6866400,,,19x43,0.00000000,0,CRM,
11x247978,บริษัท ราชบุรีเวอลด์ โคเจนเนอเรชั่น จำกัด,SV01,,,,,,19x45,0.00000000,0,CRM,
11x247987,บริษัท ไต้หวัน ยูเนี่ยน เทคโนโลยี (ประเทศไทย) จำกัด,EL01,,,,,,19x37,0.00000000,0,CRM,
11x248010,"Polytechnology co.,ltd",SV01,,,038-607-431,,,19x43,0.00000000,0,CRM,
11x248025,บริษัท ไทยนิสเซ่แพ็คเกจจิ้ง จำกัด,CH42,,,,,,19x92,0.00000000,0,CRM,
11x248029,บริษัท ทาเคอิ พลาสติก (ประเทศไทย) จำกัด,CH42,,,,,,19x92,0.00000000,0,CRM,
11x248145,T.M.K. SERVICE SUPPLY,SV01,,,,,,19x45,0.00000000,0,CRM,
11x249053,"SNU Solutions Provider Co., Ltd.",SV01,"139/1 Sukhumvit 81, Prakanong Nuea, Wattana, Bangkok 10260 Thailand 10260",,023321167,sales.sp@snuthailand.com,,19x43,0.00000000,0,CRM,
11x250208,บริษัท แสงธานีเอ็นจิเนียริ่ง จำกัด,XX00,,,,,,19x96,0.00000000,0,CRM,
11x250210,บริษัท โปร พัฒนา ยุนิ กรุ๊ป จำกัด,SV04,,,062 2636641,,,19x45,0.00000000,0,CRM,
11x250241,TECHNICAL THAI SERVICE COMPANY LIMITED,SV02,,,,,,19x51,0.00000000,0,CRM,
11x250294,Lucky Alpha Glow,SV01,,,,,,19x45,0.00000000,0,CRM,
11x250299,IFS Facillity Service,UT99,,,,,,19x23,0.00000000,0,CRM,
11x250325,"Mitsubishi Heavy Industries, Ltd.",SV01,,,+81-(0)70-1074-5074,,,19x45,0.00000000,0,CRM,
11x250335,บริษัท ท่าบ่อเอ็นเนอร์ยี จำกัด,CH02,,,,,,19x45,0.00000000,0,CRM,
11x250484,"FTE (Thailand) Co., Ltd.",SV01,,,,,,19x43,0.00000000,0,CRM,
11x250488,E85,CH16,,,,,,19x34,0.00000000,0,CRM,
11x250491,บริษัท ทูเดย์ กู๊ดลัค อินเตอร์เทรด จำกัด,SV01,,,,,,19x37,0.00000000,0,CRM,
11x250587,อาร์.พี.เอ็ม. ฟาร์ม แอนด์ ฟีด,FD05,,,,,,19x27,0.00000000,0,CRM,
11x250662,บริษัท เอสเอ็นยู โซลูชั่น โพรไวด์เดอร์ จำกัด,????,,,,,,19x43,0.00000000,0,WEBSERVICE,
11x250668,BSRC,CH14,,,,,,19x23,0.00000000,0,CRM,
11x250711,"Zastic International Co.,Ltd.",SV04,,,,,,19x89,0.00000000,0,CRM,
11x250796,บริษัท เจ แอนด์ โกร ซอฟต์พาวเวอร์ ทูลส์ แอนด์ เซอร์วิส จำกัด,SV01,,,,,,19x90,0.00000000,0,CRM,
11x250849,บริษัท ซาสติค อินเตอร์เนชั่นแนล จำกัด,SV04,,,,,,19x80,0.00000000,0,CRM,
11x250852,Polyplex,SV01,,,,,,19x43,0.00000000,0,CRM,
11x250853,"TOKYO SANGYO (THAILAND) CO., LTD.",UT03,,,,,,19x92,0.00000000,0,CRM,
11x250877,บริษัท แพลนไนน์ จำกัด,CH15,,,0891644826,,,19x45,0.00000000,0,CRM,
11x250912,บริษัท ท่าบ่อ เอ็นเนอร์ยี่ จำกัด,????,,,,,,19x45,0.00000000,0,WEBSERVICE,
11x250946,บริษัท เอ็ม พอร์ท ซัพพลายแอนด์เซอร์วิส จำกัด,SV04,,,จต/ขุตตตๅตภ,,,19x77,0.00000000,0,CRM,
11x250955,ห้างหุ้นส่วนจำกัด ก.อารยพาณิชย์,SV04,,,,,,19x80,0.00000000,0,CRM,
11x250957,บริษัท ธนกร เอ็นจิเนียริ่ง แอนด์ คอนสตรัคชั่น จำกัด,SV01,,,,,,19x80,0.00000000,0,CRM,
11x251051,"Thai Pipeline Network Co.,Ltd",CH14,,,,,,19x43,0.00000000,0,CRM,
11x251059,บริษัท ฟลูอิด จำกัด,SV01,,,,,,19x43,0.00000000,0,CRM,
11x251100,บริษัท เอสซีเอ็ม เอนเนอร์ยี่ เซอร์วิส จำกัด,SV04,,,,,,19x80,0.00000000,0,CRM,
11x251120,VNP Worldwide Trade,SV04,,,,,,19x27,0.00000000,0,CRM,
11x251230,บริษัท คออดี้ อินคอร์เปอเรชั่น (เอเชีย) จำกัด,SV04,,,,,,19x80,0.00000000,0,CRM,
11x251232,M.PLUS ENGINEERING COMPANY LIMITED.,SV01,,,,,,19x43,0.00000000,0,CRM,
11x251237,บริษัท เวลเอ็นจิเนียริ่งเซอร์วิส จำกัด,SV01,,,,,,19x37,0.00000000,0,CRM,
11x251240,บริษัท เเอริคอมไซ (ประเทศไทย) จำกัด,SV01,,,,,,19x37,0.00000000,0,CRM,
11x251275,บริษัท เอส.เอ.อี.เทค จำกัด,SV04,,,,,,19x19,0.00000000,0,CRM,
11x251704,"TODOROKI ASIA CO., LTD.",SV04,,,,,,19x91,0.00000000,0,CRM,
11x252214,บริษัท ศิวกร เคเอสพี จำกัด,SV04,,,0622415694,,,19x19,0.00000000,0,CRM,
11x252242,ริษัท เจลลี เบลลี แคนดี้ คอมปานี (ประเทศไทย) จำกัด,FD99,,,,,,19x45,0.00000000,0,CRM,
11x252355,บริษัท สยามพรีเสิร์ฟฟู้ดส์ จำกัด,FD99,,,032-397118,,,19x45,0.00000000,0,CRM,
11x252487,บริษัท เอฟ อี เอส ที เอ็นจิเนียริ่ง แอนด์ เซอร์วิสเซส (ไทยแลนด์) จำกัด,SV01,,,,,,19x43,0.00000000,0,CRM,
11x252499,บริษัท เอเชียลิงค์ เทอร์มินัล,SV01,,,,,,19x23,0.00000000,0,CRM,
11x253134,"Polytechnology co., ltd.",SV01,108 59 หมู่ 5 ซอย แจ้งวัฒนะ-ปากเกร็ด 20 ตำบล ปากเกร็ด อำเภอปากเกร็ด นนทบุรี 11120,,,,,19x43,0.00000000,0,CRM,
11x253386,"Taiwan Union Technology (Thailand) Co., Ltd.",EL00,,,,,,19x96,0.00000000,0,CRM,
11x253436,บริษัท แกมเมอร์เทค จำกัด,SV04,,,0991953554,,,19x45,0.00000000,0,CRM,
11x253563,สงวน​วงษ์​1994​จำกัด,SV01,,,,,,19x45,0.00000000,0,CRM,
11x253582,บริษัท เอเนอร์โฟล จำกัด,SV01,,,,,,19x78,0.00000000,0,CRM,
11x253589,บริษัท อาร์.พี.เอ็ม. ฟาร์ม แอนด์ ฟีด จำกัด,????,,,,,,19x27,0.00000000,0,WEBSERVICE,
11x253698,"SUN ENGINEERING AND FIRE SERVICE CO., LTD.",SV04,,,,,,19x89,0.00000000,0,CRM,
11x253806,บริษัท วี.แอล.เอ็นจิเนียริ่ง แอนด์ ดีไซน์ จำกัด,SV01,,,,,,19x78,0.00000000,0,CRM,
11x253812,"Tough Mechanic Co.,Ltd.",SV01,,,,,,19x89,0.00000000,0,CRM,
11x253824,success engineering,SV01,,,,,,19x23,0.00000000,0,CRM,
11x254049,บริษัท อาร์.เอส.ซีวิลเอ็นจิเนียริ่ง จำกัด,SV04,,,0883931425,,,19x45,0.00000000,0,CRM,
11x254056,บริษัท พี.เอ็น.วี อินโนเทค จำกัด,SV04,,,,,,19x34,0.00000000,0,CRM,
11x254177,"Meiji (Thailand) Co., Ltd.",SV04,,,,,,19x51,0.00000000,0,CRM,
11x254221,บริษัท ชยพล อินเตอร์เนชั่นแนล จำกัด,SV01,,,,,,19x23,0.00000000,0,CRM,
11x254383,Sika ซิก้า สระบุรี,CH09,,,038109555,,,19x92,0.00000000,0,CRM,
11x254398,บริษัท ไอ-บอร์น ซัพพลาย แอนด์ เซอร์วิส จำกัด,CH16,,,,,,19x96,0.00000000,0,CRM,
11x254536,"GLOBAL SEAL CO., LTD.",SV04,,,,,,19x78,0.00000000,0,CRM,
11x254630,เบทาโกร-รง.1,FD05,,,,,,19x27,0.00000000,0,CRM,
11x254777,โรงแรม สมุย 2 จำกัด,SV01,,,,,,19x43,0.00000000,0,CRM,
11x254782,PAE (Thailand) Public Company Limited,CH14,,,,,,19x43,0.00000000,0,CRM,
11x254819,"Cargo Electric Co., Ltd.",SV04,,,,,,19x78,0.00000000,0,CRM,
11x254894,"AN Part and Service Co., Ltd.",SV01,,,,,,19x89,0.00000000,0,CRM,
11x254906,บริษัท ไอคอน เทค อินสทรูเม้นท์ จำกัด,FD09,,,,,,19x74,0.00000000,0,CRM,
11x254911,บริษัท เจ พี เอ็ม เทรดดิ้ง จำกัด,FD09,,,,,,19x74,0.00000000,0,CRM,
11x254913,บริษัท สีมา เอ็นจิเนียริ่ง โปรดักส์  จำกัด,FD09,,,,,,19x74,0.00000000,0,CRM,
11x254920,tatsuno,SV01,,,,,,19x43,0.00000000,0,CRM,
11x255490,บริษัท ราชพัฒนา เอ็นเนอร์ยี จำกัด (มหาชน),UT01,,,038481555,,,19x45,0.00000000,0,CRM,
11x255548,บริษัท วีไทร์ แอนด์ รับเบอร์ จำกัด,AG01,,,,,,19x34,0.00000000,0,CRM,
11x255652,บริษัท เอ เอ แก๊ส จำกัด,CH02,,,081-957 0969,,,19x45,0.00000000,0,CRM,
11x255654,MCKEY FOOD SERVICES (THIALAND) LIMITED,FD01,,,,,,19x43,0.00000000,0,CRM,
11x256218,บริษัท ทีเอฟ เทค จำกัด,XX00,,,,,,19x18,0.00000000,0,CRM,
11x256270,"Siam Pro Relocations Co., Ltd.",SV04,,,,,,19x89,0.00000000,0,CRM,
11x256272,บริษัท ณษิทา จำกัด,UT03,,,,,,19x80,0.00000000,0,CRM,
11x256580,บริษัท ฟาสเทค มอเตอร์ เซอร์วิส จำกัด,SV01,,,,,,19x34,0.00000000,0,CRM,
11x256776,บจก.มัลติโคเอ็นจิเนียริ่ง(ประเทศไทย),SV01,,,,,,19x23,0.00000000,0,CRM,
11x256892,บริษัท เนเชอร์เวิร์คส์ เอเชีย แปซิฟิก จำกัด,CH01,,,,,,19x80,0.00000000,0,CRM,
11x257064,"LEANTECH SYSTEMS CO.,LTD.",SV04,,,,,,19x89,0.00000000,0,CRM,
11x257075,บริษัท เอ็นจิเนียริ่ง เทคโนโลยี เมนเทนเเนนซ์ เซอร์วิส จำกัด.,SV04,,,,,,19x51,0.00000000,0,CRM,
11x257085,make fluid,SV01,,,,,,19x23,0.00000000,0,CRM,
11x257115,the global industry and engineering,CH14,,,,,,19x23,0.00000000,0,CRM,
11x257136,"PE Automation Co.,Ltd.",SV04,,,,,,19x88,0.00000000,0,CRM,
11x257395,หจก.ธีรวิญญ์ เอ็นจิเนียริ่ง,SV01,,,,,,19x37,0.00000000,0,CRM,
11x257416,บริษัท อีลิท เพาเวอร์ โซลูชั่น จำกัด,SV01,,,,,,19x37,0.00000000,0,CRM,
11x257442,บริษัท โซลแมกซ์ จีโอซินเทติคส์ จำกัด,CH42,,,,,,19x51,0.00000000,0,CRM,
11x257606,"CR3 (Thailand) Co., Ltd.",SV01,,,,,,19x78,0.00000000,0,CRM,
11x257617,Piller Thailand,SV01,,,,,,19x43,0.00000000,0,CRM,
11x257692,บริษัท จระเข้ คอร์ปอเรชั่น จำกัด,CH09,,,02-720-1112,,,19x92,0.00000000,0,CRM,https://www.jorakay.co.th/
11x257781,บริษัท เว็ลธ์ เวิร์คคิง มารีน จำกัด,????,,,,,,19x23,0.00000000,0,WEBSERVICE,
11x257798,บริษัท ไทย ไปป์ไลน์ เน็ตเวิร์ค จำกัด,EI00,,,,,,19x43,0.00000000,0,WEBSERVICE,
11x257821,บริษัท เมคฟลูอิด จำกัด,????,,,,,,19x23,0.00000000,0,WEBSERVICE,
11x257857,บริษัท ทีพีที ปิโตรเคมิคอลส์  จำกัด  (มหาชน),????,,,,,,19x18,0.00000000,0,WEBSERVICE,
11x257859,บริษัท แมคคีย์ฟู้ดเซอร์วิสเซส (ประเทศไทย) จำกัด,????,,,,,,19x43,0.00000000,0,WEBSERVICE,
11x257865,ห้างหุ้นส่วนจำกัด บุญศิริ สตีล,????,,,,,,19x27,0.00000000,0,WEBSERVICE,
11x257869,บริษัท บีเอเอสเอฟ โคทติ้งส์ จํากัด,????,,,,,,19x74,0.00000000,0,WEBSERVICE,
11x257884,บริษัท พีเอพี โซลูชั่น จำกัด,????,,,,,,19x45,0.00000000,0,WEBSERVICE,
11x258146,HANA SEMICONDUCTOR (AYUTTHAYA) COMPANY LIMITED,EL00,,,035-350-803,,,19x96,0.00000000,0,CRM,
11x258159,oyota Parts Center Asia Pacific (TPCAP),UT99,,,,,,19x77,0.00000000,0,CRM,
11x258359,บริษัท นิปปอน เพนต์ ดี-แอ็คท์ จำกัด,CH03,,,,,,19x88,0.00000000,0,CRM,
11x258549,DRIVEMAC INDUSTRIAL SERVICE COMPANY LIMITED,SV04,,,,,,19x91,0.00000000,0,CRM,
11x259070,"Kurihara (Thailand) Co.,Ltd.",SV01,,,,,,19x43,0.00000000,0,CRM,
11x260005,บริษัท เทคโน คูล (ประเทศไทย) จำกัด,SV04,,,,,,19x88,0.00000000,0,CRM,
11x260038,บริษัท มัลติ เอ็นจิเนียริ่ง  แอนด์ ซัพพลาย จำกัด,SV04,,,,,,19x19,0.00000000,0,CRM,
11x260055,MITSUBISHI COMPANY (THAILAND) LTD.,SV01,,,,,,19x45,0.00000000,0,CRM,
11x260316,ห้างหุ้นส่วนจำกัดคม เอ็นจิเนียริ่ง,????,,,,,,19x18,0.00000000,0,WEBSERVICE,
11x260371,บริษัท โกลด์ อีควิปเมนท์ จำกัด,SV04,,,097 137 0149,,,19x45,0.00000000,0,CRM,
11x260476,"K P Tech All Co.,Ltd.",SV04,,,,,,19x89,0.00000000,0,CRM,
11x260509,บริษัท สมทรัพย์ เซอร์วิส,SV04,,,,,,19x19,0.00000000,0,CRM,
11x260511,Beyond Borderless,SV01,,,,,,19x43,0.00000000,0,CRM,
11x260513,บริษัท วินอิควิปเม้นท์ จำกัด,SV04,,,083-9003222,,,19x27,0.00000000,0,CRM,
11x260557,"Experteam Co., Ltd.",SV01,,,,,,19x43,0.00000000,0,CRM,
11x260698,บริษัท ซิกโนด (ประเทศไทย) จำกัด,CH42,,,,,,19x92,0.00000000,0,CRM,
11x260702,บริษัท ท้อปเทร็นด์ แมนูแฟคเจอริ่ง จำกัด,CH42,,,,,,19x92,0.00000000,0,CRM,
11x260718,FK International,SV04,,,,,,19x76,0.00000000,0,CRM,
11x260720,สยามซัพพลาย แอนด์ ไฮดรอลิค จำกัด,SV04,,,,,,19x1,0.00000000,0,CRM,
11x260778,บริษัท เทคนิคคอล ไทย เซอร์วิส จำกัด,????,,,,,,19x51,0.00000000,0,WEBSERVICE,
11x260802,บริษัท มิตซูบิชิ (ประเทศไทย) จำกัด,SV01,,,061 405 6074,,,19x45,0.00000000,0,CRM,
11x260977,หจก.เวอค อินเตอร์เทรด,SV04,,,,,,19x19,0.00000000,0,CRM,
11x261000,บริษัทนี้ บริษัท ทิทโก้ กรุงเทพ จำกัด,SV04,,,02-7430940-42,,,19x45,0.00000000,0,CRM,
11x261138,บริษัท เอเชียลิงค์ เทอมินัล จำกัด,CH14,,,,,,19x43,0.00000000,0,CRM,
11x261526,บริษัท บิยอนด์ บอร์เดอร์เลส จำกัด,SV01,38/49-50 หมู่ 3 ต.คูคต อ.ลำลูกกา จ.ปทุมธานี 12130,,02-531-3969,boonnisa@beyondb.co.th,,19x43,0.00000000,0,CRM,
11x262348,บริษัท อิทธิฉัตร อินดัสเตรียล เวิร์คส์ จำกัด,SV04,,,,,,19x19,0.00000000,0,CRM,
11x262351,บริษัท อุบลเวลแพ็ค จำกัด,CH42,,,088 378 5005,,,19x92,0.00000000,0,CRM,https://www.ubonwellpack.com/
11x262353,ห้างหุ้นส่วนจำกัด แอล.ซัพพลาย (,SV04,,,,,,19x19,0.00000000,0,CRM,
11x262618,ทีพีที ปิโตรเคมิคอลส์ จํากัด (มหาชน),TT01,,,,,,19x80,0.00000000,0,CRM,
11x262636,Gennesaret Company Limited,SV01,,,,,,19x45,0.00000000,0,CRM,
11x262640,"Pump Engineers Co., Ltd.",SV01,,,,,,19x45,0.00000000,0,CRM,
11x262642,LINFOX LOGISTICS (THAILAND) LIMITED,SV04,,,,,,19x89,0.00000000,0,CRM,
11x263029,บริษัท โฟร์ คอมบิเนชั่น จำกัด,SV04,,,,,,19x91,0.00000000,0,CRM,
11x263031,บริษัท ซีลเทค อินดัสตรีส์ จำกัด,SV04,,,,,,19x37,0.00000000,0,CRM,
11x263051,ISO Engineering,SV01,,,,,,19x43,0.00000000,0,CRM,
11x263069,บริษัท แมนโปร เซอร์วิส จำกัด,SV04,,,,,,19x91,0.00000000,0,CRM,
11x263118,M.O.P  CHINKOKU.CO.LTD,SV04,,,,,,19x74,0.00000000,0,CRM,
11x263193,KSBT Engineering,SV01,,,,,,19x43,0.00000000,0,CRM,
11x263209,บริษัท ปั้มเซิร์ฟ ระยอง จำกัด,SV04,,,,,,19x34,0.00000000,0,CRM,
11x263211,บริษัท ซินเนอจี้ คิว (ประเทศไทย) จำกัด,SV04,,,0614566995,,,19x45,0.00000000,0,CRM,
11x263217,"Thai Contracting Management Co.,Ltd",SV01,,,,,,19x43,0.00000000,0,CRM,
11x263229,A-INNOVATE ENGINEERING COMPANY LIMITED,SV03,,,,,,19x92,0.00000000,0,CRM,
11x263234,บริษัท เค ไอ ไบโอก๊าซ จำกัด,CH16,,,,,,19x74,0.00000000,0,CRM,
11x263287,"AEC Industrial Services CO., LTD.",SV01,,,,,,19x89,0.00000000,0,CRM,
11x263292,"TC Enstage Co.,Ltd.",SV04,,,,,,19x90,0.00000000,0,CRM,
11x263341,บริษัท เค วี อีควิปเม้นท์ แอนด์ เซอร์วิส จำกัด,SV04,,,,,,19x80,0.00000000,0,CRM,
11x263381,บริษัท พีลาทัส มารีน จำกัด,SV01,,,,,,19x23,0.00000000,0,CRM,
11x263422,THE ENGINEER,UT03,,,,,,19x92,0.00000000,0,CRM,
11x263523,"LINEMAKER ENGINEERING CO., LTD.",SV01,,,,,,19x45,0.00000000,0,CRM,
11x263558,Unithai,SV01,,,,,,19x23,0.00000000,0,CRM,
11x263570,บริษัท ลาเท็กซ์เอเชีย (ประเทศไทย)จำกัด,AG02,,,,,,19x34,0.00000000,0,CRM,
11x263621,บริษัท สมาร์ท ซิสเต็ม แอนด์ ออโตเมชั่น เอ็นจิเนียริ่ง จำกัด,SV04,,,,,,19x92,0.00000000,0,CRM,
11x264280,SHERA BUILDING SOLUTION (PHILIPPINES) CORP.,????,,,,,,19x19,0.00000000,0,WEBSERVICE,
11x264284,บริษัท สีไทยกันไซเพ้นท์  จำกัด,????,,,,,,19x18,0.00000000,0,WEBSERVICE,
11x264286,บริษัท ยู-เซอร์วิสเซส (ปราจีนบุรี) จำกัด,????,,,,,,19x45,0.00000000,0,WEBSERVICE,
11x264295,บริษัท ซัน เอ็นจิเนียริ่ง แอนด์ ไฟร์ เซอร์วิส จำกัด,????,,,,,,19x89,0.00000000,0,WEBSERVICE,
11x264299,บริษัท ไทยออยล์ จำกัด  (มหาชน),????,,,,,,19x18,0.00000000,0,WEBSERVICE,
11x264347,บริษัท โชคสุวรรณ เอ็นจิเนียริ่ง จำกัด,????,,,,,,19x18,0.00000000,0,WEBSERVICE,
11x264357,บริษัท อาร์เคม (ประเทศไทย) จำกีด,????,,,,,,19x51,0.00000000,0,WEBSERVICE,
11x264668,บริษัท เอ็นเอสอาร์ พริซิขั่น จำกัด,SV01,,,,,,19x37,0.00000000,0,CRM,
11x264698,บริษัท บิ๊ค เคมิคอล จำกัด,FD05,,,,,,19x88,0.00000000,0,CRM,
11x264816,บริษัท อาควา นิชิฮาร่า คอร์ปอเรชั่น จำกัด,UT03,,,,,,19x92,0.00000000,0,CRM,
11x265159,บริษัท เอ-เทค คอนโทรล ซิสเต็มส์ จำกัด,SV04,,,,,,19x19,0.00000000,0,CRM,
11x265458,DEFTSOL ULTIMATE COMPANY LIMITED,UT03,,,,,,19x92,0.00000000,0,CRM,
11x265778,บริษัท เมโทร เอ็ม.ดีเอฟ. จำกัด,AG03,,,,,,19x37,0.00000000,0,CRM,
11x265935,"S.T. SEVEN THAI CO., LTD.",SV04,,,,,,19x91,0.00000000,0,CRM,
11x266014,"E-SQUARE ENVIRONMENT & ENGINEERING CO., LTD.",SV04,,,,,,19x91,0.00000000,0,CRM,
11x266035,บริษัท วี.อาร์. โซลูชั่น แอนด์ เซอร์วิส จำกัด,SV01,,,,,,19x34,0.00000000,0,CRM,
11x266046,BAC engineering,UT99,,,,,,19x23,0.00000000,0,CRM,
11x266089,บริษัท ไทยเทคนิเชี่ยน โรลเลอร์ จำกัด,SV04,,,,,,19x88,0.00000000,0,CRM,
11x266151,"Thai-Phill Services Co., Ltd",SV01,,,,,,19x45,0.00000000,0,CRM,
11x266163,MG EMGINEERING,SV01,,,,,,19x43,0.00000000,0,CRM,
11x266229,บจก.ไอทีที ฟลูอิด เทคโนโลยี่ อินเตอร์เนชั่นแนล (ประเทศไทย),????,,,,,,19x51,0.00000000,0,WEBSERVICE,
11x266283,K&T Trading Individual,SV04,,,,,,19x89,0.00000000,0,CRM,
11x266304,บริษัทธัญญทิพย์เคมีเกษตร,CH07,,,,,,19x74,0.00000000,0,CRM,
11x266323,"TN Pacific Co.,Ltd.",SV04,,,,,,19x89,0.00000000,0,CRM,
11x266516,บริษัท พูลกิจวัฒนา คอนสตรัคชั่น แอนด์ ดีเวลลอปเม้นท์ จำกัด,SV01,,,089-6683299,,,19x77,0.00000000,0,CRM,
11x266531,บริษัท อัลฟ่ากรุ๊ป จำกัด,SV01,,,02 792 9337,,,19x77,0.00000000,0,CRM,
11x266534,บริษัท อาเบอร์เล่ ออโต้เมชั่น (ประเทศไทย) จำกัด,SV01,,,,,,19x77,0.00000000,0,CRM,
11x266552,บริษัท พีเอ็ม เซอร์วิสแอนด์ออโตเมชั่น จำกัด,SV01,,,,,,19x37,0.00000000,0,CRM,
11x266612,"POLY PARTS SUPPLY CO.,LTD.",SV04,,,,,,19x43,0.00000000,0,CRM,
11x266662,Nestlé Thailand (Nestle (Thai) Ltd.),SV04,,,,,,19x91,0.00000000,0,CRM,
11x266675,บริษัท โปรเอ็นไวร์ จำกัด,UT03,,,,,,19x92,0.00000000,0,CRM,
11x266696,บริษัท เอ็มทีบี เพาเวอร์ จำกัด,SV04,,,,,,19x91,0.00000000,0,CRM,
11x266731,C.E.Mech Engineering,SV01,,,,,,19x89,0.00000000,0,CRM,
11x266768,บริษัท สยามราชธานี ออโตเมชัน จำกัด,SV01,,,,,,19x19,0.00000000,0,CRM,
11x266815,บริษัท เอ็กซ์เพิท ทีม จำกัด,????,,,,,,19x43,0.00000000,0,WEBSERVICE,
11x266827,บริษัท มัลติโค เอ็นจิเนียริ่ง (ประเทศไทย) จำกัด,????,,,,,,19x23,0.00000000,0,WEBSERVICE,
11x266835,ห้างหุ้นส่วนจำกัด นิติธรพัฒนา,SV04,,,0865942999,,,19x45,0.00000000,0,CRM,
11x266856,Gulf Development Public Company Limited,UT01,,,0622654428,,,19x45,0.00000000,0,CRM,
11x267032,"Thai Silicon Adhisive Chemical Co., Ltd.",CH09,,,,,,19x92,0.00000000,0,CRM,
11x267036,Precision Plastic,CH42,,,,,,19x92,0.00000000,0,CRM,
11x267041,"NICHIEI (THAILAND) CO.,LTD.",CH09,,,,,,19x92,0.00000000,0,CRM,
11x267048,บริษัทงามดีอุตสาหกรรม,TT01,,,,,,19x92,0.00000000,0,CRM,
11x267054,JIULONGTHAI,CH42,,,,,,19x92,0.00000000,0,CRM,
11x267057,บริษัท สุพรีม พลาสติก อินดัสตรี้,CH42,,,,,,19x92,0.00000000,0,CRM,
11x267120,Econotech,SV01,,,,,,19x91,0.00000000,0,CRM,
11x267314,"Advance Siam Tech Co., Ltd",SV04,,,062-652-6664,,,19x45,0.00000000,0,CRM,
11x267462,บริษัท เอสเคเค เคมิคอล (ไทยแลนด์) จำกัด,CH03,,,,,,19x88,0.00000000,0,CRM,
11x267465,บริษัท เซนทาโก(ประเทศไทย) จำกัด,FD05,,,,,,19x88,0.00000000,0,CRM,
11x267549,"SD Guthrie International Morakot Public Co., Ltd.",FD03,,,0966386566,,,19x45,0.00000000,0,CRM,
11x267577,PBP Global,SV04,,,,,,19x89,0.00000000,0,CRM,
11x267763,บริษัท เอบี ฟู้ด แอนด์ เบฟเวอร์เรจส์ (ประเทศไทย) จำกัด,FD99,,,02363 9000,,,19x45,0.00000000,0,CRM,
11x267791,"E.S.C. INNOVATION CO., LTD.",SV04,,,,,,19x88,0.00000000,0,CRM,
11x267924,บริษัท รอแยลแคนอินดัสทรีส์ จำกัด,MT02,,,,,,19x19,0.00000000,0,CRM,
11x268407,บริษัท อี-โคทติ้งส์ เอเชีย จำกัด,CH43,,,033 017 324,,,19x90,0.00000000,0,CRM,
11x268451,บริษัท เพ็ท ทรีทส์ จำกัด,FD05,,,,,,19x88,0.00000000,0,CRM,
11x268951,บริษัท โฟลว์แล็บ แอนด์ เซอร์วิส จำกัด,SV01,,,,,,19x45,0.00000000,0,CRM,
11x269182,"Unique Plastic Industry Co.,LTD.",CH42,,,,,,19x77,0.00000000,0,CRM,
11x269218,"Sourcing 360 Co.,Ltd.",SV04,,,,,,19x89,0.00000000,0,CRM,
11x269227,บริษัท เจ.บี.พี.อินเตอร์เนชั่นแนล เพ็นท์ จำกัด,CH03,,,,,,19x88,0.00000000,0,CRM,
11x269229,บริษัท ยูนิคพลาสติก อินดัสตรี จำกัด (มหาชน),CH42,,,,,,19x80,0.00000000,0,CRM,
11x269274,บริษัท เพอร์เฟค คอมพาเนียน  กรุ๊ป  จำกัด,????,,,,,,19x18,0.00000000,0,WEBSERVICE,
11x269308,บริษัท วีพีไอ อินดัสตรี จำกัด,CH42,,,,,,19x80,0.00000000,0,CRM,
11x269317,บริษัท ไทยโตไกคาร์บอนโปรดักท์ จำกัด,CH42,,,,,,19x51,0.00000000,0,CRM,
11x269325,บริษัท ซิสเท็ม คอร์ป จำกัด,SV04,,,,,,19x96,0.00000000,0,CRM,
11x269475,Triraphat,CH05,,,,,,19x74,0.00000000,0,CRM,
11x269499,IBC INDUSTRIAL COMPANY LIMITED,SV04,,,,,,19x91,0.00000000,0,CRM,
11x269508,ห้างหุ้นส่วนจำกัด พีเอสอาร์ซี,SV04,,,,,,19x96,0.00000000,0,CRM,
11x269684,บริษัท แสตนดาร์ด แคน จำกัด,MT99,,,,,,19x19,0.00000000,0,CRM,
11x269703,บริษัท พี.ดับบลิว.เอ็นจิเนียริ่ง แอนด์ เซอร์วิส จำกัด,SV01,,,,,,19x37,0.00000000,0,CRM,
11x269720,บจก.รวมเกษตรกรอุตสาหกรรม (ภูเขียว),FD09,,,,,,19x96,0.00000000,0,CRM,
11x269740,บริษัท แซน เทค เซ็นเตอร์ จำกัด,UT03,,,,,,19x80,0.00000000,0,CRM,
11x269774,บริษัท บริดจสโตน คาร์บอน แบล็ค (ประเทศไทย) จำกัด,????,,,,,,19x51,0.00000000,0,WEBSERVICE,
11x269792,Advance Water,UT03,,,,,,19x92,0.00000000,0,CRM,
11x269806,Family Myanmar,SV04,,,,,,19x45,0.00000000,0,CRM,
11x269820,บริษัท ซัน โอเปอเรชั่น จำกัด,FD05,,,,,,19x88,0.00000000,0,CRM,
11x269961,บริษัท อี 85 จำกัด,CH16,,,,,,19x34,0.00000000,0,CRM,
11x270162,Communication & System Solution PCL,SV01,,,,,,19x23,0.00000000,0,CRM,
11x270193,บริษัท พีที พาร์ท เทค จำกัด,SV04,,,082 3854882,,,19x45,0.00000000,0,CRM,
11x270808,TEST-ABFLOW-Co-Ltd,EI00,,,,,,19x48,0.00000000,0,WEBSERVICE,
11x270809,TEST-FROM-CURL,EI00,,,,,,19x48,0.00000000,0,WEBSERVICE,
11x270810,บริษัท ไทยเบฟเวอเรจแคน จำกัด,EI00,,,,,,19x48,0.00000000,0,WEBSERVICE,
11x270811,บริษัทไทยเบฟเวอเรจแคนจำกัด,EI00,,,,,,19x48,0.00000000,0,WEBSERVICE,
11x270812,TEST-PYTHON-API-V2,EI00,,,,,,19x48,0.00000000,0,WEBSERVICE,
11x270813,TEST-UNIQUE2-1785147906,EI00,,,,,,19x48,0.00000000,0,WEBSERVICE,
11x270814,TEST-FINAL-VERIFY,EI00,,,,,,19x48,0.00000000,0,WEBSERVICE,
11x270815,"ABFLOW Engineering Co., Ltd.",EI00,,,,,,19x48,0.00000000,0,WEBSERVICE,
11x270816,"AJINOMOTO CO., (THAILAND) LTD.",FD01,,,,,,19x48,0.00000000,0,WEBSERVICE,
11x270817,"PSP Specialty Co., Ltd.",CH01,,,,,,19x48,0.00000000,0,WEBSERVICE,
11x270834,Super Grip Company Limited,CH42,,,,,,19x92,0.00000000,0,CRM,
11x270840,SANKO (PLASTICS) THAILAND,CH42,,,,,,19x92,0.00000000,0,CRM,
11x270925,project engineer,PP00,,,,,,19x74,0.00000000,0,CRM,
11x270993,บริษัท เพ็ทพัล โปรดักส์ จำกัด(มหาชน),FD05,,,,,,19x88,0.00000000,0,CRM,
11x271089,บริษัท เอเชี่ยน นิวทริชั่น  จำกัด,????,,,,,,19x18,0.00000000,0,WEBSERVICE,
11x271227,บริษัท เทอร์ไบน์แอโร รีแพร์ จำกัด,SV01,,,,,,19x37,0.00000000,0,CRM,
11x271770,บริษัท บีอีเจเอสที ไบโอเอเนอร์จี จำกัด,UT01,,,0928245359,,,19x45,0.00000000,0,CRM,
11x271772,บริษัท เชฟรอน (ไทย)  จำกัด,CH14,19 อาคาร 3 ไทยพาณิชย์ปาร์คพลาซ่า ชั้น 6 ถ.รัชดาภิเษก แขวงจตุจักร เขตจตุจักร กรุงเทพฯ 10120,,,,Active,19x23,0.00000000,0,CRM,
11x271889,บริษัท ราชราตัน ไทย ไวร์ จำกัด,UT99,,,,,,19x77,0.00000000,0,CRM,
11x271957,บริษัท กรีน โปรเกรส จำกัด,UT03,,,,,,19x80,0.00000000,0,CRM,
11x272321,บริษัท พรีเมีย ลูบริแค้นท์ จำกัด,CH14,,,0656498776,,,19x45,0.00000000,0,CRM,
11x272393,บริษัท แอสไพร์ พาวเวอร์ จำกัด,SV07,,,,,,19x88,0.00000000,0,CRM,
11x272397,บริษัท เดอะซิสเตอร์กรุ๊ป จำกัด,SV04,,,,,,19x88,0.00000000,0,CRM,
11x272551,บริษัท ไทย จีอาร์พี จำกัด,SV04,,,,,,19x80,0.00000000,0,CRM,
11x272708,"Genesis Engineering & Thermal Solutions Co.,Ltd",SV04,,,,,,19x51,0.00000000,0,CRM,
11x273017,บริษัท บี วาย เอ็ม เทรดดิ้ง จำกัด,SV04,,,086-308-0865,,,19x45,0.00000000,0,CRM,
11x273041,"TKPV CO., LTD",MN01,,,,,,19x89,0.00000000,0,CRM,
11x273075,บริษัท เอส.พี. เอ็นจิเนียริ่ง แอนด์ ซัพพลาย จำกัด,SV04,,,,,,19x51,0.00000000,0,CRM,
11x273121,บริษัท เอพี โซลูชั่น (1989) จำกัด,SV04,,,,,,19x96,0.00000000,0,CRM,
11x273215,HeroMac Pte Ltd,SV01,,,,,,19x23,0.00000000,0,CRM,
11x273259,InspiringInnovative Water and Environmental Solutions,SV04,,,,,,19x91,0.00000000,0,CRM,
11x273448,Yupeng Information Technology,SV01,,,,,,19x89,0.00000000,0,CRM,
11x273486,บริษัท ออพติดูร์ โพลิเมอร์ส จำกัด,AG01,,,,,,19x37,0.00000000,0,CRM,
11x273494,บริษัท เสริมสุข จำกัด (มหาชน),FD04,,,,,,19x37,0.00000000,0,CRM,
11x273532,บ. ไอยรา อินเตอร์เทรด จำกัด,SV01,,,,,,19x23,0.00000000,0,CRM,
11x273554,บริษัท เอสพี เอ็นจิเนียริ่ง แอนด์ ซัพพลาย จำกัด,????,,,,,,19x18,0.00000000,0,WEBSERVICE,
11x273637,AGATEX Feinchemie GmbH,XX00,,,+43 7245 32341 - 0,,,19x1,0.00000000,0,WEBSERVICE,www.agatex.at
11x273638,บริษัท โปทีม บิลเดอร์ จำกัด,XX00,,,0-2947-9371 (Ext.812),,,19x1,0.00000000,0,WEBSERVICE,www.poteam.com
11x273641,อุดมทรัพย์ โคมแก้ว / เอ็น.ไอ.เอ็ม. จำกัด,XX00,,,+66 (0) 2 463 3740-1,,,19x1,0.00000000,0,WEBSERVICE,www.nim.co.th
11x273642,บริษัท เซาเทิร์น คูลลิ่ง ทาวเวอร์ (ไทยแลนด์) จำกัด,XX00,,,02-5132669 / 02-9381215,,,19x1,0.00000000,0,WEBSERVICE,www.southerncooling.net
11x273643,"Natural Green Innovation Co., Ltd.",XX00,,,02-741-4929,,,19x1,0.00000000,0,WEBSERVICE,
11x273646,ห้างหุ้นส่วนจำกัด ซี. มาสเตอร์ เซอร์วิส,XX00,,,02-758-9753,,,19x1,0.00000000,0,WEBSERVICE,www.wastewaterthailand.com
11x273648,บริษัท เทคโนฟิล จำกัด,XX00,,,02-918-0435-37,,,19x1,0.00000000,0,WEBSERVICE,
11x273649,"Liquid Purification Engineering International Co., Ltd.",XX00,,,"(+66) 2903 0810-3, (+66) 2595",,,19x1,0.00000000,0,WEBSERVICE,www.lpe.co.th
11x273650,บริษัท โปรเกรส เทคโนโลยี คอนซัลแต็นส์ จำกัด,XX00,,,"(662) 612-3080-3, 215-2748",,,19x1,0.00000000,0,WEBSERVICE,www.progress.co.th
11x273651,"KINGEN BIOTECH CO., LTD.",XX00,,,+662-026-8956,,,19x1,0.00000000,0,WEBSERVICE,
11x273655,LIXIL WATER TECHNOLOGY AND LIXIL HOUSING TECHNOLOGY / INAX / GROHE / American Standard / TOSTEM,XX00,,,,,,19x1,0.00000000,0,WEBSERVICE,
11x273658,บริษัท บี.เอ็น. บราเดอร์ส จำกัด สาขาที่ 0001,XX00,,,,,,19x1,0.00000000,0,WEBSERVICE,www.beger.co.th | www.facebook.com/begerpaint
11x273662,"Foamtec International Co., Ltd.",XX00,,,+66 (0) 3840 1888 Ext. 8066,,,19x1,0.00000000,0,WEBSERVICE,www.foamtecspecialty.com
11x273669,บริษัท เร็ปโก แมนเทนแนนซ์ จำกัด,XX00,,,,,,19x1,0.00000000,0,WEBSERVICE,
11x273675,บริษัท บาฟส์ อินเทค จำกัด,XX00,,,02 130 5881-3,,,19x1,0.00000000,0,WEBSERVICE,www.bafs-intech.co.th
11x273676,บริษัท เอ็นไวร์ เซอร์วิส แล็บ จำกัด,XX00,,,02-943-5814-5,,,19x1,0.00000000,0,WEBSERVICE,www.envirservicelab.com
11x273677,E.S.L.,XX00,,,,,,19x1,0.00000000,0,WEBSERVICE,
11x273679,บริษัท เวลโกรว์ อินดัสทรีส์ จำกัด,XX00,,,"(038) 570-001, 570-522-3, 570-",,,19x1,0.00000000,0,WEBSERVICE,
11x273680,บริษัท นันทวัน แมนเนจเม้นท์ จำกัด,XX00,,,0-2651-8170-3,,,19x1,0.00000000,0,WEBSERVICE,
11x273681,บริษัท นครราชสีมา กรีน เอ็นเนอร์จี จำกัด,XX00,,,+664 475 6392 Ext. 611,,,19x1,0.00000000,0,WEBSERVICE,
11x273683,บริษัท แป้งมันเอี่ยมเฮงอุตสาหกรรม จำกัด,FD08,,,+66 4445 7040/44,,,19x1,3405232265.25000000,0,WEBSERVICE,www.eiamheng.com
11x273684,วังขนาย / กลุ่มวังขนาย,XX00,,,+ 66 (0) 2210 0853 Ext. 81513,,,19x1,0.00000000,0,WEBSERVICE,www.wangkanai.co.th
11x273685,บริษัท น้ำตาลสิงห์บุรี จำกัด,FD04,,,+663 659 1475-6 Ext. 1915,,,19x96,3107891213.00000000,0,WEBSERVICE,
11x273686,บริษัท ฉัตรชัยแพทย์แผนโบราณ จำกัด (หมอเส็ง),XX00,,,+66 (0) 36 389 911-3,,,19x1,0.00000000,0,WEBSERVICE,
11x273688,บริษัท กิฟฟารีน สกายไลน์ แลบบอราทอรี่ แอนด์ เฮลท์แคร์ จำกัด,CH06,,,+66(0)2834 9222,,,19x74,608227550.00000000,0,WEBSERVICE,www.giffarinefactory.com
11x273689,"ALLIED-TEK (THAILAND) Co., Ltd.",XX00,,,+66 (0) 2944 1931,,,19x1,0.00000000,0,WEBSERVICE,http://www.allied-tek.com
11x273690,ThaiBev,XX00,,,+66 (2) 278 4321 Ext. 3120,,,19x1,0.00000000,0,WEBSERVICE,
11x273692,"ALLIED-TEK (THAILAND) Co.,Ltd.",XX00,,,+66 (0) 2944 1931,,,19x1,0.00000000,0,WEBSERVICE,http://www.allied-tek.com
11x273694,"SIRAYOOTH CO., LTD.",XX00,,,+66 2 130 6794-95,,,19x1,0.00000000,0,WEBSERVICE,SIRAYOOTH.COM
11x273695,บริษัท เอสพีซี คอสเมติก จำกัด สาขาที่ 00001,XX00,,,,,,19x1,0.00000000,0,WEBSERVICE,
11x273699,บริษัท พนาพัฒน์ เฮลท์แคร์ จำกัด,XX00,,,0-2174-7377 -9,,,19x1,0.00000000,0,WEBSERVICE,www.panapat.com
11x273702,NIVEA India Pvt. Ltd.,XX00,,,+91 22 62819953,,,19x1,0.00000000,0,WEBSERVICE,
11x273704,บริษัท อลูคอน จำกัด (มหาชน),MT02,,,0-2398-0147,,,19x1,1445782456.00000000,0,WEBSERVICE,
11x273707,บริษัท เอสเอ็ม-ไซโคล (ไทยแลนด์) จำกัด,XX00,,,+66 3845 4230,,,19x1,0.00000000,0,WEBSERVICE,www.sumitomodrive.com
11x273708,COSTERPACK MANUFACTURING SDN. BHD.,XX00,,,607-354 1122,,,19x1,0.00000000,0,WEBSERVICE,www.coster.com
11x273714,บริษัท แอพตาร์ (ประเทศไทย) จำกัด,XX00,,,+66 (0) 33 007 899,,,19x1,0.00000000,0,WEBSERVICE,www.aptar.com
11x273715,บริษัท เทพอรุณทัย จำกัด,FD07,,,+66 2 278 4321 Ext. 3119,,,19x74,4433270068.00000000,0,WEBSERVICE,www.thaibev.com
11x274128,บริษัท โภกิน เอ็นจิเนียริ่ง แอนด์ ดีเวลลอปเม้นท์ จำกัด,XX00,,,+66-2749-1614-5,,,19x1,0.00000000,0,WEBSERVICE,www.pokin.co.th
11x274129,CHUCHAWAL ROYAL HASKONING,XX00,,,+66 (0) 2 259 1186,,,19x1,0.00000000,0,WEBSERVICE,www.chuchawalroyalhaskoning.com
11x274133,บริษัท โอโน่แมชชีนเนอรี่ จำกัด,XX00,,,(02) 320-0803,,,19x1,0.00000000,0,WEBSERVICE,
11x274135,Fosroc (Thailand) Limited,XX00,,,+66(0)2 136 9898,,,19x1,0.00000000,0,WEBSERVICE,www.fosroc.com
11x274136,บริษัท เด็คก้า จำกัด,XX00,,,0-2939-8239,,,19x1,0.00000000,0,WEBSERVICE,www.deca.co.th
11x274137,บริษัท ไมโครไฟเบอร์อุตสาหกรรม จำกัด,XX00,,,+66(0)-2315-5500,,,19x1,0.00000000,0,WEBSERVICE,www.microfiber.co.th
11x274140,ระยอง เอ็นจิเนียริ่ง แอนด์ พลานต์ เซอร์วิส จำกัด,XX00,,,+66 2 385 9990 ext 169,,,19x1,0.00000000,0,WEBSERVICE,www.chemicals.scg.co.th
11x274154,บริษัท สหไพศาลอินดัสทรี จำกัด,CH01,,,"(66)3482-2218, 3482-2219",,,19x89,0.00000000,0,WEBSERVICE,www.btj-group.com
11x274494,บริษัท แฟรงคลิน ไบโอเทค จำกัด,FD05,,,,,,19x88,0.00000000,0,CRM,
11x274605,บริษัท ไทย เอ็มเอ็มไอ เซอร์วิสแอนด์ซัพพลาย จำกัด,SV04,,,,,,19x34,0.00000000,0,CRM,
11x274704,บริษัท เคนวิว (ประเทศไทย) จำกัด,CH05,,,,,,19x37,0.00000000,0,CRM,
11x274736,Witcorp Product Ltd.,OT99,,,,,,19x89,0.00000000,0,CRM,
11x274751,ทีเคเอส เคมิคอล,CH03,,,,,,19x88,0.00000000,0,CRM,
11x274787,"Phoenix Progressive Technology (Thailand) Co., Ltd.",SV04,,,,,,19x23,0.00000000,0,CRM,
11x274806,บริษัท ไทยเอ็นเนอร์ยี่คอนเซอร์เวชั่น จำกัด,UT03,,,,,,19x80,0.00000000,0,CRM,
11x274831,"Thai Specialty Chemical Co., Ltd.",OM00,,,,,,19x89,0.00000000,0,CRM,
11x275317,บริษัท เอสดี กัทธรี อินเตอร์เนชั่นแนล มรกต จำกัด (มหาชน),FD03,,,096 6386566,,,19x45,0.00000000,0,CRM,
11x275517,"ASIA TYCOONS GROUP CO., LTD.",SV04,,,,,,20x6,0.00000000,0,WEBSERVICE,
11x275518,C.P. VIETNAM CORPORATION HAI DUONG BRANCH,FD05,,,,,,20x5,0.00000000,0,WEBSERVICE,
11x275519,C.P.VIETNAM CORPORATION,FD05,,,,,,20x5,0.00000000,0,WEBSERVICE,
11x275520,CHAROEN POKPHAND FOODS PHILIPPINES CORPORATION,FD05,,,,,,20x5,0.00000000,0,WEBSERVICE,
11x275521,CP Viet Nam Corporation - Binh Dinh Feed Mill,FD05,,,,,,20x5,0.00000000,0,WEBSERVICE,
11x275522,GIG KARASEK GMBH,XX00,,,,,,20x7,0.00000000,0,WEBSERVICE,
11x275523,"LAO ME SAI CO.,LTD.",CH01,,,,,,20x5,0.00000000,0,WEBSERVICE,
11x275524,"Mitr Lao Sugar Co.,Ltd.",FD01,,,,,,20x7,0.00000000,0,WEBSERVICE,
11x275525,"Myanmar C.P Livestock Co.,Ltd.",SV04,,,,,,20x5,0.00000000,0,WEBSERVICE,
11x275526,"PETROLEUM TRADING LAO CO.,LTD",CH14,,,,,,20x7,0.00000000,0,WEBSERVICE,
11x275527,United Tradewind Trading Sdn.Bhd.,SV01,,,,,,20x6,0.00000000,0,WEBSERVICE,
11x275528,VICHET KUNG,SV04,,,,,,20x7,0.00000000,0,WEBSERVICE,
11x275529,"VINA KRAFT PAPER CO., LTD.",PP01,,,,,,20x6,0.00000000,0,WEBSERVICE,
11x275530,การประปาส่วนภูมิภาคสาขาพระนครศรีอยุธยา,UT99,,,,,,20x7,0.00000000,0,WEBSERVICE,
11x275531,บริษัท พีทีที ฟีนอล จำกัด,CH01,,,,,,20x9,0.00000000,0,WEBSERVICE,
11x275532,บริษัท สยามราชธานี (ตะวันออก) จำกัด.,AT00,,,,,,20x8,0.00000000,0,WEBSERVICE,
11x275533,บริษัท อีเลคโทรไทย จำกัด(ยกเลิก),SV04,,,,,,19x1,0.00000000,0,WEBSERVICE,
11x275534,บริษัท อุตสาหกรรม วินิลเทค จำกัด,AT00,,,,,,20x5,0.00000000,0,WEBSERVICE,
11x275535,C.P. Vietnam Corporation - Binh Duong,FD05,,,,,,20x5,0.00000000,0,WEBSERVICE,
11x275536,PTT Polyethylene Company Limited (ยกเลิก),CH99,,,,,,20x8,0.00000000,0,WEBSERVICE,
11x294369,บริษัท เซาท์แลนด์รับเบอร์ จำกัด,AG01,,,,,,19x37,0.00000000,0,CRM,
11x294389,บริษัท อินโดไชน่า เอ็นจิเนียริ่ง ซิสเท็ม คีไล จำกัด,OM00,,,,,,20x7,0.00000000,0,WEBSERVICE,
11x294390,บริษัท ซีพีเอฟ ผลิตภัณฑ์อาหาร จำกัด,FD05,,,,,,20x2,0.00000000,0,WEBSERVICE,
11x294391,บริษัท ปตท. เคมิคอล จำกัด (มหาชน),CH99,,,,,,20x5,0.00000000,0,WEBSERVICE,
11x294392,บริษัท กรุงเทพผลิตภัณฑ์อาหาร จำกัด,FD05,,,,,,20x2,0.00000000,0,WEBSERVICE,
11x294393,บริษัท เจริญโภคภัณฑ์อุตสาหกรรม จำกัด,FD05,,,,,,20x2,0.00000000,0,WEBSERVICE,
11x294394,บริษัท ราชบุรีอาหาร จำกัด,FD05,,,,,,20x2,0.00000000,0,WEBSERVICE,
11x294395,บริษัท มหพันธ์ดีเวลลอปเมนท์ จำกัด,MN05,,,,,,20x2,0.00000000,0,WEBSERVICE,
11x294396,"C.P. VIETNAM LIVESTOCK CORPORATION CO.,LTD.",FD05,,,,,,20x2,0.00000000,0,WEBSERVICE,
11x294397,ห้างหุ้นส่วนจำกัด ส.เอ็นจิเนียริ่งแอนด์อีควิปเม้นท์ (ปิดกิจการ),SV04,,,,,,20x7,0.00000000,0,WEBSERVICE,
11x294398,สยามราชธานี เอ็นจิเนียริ่ง บจก.,AT00,,,,,,20x2,0.00000000,0,WEBSERVICE,
11x294399,CHAROEN POKPHAND VIETNAM CORPORATION,FD05,,,,,,20x2,0.00000000,0,WEBSERVICE,
11x294400,บริษัท นานาภัณฑ์ วัสดุอุตสาหกรรม จำกัด,SV04,,,,,,20x2,0.00000000,0,WEBSERVICE,
11x294401,ผลิตไฟฟ้าระยอง บจก.,UT01,,,,,,20x7,0.00000000,0,WEBSERVICE,
11x294402,C.P. LIVESTOCK CORPORATION,FD05,,,,,,20x2,0.00000000,0,WEBSERVICE,
11x294403,"PTT (LAO) CO., LTD.",CH14,,,,,,20x7,0.00000000,0,WEBSERVICE,
11x294404,VIET A LOGISTICS CO.LTD.,FD02,,,,,,20x6,0.00000000,0,WEBSERVICE,
11x294405,Wright Flow Technologies,SV04,,,,,,19x1,0.00000000,0,WEBSERVICE,
11x294406,บริษัท ทรัพย์ษิร์ชา จำกัด,SV04,,,,,,20x7,0.00000000,0,WEBSERVICE,
11x294407,บริษัท ที.ซี.เค. อินเตอร์เนชันแนล จำกัด,OT99,,,,,,20x7,0.00000000,0,WEBSERVICE,
11x294408,บริษัท นำวิวัฒน์ เมดิคอล คอร์ปอเรชั่น จำกัด (มหาชน),CH05,,,,,,20x6,0.00000000,0,WEBSERVICE,
11x294409,บริษัท บางกอกโคมัตสุอินดัสตรีส์ จำกัด (ปิดกิจการ),UT99,,,,,,20x2,0.00000000,0,WEBSERVICE,
11x294410,บริษัท บุษราคัม มโนรา จำกัด,CH14,,,,,,20x7,0.00000000,0,WEBSERVICE,
11x294411,บริษัท มาลีกรุ๊ป จำกัด (มหาชน),FD01,,,,,,20x7,0.00000000,0,WEBSERVICE,
11x294412,บริษัท อายิโนะโมะโต๊ะเซลส์ (ประเทศไทย) จำกัด,FD01,,,,,,20x7,0.00000000,0,WEBSERVICE,
11x294413,บริษัท เทคนิป เอ็นเนอร์จีส์ (ประเทศไทย) จำกัด,SV01,,,,,,20x6,0.00000000,0,WEBSERVICE,
11x294414,บริษัท โตโยอิ๊งค์ โค้ทติ้ง(ประเทศไทย) จำกัด (ปิดกิจการ),CH03,,,,,,20x2,0.00000000,0,WEBSERVICE,
11x294415,บริษัท ไทยบริการอุตสาหกรรมและวิศวกรรม จำกัด (มหาชน) (ปิดกิจการ),SV01,,,,,,20x2,0.00000000,0,WEBSERVICE,
11x294416,บริษัท กรุงเทพผลิตผลอุตสาหกรรมการเกษตร จำกัด (มหาชน),FD05,,,,,,20x2,0.00000000,0,WEBSERVICE,
11x294417,บริษัท ดั๊บเบิ้ล เอ (1991) จำกัด (มหาชน),PP03,,,,,,20x6,0.00000000,0,WEBSERVICE,
11x294418,HAN SEIN THANT [SINGAPORE] PTE.LTD.,SV04,,,,,,20x6,0.00000000,0,WEBSERVICE,
11x294419,บริษัท ปตท.อะโรเมติกส์และการกลั่น จำกัด (มหาชน),PE00,,,,,,19x1,0.00000000,0,WEBSERVICE,
11x294420,บริษัท ไทยน๊อคซ์ สเตนเลส จำกัด (มหาชน),MT01,,,,,,20x9,0.00000000,0,WEBSERVICE,
11x294421,บริษัท สแน็คทูโก (เอเชีย) จำกัด,FD01,,,,,,20x7,0.00000000,0,WEBSERVICE,
11x294422,บริษัท แอเดียนท์ แอนด์ ซัมมิท คอร์ปอเรชั่น จำกัด,UT99,,,,,,20x9,0.00000000,0,WEBSERVICE,
11x294423,"C.P.BANGLADESH CO.,LTD",FD05,,,,,,20x2,0.00000000,0,WEBSERVICE,
11x294424,"Surint Omya Vietnam Co.,Ltd.",MN99,,,,,,20x2,0.00000000,0,WEBSERVICE,
11x294425,บริษัท ท่าอากาศยานไทย จำกัด (มหาชน),SV01,,,,,,20x6,0.00000000,0,WEBSERVICE,
11x294426,บริษัท สุโมโต้ (ประเทศไทย) จำกัด,SV04,,,,,,20x7,0.00000000,0,WEBSERVICE,
11x294427,American Controls Inc.,SV01,,,,,,20x9,0.00000000,0,WEBSERVICE,
11x294428,"C.P. BANGLADESH CO.,LTD.",FD05,,,,,,20x2,0.00000000,0,WEBSERVICE,
11x294429,C.P.Vietnam Liverstcok Corporation Xuan Mai Ha Noi Branch,FD05,,,,,,20x2,0.00000000,0,WEBSERVICE,
11x294430,IMO AB,SV04,,,,,,20x7,0.00000000,0,WEBSERVICE,
11x294431,LANE XANG MINERALS LIMITED,MN01,,,,,,20x5,0.00000000,0,WEBSERVICE,
11x294432,SP,SV04,,,,,,20x9,0.00000000,0,WEBSERVICE,
11x294433,TOYO-VIETNAM CORPORATION LIMITED.,SV01,,,,,,20x7,0.00000000,0,WEBSERVICE,
11x294434,บริษัท คาลดิก (ไทยแลนด์) จำกัด,CH01,,,,,,20x5,0.00000000,0,WEBSERVICE,
11x294435,บริษัท จอห์น เครน (ประเทศไทย) จำกัด,SV04,,,,,,20x5,0.00000000,0,WEBSERVICE,
11x294436,บริษัท ปตท.อะโรเมติกส์และการกลั่น จำกัด (มหาชน) ยกเลิก,PE00,,,,,,20x9,0.00000000,0,WEBSERVICE,
11x294437,บริษัท เกียรติปภา จำกัด (ปิดกิจการ),CH03,,,,,,20x2,0.00000000,0,WEBSERVICE,
11x294438,บริษัท ไทยเทคนิค อีเล็คตริค รังสิต จำกัด,SV04,,,,,,20x2,0.00000000,0,WEBSERVICE,
11x302819,บริษัท ไอ.ที.ซี. (1993) จำกัด,SV01,,,,,,19x88,0.00000000,0,CRM,
11x302896,บริษัท ไทยสเปเชียลตี้ เคมีเคิล จำกัด,????,,,,,,19x18,0.00000000,0,WEBSERVICE,
11x302936,บริษัท นำชัยอุตสาหกรรม จำกัด,CH01,,,,,,19x89,0.00000000,0,CRM,https://www.numchai-industry.com/index.html
11x303341,บริษัท ไอ.ที.ซี. (1993) จำกัด,SV01,,,,,,19x88,0.00000000,0,CRM,
11x303355,บริษัท แฟรงคลิน ไบโอเทค จำกัด,FD05,,,,,,19x88,0.00000000,0,CRM,
11x304065,unimit engineering,CH02,,,,,,19x23,0.00000000,0,CRM,
11x304106,บริษัท บิ้วสเกล เอ็นจิเนียริ่ง จำกัด,SV04,,,,,,19x37,0.00000000,0,CRM,https://www.buildscales.com/
11x304111,บริษัท เอ็นไวแคร์ จำกัด,UT03,,,,,,19x92,0.00000000,0,CRM,
11x304151,บริษัท เอแอลเอส แลบอราทอรี กรุ๊ป (ประเทศไทย) จำกัด,UT03,,,,,,19x80,0.00000000,0,CRM,
11x304160,V V WIN,SV04,,,,,,19x19,0.00000000,0,CRM,
11x304195,บริษัท ดี.เวลลิงตั้น (ไทยแลนด์) จำกัด,SV01,,,,,,19x77,0.00000000,0,CRM,
11x304224,ECIO SUPPLY COMPANY LIMITED,SV01,,,,,,19x43,0.00000000,0,CRM,
11x304240,Hawaso,SV01,,,,,,19x23,0.00000000,0,CRM,
11x304271,บริษัท ไทยโตไกคาร์บอนโปรดักท์โรจนะ จำกัด,????,,,,,,19x18,0.00000000,0,WEBSERVICE,
11x304304,บริษัท เอสดี กัทธรี อินเตอร์เนชั่นแนล มรกต จำกัด(มหาชน),????,,,,,,19x18,0.00000000,0,WEBSERVICE,
11x304308,บริษัท อินโดรามา โพลีเมอร์ส จำกัด (มหาชน),????,,,,,,19x18,0.00000000,0,WEBSERVICE,
11x304314,บริษัท ปูนซีเมนต์นครหลวง  จำกัด (มหาชน),????,,,,,,19x18,0.00000000,0,WEBSERVICE,
11x304325,บริษัท โกลบอล เอ็นจิเนียริ่ง โปรดัก ซัพพลาย จำกัด,SV04,,,,,,19x96,0.00000000,0,CRM,
11x304548,บริษัท อีเอส. เอ็นจิเนียริ่ง แอนด์ เซอร์วิส จำกัด,SV04,,,,,,19x19,0.00000000,0,CRM,
11x304557,Sanmax Control Ltd.Part,SV04,,,,,,19x19,0.00000000,0,CRM,
11x304594,บริษัท พี.เอส.พี.สเปเชียลตี้ส์ จำกัด (มหาชน),CH14,,,092 830 6533,,,19x45,0.00000000,0,CRM,
11x305467,"Global Star Co., Ltd.",SV01,,,,,,19x37,0.00000000,0,CRM,
11x305482,toparch,UT99,,,,,,19x23,0.00000000,0,CRM,
11x305489,บริษัท อัลซิส (ประเทศไทย) จำกัด,SV04,,,02 150 1400,,,19x45,0.00000000,0,CRM,
11x305533,บริษัท คาสตรอล (ประเทศไทย) จำกัด,????,,,,,,19x18,0.00000000,0,WEBSERVICE,
11x305551,บริษัท สยามเอ็นไวรอนเมนทอลเทคโนโลยี่ จำกัด,UT03,,,,,,19x80,0.00000000,0,CRM,
11x305559,"KMH Automation  Co.,Ltd.",SV04,,,,,,19x78,0.00000000,0,CRM,
11x305683,"Lao Coca-Cola Bottling Co., Ltd.",FD02,,,,,,19x74,0.00000000,0,CRM,
11x305696,บริษัท ไฟฟ้าหงสา จำกัด,UT01,,,054 775894,,,19x45,0.00000000,0,CRM,
11x305709,บริษัท มานาม เอ็นจิเนียริ่ง จำกัด,SV01,,,,,,19x90,0.00000000,0,CRM,
11x305904,บริษัท ไทยโตไกคาร์บอนโปรดักท์  จำกัด,????,,,,,,19x18,0.00000000,0,WEBSERVICE,
11x306083,บริษัท ไทยยูเนี่ยน กรุ๊ป จำกัด (มหาชน),FD99,,,03481-6500 Ext.2649,,,19x45,0.00000000,0,CRM,
11x306103,บริษัท ซัน ซีเมนต์ โพรเซส จำกัด,MN05,,,,,,19x89,0.00000000,0,CRM,
11x306171,Genesis ecotech,CH02,,,,,,19x74,0.00000000,0,CRM,
11x306188,Vatska Company Limited,SV01,,,,,,19x23,0.00000000,0,CRM,
11x306392,บริษัท พิน พอยต์ อินสทรูเม้นท์ จำกัด,SV04,,,,,,19x80,0.00000000,0,CRM,
11x306622,บริษัท 168 มัลติ-โปรดักส์ จำกัด,SV04,,,,,,19x92,0.00000000,0,CRM,
11x306684,บริษัท เพาเวอร์เทค เอ็นจิเนียริ่ง จำกัด,SV01,,,,,,19x89,0.00000000,0,CRM,
11x306694,hcg Company Limited,UT99,,,0820452563,,,19x43,0.00000000,0,CRM,
11x306717,ฟินิกซ์ คอร์ปเอเซีย,CH14,,,,,,19x23,0.00000000,0,CRM,
11x306742,บริษัท ฟรอนท์ วีล อินดัสทรี จำกัด,SV04,,,0959579861,,,19x45,0.00000000,0,CRM,
11x307679,บริษัท เวสท์วูลส์ อินเตอร์เนชั่นแนล จำกัด,TT01,,,,,,19x92,0.00000000,0,CRM,
11x307739,บริษัท เจเนซิส อีโคเทค จำกัด,UT01,,,,,,19x37,0.00000000,0,CRM,
11x307793,MAMARUAY LTD.,SV04,,,,,,19x19,0.00000000,0,CRM,
11x308209,บริษัท ก้าวสกุลจันทร์ จำกัด,SV01,133/155 หมู่ที่ 3 ซอย วัดส้มเกลี้ยง ตำบล ปลายบาง อำเภอบางกรวย นนทบุรี 11130,,02-005-0805,kaosakulchan@hotmail.com,,19x43,0.00000000,0,CRM,
11x308243,บริษัท ทริปเปิ้ล พี แมชชีนเนอรี่ (ประเทศไทย) จำกัด,SV04,56/51 ม.9 หมู่บ้านไอลีพทาวน์ ลำลูกกาคลอง3 ลาดสวาย อำเภอลำลูกกา ปทุมธานี 12150,,02 005 9137,triplepmachinery@gmail.com,,19x43,0.00000000,0,CRM,
